TransactionID,CustomerID,TransactionDate,TransactionTime,TransactionType,MerchantCategory,Amount(INR),CardType,IsInternational,CustomerAge,AccountAgeDays,PreviousTransactions,DailyTransactionCount,TransactionHour,DistanceFromHome(km),Bank,DeviceUsed,FailedAttemptsLast24h,IsNewDevice,TimeSinceLastTransaction(min),IsFraud
TXN100000,CUST3702,2024-12-14,20:18:30,ATM Withdrawal,Entertainment,7613.23,Discover,0,68,43,8,12,20,466.4,ICICI,Tablet,0,0,476,0
TXN100001,CUST6389,2024-12-04,20:23:01,ATM Withdrawal,Groceries,7090.88,Visa,0,64,1434,206,16,20,75.5,HDFC,POS Machine,1,0,482,0
TXN100002,CUST2162,2021-09-16,17:52:24,ATM Withdrawal,Clothing,28286.96,Mastercard,0,46,2083,198,11,17,497.4,HSBC,POS Machine,,0,192,0
TXN100003,CUST6220,2021-03-22,05:40:22,POS Terminal,Clothing,1793.48,Discover,0,22,3362,90,14,5,187.4,Kotak,Web Browser,1,0,1348,0
TXN100004,CUST7153,2022-04-06,17:04:28,Bank Transfer,Entertainment,19820.36,Visa,1,60,1217,18,14,17,124.3,Kotak,Mobile App,0,1,1322,0
TXN100005,CUST1463,2022-06-26,04:56:23,Mobile Payment,Pharmacy,1039.75,Amex,0,52,2440,142,5,4,384.1,Yes Bank,POS Machine,0,0,49,0
TXN100006,CUST3269,2022-03-04,12:06:11,Online Purchase,Entertainment,30101.88,Mastercard,0,26,1275,276,11,12,198.1,SBI,Mobile App,2,0,372,1
TXN100007,CUST1928,2021-07-15,02:25:48,Mobile Payment,Fuel,31375.19,Mastercard,0,20,1032,200,5,2,154.7,Kotak,Tablet,3,0,1031,0
TXN100008,CUST5777,2022-02-20,10:12:22,Online Purchase,Clothing,22235.38,Amex,0,58,3365,414,15,10,252.5,SBI,Mobile App,3,0,,1
TXN100009,CUST5515,2024-12-14,14:51:15,Bank Transfer,Pharmacy,42126.24,RuPay,0,59,379,20,16,14,86.4,Citibank,Web Browser,0,0,443,0
TXN100010,CUST5019,2024-08-13,09:39:24,Mobile Payment,Electronics,56004.67,Mastercard,0,43,2964,75,3,9,276.6,PNB,Web Browser,0,0,769,0
TXN100011,CUST4093,2023-02-01,10:32:16,ATM Withdrawal,Jewellery,3543.7,Mastercard,0,63,1582,81,13,10,233.5,Axis,Tablet,0,0,575,0
TXN100012,CUST7024,2021-02-17,18:02:25,Mobile Payment,Entertainment,18588.69,Amex,1,27,417,499,10,18,95.2,Axis,Mobile App,0,0,341,0
TXN100013,CUST5002,2022-10-26,18:59:29,Online Purchase,Luxury,4732.75,Visa,1,65,3139,337,7,18,76.1,SBI,POS Machine,0,0,1097,0
TXN100014,CUST1151,2021-11-03,05:32:06,Contactless Payment,Restaurant,9845.91,RuPay,0,20,2427,254,9,5,340.4,Kotak,ATM,1,0,214,0
TXN100015,CUST6318,2022-04-17,01:46:22,Mobile Payment,Jewellery,13090.41,Mastercard,0,28,3569,436,15,1,403.4,HDFC,ATM,3,0,446,1
TXN100016,CUST8603,2023-01-12,05:39:16,Mobile Payment,Electronics,8749.97,Amex,1,52,2080,452,14,5,103.4,ICICI,Web Browser,5,0,922,0
TXN100017,CUST3147,2021-07-19,00:42:47,ATM Withdrawal,Groceries,2266.0,Mastercard,0,50,1242,63,6,0,120.0,HSBC,Tablet,0,0,1014,0
TXN100018,CUST9811,2024-04-02,10:37:28,POS Terminal,Fuel,25180.41,Mastercard,0,20,45,399,19,10,148.3,ICICI,POS Machine,2,0,996,1
TXN100019,CUST9189,2023-08-12,12:36:40,Bank Transfer,Luxury,11146.12,Visa,0,34,3037,401,15,12,396.5,Kotak,Mobile App,3,0,683,1
TXN100020,CUST5846,2022-09-07,04:31:49,Contactless Payment,Entertainment,60798.93,Mastercard,1,51,1538,5,7,4,421.4,HDFC,ATM,0,0,848,1
TXN100021,CUST8994,2023-07-21,00:40:23,ATM Withdrawal,Clothing,22528.74,Amex,0,55,945,225,8,0,9.9,Citibank,,1,0,454,0
TXN100022,CUST6379,2023-04-02,14:11:12,ATM Withdrawal,Electronics,4643.29,Discover,0,25,712,274,4,14,314.3,ICICI,Web Browser,0,0,1435,0
TXN100023,CUST9526,2021-07-10,10:51:58,Contactless Payment,Clothing,18706.23,Amex,0,75,1685,395,19,10,241.1,HDFC,Tablet,0,0,527,0
TXN100024,CUST7378,2023-01-04,09:37:05,Bank Transfer,Clothing,53181.11,Mastercard,0,25,1134,339,15,9,453.3,ICICI,ATM,0,0,871,0
TXN100025,CUST6408,2024-03-25,00:27:32,ATM Withdrawal,Fuel,12002.07,Visa,0,39,83,342,8,0,425.1,Axis,Web Browser,4,0,727,1
TXN100026,CUST6382,2023-11-05,09:43:48,Contactless Payment,Groceries,995.45,Visa,0,42,3393,500,6,9,360.8,Axis,ATM,0,0,547,0
TXN100027,CUST7176,2022-08-21,22:42:32,ATM Withdrawal,Fuel,13138.06,Amex,1,51,1612,25,5,22,356.6,Barclays,ATM,1,0,228,0
TXN100028,CUST5773,2024-07-24,17:07:17,POS Terminal,Electronics,36075.86,Amex,0,38,3640,360,9,17,423.1,Kotak,,0,0,1291,0
TXN100029,CUST3734,2023-12-07,16:01:02,Online Purchase,Fuel,7874.59,RuPay,0,26,3499,166,20,16,358.6,Yes Bank,Tablet,1,0,356,0
TXN100030,CUST1672,2022-05-11,07:19:52,Bank Transfer,Restaurant,25414.65,Visa,0,62,3243,94,6,7,359.7,Yes Bank,POS Machine,0,0,780,0
TXN100031,CUST2975,2021-12-25,00:19:33,ATM Withdrawal,Electronics,43446.16,Visa,0,41,2512,443,13,0,394.0,Citibank,Mobile App,0,0,1159,1
TXN100032,CUST6136,2023-06-13,17:47:07,POS Terminal,Jewellery,11568.23,Discover,0,74,1014,236,11,17,236.3,HDFC,Mobile App,0,0,1130,0
TXN100033,CUST5327,2022-11-06,17:33:57,ATM Withdrawal,Groceries,10560.8,Mastercard,0,52,1137,128,17,17,128.5,Kotak,,2,0,1288,0
TXN100034,CUST9294,2022-11-14,22:26:43,Contactless Payment,Pharmacy,4875.8,RuPay,0,18,2943,150,13,22,208.9,Yes Bank,Web Browser,2,0,534,0
TXN100035,CUST6587,2024-09-02,08:43:10,ATM Withdrawal,Fuel,74216.23,Visa,0,55,737,162,20,8,263.2,PNB,Web Browser,3,0,70,0
TXN100036,CUST1686,2022-03-06,18:24:41,Contactless Payment,Entertainment,23240.86,Mastercard,0,61,2773,105,17,18,414.5,Barclays,POS Machine,0,1,82,1
TXN100037,CUST7586,2021-09-19,08:09:22,Mobile Payment,Entertainment,15787.7,Visa,0,44,2717,232,16,8,380.8,PNB,Mobile App,2,1,843,1
TXN100038,CUST7990,2022-12-25,13:24:57,POS Terminal,Restaurant,14421.04,RuPay,1,36,2833,229,1,13,480.8,PNB,ATM,0,0,1361,0
TXN100039,CUST9617,2023-02-26,04:11:34,Contactless Payment,Groceries,1461.4,Mastercard,0,50,1667,252,4,4,451.8,PNB,POS Machine,1,0,1266,0
TXN100040,CUST4376,2021-03-21,23:12:03,POS Terminal,Luxury,66028.83,Amex,0,43,1182,430,3,23,413.1,Yes Bank,Web Browser,3,1,75,1
TXN100041,CUST8827,2023-01-01,17:57:08,Online Purchase,Entertainment,15871.42,Discover,0,63,1930,364,3,17,290.3,Yes Bank,POS Machine,0,0,104,0
TXN100042,CUST5321,2022-07-20,16:14:50,Online Purchase,Groceries,16130.23,RuPay,1,40,1589,243,16,16,392.0,Barclays,Mobile App,,0,1298,0
TXN100043,CUST7471,2022-01-17,00:30:16,Online Purchase,Fuel,1964.4,Mastercard,0,60,2387,115,16,0,460.9,Kotak,Mobile App,1,0,750,0
TXN100044,CUST7320,2023-04-28,19:11:55,POS Terminal,Jewellery,32613.84,Visa,0,58,2250,296,14,19,110.2,Kotak,Web Browser,0,0,1129,1
TXN100045,CUST9601,2022-09-14,13:43:41,ATM Withdrawal,Fuel,39718.22,Discover,0,,517,485,18,13,489.4,HSBC,Tablet,0,0,256,0
TXN100046,CUST6642,2024-03-23,13:22:44,Bank Transfer,Restaurant,5815.53,Discover,1,64,2541,252,20,13,39.7,ICICI,Tablet,0,0,308,0
TXN100047,CUST2322,2022-07-10,18:39:52,ATM Withdrawal,Jewellery,50621.39,Visa,0,52,3292,166,20,18,318.3,PNB,ATM,0,0,796,1
TXN100048,CUST8049,2021-10-22,12:10:39,ATM Withdrawal,Groceries,19875.0,Amex,0,75,2810,252,14,12,306.2,HDFC,Tablet,0,0,1210,0
TXN100049,CUST4228,2023-10-21,16:06:19,ATM Withdrawal,Pharmacy,5059.2,RuPay,0,34,3170,287,18,16,226.0,Barclays,Mobile App,0,0,889,0
TXN100050,CUST9780,2023-07-23,20:34:58,Online Purchase,Luxury,4976.15,Visa,0,,1768,449,4,20,426.9,Kotak,Web Browser,0,1,313,0
TXN100051,CUST7430,2021-03-12,01:12:09,Contactless Payment,Fuel,80879.99,Mastercard,1,50,518,133,15,1,282.3,Citibank,Tablet,0,0,740,1
TXN100052,CUST4775,2024-06-06,15:18:04,POS Terminal,Fuel,4735.21,Amex,0,19,2709,445,9,15,396.4,ICICI,POS Machine,0,0,788,0
TXN100053,CUST8287,2024-06-24,14:07:58,Mobile Payment,Travel,7049.41,Discover,0,61,2665,360,4,14,32.8,SBI,ATM,0,1,692,0
TXN100054,CUST3044,2022-05-26,19:51:28,Online Purchase,Clothing,54857.33,Discover,0,71,1042,264,17,19,435.4,Citibank,Web Browser,2,0,276,1
TXN100055,CUST4019,2024-09-16,00:48:35,Online Purchase,Restaurant,5946.51,Amex,0,40,696,184,15,0,114.3,Yes Bank,Mobile App,0,1,1210,0
TXN100056,CUST1146,2022-05-23,08:18:21,Mobile Payment,Jewellery,11407.83,Mastercard,0,60,1629,370,17,8,0.2,Axis,Tablet,0,0,1423,0
TXN100057,CUST8425,2024-12-10,12:14:05,Online Purchase,Restaurant,1501.91,Visa,1,22,165,249,15,12,327.5,HDFC,Web Browser,3,1,818,0
TXN100058,CUST2487,2022-08-12,07:14:45,Online Purchase,Electronics,1324.91,Visa,0,43,109,483,8,7,162.4,Barclays,Web Browser,1,0,,0
TXN100059,CUST2878,2024-08-03,02:38:31,Online Purchase,Entertainment,329062.39,Visa,1,25,953,309,5,2,457.4,Kotak,Web Browser,1,1,,1
TXN100060,CUST8768,2024-09-07,21:54:41,Mobile Payment,Luxury,272643.05,Discover,0,48,1435,324,19,21,276.5,PNB,ATM,2,1,300,1
TXN100061,CUST2958,2021-09-13,07:40:18,Bank Transfer,Entertainment,16067.04,RuPay,0,23,792,421,13,7,11.2,Yes Bank,Tablet,2,0,1281,0
TXN100062,CUST5990,2021-07-27,07:22:21,Online Purchase,Restaurant,4307.79,Visa,0,47,2555,182,3,7,58.4,ICICI,Mobile App,2,0,731,0
TXN100063,CUST7139,2021-12-05,15:41:03,Contactless Payment,Entertainment,29198.36,Visa,1,36,332,381,2,15,249.0,ICICI,Tablet,0,0,322,0
TXN100064,CUST5382,2021-01-03,16:56:00,Online Purchase,Pharmacy,1932.46,RuPay,1,28,1772,393,20,16,77.3,Citibank,Tablet,0,0,959,0
TXN100065,CUST3384,2024-11-19,13:43:07,Online Purchase,Groceries,262.01,Mastercard,0,40,578,379,2,13,321.0,Kotak,Mobile App,2,0,780,0
TXN100066,CUST6271,2021-10-04,05:40:37,POS Terminal,Electronics,83024.42,Discover,1,68,513,192,20,5,302.3,ICICI,Mobile App,,0,869,1
TXN100067,CUST4581,2021-03-06,10:26:50,ATM Withdrawal,Entertainment,18887.29,Mastercard,1,46,1107,196,12,10,66.1,PNB,Web Browser,0,1,727,0
TXN100068,CUST6595,2022-04-18,23:52:38,ATM Withdrawal,Groceries,52068.63,RuPay,1,74,1999,334,8,23,335.1,Axis,Mobile App,3,0,897,0
TXN100069,CUST4422,2024-07-08,10:25:02,ATM Withdrawal,Jewellery,20302.58,Visa,0,55,2534,103,10,10,366.2,PNB,POS Machine,1,1,1216,0
TXN100070,CUST7703,2021-11-28,00:34:36,ATM Withdrawal,Jewellery,12278.08,RuPay,0,72,2393,138,4,0,457.4,ICICI,POS Machine,0,0,,0
TXN100071,CUST5826,2023-01-16,15:03:36,ATM Withdrawal,Electronics,2287.97,Visa,0,45,686,176,13,15,132.6,Citibank,Tablet,1,0,1125,0
TXN100072,CUST7532,2023-01-04,05:00:17,ATM Withdrawal,Clothing,6936.92,Mastercard,0,36,1412,86,13,5,497.7,Yes Bank,ATM,1,0,1424,0
TXN100073,CUST3462,2023-10-27,06:19:39,Online Purchase,Entertainment,1963.1,RuPay,1,37,1695,249,19,6,188.4,,Mobile App,0,0,589,0
TXN100074,CUST8662,2023-10-08,20:04:48,Bank Transfer,Jewellery,5205.15,Mastercard,0,66,2105,112,4,20,34.8,HSBC,ATM,0,0,1297,0
TXN100075,CUST7983,2024-03-12,16:07:23,Online Purchase,Jewellery,42966.06,Discover,1,72,1837,138,1,16,144.1,Axis,Web Browser,1,1,1425,1
TXN100076,CUST5411,2023-04-11,10:09:08,Bank Transfer,Groceries,12734.16,Amex,1,62,3029,380,4,10,201.4,SBI,POS Machine,1,0,929,0
TXN100077,CUST7073,2023-12-25,18:20:20,Contactless Payment,Electronics,3523.74,Visa,0,22,1991,150,7,18,105.6,SBI,ATM,0,0,1107,0
TXN100078,CUST5464,2021-04-16,10:57:14,Contactless Payment,Fuel,184126.06,RuPay,0,51,1525,186,9,10,347.8,PNB,ATM,2,0,578,0
TXN100079,CUST8106,2021-07-14,18:20:16,Contactless Payment,Entertainment,750.0,Discover,0,71,177,474,18,18,53.6,Barclays,ATM,3,0,228,0
TXN100080,CUST2406,2023-07-08,11:17:56,Mobile Payment,Electronics,77398.05,RuPay,0,54,1871,205,4,11,292.9,HSBC,POS Machine,0,0,,1
TXN100081,CUST7253,2021-11-28,05:43:54,POS Terminal,Groceries,3292.16,Visa,1,65,1845,308,5,5,126.2,Kotak,POS Machine,0,0,992,0
TXN100082,CUST1755,2024-10-18,00:01:44,Mobile Payment,Pharmacy,3124.06,RuPay,1,66,3570,192,3,0,389.6,Barclays,Web Browser,0,0,,0
TXN100083,CUST3443,2021-05-19,08:12:31,Contactless Payment,Entertainment,14914.33,Discover,0,54,787,78,13,8,40.6,ICICI,Mobile App,0,0,256,0
TXN100084,CUST5036,2021-12-25,10:46:26,Mobile Payment,Entertainment,19892.36,Discover,0,26,1923,439,12,10,50.8,HDFC,Tablet,1,0,66,0
TXN100085,CUST8483,2022-08-25,03:48:52,POS Terminal,Groceries,18382.62,RuPay,0,58,2944,425,8,3,75.7,Barclays,POS Machine,0,0,465,0
TXN100086,CUST7630,2024-10-18,17:47:01,Contactless Payment,Clothing,2900.38,Visa,0,58,2536,164,3,17,337.5,Axis,Web Browser,3,0,1065,0
TXN100087,CUST8607,2023-07-09,00:19:21,POS Terminal,Pharmacy,13796.64,Discover,0,20,1156,454,15,0,179.0,HSBC,ATM,0,1,187,1
TXN100088,CUST6310,2021-09-12,03:08:09,Contactless Payment,Entertainment,16359.11,RuPay,1,37,2050,73,20,3,235.7,HSBC,ATM,0,0,1212,1
TXN100089,CUST9246,2023-05-22,15:05:32,Online Purchase,Groceries,12006.89,Discover,0,69,1551,110,3,15,169.2,Yes Bank,Tablet,0,1,1138,0
TXN100090,CUST1672,2024-01-03,10:34:22,ATM Withdrawal,Groceries,16959.08,Discover,0,19,2186,191,15,10,355.9,HSBC,Web Browser,2,0,314,1
TXN100091,CUST5450,2021-04-01,03:09:13,Contactless Payment,Restaurant,16014.31,Discover,1,70,633,70,3,3,448.3,Axis,Web Browser,1,1,169,1
TXN100092,CUST9281,2023-05-17,20:59:02,POS Terminal,Clothing,4421.19,Mastercard,0,68,2641,470,4,20,491.8,Barclays,Mobile App,0,0,1353,0
TXN100093,CUST5819,2022-12-04,15:04:33,Bank Transfer,Groceries,23056.19,RuPay,1,31,2359,376,17,15,359.4,SBI,POS Machine,0,0,1239,1
TXN100094,CUST6282,2023-02-18,16:22:38,Mobile Payment,Fuel,2422.78,RuPay,1,23,347,255,6,16,165.7,Axis,ATM,3,0,433,0
TXN100095,CUST5356,2023-10-26,21:08:03,Online Purchase,Entertainment,1812.56,Amex,1,56,2507,34,14,21,349.4,HSBC,Tablet,1,0,,0
TXN100096,CUST1810,2021-06-20,19:02:02,Online Purchase,Jewellery,30281.96,Amex,0,18,750,46,18,19,161.8,Citibank,Mobile App,0,0,187,0
TXN100097,CUST5938,2024-01-27,10:35:00,POS Terminal,Pharmacy,677.8,Discover,0,67,714,357,19,10,272.7,Citibank,Web Browser,,1,569,0
TXN100098,CUST4297,2024-03-14,21:13:53,Mobile Payment,Entertainment,11584.88,Visa,0,52,2629,13,7,21,6.8,SBI,POS Machine,0,0,555,0
TXN100099,CUST8118,2024-07-18,13:48:30,Bank Transfer,Pharmacy,3083.8,Mastercard,1,73,2627,307,15,13,413.0,HSBC,Tablet,0,0,69,0
TXN100100,CUST1671,2023-10-06,08:55:01,Mobile Payment,Entertainment,3465.53,Discover,0,21,876,405,19,8,189.0,Kotak,POS Machine,1,0,180,0
TXN100101,CUST4212,2021-03-03,01:22:25,Bank Transfer,Fuel,35438.72,Visa,0,72,3592,475,9,1,59.9,Kotak,ATM,1,1,26,1
TXN100102,CUST7251,2021-01-18,21:29:56,Contactless Payment,Jewellery,84725.79,Discover,0,64,1878,496,18,21,231.1,Axis,Web Browser,5,0,,1
TXN100103,CUST6678,2023-04-21,11:10:57,ATM Withdrawal,Entertainment,4109.37,Discover,0,18,1677,442,13,11,286.8,Barclays,ATM,1,1,1213,0
TXN100104,CUST6272,2024-12-13,11:23:49,Mobile Payment,Groceries,2191.17,Visa,0,55,3263,383,7,11,30.2,Yes Bank,Mobile App,1,0,715,0
TXN100105,CUST1736,2024-05-25,23:29:21,Online Purchase,Fuel,1917.25,Discover,0,67,2511,25,18,23,5.5,PNB,POS Machine,0,0,522,0
TXN100106,CUST4128,2024-04-12,00:15:29,Contactless Payment,Jewellery,57200.54,Mastercard,0,63,65,493,2,0,303.7,Yes Bank,Tablet,1,1,601,1
TXN100107,CUST8097,2024-07-11,15:16:49,POS Terminal,Groceries,136911.38,Mastercard,0,55,3530,492,10,15,62.5,Citibank,ATM,3,1,1430,1
TXN100108,CUST5543,2022-09-23,17:30:54,POS Terminal,Clothing,11153.88,Mastercard,0,64,3569,238,4,17,192.6,Yes Bank,Tablet,1,1,549,0
TXN100109,CUST7550,2024-11-06,00:05:07,ATM Withdrawal,Restaurant,5691.91,Amex,0,42,698,331,3,0,90.9,HDFC,Tablet,0,0,718,0
TXN100110,CUST9365,2021-08-11,06:18:06,Mobile Payment,Fuel,15087.13,Amex,0,68,2203,445,20,6,210.2,Kotak,POS Machine,0,0,911,0
TXN100111,CUST4965,2022-03-02,21:05:20,POS Terminal,Luxury,2161.71,RuPay,0,49,1811,230,6,21,277.8,Yes Bank,Web Browser,0,0,163,0
TXN100112,CUST5175,2022-08-26,12:57:49,Online Purchase,Fuel,14679.33,Visa,0,39,1598,469,16,12,288.4,Kotak,Web Browser,1,1,38,1
TXN100113,CUST1609,2023-09-13,10:08:54,Bank Transfer,Electronics,16170.34,Discover,0,42,2620,327,1,10,386.6,HDFC,Web Browser,0,0,1067,0
TXN100114,CUST3252,2021-04-09,02:45:09,Online Purchase,Fuel,33274.0,Discover,1,67,501,424,11,2,143.7,Yes Bank,Mobile App,0,0,19,1
TXN100115,CUST6993,2024-08-26,11:28:44,Contactless Payment,Fuel,20694.54,Discover,1,,50,75,15,11,331.6,Kotak,POS Machine,0,1,953,1
TXN100116,CUST7979,2023-10-25,11:58:37,Contactless Payment,Clothing,15468.11,RuPay,1,42,2791,386,19,11,276.4,ICICI,POS Machine,0,0,227,0
TXN100117,CUST6073,2023-07-13,23:53:38,POS Terminal,Entertainment,6978.58,Discover,0,40,3516,71,4,23,227.7,SBI,ATM,0,0,744,0
TXN100118,CUST3773,2023-01-10,13:57:26,Online Purchase,Luxury,2026.7,Amex,0,50,1255,105,16,13,128.6,Barclays,,0,0,1088,0
TXN100119,CUST4147,2021-09-16,06:51:06,POS Terminal,Luxury,18499.43,Visa,0,62,2763,22,1,6,447.1,HSBC,Web Browser,0,0,989,0
TXN100120,CUST4455,2022-02-12,12:47:07,ATM Withdrawal,Travel,62196.38,Mastercard,0,23,469,160,3,12,363.3,Kotak,Mobile App,0,1,688,0
TXN100121,CUST7537,2024-06-17,23:18:31,POS Terminal,Pharmacy,332161.93,Visa,0,20,1574,250,8,23,279.6,Axis,Tablet,0,0,1090,0
TXN100122,CUST9963,2024-10-02,18:09:05,ATM Withdrawal,Clothing,9053.34,Visa,0,53,1079,286,20,18,470.1,ICICI,ATM,0,0,253,0
TXN100123,CUST9504,2023-09-25,21:47:34,POS Terminal,Restaurant,14428.43,Visa,1,39,1748,400,15,21,49.6,SBI,Web Browser,0,0,1013,0
TXN100124,CUST5003,2023-09-14,05:35:18,Contactless Payment,Electronics,15682.07,RuPay,0,48,1829,447,14,5,326.0,Kotak,ATM,0,0,684,1
TXN100125,CUST9655,2023-02-01,13:10:54,Contactless Payment,Groceries,50009.17,Amex,0,24,2621,215,18,13,309.0,PNB,Tablet,0,0,,0
TXN100126,CUST1725,2021-11-13,20:34:22,Contactless Payment,Electronics,14407.1,Amex,0,63,2162,84,4,20,399.3,Axis,Web Browser,3,1,768,1
TXN100127,CUST1052,2021-11-08,05:10:18,Bank Transfer,Clothing,26713.03,Discover,0,52,984,491,18,5,218.3,SBI,Mobile App,2,1,1427,1
TXN100128,CUST4630,2021-04-03,17:59:17,Online Purchase,Electronics,25870.81,RuPay,0,27,789,441,3,17,439.7,Kotak,Web Browser,0,0,1029,0
TXN100129,CUST7433,2021-11-10,15:36:07,ATM Withdrawal,Restaurant,2249.46,Visa,0,58,2365,55,18,15,112.6,ICICI,ATM,2,1,189,0
TXN100130,CUST5964,2024-05-20,18:37:20,POS Terminal,Jewellery,6961.32,RuPay,0,53,197,403,20,18,131.5,Kotak,ATM,0,0,696,0
TXN100131,CUST7969,2023-01-17,10:20:05,Bank Transfer,Travel,41368.85,Mastercard,1,47,328,295,19,10,493.9,Kotak,ATM,2,0,403,1
TXN100132,CUST4896,2021-01-15,04:49:27,Online Purchase,Pharmacy,16921.77,Amex,0,61,839,328,17,4,244.0,ICICI,POS Machine,1,0,510,0
TXN100133,CUST5016,2024-10-12,20:49:20,Online Purchase,Luxury,46951.33,RuPay,0,30,3095,255,13,20,392.7,Axis,Web Browser,4,0,1298,1
TXN100134,CUST9568,2023-11-28,00:50:51,Bank Transfer,Travel,12834.6,Discover,1,47,2653,406,8,0,225.8,ICICI,Web Browser,2,0,267,0
TXN100135,CUST3783,2021-12-03,10:25:03,Mobile Payment,Electronics,10408.05,Discover,1,62,411,121,5,10,447.3,HDFC,Mobile App,0,1,52,1
TXN100136,CUST8923,2022-10-03,12:43:08,Bank Transfer,Entertainment,905.18,Visa,1,27,1395,352,14,12,209.9,ICICI,Web Browser,0,0,529,0
TXN100137,CUST7696,2024-09-06,00:00:29,Bank Transfer,Jewellery,11967.58,Mastercard,0,35,3128,335,16,0,239.9,PNB,POS Machine,0,1,1025,1
TXN100138,CUST8576,2021-08-14,12:11:06,POS Terminal,Pharmacy,3140.4,RuPay,0,71,1912,56,17,12,291.6,PNB,ATM,2,0,824,0
TXN100139,CUST6771,2023-08-18,16:41:28,Online Purchase,Entertainment,10535.53,RuPay,0,59,49,99,5,16,366.4,Kotak,ATM,,0,662,0
TXN100140,CUST2322,2022-06-28,23:06:02,Bank Transfer,Luxury,19165.28,Amex,0,33,1525,286,2,23,254.2,HSBC,POS Machine,0,1,889,1
TXN100141,CUST4906,2023-04-10,01:12:56,Bank Transfer,Fuel,2740.84,Visa,0,67,3588,17,12,1,132.1,HSBC,Web Browser,0,0,1093,0
TXN100142,CUST1622,2021-12-01,14:39:54,Contactless Payment,Restaurant,8475.09,Mastercard,1,58,1689,256,3,14,39.7,Kotak,Tablet,0,0,1143,0
TXN100143,CUST5117,2021-01-24,22:16:19,Online Purchase,Electronics,47143.5,RuPay,0,51,3085,310,18,22,236.1,Kotak,POS Machine,0,0,671,0
TXN100144,CUST5517,2023-08-26,08:54:18,Mobile Payment,Travel,1056.45,Visa,0,51,2959,283,9,8,165.7,PNB,Mobile App,0,0,716,0
TXN100145,CUST5399,2021-05-01,16:30:22,Bank Transfer,Fuel,78375.6,Amex,0,35,3506,291,14,16,492.6,HSBC,Web Browser,2,0,816,1
TXN100146,CUST2866,2021-11-02,22:47:38,POS Terminal,Travel,11119.97,RuPay,0,66,2398,291,3,22,117.7,Axis,Web Browser,0,1,1415,0
TXN100147,CUST4342,2023-12-26,03:34:15,ATM Withdrawal,Electronics,3952.84,RuPay,0,38,926,237,10,3,96.0,HSBC,Tablet,0,0,275,0
TXN100148,CUST3677,2024-05-16,20:55:02,Contactless Payment,Electronics,8423.37,Visa,0,44,1496,75,1,20,17.3,ICICI,Web Browser,,0,14,0
TXN100149,CUST5499,2022-10-15,22:08:09,Contactless Payment,Travel,13236.0,Amex,1,56,1417,359,10,22,317.5,Kotak,Mobile App,0,0,134,0
TXN100150,CUST2891,2021-10-21,21:02:58,Contactless Payment,Entertainment,27425.9,Mastercard,0,45,3054,39,18,21,204.4,HDFC,ATM,0,0,1072,0
TXN100151,CUST7395,2024-07-19,19:15:51,Contactless Payment,Clothing,18230.45,Discover,0,20,1402,215,8,19,407.8,Barclays,ATM,0,1,1221,1
TXN100152,CUST2581,2022-05-17,20:52:34,Mobile Payment,Entertainment,51363.98,Visa,0,25,192,51,14,20,282.3,HSBC,ATM,2,0,1215,1
TXN100153,CUST8912,2024-12-27,00:20:29,Online Purchase,Fuel,10859.22,Amex,1,48,2054,217,5,0,205.3,SBI,ATM,0,0,984,0
TXN100154,CUST6832,2021-11-08,19:13:05,Contactless Payment,Travel,13275.53,Mastercard,0,41,565,475,8,19,110.6,Barclays,POS Machine,1,0,,0
TXN100155,CUST4606,2022-02-23,03:10:01,POS Terminal,Electronics,52431.93,RuPay,1,55,1916,161,3,3,212.4,SBI,ATM,1,0,19,1
TXN100156,CUST8846,2021-06-17,19:44:22,Mobile Payment,Pharmacy,176967.33,RuPay,0,60,1363,182,1,19,190.4,,Web Browser,0,1,95,0
TXN100157,CUST7850,2023-06-23,20:06:08,Bank Transfer,Jewellery,27288.18,RuPay,0,39,3202,21,2,20,274.2,Barclays,Tablet,3,0,40,1
TXN100158,CUST6722,2024-02-20,01:36:20,Bank Transfer,Fuel,1419.3,Amex,0,64,130,9,20,1,450.5,HDFC,Web Browser,0,0,251,0
TXN100159,CUST2744,2023-07-08,11:01:40,Mobile Payment,Travel,16563.91,Amex,0,22,1540,116,6,11,53.5,HDFC,Web Browser,2,0,1420,0
TXN100160,CUST7852,2023-04-03,20:57:21,POS Terminal,Travel,10813.36,Mastercard,0,73,387,187,7,20,207.8,Citibank,Mobile App,0,1,998,0
TXN100161,CUST3224,2022-11-27,11:25:45,Mobile Payment,Restaurant,6710.5,RuPay,0,31,1737,197,13,11,206.4,SBI,Web Browser,0,0,1233,0
TXN100162,CUST4567,2022-10-07,18:36:45,Mobile Payment,Travel,2047.44,RuPay,0,56,3392,191,10,18,486.9,Axis,Web Browser,1,0,521,0
TXN100163,CUST2313,2024-02-16,09:07:50,Mobile Payment,Clothing,50764.63,RuPay,0,36,1294,26,16,9,392.8,HDFC,Tablet,0,0,1000,1
TXN100164,CUST1361,2022-05-22,20:17:46,Online Purchase,Jewellery,21839.23,Amex,0,66,332,341,15,20,174.2,Citibank,Mobile App,1,0,1080,0
TXN100165,CUST2047,2024-12-19,03:50:42,Contactless Payment,Luxury,1613.61,Amex,1,59,1338,476,11,3,123.9,Barclays,Mobile App,0,0,263,0
TXN100166,CUST7077,2024-04-04,16:45:16,Mobile Payment,Jewellery,54211.24,Mastercard,0,32,288,47,7,16,214.3,HDFC,Mobile App,2,0,72,1
TXN100167,CUST1892,2023-09-05,12:18:39,POS Terminal,Entertainment,64216.45,Discover,0,29,387,129,18,12,4.0,Kotak,Web Browser,0,0,316,0
TXN100168,CUST1932,2024-09-03,23:18:08,Mobile Payment,Clothing,16419.95,Visa,1,27,273,128,6,23,221.6,HSBC,ATM,0,0,543,0
TXN100169,CUST8345,2021-05-06,06:20:49,Contactless Payment,Restaurant,29267.49,Mastercard,1,69,2778,148,1,6,387.3,Yes Bank,Tablet,2,1,316,0
TXN100170,CUST3096,2021-04-24,15:04:37,Contactless Payment,Clothing,1254.38,Amex,0,69,3146,201,11,15,463.9,Barclays,Mobile App,0,0,689,0
TXN100171,CUST2045,2021-06-12,10:09:01,ATM Withdrawal,Fuel,38960.88,Discover,1,52,2076,467,19,10,463.6,Kotak,ATM,0,0,418,1
TXN100172,CUST5678,2024-11-21,23:05:05,Online Purchase,Entertainment,7222.52,RuPay,0,34,84,299,20,23,25.8,Axis,Mobile App,0,0,967,0
TXN100173,CUST2125,2021-05-20,14:04:54,ATM Withdrawal,Pharmacy,5752.82,Discover,0,37,2169,235,16,14,250.1,ICICI,POS Machine,0,0,1127,0
TXN100174,CUST2445,2023-11-03,23:17:15,Bank Transfer,Jewellery,5564.36,Mastercard,0,38,1551,453,20,23,110.8,PNB,POS Machine,0,0,142,0
TXN100175,CUST1190,2022-12-22,07:46:03,Bank Transfer,Fuel,38684.22,RuPay,0,65,3588,453,12,7,313.9,ICICI,ATM,1,0,353,0
TXN100176,CUST1809,2021-04-04,11:32:02,ATM Withdrawal,Clothing,4879.72,Discover,1,46,801,41,18,11,195.6,Barclays,Web Browser,1,0,208,0
TXN100177,CUST4535,2021-04-26,06:50:07,Online Purchase,Luxury,63275.49,Discover,0,45,544,212,12,6,,HDFC,Tablet,1,1,920,1
TXN100178,CUST2731,2024-04-15,03:20:01,ATM Withdrawal,Entertainment,40661.38,RuPay,1,62,2273,209,9,3,83.8,,POS Machine,2,0,1072,1
TXN100179,CUST8520,2022-07-11,00:18:38,Online Purchase,Electronics,22346.2,Amex,0,18,1400,23,4,0,431.1,SBI,Mobile App,1,0,792,1
TXN100180,CUST3617,2021-02-24,20:21:25,Contactless Payment,Luxury,21928.66,Mastercard,0,64,2368,45,4,20,137.6,Barclays,Mobile App,1,0,1439,1
TXN100181,CUST7793,2021-11-14,00:39:54,POS Terminal,Luxury,79042.76,Discover,0,34,3586,329,17,0,409.3,Barclays,POS Machine,0,0,817,1
TXN100182,CUST5467,2024-08-11,02:03:22,POS Terminal,Groceries,106945.04,Mastercard,1,18,1493,133,20,2,277.7,Barclays,Mobile App,1,0,57,1
TXN100183,CUST5355,2021-12-01,02:26:07,Bank Transfer,Groceries,12840.59,RuPay,0,18,1412,205,11,2,,Citibank,Mobile App,0,0,708,1
TXN100184,CUST1257,2023-05-01,00:01:04,ATM Withdrawal,Luxury,3541.04,Discover,0,56,3298,74,9,0,417.8,Kotak,ATM,2,0,405,0
TXN100185,CUST3135,2022-12-24,18:44:02,Online Purchase,Travel,52726.14,RuPay,0,25,2911,65,8,18,459.4,Axis,Tablet,0,0,443,0
TXN100186,CUST4872,2023-09-08,16:51:40,Online Purchase,Groceries,10096.52,Mastercard,0,48,814,462,15,16,108.0,Citibank,Mobile App,0,0,956,0
TXN100187,CUST3320,2022-02-24,22:45:24,Contactless Payment,Electronics,41185.3,Discover,1,56,187,444,18,22,216.7,Kotak,Tablet,0,1,320,1
TXN100188,CUST4215,2023-06-19,03:08:52,Mobile Payment,Groceries,21643.41,Mastercard,0,36,1557,150,13,3,488.6,PNB,Web Browser,2,1,865,1
TXN100189,CUST6535,2021-08-20,23:54:48,ATM Withdrawal,Electronics,117501.0,Discover,0,47,44,242,11,23,177.4,Citibank,ATM,1,1,145,1
TXN100190,CUST6204,2024-09-15,07:35:31,Online Purchase,Pharmacy,8983.07,Amex,1,39,2469,233,6,7,394.9,Yes Bank,ATM,0,0,138,0
TXN100191,CUST2327,2021-11-17,21:27:54,Bank Transfer,Fuel,54261.99,Amex,0,46,2412,289,13,21,427.5,Axis,Web Browser,0,0,627,0
TXN100192,CUST5788,2022-07-08,22:55:46,ATM Withdrawal,Travel,30675.8,Mastercard,0,46,97,58,9,22,164.8,ICICI,Mobile App,0,0,198,0
TXN100193,CUST8265,2021-10-17,00:20:04,Bank Transfer,Luxury,1308.76,Discover,0,62,3279,409,17,0,150.9,HDFC,POS Machine,1,0,272,0
TXN100194,CUST3460,2021-06-09,19:03:51,ATM Withdrawal,Entertainment,18819.3,Discover,1,40,1578,2,4,19,200.3,PNB,Web Browser,0,0,661,0
TXN100195,CUST9314,2024-02-11,08:20:56,POS Terminal,Fuel,40319.22,Mastercard,0,72,676,207,4,8,287.0,ICICI,,0,0,901,0
TXN100196,CUST3705,2023-03-19,12:22:26,Online Purchase,Fuel,717.84,Mastercard,0,66,2399,274,8,12,104.0,PNB,Web Browser,0,1,816,0
TXN100197,CUST8363,2024-04-14,10:52:21,Online Purchase,Jewellery,4104.1,Visa,0,72,3429,307,2,10,34.3,HSBC,Tablet,1,0,401,0
TXN100198,CUST3041,2022-06-26,17:54:03,Contactless Payment,Restaurant,13981.48,Visa,0,37,137,231,6,17,470.7,Barclays,Mobile App,0,0,492,0
TXN100199,CUST8112,2022-01-03,15:02:37,Contactless Payment,Pharmacy,2763.09,RuPay,1,41,1662,68,9,15,259.0,Citibank,Mobile App,0,0,,0
TXN100200,CUST6759,2024-04-04,07:15:10,Online Purchase,Entertainment,7979.71,Discover,0,57,192,473,18,7,344.8,Kotak,,0,0,1248,0
TXN100201,CUST7174,2024-11-20,17:32:16,Online Purchase,Pharmacy,16414.29,Mastercard,0,24,2784,174,14,17,30.5,HSBC,ATM,2,0,700,1
TXN100202,CUST9555,2021-07-23,09:29:56,ATM Withdrawal,Pharmacy,6312.54,RuPay,1,35,1904,157,9,9,55.8,Barclays,Tablet,1,0,1095,0
TXN100203,CUST2097,2024-09-01,04:40:09,Mobile Payment,Luxury,4400.11,Discover,0,20,1113,364,16,4,26.8,Axis,Web Browser,0,0,662,0
TXN100204,CUST1273,2024-10-15,00:22:34,ATM Withdrawal,Pharmacy,6763.71,RuPay,0,26,2178,464,9,0,391.2,HDFC,ATM,0,0,1307,0
TXN100205,CUST9974,2022-03-18,04:04:52,POS Terminal,Clothing,19162.57,RuPay,0,41,2475,135,5,4,389.3,HDFC,ATM,2,0,276,1
TXN100206,CUST5625,2023-08-13,11:24:51,Mobile Payment,Fuel,2673.58,Discover,0,31,563,356,7,11,158.9,ICICI,Tablet,0,1,839,0
TXN100207,CUST1860,2024-02-26,19:08:14,Contactless Payment,Pharmacy,3329.23,Mastercard,0,34,1569,299,5,19,19.8,Yes Bank,POS Machine,1,1,1408,0
TXN100208,CUST8023,2023-05-25,02:22:49,ATM Withdrawal,Entertainment,12515.68,Visa,0,43,178,386,16,2,426.7,SBI,ATM,0,0,1251,0
TXN100209,CUST1652,2024-02-06,18:26:54,ATM Withdrawal,Electronics,96311.31,Amex,1,72,2568,142,8,18,429.1,Citibank,Tablet,2,0,75,1
TXN100210,CUST2438,2021-06-15,23:37:14,Mobile Payment,Travel,2371.94,Amex,1,41,256,400,3,23,322.8,HSBC,Web Browser,0,0,896,0
TXN100211,CUST1895,2022-06-11,12:43:54,ATM Withdrawal,Entertainment,67353.1,Visa,0,27,2855,156,3,12,409.5,Citibank,POS Machine,0,0,445,0
TXN100212,CUST8734,2022-07-19,05:45:08,Contactless Payment,Luxury,5214.83,Visa,0,38,2536,437,11,5,446.4,Kotak,POS Machine,0,0,476,0
TXN100213,CUST7944,2021-05-28,18:41:51,Bank Transfer,Groceries,21427.99,Visa,1,75,2526,34,10,18,266.7,ICICI,POS Machine,3,0,361,1
TXN100214,CUST5840,2024-06-11,21:44:09,ATM Withdrawal,Restaurant,37898.89,Visa,1,35,3423,87,20,21,363.4,PNB,ATM,0,1,1214,1
TXN100215,CUST4117,2022-03-21,06:34:52,ATM Withdrawal,Electronics,2374.5,Visa,0,70,494,371,5,6,417.0,PNB,ATM,0,1,618,0
TXN100216,CUST5547,2021-04-20,06:14:01,Mobile Payment,Luxury,8839.3,Discover,0,74,682,36,17,6,170.9,HDFC,Mobile App,0,0,1166,0
TXN100217,CUST7090,2021-12-21,11:38:42,POS Terminal,Luxury,39491.16,RuPay,1,71,2047,317,13,11,346.0,ICICI,ATM,1,0,413,1
TXN100218,CUST4324,2022-11-19,15:07:54,Contactless Payment,Jewellery,4633.85,Mastercard,0,70,1584,153,15,15,176.8,,ATM,4,0,447,1
TXN100219,CUST7177,2021-08-07,23:25:26,Online Purchase,Pharmacy,5638.34,RuPay,0,46,2860,226,13,23,5.4,SBI,Web Browser,0,0,652,0
TXN100220,CUST8709,2024-12-04,08:23:48,POS Terminal,Fuel,3461.12,Discover,0,30,2165,437,18,8,102.7,Citibank,POS Machine,1,0,516,0
TXN100221,CUST9787,2022-02-21,20:50:27,POS Terminal,Entertainment,12955.92,Discover,0,37,2279,280,20,20,49.7,ICICI,Tablet,0,0,1259,0
TXN100222,CUST2399,2022-06-20,23:19:00,POS Terminal,Fuel,11444.63,Mastercard,0,59,2321,253,17,23,464.3,PNB,POS Machine,0,0,424,1
TXN100223,CUST4535,2021-01-24,21:49:01,Mobile Payment,Entertainment,2770.51,RuPay,1,68,247,330,2,21,210.9,ICICI,Web Browser,0,0,473,0
TXN100224,CUST6084,2022-04-17,19:00:03,Bank Transfer,Entertainment,74867.63,RuPay,1,71,1551,69,17,19,437.3,Axis,POS Machine,5,1,1197,1
TXN100225,CUST1851,2023-06-25,03:09:07,Mobile Payment,Jewellery,19953.91,Visa,1,73,613,178,7,3,484.1,ICICI,ATM,0,0,1279,1
TXN100226,CUST1054,2023-06-01,13:24:16,Online Purchase,Clothing,22006.07,RuPay,1,35,56,492,1,13,49.4,Barclays,ATM,0,0,1145,0
TXN100227,CUST3807,2023-11-25,04:30:29,Bank Transfer,Electronics,7392.39,Amex,0,41,511,82,1,4,94.9,Barclays,Mobile App,0,0,1320,0
TXN100228,CUST9661,2022-07-15,20:41:21,POS Terminal,Restaurant,27307.98,Amex,0,55,2828,135,7,20,64.3,Citibank,Mobile App,0,1,722,0
TXN100229,CUST8933,2024-12-12,20:54:41,Contactless Payment,Jewellery,8870.81,RuPay,1,46,2155,497,2,20,466.9,HSBC,Tablet,0,0,580,0
TXN100230,CUST9195,2024-02-27,19:24:40,Mobile Payment,Restaurant,15666.92,RuPay,0,44,3536,431,17,19,364.9,HSBC,Web Browser,0,0,1349,0
TXN100231,CUST2847,2023-06-21,13:14:07,Online Purchase,Luxury,8307.38,Amex,0,57,663,34,2,13,394.1,Axis,Web Browser,0,0,415,0
TXN100232,CUST3229,2022-12-12,11:55:07,Online Purchase,Clothing,2840.35,Visa,0,33,1070,33,11,11,427.1,SBI,ATM,0,1,389,0
TXN100233,CUST8489,2023-05-24,05:13:24,POS Terminal,Travel,2651.68,RuPay,0,29,1853,182,16,5,208.8,Axis,Web Browser,0,0,1195,0
TXN100234,CUST6321,2023-10-10,17:02:05,Contactless Payment,Jewellery,20608.19,Visa,0,,1213,153,11,17,189.4,ICICI,POS Machine,0,1,429,1
TXN100235,CUST1250,2021-08-16,20:09:00,Bank Transfer,Luxury,30616.9,Visa,1,28,3554,15,20,20,319.0,HSBC,Tablet,0,0,534,1
TXN100236,CUST7200,2024-01-22,01:21:07,Contactless Payment,Fuel,14270.51,Discover,0,58,2310,224,2,1,268.3,Axis,ATM,0,0,759,0
TXN100237,CUST5946,2021-06-02,01:23:33,Online Purchase,Restaurant,17695.79,Discover,0,66,1563,437,15,1,159.7,Barclays,Web Browser,0,0,,0
TXN100238,CUST2307,2022-11-03,15:21:59,Mobile Payment,Electronics,3523.36,Visa,0,44,1326,389,16,15,88.4,Citibank,Web Browser,0,0,1151,0
TXN100239,CUST2407,2021-05-08,03:05:53,Mobile Payment,Clothing,6763.3,Discover,0,53,1673,219,4,3,408.6,ICICI,Tablet,0,0,1038,0
TXN100240,CUST6689,2021-05-25,12:00:50,ATM Withdrawal,Electronics,15968.69,Mastercard,0,32,1176,389,7,12,55.1,SBI,Mobile App,1,0,920,0
TXN100241,CUST4376,2023-02-04,13:05:55,POS Terminal,Groceries,3753.54,Amex,0,20,3029,362,20,13,184.1,Barclays,ATM,0,0,1417,0
TXN100242,CUST9241,2021-02-18,09:53:02,Online Purchase,Jewellery,41389.72,Mastercard,0,21,1679,14,15,9,307.8,HDFC,Web Browser,0,1,614,1
TXN100243,CUST5629,2022-09-13,00:52:41,Mobile Payment,Clothing,2455.91,Visa,0,24,728,242,8,0,227.2,SBI,POS Machine,0,1,788,0
TXN100244,CUST3754,2024-06-15,05:13:00,Online Purchase,Clothing,17419.11,Amex,1,20,1367,321,16,5,450.7,Citibank,Web Browser,1,0,1260,0
TXN100245,CUST5613,2024-06-09,07:22:49,Bank Transfer,Clothing,5761.76,Amex,1,28,376,500,1,7,85.8,HDFC,Web Browser,0,0,1167,0
TXN100246,CUST6056,2022-10-14,13:56:52,Bank Transfer,Pharmacy,54072.03,Mastercard,0,60,1487,245,6,13,381.1,PNB,POS Machine,1,0,117,0
TXN100247,CUST3722,2024-04-24,08:03:30,POS Terminal,Electronics,6769.18,Discover,0,68,2268,436,2,8,228.9,PNB,Web Browser,1,0,75,0
TXN100248,CUST6225,2024-02-24,17:23:08,Contactless Payment,Fuel,51014.86,Visa,0,57,386,288,5,17,405.1,Citibank,POS Machine,0,1,1393,0
TXN100249,CUST1965,2023-02-06,23:23:39,Bank Transfer,Jewellery,59007.88,Mastercard,0,45,1122,250,13,23,241.0,Yes Bank,Web Browser,1,0,460,1
TXN100250,CUST1027,2023-07-11,04:45:15,POS Terminal,Fuel,15596.12,Amex,0,27,2467,186,11,4,206.2,Axis,Mobile App,1,0,900,0
TXN100251,CUST5667,2021-09-19,15:59:49,Bank Transfer,Groceries,5422.92,Visa,1,25,3148,389,9,15,,Yes Bank,Tablet,1,0,24,0
TXN100252,CUST3349,2021-08-04,12:03:14,POS Terminal,Luxury,9724.27,Mastercard,0,74,1420,482,2,12,236.5,HSBC,ATM,0,0,533,0
TXN100253,CUST8739,2022-12-14,16:40:18,Bank Transfer,Luxury,22287.15,Mastercard,0,61,876,84,16,16,122.7,HDFC,POS Machine,2,1,1017,0
TXN100254,CUST4895,2021-04-22,08:22:22,POS Terminal,Restaurant,100605.72,Visa,0,27,3488,491,16,8,72.0,Kotak,POS Machine,2,1,156,1
TXN100255,CUST8030,2024-08-05,05:49:17,POS Terminal,Clothing,104643.11,Mastercard,0,70,1053,57,15,5,341.9,HSBC,POS Machine,0,1,905,1
TXN100256,CUST9606,2022-05-23,10:01:11,Contactless Payment,Pharmacy,3664.54,Amex,0,58,842,2,18,10,301.9,Citibank,POS Machine,0,0,309,0
TXN100257,CUST4628,2023-11-09,11:17:52,Mobile Payment,Restaurant,75762.33,Mastercard,0,70,1304,466,10,11,148.2,HSBC,POS Machine,0,0,544,0
TXN100258,CUST6065,2023-03-15,07:29:56,Bank Transfer,Jewellery,36306.59,Visa,0,62,3163,324,4,7,287.4,ICICI,POS Machine,0,0,756,0
TXN100259,CUST7472,2024-04-23,08:23:06,ATM Withdrawal,Jewellery,15593.59,Discover,0,61,2920,248,18,8,279.2,ICICI,POS Machine,0,0,662,0
TXN100260,CUST3481,2024-03-13,19:38:08,Bank Transfer,Electronics,61947.84,RuPay,1,73,1981,343,18,19,76.6,HSBC,Mobile App,0,0,517,1
TXN100261,CUST4788,2024-10-14,01:52:38,Bank Transfer,Groceries,20473.2,Amex,1,49,2710,41,15,1,208.1,ICICI,Web Browser,0,0,250,1
TXN100262,CUST8357,2021-11-23,19:09:31,POS Terminal,Restaurant,7235.2,Visa,1,18,2561,188,2,19,6.5,SBI,Web Browser,1,0,1182,0
TXN100263,CUST6239,2023-09-14,20:05:10,Online Purchase,Restaurant,1188.52,Visa,1,20,3197,425,4,20,326.7,Axis,ATM,1,0,459,0
TXN100264,CUST3623,2021-04-21,16:41:49,Online Purchase,Travel,9022.36,Discover,0,40,859,110,14,16,263.1,HSBC,Tablet,0,0,1119,0
TXN100265,CUST1916,2022-03-04,09:20:52,Bank Transfer,Luxury,73946.93,Discover,0,18,372,122,14,9,158.2,Barclays,POS Machine,5,0,172,1
TXN100266,CUST3752,2023-08-04,06:50:50,POS Terminal,Restaurant,3960.13,Mastercard,0,45,145,216,18,6,330.0,SBI,,0,0,1368,0
TXN100267,CUST8715,2024-05-08,09:15:09,ATM Withdrawal,Entertainment,4536.69,Discover,0,42,1016,54,6,9,77.6,SBI,Tablet,0,0,,0
TXN100268,CUST4700,2024-04-05,02:35:13,POS Terminal,Fuel,98565.97,Mastercard,0,24,867,420,9,2,85.8,HDFC,Tablet,2,1,846,1
TXN100269,CUST5948,2024-09-08,08:03:49,Contactless Payment,Electronics,1083.13,Amex,0,59,3511,387,13,8,178.4,Axis,Mobile App,0,0,248,0
TXN100270,CUST2128,2021-11-03,21:41:21,ATM Withdrawal,Luxury,15871.59,Amex,0,36,1879,196,8,21,251.2,SBI,POS Machine,0,0,1090,0
TXN100271,CUST2847,2023-02-27,18:37:27,Mobile Payment,Travel,27073.36,Visa,0,18,1371,184,9,18,434.6,ICICI,Web Browser,0,0,227,0
TXN100272,CUST3468,2022-12-13,07:51:15,Mobile Payment,Travel,3516.48,Visa,0,39,3524,428,6,7,175.4,ICICI,POS Machine,0,1,1426,0
TXN100273,CUST1797,2024-04-12,16:52:37,Bank Transfer,Pharmacy,26547.78,RuPay,0,34,243,92,2,16,401.1,Barclays,ATM,1,0,7,0
TXN100274,CUST4715,2021-08-11,12:36:44,ATM Withdrawal,Groceries,6009.49,Discover,1,70,400,201,4,12,293.5,Barclays,POS Machine,0,0,656,0
TXN100275,CUST3684,2024-10-05,21:40:28,Bank Transfer,Luxury,13643.84,RuPay,0,59,2020,462,12,21,262.2,PNB,Mobile App,2,0,933,1
TXN100276,CUST4861,2023-02-18,21:10:23,POS Terminal,Restaurant,40751.41,Visa,0,64,969,372,16,21,97.6,Axis,ATM,3,0,1072,0
TXN100277,CUST6698,2021-07-07,01:04:00,ATM Withdrawal,Entertainment,2429.49,RuPay,0,,3313,433,9,1,328.2,PNB,Tablet,0,0,579,0
TXN100278,CUST5847,2022-04-21,02:25:53,Mobile Payment,Pharmacy,11038.66,Discover,0,65,1800,319,17,2,293.3,ICICI,Mobile App,0,0,7,1
TXN100279,CUST5948,2024-08-22,23:57:41,ATM Withdrawal,Groceries,3044.75,Amex,0,61,1639,470,1,23,83.6,Citibank,POS Machine,,0,1150,0
TXN100280,CUST4101,2022-12-21,12:39:03,Contactless Payment,Jewellery,1475.02,RuPay,0,30,323,199,9,12,50.9,Yes Bank,Mobile App,0,1,1376,0
TXN100281,CUST1595,2021-06-08,18:20:15,Contactless Payment,Restaurant,41586.31,RuPay,0,44,278,316,20,18,130.4,Kotak,Mobile App,1,0,443,0
TXN100282,CUST1075,2024-12-05,17:23:02,Contactless Payment,Pharmacy,2204.77,Discover,0,27,528,253,15,17,32.8,HDFC,ATM,0,0,429,0
TXN100283,CUST1590,2023-06-05,23:12:02,POS Terminal,Jewellery,3912.61,Mastercard,0,37,276,61,15,23,446.3,ICICI,Tablet,,0,11,0
TXN100284,CUST4704,2024-05-17,10:09:30,Online Purchase,Electronics,7392.36,RuPay,0,53,308,215,6,10,64.8,HDFC,ATM,0,0,412,0
TXN100285,CUST8786,2021-08-21,17:05:58,POS Terminal,Groceries,14915.17,Amex,0,38,2360,50,10,17,325.0,Barclays,POS Machine,0,0,1256,0
TXN100286,CUST5709,2021-01-02,08:04:34,Online Purchase,Clothing,1266.2,Amex,0,68,2270,189,15,8,44.1,SBI,Mobile App,2,0,654,0
TXN100287,CUST1516,2023-04-24,12:06:34,ATM Withdrawal,Electronics,785.04,Amex,0,,3574,116,15,12,477.2,PNB,ATM,1,0,510,0
TXN100288,CUST5258,2022-10-28,12:19:36,ATM Withdrawal,Entertainment,2105.34,Mastercard,0,62,794,433,1,12,187.0,PNB,Mobile App,0,0,,0
TXN100289,CUST1269,2021-01-13,02:52:14,Mobile Payment,Clothing,13305.31,Discover,0,53,3345,359,14,2,138.5,HDFC,Mobile App,1,1,446,0
TXN100290,CUST9094,2024-06-20,04:58:40,POS Terminal,Jewellery,52461.55,Visa,0,19,3520,387,12,4,161.0,PNB,ATM,0,1,23,1
TXN100291,CUST4204,2024-07-21,23:13:44,Contactless Payment,Restaurant,71779.61,Mastercard,0,35,752,335,14,23,93.6,Barclays,ATM,0,0,1330,1
TXN100292,CUST5856,2024-11-25,20:52:17,ATM Withdrawal,Electronics,34827.98,Discover,0,35,1353,157,17,20,248.2,HDFC,POS Machine,1,0,,1
TXN100293,CUST3369,2024-05-04,00:11:46,ATM Withdrawal,Fuel,13393.19,Amex,0,36,2163,406,12,0,159.9,PNB,Mobile App,1,0,940,0
TXN100294,CUST8765,2024-04-17,02:32:11,Online Purchase,Clothing,41265.44,Amex,0,69,3191,345,8,2,194.5,HDFC,ATM,3,0,880,1
TXN100295,CUST5694,2021-02-05,05:15:07,Online Purchase,Restaurant,43885.9,RuPay,1,36,3349,189,15,5,,Yes Bank,POS Machine,0,0,914,1
TXN100296,CUST6044,2022-06-08,13:56:24,POS Terminal,Restaurant,6431.36,RuPay,0,62,1705,152,12,13,418.9,HSBC,Tablet,0,0,678,0
TXN100297,CUST2716,2024-04-20,22:45:46,ATM Withdrawal,Travel,13137.17,Discover,0,53,1582,381,17,22,397.9,SBI,Mobile App,1,0,1142,0
TXN100298,CUST2271,2024-06-21,01:07:47,Mobile Payment,Groceries,25576.17,Amex,0,73,2160,214,10,1,278.7,SBI,Web Browser,5,0,355,1
TXN100299,CUST8382,2024-10-24,10:55:25,POS Terminal,Electronics,13624.52,Discover,0,23,1571,360,18,10,403.0,SBI,ATM,0,0,235,0
TXN100300,CUST3165,2024-06-19,20:37:50,Online Purchase,Pharmacy,50198.16,Visa,0,35,1897,391,13,20,12.1,Kotak,Mobile App,1,1,437,0
TXN100301,CUST1671,2024-03-06,13:08:40,Online Purchase,Travel,15547.43,RuPay,0,40,1645,44,16,13,190.6,SBI,Web Browser,0,0,415,0
TXN100302,CUST6094,2022-10-06,07:07:34,Online Purchase,Jewellery,8557.41,RuPay,0,38,77,436,5,7,215.7,Yes Bank,Mobile App,0,0,453,0
TXN100303,CUST1647,2022-09-23,15:50:42,Bank Transfer,Entertainment,9692.95,Mastercard,0,57,1810,140,13,15,25.6,Kotak,ATM,1,0,271,0
TXN100304,CUST7537,2021-06-06,01:27:43,POS Terminal,Electronics,28522.63,Amex,1,51,1021,209,16,1,335.8,SBI,ATM,1,1,363,0
TXN100305,CUST5152,2024-10-07,03:28:26,Mobile Payment,Entertainment,37408.62,Amex,0,47,3254,335,11,3,490.5,Axis,Web Browser,0,1,282,1
TXN100306,CUST5862,2023-10-28,20:51:59,Online Purchase,Entertainment,5357.56,Amex,1,30,1268,112,17,20,76.3,HDFC,Tablet,0,0,364,0
TXN100307,CUST1545,2023-12-25,16:46:19,Mobile Payment,Groceries,1436.29,Visa,1,70,2493,301,14,16,425.5,HDFC,Mobile App,1,0,1209,0
TXN100308,CUST9546,2023-07-08,09:23:54,Mobile Payment,Fuel,20610.66,Mastercard,0,,2348,317,4,9,317.3,Citibank,Tablet,0,1,285,0
TXN100309,CUST5641,2021-08-21,03:37:43,Online Purchase,Travel,25040.68,Discover,0,25,3236,159,11,3,186.1,SBI,Web Browser,0,0,1163,0
TXN100310,CUST3621,2022-01-06,05:26:53,Bank Transfer,Clothing,5793.09,Visa,0,33,3604,149,15,5,40.3,ICICI,Tablet,,0,650,0
TXN100311,CUST2591,2024-10-20,09:08:35,ATM Withdrawal,Entertainment,6986.89,Mastercard,0,51,3650,372,6,9,461.0,Yes Bank,Tablet,1,0,1393,0
TXN100312,CUST4899,2024-04-02,03:20:20,ATM Withdrawal,Travel,17534.75,Amex,0,29,2097,169,13,3,474.4,Citibank,Tablet,1,0,1408,0
TXN100313,CUST7020,2024-05-14,14:53:19,POS Terminal,Jewellery,70350.21,Mastercard,0,47,3604,226,6,14,22.4,Barclays,POS Machine,0,0,,0
TXN100314,CUST9377,2023-10-11,19:23:39,Online Purchase,Luxury,177691.87,Visa,0,31,1725,30,14,19,320.7,HSBC,Mobile App,0,1,991,1
TXN100315,CUST9562,2024-05-07,17:20:38,Contactless Payment,Restaurant,44680.26,Mastercard,0,54,285,142,4,17,314.6,Axis,Tablet,0,1,468,0
TXN100316,CUST2672,2023-01-24,17:42:20,Contactless Payment,Luxury,34574.56,Visa,1,48,1915,300,7,17,246.6,SBI,POS Machine,0,0,453,1
TXN100317,CUST1258,2023-08-21,06:04:19,Contactless Payment,Clothing,30957.62,Visa,0,22,3333,173,2,6,258.5,HDFC,Web Browser,4,0,1103,1
TXN100318,CUST6042,2023-05-10,18:33:02,Contactless Payment,Travel,30304.76,Discover,0,62,742,338,6,18,215.1,HSBC,Tablet,2,0,1385,0
TXN100319,CUST3147,2024-12-13,21:15:11,Bank Transfer,Groceries,13252.63,Discover,0,20,2624,440,14,21,427.6,HDFC,ATM,1,0,3,0
TXN100320,CUST1191,2022-06-11,14:26:45,Bank Transfer,Luxury,16256.94,Visa,0,21,2694,2,18,14,252.5,HDFC,ATM,0,0,1205,0
TXN100321,CUST6529,2021-09-16,12:30:09,ATM Withdrawal,Luxury,6558.68,Visa,1,66,3028,216,19,12,345.2,Yes Bank,Web Browser,0,0,528,0
TXN100322,CUST3473,2023-05-14,07:11:51,Online Purchase,Fuel,1038.27,Mastercard,0,73,2781,252,11,7,413.5,Axis,POS Machine,0,1,,0
TXN100323,CUST2990,2024-12-25,12:46:32,POS Terminal,Entertainment,15961.87,Discover,0,67,644,239,8,12,372.8,HSBC,Mobile App,1,0,926,1
TXN100324,CUST6560,2021-09-07,18:57:02,POS Terminal,Clothing,44717.46,Amex,0,66,3095,263,8,18,386.9,Axis,Tablet,0,0,1083,1
TXN100325,CUST8829,2021-08-25,22:18:38,Mobile Payment,Entertainment,50324.33,Mastercard,0,70,1371,199,18,22,89.4,HDFC,POS Machine,4,0,1180,1
TXN100326,CUST2772,2021-09-10,13:38:24,ATM Withdrawal,Clothing,986.6,Amex,0,70,2041,3,7,13,231.3,Kotak,Mobile App,0,0,837,0
TXN100327,CUST3407,2021-02-17,06:21:30,Online Purchase,Electronics,125939.99,Amex,0,44,2590,164,5,6,194.6,Axis,ATM,0,0,1045,0
TXN100328,CUST6427,2023-03-28,14:36:17,POS Terminal,Luxury,15684.84,Visa,0,55,220,117,13,14,78.5,ICICI,Tablet,0,0,1361,0
TXN100329,CUST9343,2022-12-02,07:39:04,POS Terminal,Groceries,116805.61,Discover,1,66,925,399,4,7,274.7,Axis,Tablet,0,1,,1
TXN100330,CUST5444,2021-05-19,18:11:52,Contactless Payment,Luxury,2839.12,Mastercard,1,36,754,445,5,18,309.5,Yes Bank,ATM,4,0,670,0
TXN100331,CUST8440,2024-07-21,03:38:22,Online Purchase,Groceries,2587.81,Visa,0,20,1749,190,18,3,419.6,HDFC,POS Machine,0,1,1174,0
TXN100332,CUST1158,2023-04-12,13:47:17,Online Purchase,Clothing,22646.01,RuPay,0,62,367,330,2,13,499.3,PNB,POS Machine,0,1,832,0
TXN100333,CUST4315,2021-05-18,20:22:21,Mobile Payment,Fuel,8761.88,Amex,1,64,191,80,16,20,,Citibank,Web Browser,0,0,1315,1
TXN100334,CUST9637,2022-12-17,08:00:07,Mobile Payment,Travel,3748.57,Amex,0,58,3571,105,19,8,60.7,HSBC,Mobile App,,1,1138,0
TXN100335,CUST3774,2021-12-14,14:43:43,Contactless Payment,Electronics,62428.96,RuPay,0,70,2928,141,15,14,362.2,PNB,Tablet,1,0,847,1
TXN100336,CUST2752,2021-03-25,21:57:55,Online Purchase,Fuel,4724.38,Mastercard,0,19,387,443,2,21,170.8,Barclays,ATM,3,1,854,0
TXN100337,CUST5577,2021-09-22,05:02:24,Mobile Payment,Pharmacy,3628.62,Mastercard,0,50,1470,17,15,5,439.9,Yes Bank,ATM,,0,1399,0
TXN100338,CUST8320,2022-01-22,14:03:21,ATM Withdrawal,Jewellery,40746.66,RuPay,0,70,2891,247,7,14,221.0,Kotak,Mobile App,2,0,907,1
TXN100339,CUST8213,2023-04-02,08:45:00,Online Purchase,Travel,20868.21,Mastercard,1,29,3633,13,3,8,320.5,HSBC,ATM,0,0,875,0
TXN100340,CUST9062,2024-05-13,05:03:27,Mobile Payment,Groceries,1856.59,Amex,1,69,1488,409,3,5,300.8,Barclays,Tablet,0,0,1029,0
TXN100341,CUST1057,2024-01-26,08:56:40,ATM Withdrawal,Fuel,96275.11,RuPay,0,34,2578,180,9,8,192.9,SBI,POS Machine,0,0,306,0
TXN100342,CUST6305,2022-07-18,03:33:30,ATM Withdrawal,Entertainment,2099.97,Mastercard,1,55,1719,117,18,3,18.1,Yes Bank,Mobile App,0,0,14,0
TXN100343,CUST3916,2023-06-03,11:45:44,Contactless Payment,Luxury,30474.96,Amex,0,44,2512,151,8,11,111.0,Yes Bank,Tablet,0,0,818,0
TXN100344,CUST9366,2024-12-03,12:15:10,Online Purchase,Clothing,25453.06,Mastercard,0,65,852,433,3,12,147.8,Kotak,ATM,3,0,257,0
TXN100345,CUST5889,2021-11-17,22:58:48,Online Purchase,Groceries,3348.88,Visa,1,72,2489,42,7,22,99.0,Kotak,Web Browser,1,0,1380,0
TXN100346,CUST1061,2022-10-08,21:08:36,Contactless Payment,Travel,7644.93,Mastercard,0,70,1469,339,17,21,238.5,Kotak,Tablet,0,0,124,0
TXN100347,CUST1865,2024-11-04,14:47:10,Mobile Payment,Jewellery,62672.7,Discover,0,67,125,336,3,14,290.1,Kotak,ATM,5,0,1369,1
TXN100348,CUST8771,2024-05-19,13:14:09,Bank Transfer,Fuel,26268.37,Amex,0,38,2136,84,9,13,360.5,HSBC,Tablet,0,0,1078,0
TXN100349,CUST9242,2022-11-22,17:58:23,POS Terminal,Pharmacy,44801.22,Amex,0,41,1376,448,19,17,342.7,Barclays,ATM,3,1,1307,1
TXN100350,CUST4236,2021-09-03,08:33:43,Contactless Payment,Travel,3752.15,Amex,1,71,2563,484,5,8,364.8,ICICI,ATM,0,0,1436,0
TXN100351,CUST4214,2021-06-28,23:05:28,POS Terminal,Fuel,20329.44,Discover,0,45,2006,154,4,23,238.6,HSBC,Mobile App,0,0,728,0
TXN100352,CUST8240,2024-09-08,01:15:53,ATM Withdrawal,Entertainment,31756.7,RuPay,1,18,1478,386,17,1,108.0,ICICI,Tablet,1,0,398,1
TXN100353,CUST8841,2021-10-05,01:20:16,Online Purchase,Electronics,86098.33,Mastercard,1,63,3469,272,14,1,36.7,Axis,ATM,0,0,1153,1
TXN100354,CUST9838,2021-10-22,03:59:59,ATM Withdrawal,Clothing,2878.77,Visa,0,46,1138,128,14,3,383.1,Citibank,ATM,0,0,1418,0
TXN100355,CUST1005,2022-05-15,00:52:52,Contactless Payment,Entertainment,4633.51,Amex,0,55,1615,256,7,0,473.0,Axis,ATM,1,0,418,0
TXN100356,CUST1307,2023-03-24,11:55:44,POS Terminal,Fuel,3475.13,Visa,0,50,3618,483,14,11,237.5,HSBC,Tablet,0,0,,0
TXN100357,CUST2882,2022-08-28,21:21:37,ATM Withdrawal,Jewellery,12116.85,Visa,1,49,42,83,8,21,108.4,Axis,Web Browser,0,0,684,0
TXN100358,CUST2321,2021-08-24,10:14:18,ATM Withdrawal,Fuel,8168.54,Amex,0,21,191,458,5,10,36.5,HSBC,Web Browser,0,0,787,0
TXN100359,CUST1127,2022-01-09,00:27:20,Online Purchase,Restaurant,25546.27,Amex,0,47,2738,461,19,0,279.8,SBI,Tablet,2,0,,1
TXN100360,CUST4543,2022-10-05,16:34:34,ATM Withdrawal,Entertainment,4205.24,RuPay,0,71,2701,70,20,16,371.1,Citibank,Mobile App,0,0,575,0
TXN100361,CUST6808,2022-09-05,11:11:52,ATM Withdrawal,Luxury,25560.68,Discover,0,65,1551,74,11,11,43.2,ICICI,Tablet,0,0,207,0
TXN100362,CUST7175,2023-10-24,12:00:09,Online Purchase,Jewellery,146250.81,Visa,0,31,2172,3,11,12,215.7,Citibank,ATM,0,0,1156,1
TXN100363,CUST8651,2022-09-23,02:29:55,Contactless Payment,Groceries,134633.5,Visa,0,70,91,231,9,2,314.6,Axis,Mobile App,0,1,1102,1
TXN100364,CUST7819,2023-03-15,03:54:40,Mobile Payment,Electronics,29139.91,Visa,1,58,2995,141,2,3,250.7,SBI,,0,0,456,1
TXN100365,CUST5572,2024-08-11,18:18:37,Online Purchase,Fuel,2208.51,Mastercard,1,62,1478,384,2,18,256.3,Barclays,ATM,0,0,836,0
TXN100366,CUST7179,2021-06-27,05:05:40,Contactless Payment,Clothing,30797.32,RuPay,1,72,933,67,4,5,99.8,SBI,Mobile App,0,0,729,0
TXN100367,CUST8926,2024-02-10,20:52:53,Online Purchase,Travel,12163.72,Mastercard,0,72,2864,96,18,20,3.9,ICICI,Mobile App,0,0,569,0
TXN100368,CUST7322,2022-06-04,17:16:33,ATM Withdrawal,Entertainment,3064.5,Amex,0,27,1506,24,7,17,288.6,Kotak,Tablet,0,0,29,0
TXN100369,CUST2153,2022-11-19,01:16:23,POS Terminal,Pharmacy,38303.16,Amex,0,30,2405,381,19,1,315.7,Yes Bank,Tablet,0,0,1016,1
TXN100370,CUST2436,2022-04-13,03:41:48,Online Purchase,Groceries,33067.71,Amex,0,53,3560,365,19,3,74.7,Axis,Mobile App,5,0,51,1
TXN100371,CUST4730,2021-04-21,03:13:31,POS Terminal,Electronics,39393.23,Discover,0,49,3252,235,11,3,362.2,Kotak,Mobile App,3,0,1207,1
TXN100372,CUST4597,2023-09-23,08:30:22,Online Purchase,Pharmacy,8175.57,Visa,0,73,702,327,10,8,60.5,SBI,POS Machine,0,0,1420,0
TXN100373,CUST9023,2023-04-09,03:52:50,POS Terminal,Jewellery,30622.84,Discover,0,48,1082,289,17,3,401.9,HDFC,Web Browser,,1,775,1
TXN100374,CUST8403,2022-02-13,13:57:21,POS Terminal,Groceries,5359.5,Amex,0,19,1943,132,15,13,251.6,SBI,ATM,0,0,224,0
TXN100375,CUST4218,2022-10-22,13:17:30,ATM Withdrawal,Entertainment,10534.32,Amex,0,45,3535,379,17,13,361.8,Kotak,ATM,2,0,1390,0
TXN100376,CUST9031,2024-12-28,00:31:07,Online Purchase,Entertainment,2062.53,Amex,0,36,1964,155,8,0,427.3,HDFC,POS Machine,0,0,103,0
TXN100377,CUST1075,2024-03-21,19:31:47,Mobile Payment,Electronics,4780.19,Visa,0,65,1035,465,8,19,223.3,Axis,ATM,0,0,1152,0
TXN100378,CUST9122,2024-10-22,16:01:56,Contactless Payment,Clothing,20823.95,RuPay,0,49,2407,36,4,16,151.2,PNB,POS Machine,0,1,1021,0
TXN100379,CUST5617,2024-09-20,20:42:16,Contactless Payment,Travel,2909.82,RuPay,0,19,2051,256,3,20,481.7,PNB,Web Browser,0,0,329,0
TXN100380,CUST9010,2022-06-13,12:08:29,POS Terminal,Luxury,23371.97,Amex,1,71,168,327,11,12,487.6,PNB,POS Machine,1,0,1171,1
TXN100381,CUST6293,2023-10-14,01:41:04,POS Terminal,Jewellery,6347.94,Mastercard,0,58,533,113,10,1,342.8,PNB,Mobile App,0,0,1270,0
TXN100382,CUST9645,2021-02-11,11:16:09,Mobile Payment,Groceries,15597.89,Mastercard,0,51,3362,323,13,11,85.6,Citibank,Web Browser,0,1,19,0
TXN100383,CUST2523,2024-10-01,07:01:21,ATM Withdrawal,Pharmacy,9638.77,Mastercard,0,47,3535,447,14,7,221.0,ICICI,ATM,0,1,573,0
TXN100384,CUST9045,2024-06-19,22:07:20,ATM Withdrawal,Entertainment,1876.93,Visa,0,32,895,118,6,22,324.4,HDFC,ATM,1,0,1203,0
TXN100385,CUST5961,2022-04-16,18:05:56,POS Terminal,Groceries,1223.41,Discover,0,45,1886,307,11,18,363.0,Barclays,,0,0,1096,0
TXN100386,CUST5119,2022-05-02,06:19:27,POS Terminal,Fuel,16868.91,Discover,1,26,1155,382,19,6,186.6,Yes Bank,ATM,2,0,291,1
TXN100387,CUST9818,2024-10-08,19:56:42,Contactless Payment,Jewellery,5561.46,Discover,0,47,1284,215,19,19,442.9,PNB,Mobile App,0,0,122,0
TXN100388,CUST2010,2023-05-03,04:41:23,POS Terminal,Luxury,16732.63,Mastercard,0,33,111,133,12,4,26.5,Barclays,ATM,0,0,184,0
TXN100389,CUST8279,2023-04-08,04:56:30,Mobile Payment,Groceries,6209.84,Discover,1,65,2739,255,4,4,169.0,PNB,Mobile App,0,0,1033,0
TXN100390,CUST4674,2023-05-12,18:11:32,Online Purchase,Fuel,14795.55,Mastercard,0,35,1710,236,18,18,311.3,SBI,POS Machine,2,1,,1
TXN100391,CUST1043,2023-11-14,07:29:40,Contactless Payment,Pharmacy,9266.55,Discover,0,28,319,410,16,7,367.5,Yes Bank,POS Machine,0,0,223,0
TXN100392,CUST2945,2021-07-24,22:41:21,POS Terminal,Jewellery,130048.0,Mastercard,0,39,649,339,3,22,370.9,Kotak,Web Browser,0,1,578,0
TXN100393,CUST8330,2024-07-04,00:08:00,Mobile Payment,Luxury,11420.08,Amex,0,23,1553,446,20,0,139.6,Axis,POS Machine,1,0,278,1
TXN100394,CUST8417,2022-10-09,13:22:49,ATM Withdrawal,Clothing,5017.14,Mastercard,0,62,619,33,4,13,163.1,Kotak,POS Machine,2,0,24,0
TXN100395,CUST6130,2021-04-01,09:41:01,Contactless Payment,Pharmacy,33993.42,Discover,0,54,2006,81,6,9,125.1,Yes Bank,ATM,1,0,392,0
TXN100396,CUST7736,2023-08-02,23:03:31,Mobile Payment,Restaurant,32862.69,Discover,0,25,1068,103,12,23,467.3,Barclays,Web Browser,4,0,1412,1
TXN100397,CUST3888,2022-06-28,16:57:16,POS Terminal,Groceries,7394.82,Visa,1,19,3214,25,1,16,236.8,Citibank,Mobile App,0,0,1405,0
TXN100398,CUST8032,2021-07-18,13:16:35,POS Terminal,Entertainment,9818.03,Amex,0,30,2936,19,15,13,282.7,HDFC,Tablet,1,0,1331,0
TXN100399,CUST5422,2022-04-26,04:07:37,Mobile Payment,Pharmacy,2625.28,Visa,0,18,2232,291,7,4,312.1,PNB,Mobile App,1,0,1237,0
TXN100400,CUST8950,2021-03-07,19:29:04,Mobile Payment,Restaurant,1792.06,RuPay,0,68,871,3,3,19,118.1,PNB,Web Browser,2,0,916,0
TXN100401,CUST4190,2021-07-11,20:41:44,Mobile Payment,Entertainment,7762.87,Visa,0,36,1824,16,20,20,120.3,SBI,Web Browser,2,0,1192,0
TXN100402,CUST5808,2023-08-27,14:59:32,Mobile Payment,Entertainment,9570.89,RuPay,0,44,2202,413,16,14,486.7,Barclays,POS Machine,0,0,1255,1
TXN100403,CUST5607,2021-04-27,02:03:07,Contactless Payment,Clothing,5907.93,Visa,0,46,2064,241,12,2,78.6,PNB,ATM,1,0,473,0
TXN100404,CUST3065,2023-09-04,02:13:59,ATM Withdrawal,Luxury,25478.74,Visa,0,62,1604,234,11,2,139.4,ICICI,Tablet,4,0,260,1
TXN100405,CUST6322,2023-11-10,02:34:48,ATM Withdrawal,Luxury,21269.72,Discover,0,18,1946,483,12,2,345.8,HSBC,ATM,1,0,1079,1
TXN100406,CUST6328,2022-11-12,05:05:48,ATM Withdrawal,Fuel,21370.15,Amex,0,62,2128,296,2,5,326.1,ICICI,Web Browser,0,0,1234,0
TXN100407,CUST3545,2024-07-28,17:22:10,Bank Transfer,Travel,3077.94,Discover,0,49,41,500,2,17,21.6,Kotak,Tablet,3,1,666,0
TXN100408,CUST9340,2024-11-22,21:42:13,Online Purchase,Groceries,1472.53,Visa,0,70,1567,215,5,21,433.8,ICICI,Mobile App,1,0,1272,0
TXN100409,CUST3826,2022-11-12,11:55:56,Contactless Payment,Electronics,57945.69,Mastercard,0,40,2566,184,5,11,230.3,HSBC,POS Machine,2,0,1202,1
TXN100410,CUST2313,2023-12-04,04:40:19,Bank Transfer,Pharmacy,31177.34,Visa,0,44,1944,110,8,4,178.5,HDFC,Tablet,,0,509,1
TXN100411,CUST5824,2022-10-22,06:20:59,POS Terminal,Fuel,60294.31,RuPay,0,75,1749,92,7,6,15.1,SBI,Web Browser,0,0,893,0
TXN100412,CUST6036,2023-12-15,11:12:11,Bank Transfer,Entertainment,1280.7,Visa,0,26,3152,280,14,11,220.1,Barclays,Mobile App,1,0,629,0
TXN100413,CUST5355,2021-09-22,18:15:36,Online Purchase,Entertainment,24447.4,RuPay,0,46,3539,275,14,18,179.7,Barclays,Web Browser,0,0,599,0
TXN100414,CUST8892,2024-02-11,21:29:26,Mobile Payment,Luxury,45495.69,Discover,1,18,2437,48,10,21,184.8,Kotak,,0,0,1395,0
TXN100415,CUST9783,2022-11-03,21:57:12,POS Terminal,Pharmacy,7596.07,Amex,0,67,3429,120,19,21,54.2,HDFC,Mobile App,3,0,57,0
TXN100416,CUST1459,2024-12-28,13:33:51,Bank Transfer,Pharmacy,24829.35,Visa,0,67,1601,190,15,13,326.8,Barclays,POS Machine,5,1,441,0
TXN100417,CUST3211,2024-01-22,12:56:48,POS Terminal,Groceries,5823.28,Amex,0,21,3531,378,4,12,499.6,Yes Bank,Web Browser,0,0,354,0
TXN100418,CUST4197,2022-01-15,17:23:35,Mobile Payment,Luxury,4612.25,Visa,0,23,511,234,10,17,213.4,Citibank,Web Browser,0,0,572,0
TXN100419,CUST6930,2024-03-22,10:14:10,POS Terminal,Luxury,64392.83,RuPay,0,59,92,147,13,10,409.2,HDFC,ATM,0,0,766,1
TXN100420,CUST4855,2021-11-18,13:02:06,Online Purchase,Entertainment,909.58,Amex,0,22,164,444,19,13,158.1,Citibank,Mobile App,0,0,725,0
TXN100421,CUST6815,2022-03-28,08:28:25,Bank Transfer,Luxury,45358.83,Amex,1,69,2831,244,9,8,100.7,Axis,ATM,0,1,380,0
TXN100422,CUST2068,2022-03-15,18:46:25,POS Terminal,Fuel,23394.2,Discover,0,67,2742,338,10,18,379.1,Citibank,Tablet,4,0,746,1
TXN100423,CUST7146,2023-06-17,23:50:13,Mobile Payment,Travel,44304.91,Amex,1,44,855,235,17,23,217.3,HSBC,Web Browser,0,0,862,1
TXN100424,CUST9185,2023-11-14,18:34:53,Online Purchase,Pharmacy,186686.83,Discover,1,32,2455,341,16,18,88.4,SBI,ATM,0,0,1403,0
TXN100425,CUST9766,2021-05-04,22:04:18,Contactless Payment,Fuel,2203.65,Amex,0,70,3447,201,10,22,317.1,ICICI,Web Browser,0,1,154,0
TXN100426,CUST3131,2022-12-12,00:32:27,POS Terminal,Pharmacy,25604.28,Discover,0,37,2150,151,11,0,341.9,HSBC,ATM,5,1,1144,1
TXN100427,CUST9985,2023-04-19,16:29:12,Bank Transfer,Travel,20149.48,Mastercard,1,37,1161,477,12,16,356.5,Citibank,POS Machine,2,0,178,1
TXN100428,CUST7768,2024-02-03,02:09:21,ATM Withdrawal,Luxury,4873.03,Mastercard,1,37,1166,127,12,2,167.3,SBI,Web Browser,1,0,417,1
TXN100429,CUST7790,2024-04-07,05:39:02,Mobile Payment,Luxury,36641.32,Amex,1,26,2557,456,14,5,423.6,ICICI,Mobile App,0,0,921,1
TXN100430,CUST6013,2022-10-01,22:51:10,ATM Withdrawal,Jewellery,2985.57,Visa,0,52,3434,250,4,22,116.6,Barclays,Tablet,0,0,343,0
TXN100431,CUST1416,2021-05-23,18:02:25,Contactless Payment,Groceries,33503.54,Visa,0,44,861,294,12,18,161.3,ICICI,Tablet,1,0,908,0
TXN100432,CUST1432,2024-06-22,07:20:13,Online Purchase,Jewellery,31446.96,Mastercard,0,18,1730,123,7,7,290.6,Yes Bank,Tablet,0,1,928,1
TXN100433,CUST8994,2024-01-19,21:43:29,Contactless Payment,Luxury,1337.83,Visa,0,66,977,402,2,21,402.3,PNB,Web Browser,1,1,106,0
TXN100434,CUST5460,2024-12-23,16:45:24,ATM Withdrawal,Entertainment,5911.53,Discover,0,23,2589,395,14,16,496.2,SBI,POS Machine,0,1,825,0
TXN100435,CUST3327,2023-10-12,12:38:55,ATM Withdrawal,Travel,2899.98,Visa,0,65,435,67,2,12,416.5,SBI,POS Machine,0,1,996,0
TXN100436,CUST1029,2024-03-18,06:44:34,Bank Transfer,Luxury,7207.14,Discover,0,56,1063,338,5,6,366.0,HSBC,Tablet,2,1,807,1
TXN100437,CUST9173,2024-11-12,20:46:56,Bank Transfer,Jewellery,21046.85,Discover,0,34,1845,97,1,20,36.9,Citibank,Tablet,1,0,885,0
TXN100438,CUST4460,2022-09-26,03:39:01,Bank Transfer,Groceries,21774.05,RuPay,0,53,2138,38,13,3,441.4,SBI,ATM,4,1,1380,1
TXN100439,CUST8306,2023-07-06,10:10:05,Mobile Payment,Electronics,3416.59,Discover,0,43,1544,404,13,10,27.9,Barclays,POS Machine,0,0,921,0
TXN100440,CUST2121,2021-02-14,10:51:07,Contactless Payment,Groceries,87682.89,RuPay,0,32,3597,431,5,10,62.0,PNB,Web Browser,2,0,974,1
TXN100441,CUST2629,2022-05-14,03:04:35,Contactless Payment,Entertainment,24966.66,Visa,0,67,3511,449,18,3,468.3,HSBC,Mobile App,1,0,1292,0
TXN100442,CUST4734,2023-08-05,14:36:16,Contactless Payment,Fuel,8589.87,RuPay,0,,1107,133,19,14,414.9,Kotak,Tablet,0,0,14,0
TXN100443,CUST1731,2022-01-04,03:49:30,Mobile Payment,Travel,1912.97,Amex,1,59,1660,60,9,3,88.4,Axis,ATM,1,0,1392,0
TXN100444,CUST7171,2021-04-20,00:01:58,Bank Transfer,Clothing,8100.49,Visa,0,21,421,477,12,0,109.5,HDFC,Mobile App,0,0,1093,0
TXN100445,CUST3181,2022-12-17,02:18:57,ATM Withdrawal,Electronics,5010.48,Discover,0,64,2079,371,5,2,373.6,HSBC,ATM,2,0,1275,1
TXN100446,CUST3176,2021-05-28,00:13:34,ATM Withdrawal,Fuel,35841.79,Visa,0,61,1109,236,19,0,216.5,Citibank,Web Browser,0,1,1002,1
TXN100447,CUST7774,2023-12-10,15:37:30,Online Purchase,Entertainment,2733.21,Discover,1,21,471,459,10,15,149.5,SBI,POS Machine,0,0,400,0
TXN100448,CUST5132,2021-07-14,09:06:05,ATM Withdrawal,Travel,4270.62,RuPay,1,34,969,159,5,9,492.7,ICICI,ATM,0,1,1235,0
TXN100449,CUST4467,2022-05-23,12:52:43,Online Purchase,Pharmacy,20652.3,Visa,0,36,2112,495,7,12,37.1,HDFC,Tablet,0,0,1073,0
TXN100450,CUST4347,2024-02-06,12:10:34,Bank Transfer,Luxury,23230.48,Visa,0,33,3553,189,4,12,201.3,HDFC,Tablet,1,0,892,0
TXN100451,CUST1044,2022-06-26,01:39:27,Bank Transfer,Groceries,697.62,RuPay,0,60,1966,234,9,1,38.5,SBI,Web Browser,0,1,541,0
TXN100452,CUST6257,2021-01-06,21:30:04,Contactless Payment,Electronics,10659.56,Amex,0,50,693,160,19,21,41.4,HDFC,ATM,0,0,134,0
TXN100453,CUST1950,2023-03-22,13:30:32,ATM Withdrawal,Restaurant,44125.34,Discover,0,21,3393,172,2,13,351.2,HSBC,ATM,0,0,1269,1
TXN100454,CUST3386,2021-08-16,01:58:52,Mobile Payment,Clothing,3574.61,Mastercard,0,27,1904,353,7,1,367.2,PNB,Mobile App,1,0,1060,0
TXN100455,CUST1173,2021-10-24,01:06:50,ATM Withdrawal,Fuel,8865.93,Mastercard,0,27,765,267,2,1,278.5,HSBC,Tablet,0,0,146,0
TXN100456,CUST9215,2024-01-09,16:55:58,ATM Withdrawal,Fuel,521.18,Discover,1,71,2085,301,12,16,119.9,PNB,Mobile App,0,0,1314,0
TXN100457,CUST9137,2024-03-09,16:28:59,ATM Withdrawal,Jewellery,4351.14,Amex,0,53,2729,279,1,16,,HDFC,Tablet,1,0,1419,0
TXN100458,CUST3054,2024-08-27,11:44:15,Mobile Payment,Fuel,15939.64,RuPay,0,39,3525,306,11,11,244.1,HSBC,ATM,1,1,1348,0
TXN100459,CUST4134,2021-04-05,03:51:49,Online Purchase,Travel,20918.58,Amex,0,38,1703,294,14,3,274.1,HDFC,Tablet,0,0,754,1
TXN100460,CUST5433,2021-04-17,10:42:18,Contactless Payment,Restaurant,2679.9,Discover,0,38,1729,431,4,10,157.7,SBI,Tablet,2,0,264,0
TXN100461,CUST6821,2023-03-07,23:19:21,Online Purchase,Fuel,8232.87,RuPay,0,51,1866,71,16,23,40.1,Axis,ATM,1,0,485,0
TXN100462,CUST8849,2022-01-01,21:39:39,Contactless Payment,Clothing,25495.17,RuPay,0,,3433,172,18,21,459.1,Citibank,ATM,0,0,258,0
TXN100463,CUST7931,2024-03-21,08:56:03,POS Terminal,Restaurant,3783.27,RuPay,0,31,435,213,10,8,35.5,SBI,Web Browser,,0,167,0
TXN100464,CUST8691,2022-03-04,18:09:00,ATM Withdrawal,Clothing,72055.97,Discover,0,23,1766,399,5,18,406.5,Axis,Mobile App,0,0,337,0
TXN100465,CUST4632,2024-02-26,22:36:21,Mobile Payment,Fuel,3386.61,Visa,0,40,2800,261,4,22,24.3,Yes Bank,ATM,0,1,1220,0
TXN100466,CUST3430,2024-03-07,21:34:14,ATM Withdrawal,Travel,18531.94,Amex,0,44,2181,456,20,21,123.0,PNB,Tablet,0,0,1048,0
TXN100467,CUST3094,2024-02-19,06:29:36,POS Terminal,Luxury,12421.4,RuPay,1,20,3474,476,7,6,205.5,Kotak,Web Browser,5,1,97,1
TXN100468,CUST9777,2024-01-10,09:25:33,Contactless Payment,Luxury,2165.68,Amex,1,75,90,303,15,9,82.0,HSBC,Tablet,0,0,227,0
TXN100469,CUST6489,2022-12-09,00:57:30,POS Terminal,Entertainment,13146.41,Mastercard,1,29,3228,90,12,0,465.1,SBI,ATM,1,0,893,1
TXN100470,CUST7793,2024-07-24,00:45:34,Contactless Payment,Restaurant,25144.94,Mastercard,0,,1896,455,20,0,265.9,SBI,Web Browser,3,0,415,1
TXN100471,CUST3010,2023-04-21,04:17:22,ATM Withdrawal,Jewellery,28017.09,Discover,0,60,563,455,8,4,483.4,Yes Bank,ATM,1,0,788,1
TXN100472,CUST1860,2022-02-13,04:25:12,ATM Withdrawal,Jewellery,48037.47,Amex,0,65,2967,365,14,4,310.9,Citibank,Web Browser,,0,1379,1
TXN100473,CUST9659,2021-01-05,00:32:53,ATM Withdrawal,Clothing,23061.34,Amex,0,,3221,40,8,0,191.8,HDFC,Web Browser,0,0,456,0
TXN100474,CUST5671,2022-05-14,13:42:41,ATM Withdrawal,Restaurant,800.33,Discover,0,33,1402,150,16,13,60.6,Barclays,Mobile App,0,1,329,0
TXN100475,CUST6979,2024-11-04,22:16:02,POS Terminal,Electronics,4159.57,Amex,0,19,2672,230,4,22,433.0,Citibank,POS Machine,1,0,1197,0
TXN100476,CUST9606,2023-06-13,22:37:04,Contactless Payment,Fuel,16083.82,Mastercard,0,,3044,320,17,22,154.3,Kotak,Web Browser,0,0,187,0
TXN100477,CUST2644,2022-05-10,10:14:40,Online Purchase,Travel,32443.74,Visa,0,35,3024,480,12,10,98.1,PNB,Web Browser,,0,957,1
TXN100478,CUST1687,2023-02-08,20:47:53,Contactless Payment,Fuel,8283.87,Amex,0,22,1715,17,20,20,59.6,Yes Bank,Tablet,1,1,1061,0
TXN100479,CUST2298,2021-07-22,11:29:37,Contactless Payment,Entertainment,3114.3,Discover,0,33,2572,218,17,11,198.4,HDFC,ATM,0,1,365,0
TXN100480,CUST2103,2023-11-09,14:47:43,Online Purchase,Restaurant,116672.48,Visa,0,40,711,439,8,14,413.9,SBI,Mobile App,0,1,549,0
TXN100481,CUST8741,2021-11-08,22:25:42,Bank Transfer,Groceries,4076.3,Visa,0,73,1774,25,19,22,198.0,Citibank,ATM,0,0,989,0
TXN100482,CUST8288,2022-04-25,09:47:42,ATM Withdrawal,Jewellery,12216.13,Visa,0,48,965,442,10,9,156.0,PNB,ATM,0,0,319,0
TXN100483,CUST2729,2024-05-24,14:46:30,POS Terminal,Luxury,18566.7,Visa,0,33,863,52,18,14,332.2,ICICI,Tablet,0,0,1435,0
TXN100484,CUST4901,2021-12-05,05:57:10,Online Purchase,Luxury,10057.74,Mastercard,1,55,879,263,10,5,191.2,HSBC,Tablet,2,0,,1
TXN100485,CUST7901,2022-03-20,02:28:49,Contactless Payment,Travel,1325.65,Amex,0,39,1994,360,12,2,,HDFC,Tablet,0,0,423,0
TXN100486,CUST8935,2024-09-13,20:30:23,Bank Transfer,Clothing,6230.62,Discover,0,30,1305,182,9,20,19.7,Citibank,ATM,1,0,66,0
TXN100487,CUST1737,2023-01-17,07:54:20,ATM Withdrawal,Clothing,16220.26,Discover,1,47,2465,178,2,7,309.5,HSBC,Web Browser,,0,651,1
TXN100488,CUST3252,2023-09-04,16:46:58,ATM Withdrawal,Electronics,58721.02,Amex,0,35,473,352,9,16,474.4,PNB,Web Browser,0,0,1039,0
TXN100489,CUST9716,2024-02-19,02:57:41,Online Purchase,Luxury,38555.89,Amex,1,30,94,493,17,2,405.1,PNB,ATM,2,1,822,1
TXN100490,CUST5570,2021-12-10,21:24:18,ATM Withdrawal,Pharmacy,4787.66,Amex,0,61,387,392,4,21,440.5,Barclays,ATM,2,0,119,0
TXN100491,CUST7082,2024-02-14,21:11:14,Mobile Payment,Entertainment,1643.96,Mastercard,0,29,3185,83,11,21,328.8,PNB,Web Browser,0,0,823,0
TXN100492,CUST8998,2022-09-11,23:52:59,Online Purchase,Groceries,3737.92,Amex,0,70,1824,209,17,23,468.0,Citibank,Mobile App,0,0,835,0
TXN100493,CUST8616,2024-02-26,13:11:14,Contactless Payment,Entertainment,5166.53,Mastercard,0,40,1612,352,11,13,18.5,Axis,ATM,0,0,1158,0
TXN100494,CUST1210,2023-10-24,02:59:00,Bank Transfer,Groceries,1094.51,RuPay,0,60,292,76,12,2,446.9,PNB,Mobile App,0,0,300,0
TXN100495,CUST9599,2024-12-16,23:15:13,Mobile Payment,Jewellery,13036.84,Discover,0,44,1637,127,12,23,348.4,Kotak,ATM,0,1,1291,1
TXN100496,CUST3924,2023-06-14,01:02:07,POS Terminal,Fuel,18770.24,Amex,0,32,2945,411,19,1,446.7,Yes Bank,POS Machine,0,0,634,0
TXN100497,CUST2598,2023-05-13,14:41:28,Online Purchase,Travel,1507.62,Visa,0,58,775,382,15,14,299.9,Kotak,Web Browser,0,0,121,0
TXN100498,CUST5009,2022-11-27,18:12:50,Contactless Payment,Entertainment,13642.51,RuPay,1,43,2543,102,4,18,3.6,Axis,Web Browser,2,0,702,1
TXN100499,CUST8689,2024-05-06,23:21:49,ATM Withdrawal,Jewellery,84667.62,RuPay,0,32,2445,498,6,23,220.4,HDFC,Mobile App,0,1,1336,1
TXN100500,CUST7672,2024-01-19,22:33:09,Online Purchase,Travel,1357.89,Visa,0,38,579,481,16,22,51.8,Axis,Mobile App,0,0,1407,0
TXN100501,CUST6679,2022-08-07,04:10:07,ATM Withdrawal,Pharmacy,12811.29,Mastercard,0,66,2717,282,17,4,499.4,Axis,ATM,0,0,463,0
TXN100502,CUST1763,2022-05-09,01:34:50,POS Terminal,Pharmacy,14656.9,RuPay,0,22,182,267,19,1,192.2,Kotak,Mobile App,0,0,1357,0
TXN100503,CUST9559,2024-05-26,08:01:22,Bank Transfer,Luxury,3835.61,Mastercard,0,55,3225,393,11,8,495.3,SBI,Tablet,,0,713,0
TXN100504,CUST7570,2022-09-23,17:36:36,Bank Transfer,Jewellery,47514.48,Discover,1,60,1055,15,11,17,29.2,HDFC,POS Machine,0,0,885,1
TXN100505,CUST9341,2021-07-12,08:37:52,Contactless Payment,Groceries,3272.55,Mastercard,0,52,2977,227,16,8,226.7,Kotak,Mobile App,0,0,945,0
TXN100506,CUST7304,2023-05-01,23:20:46,Mobile Payment,Restaurant,32531.3,Amex,0,,3210,12,20,23,256.6,Barclays,POS Machine,0,0,35,1
TXN100507,CUST1315,2022-11-08,19:03:11,Bank Transfer,Clothing,3720.1,Visa,0,53,2808,498,18,19,12.7,Kotak,Tablet,0,0,107,0
TXN100508,CUST2022,2021-09-01,23:59:28,Contactless Payment,Travel,7280.46,RuPay,0,46,795,248,17,23,372.1,Citibank,Tablet,0,0,902,0
TXN100509,CUST5325,2021-01-16,13:21:27,Mobile Payment,Jewellery,155327.28,Visa,1,71,134,331,3,13,487.8,Axis,Tablet,1,1,1399,1
TXN100510,CUST3758,2023-08-09,16:59:19,POS Terminal,Restaurant,69243.19,Discover,0,48,1650,232,2,16,419.3,Axis,POS Machine,3,1,1144,1
TXN100511,CUST5883,2023-06-02,05:32:50,Bank Transfer,Entertainment,8630.0,Mastercard,0,23,2789,25,3,5,154.4,Axis,POS Machine,1,0,830,0
TXN100512,CUST4037,2021-09-12,23:30:01,ATM Withdrawal,Pharmacy,14620.35,Amex,0,24,3405,383,4,23,209.4,ICICI,POS Machine,2,0,247,1
TXN100513,CUST9036,2023-01-18,17:23:59,Contactless Payment,Travel,1224.12,Amex,0,39,883,472,14,17,137.1,ICICI,Web Browser,1,1,659,0
TXN100514,CUST9103,2023-10-18,14:29:37,Bank Transfer,Entertainment,567.03,Amex,0,72,2809,197,13,14,407.9,Axis,POS Machine,0,0,491,0
TXN100515,CUST8964,2022-02-20,06:28:59,Contactless Payment,Luxury,11086.98,Discover,1,33,1327,145,7,6,372.0,ICICI,Tablet,1,0,1409,0
TXN100516,CUST1697,2022-02-18,15:02:42,Mobile Payment,Restaurant,12660.41,Discover,0,40,2897,195,1,15,67.2,Kotak,Tablet,2,0,1285,0
TXN100517,CUST3590,2021-04-13,04:10:04,Bank Transfer,Electronics,61013.2,Mastercard,0,43,2455,242,10,4,205.9,Citibank,Web Browser,1,1,1203,1
TXN100518,CUST3674,2023-03-10,09:00:30,Contactless Payment,Travel,7659.1,Mastercard,0,59,448,472,18,9,358.1,Barclays,Tablet,0,0,462,0
TXN100519,CUST4167,2021-05-14,05:21:41,Mobile Payment,Travel,6242.52,Mastercard,0,37,743,434,19,5,473.7,Citibank,,1,0,752,0
TXN100520,CUST5463,2021-03-06,16:56:53,Online Purchase,Luxury,2442.32,Amex,1,59,758,278,10,16,306.7,Axis,Web Browser,0,0,745,0
TXN100521,CUST8902,2021-11-14,10:08:09,Bank Transfer,Pharmacy,2810.45,Mastercard,0,32,1173,391,13,10,324.2,Barclays,,1,1,1290,0
TXN100522,CUST8986,2024-08-05,20:13:49,POS Terminal,Travel,46901.32,Discover,0,39,92,65,12,20,363.8,Citibank,POS Machine,2,1,549,1
TXN100523,CUST1850,2022-12-16,02:06:43,Online Purchase,Electronics,66625.62,Visa,0,64,1340,62,15,2,38.2,Barclays,Mobile App,1,1,816,1
TXN100524,CUST1895,2022-04-10,12:01:44,Bank Transfer,Electronics,12114.5,Mastercard,0,63,2058,251,12,12,399.1,HDFC,Mobile App,0,0,803,0
TXN100525,CUST5254,2024-01-02,18:59:26,POS Terminal,Pharmacy,1461.55,Visa,0,50,1123,162,16,18,54.6,Kotak,Web Browser,1,0,287,0
TXN100526,CUST9854,2023-10-03,14:58:01,Contactless Payment,Fuel,39744.69,Mastercard,0,33,153,438,8,14,426.4,Axis,ATM,1,0,165,0
TXN100527,CUST4932,2024-05-06,01:42:03,Mobile Payment,Groceries,6508.26,Amex,0,50,598,322,12,1,199.5,ICICI,Web Browser,1,0,1256,0
TXN100528,CUST6977,2024-11-17,04:34:24,Mobile Payment,Electronics,17965.21,Mastercard,0,70,3479,246,20,4,41.4,ICICI,Tablet,0,0,1371,1
TXN100529,CUST9567,2021-03-08,07:53:58,Mobile Payment,Electronics,57905.98,Discover,0,29,2694,204,14,7,76.0,Axis,Mobile App,0,0,651,1
TXN100530,CUST9589,2023-05-17,16:20:44,Bank Transfer,Entertainment,28858.98,Amex,0,49,3577,310,20,16,495.0,Yes Bank,Web Browser,5,1,1040,1
TXN100531,CUST2132,2021-09-08,06:37:16,Online Purchase,Clothing,9919.72,Amex,0,43,1206,356,12,6,134.2,Barclays,POS Machine,1,0,714,0
TXN100532,CUST8947,2024-12-28,23:02:18,Bank Transfer,Electronics,105396.58,Visa,0,60,3309,359,1,23,18.0,Kotak,Web Browser,0,0,914,0
TXN100533,CUST3819,2023-08-22,04:25:37,Contactless Payment,Travel,27073.88,Mastercard,1,61,1389,260,4,4,244.6,Yes Bank,POS Machine,5,0,952,0
TXN100534,CUST4707,2024-12-25,16:23:31,ATM Withdrawal,Fuel,24393.92,Discover,1,35,1212,356,17,16,173.3,Yes Bank,ATM,0,0,365,1
TXN100535,CUST1188,2024-04-07,07:28:22,Contactless Payment,Fuel,3605.92,Mastercard,0,65,177,159,17,7,94.0,ICICI,Tablet,1,0,122,0
TXN100536,CUST7893,2024-08-21,12:10:51,POS Terminal,Luxury,1683.64,Amex,0,49,3084,313,16,12,235.1,HDFC,Web Browser,3,0,459,0
TXN100537,CUST5617,2023-10-03,14:43:24,ATM Withdrawal,Jewellery,2238.33,Amex,0,,602,210,12,14,29.9,SBI,ATM,1,0,1004,0
TXN100538,CUST2469,2023-03-24,13:52:55,Contactless Payment,Restaurant,7063.13,RuPay,1,60,622,324,1,13,233.7,HDFC,POS Machine,0,0,638,0
TXN100539,CUST1053,2023-09-22,04:24:06,Online Purchase,Entertainment,164495.89,RuPay,1,72,3596,100,6,4,244.9,HDFC,Mobile App,4,1,,1
TXN100540,CUST5099,2021-12-12,23:56:49,Contactless Payment,Pharmacy,52621.63,Amex,0,43,2351,134,5,23,63.1,HDFC,Tablet,0,0,718,0
TXN100541,CUST8976,2021-12-10,17:50:00,Mobile Payment,Restaurant,11419.12,Mastercard,1,75,2813,95,2,17,88.1,Kotak,Web Browser,1,0,1064,0
TXN100542,CUST6104,2024-07-28,06:05:33,POS Terminal,Entertainment,10498.68,Mastercard,0,54,2315,57,4,6,179.6,Barclays,ATM,4,0,1255,0
TXN100543,CUST5544,2024-04-16,07:20:27,Online Purchase,Jewellery,14328.26,Discover,0,19,491,473,11,7,185.3,Axis,Tablet,0,0,16,0
TXN100544,CUST7247,2022-07-13,03:21:14,Contactless Payment,Electronics,7189.69,Discover,0,56,549,66,8,3,377.6,Axis,ATM,,0,1124,0
TXN100545,CUST5102,2024-10-17,01:48:27,Bank Transfer,Pharmacy,55125.13,Discover,0,31,1070,256,7,1,139.6,Citibank,Mobile App,0,0,1427,0
TXN100546,CUST3300,2021-05-03,22:09:46,Online Purchase,Travel,3780.95,RuPay,1,42,1984,71,8,22,304.2,Barclays,Tablet,0,1,979,0
TXN100547,CUST5965,2021-01-17,21:41:10,Mobile Payment,Electronics,5778.18,Visa,0,55,2898,132,3,21,264.4,Kotak,Mobile App,0,0,939,0
TXN100548,CUST2908,2023-07-21,22:44:56,ATM Withdrawal,Groceries,12230.61,RuPay,1,32,1909,48,8,22,215.4,Kotak,POS Machine,3,0,858,1
TXN100549,CUST2121,2021-09-26,03:42:12,Mobile Payment,Entertainment,13777.57,Visa,0,53,2317,437,15,3,345.3,SBI,,0,0,1110,0
TXN100550,CUST5969,2021-12-01,09:22:38,POS Terminal,Entertainment,27730.75,Discover,0,51,2669,167,19,9,257.6,ICICI,Web Browser,1,0,131,0
TXN100551,CUST6436,2024-08-06,13:03:16,Mobile Payment,Travel,78913.57,Amex,1,70,826,257,6,13,392.1,Citibank,POS Machine,5,0,642,1
TXN100552,CUST8938,2023-02-13,01:55:10,Online Purchase,Pharmacy,2617.19,Visa,0,47,2748,70,4,1,491.4,Barclays,Web Browser,0,0,826,0
TXN100553,CUST8876,2022-10-25,21:27:24,Bank Transfer,Luxury,56912.04,Amex,0,21,3040,216,9,21,326.8,Axis,Mobile App,2,0,,1
TXN100554,CUST1908,2024-02-15,20:39:13,Online Purchase,Entertainment,5489.79,Discover,0,65,897,464,16,20,374.9,Barclays,Web Browser,1,0,149,0
TXN100555,CUST1033,2023-12-08,19:35:46,Bank Transfer,Entertainment,8401.17,Amex,0,57,2881,291,1,19,219.9,HSBC,Tablet,0,0,735,0
TXN100556,CUST1366,2024-09-15,21:02:58,ATM Withdrawal,Electronics,2979.96,Mastercard,0,48,2019,245,7,21,107.9,SBI,POS Machine,1,1,959,0
TXN100557,CUST5643,2024-12-09,15:46:59,Bank Transfer,Electronics,3427.1,Mastercard,1,,2919,33,1,15,78.0,Citibank,POS Machine,0,0,340,0
TXN100558,CUST1895,2022-01-17,01:19:06,Bank Transfer,Travel,27108.89,RuPay,0,32,1611,288,15,1,375.8,HDFC,Tablet,2,0,1239,1
TXN100559,CUST5714,2021-03-11,07:44:50,Bank Transfer,Clothing,10314.84,Discover,0,24,2794,447,1,7,41.9,Kotak,ATM,1,0,957,0
TXN100560,CUST6081,2023-07-05,22:29:11,POS Terminal,Groceries,10465.57,Amex,0,68,1838,290,8,22,226.6,SBI,ATM,0,0,793,0
TXN100561,CUST5942,2024-05-04,04:24:11,Online Purchase,Luxury,1218.07,Amex,1,62,1182,50,14,4,253.5,Yes Bank,POS Machine,0,0,665,0
TXN100562,CUST9891,2024-11-18,13:07:31,Contactless Payment,Restaurant,39214.87,Amex,0,75,173,175,15,13,214.6,HDFC,Mobile App,0,0,515,0
TXN100563,CUST6140,2024-12-28,01:11:39,Online Purchase,Entertainment,21221.44,Visa,0,30,3287,79,16,1,286.0,Yes Bank,ATM,0,1,,1
TXN100564,CUST5563,2023-01-07,21:21:02,Contactless Payment,Luxury,81761.28,RuPay,0,50,87,215,16,21,397.3,PNB,Tablet,0,0,909,1
TXN100565,CUST3279,2023-12-25,17:17:02,ATM Withdrawal,Travel,8579.7,RuPay,0,57,2126,348,19,17,41.1,HSBC,Tablet,0,0,936,0
TXN100566,CUST2015,2023-08-14,14:15:57,Contactless Payment,Jewellery,10793.05,Mastercard,1,57,3342,55,2,14,398.5,Axis,Tablet,0,0,1122,0
TXN100567,CUST1358,2023-10-12,00:01:14,POS Terminal,Travel,25451.93,Visa,0,29,3135,336,13,0,258.2,Yes Bank,Mobile App,0,1,429,1
TXN100568,CUST3510,2022-07-05,21:09:26,Online Purchase,Fuel,104067.04,Mastercard,0,54,3363,77,18,21,85.0,Kotak,ATM,0,1,1239,1
TXN100569,CUST3366,2023-12-19,02:25:19,Contactless Payment,Entertainment,10167.71,Amex,0,37,381,350,1,2,,PNB,Mobile App,0,0,1204,0
TXN100570,CUST6902,2023-10-17,07:16:22,Online Purchase,Luxury,48214.11,Mastercard,0,75,3035,366,20,7,279.4,HDFC,ATM,1,0,68,1
TXN100571,CUST1680,2022-02-28,03:41:20,Bank Transfer,Electronics,73040.66,Amex,0,31,375,53,12,3,137.0,Barclays,Mobile App,0,1,462,1
TXN100572,CUST5980,2021-02-04,07:11:28,Contactless Payment,Travel,96619.42,Discover,1,42,2991,66,1,7,339.2,Axis,Mobile App,3,1,123,1
TXN100573,CUST1930,2024-12-15,04:39:47,Mobile Payment,Jewellery,56445.5,RuPay,0,69,1106,207,9,4,22.3,Axis,,0,0,937,1
TXN100574,CUST6945,2022-04-27,03:03:46,ATM Withdrawal,Jewellery,86343.34,RuPay,1,38,448,321,13,3,466.7,Citibank,ATM,0,0,696,1
TXN100575,CUST6198,2024-06-03,23:26:35,Bank Transfer,Pharmacy,5164.94,Discover,1,62,3153,392,5,23,379.2,Barclays,ATM,0,0,298,0
TXN100576,CUST6446,2023-05-09,11:12:53,Contactless Payment,Electronics,78146.88,Mastercard,0,50,879,334,20,11,284.8,Citibank,Tablet,0,0,670,1
TXN100577,CUST9216,2024-11-16,19:20:09,ATM Withdrawal,Entertainment,2222.67,Amex,0,52,2663,357,14,19,253.3,SBI,Mobile App,1,0,908,0
TXN100578,CUST1886,2021-09-19,12:27:41,Online Purchase,Electronics,18362.02,Visa,0,,2879,484,15,12,251.5,Barclays,Web Browser,0,1,1389,1
TXN100579,CUST7170,2022-01-12,07:45:53,Online Purchase,Fuel,18041.89,Mastercard,0,71,860,63,15,7,399.2,ICICI,POS Machine,3,0,1419,0
TXN100580,CUST6796,2023-05-19,11:25:04,Online Purchase,Entertainment,11639.74,Mastercard,0,29,2408,476,1,11,404.4,SBI,ATM,0,0,694,0
TXN100581,CUST4894,2024-09-02,22:27:17,Mobile Payment,Luxury,7698.27,Visa,0,63,2336,263,7,22,110.6,Barclays,Web Browser,0,0,1371,0
TXN100582,CUST1439,2022-12-11,03:40:36,Mobile Payment,Luxury,8234.62,Mastercard,0,45,1960,122,10,3,331.0,Axis,Web Browser,0,0,359,0
TXN100583,CUST9402,2024-05-21,14:21:36,Online Purchase,Clothing,2590.19,Amex,0,29,1846,157,3,14,208.3,HDFC,POS Machine,2,0,585,0
TXN100584,CUST4936,2021-11-26,10:15:49,Mobile Payment,Electronics,22235.22,RuPay,0,19,3162,107,20,10,285.3,Barclays,ATM,4,0,864,1
TXN100585,CUST1844,2022-11-10,03:18:28,Online Purchase,Jewellery,36731.81,Discover,0,75,704,42,12,3,150.2,SBI,POS Machine,0,1,345,1
TXN100586,CUST5705,2024-05-12,03:41:47,Mobile Payment,Luxury,54195.4,Visa,0,39,3160,40,12,3,482.5,Citibank,Tablet,0,0,5,1
TXN100587,CUST3398,2021-03-22,12:09:20,Contactless Payment,Clothing,7358.05,Mastercard,0,23,302,368,11,12,294.8,Yes Bank,Mobile App,0,0,1176,0
TXN100588,CUST1889,2023-12-05,23:39:48,ATM Withdrawal,Clothing,23226.13,RuPay,1,18,3015,33,9,23,189.7,Kotak,ATM,0,0,90,1
TXN100589,CUST3366,2022-03-13,20:54:26,Bank Transfer,Restaurant,61257.73,Visa,1,,3340,278,12,20,57.0,Kotak,Web Browser,0,1,1256,1
TXN100590,CUST1755,2024-08-28,14:52:44,Online Purchase,Groceries,2695.53,Mastercard,0,57,2299,29,12,14,144.5,Yes Bank,ATM,0,0,742,0
TXN100591,CUST3909,2021-06-28,12:15:53,Online Purchase,Fuel,5531.83,Visa,0,66,3592,68,19,12,36.6,Axis,Tablet,1,0,1134,0
TXN100592,CUST6171,2023-03-15,00:20:09,POS Terminal,Jewellery,38684.4,RuPay,0,73,857,91,14,0,472.7,Kotak,Tablet,0,0,1430,1
TXN100593,CUST5488,2023-12-23,18:25:22,Mobile Payment,Electronics,25934.38,Discover,0,19,2950,156,8,18,370.4,HSBC,Tablet,0,0,431,0
TXN100594,CUST2538,2021-06-07,07:01:22,POS Terminal,Entertainment,10170.85,Visa,0,30,1465,300,3,7,53.7,SBI,Tablet,0,0,102,0
TXN100595,CUST3133,2023-09-23,10:29:02,Online Purchase,Luxury,21920.69,Visa,0,49,2569,278,4,10,466.2,HSBC,ATM,0,1,357,1
TXN100596,CUST7254,2023-03-13,04:11:54,ATM Withdrawal,Fuel,15713.92,Mastercard,0,27,940,52,20,4,116.6,HDFC,Tablet,0,0,572,0
TXN100597,CUST3597,2023-02-21,17:47:29,Mobile Payment,Groceries,5865.88,Discover,0,33,271,494,7,17,67.0,Barclays,POS Machine,2,0,823,0
TXN100598,CUST1490,2022-05-01,23:07:41,Bank Transfer,Electronics,3557.99,Amex,0,26,3196,260,5,23,392.3,PNB,Web Browser,3,1,1333,1
TXN100599,CUST2698,2021-11-17,12:01:12,ATM Withdrawal,Clothing,5582.51,Amex,1,37,301,33,20,12,482.9,HDFC,ATM,0,0,564,0
TXN100600,CUST2727,2024-10-20,03:21:49,Contactless Payment,Fuel,8360.5,RuPay,0,22,439,56,20,3,461.7,Barclays,ATM,0,0,6,0
TXN100601,CUST5175,2024-01-18,09:56:07,ATM Withdrawal,Electronics,13115.09,Amex,0,26,3476,383,13,9,342.1,Yes Bank,Mobile App,0,0,147,0
TXN100602,CUST8964,2024-07-11,08:16:03,Online Purchase,Luxury,46924.06,Mastercard,0,33,3492,173,10,8,103.4,Axis,ATM,2,1,419,1
TXN100603,CUST8813,2022-02-15,03:18:05,ATM Withdrawal,Jewellery,5625.04,RuPay,0,21,3128,56,10,3,361.5,Yes Bank,Web Browser,1,0,1200,0
TXN100604,CUST4015,2023-04-07,18:19:29,Contactless Payment,Pharmacy,2651.33,RuPay,0,67,1195,455,15,18,315.8,Axis,ATM,0,0,1310,0
TXN100605,CUST7244,2022-06-09,19:16:57,POS Terminal,Pharmacy,4456.42,Mastercard,0,67,1157,341,16,19,62.8,ICICI,Tablet,0,1,1051,0
TXN100606,CUST5183,2021-02-24,07:09:11,Mobile Payment,Restaurant,9457.32,Discover,0,,1212,411,20,7,55.3,ICICI,Mobile App,3,0,868,1
TXN100607,CUST7415,2023-12-05,19:50:05,ATM Withdrawal,Entertainment,1688.3,Visa,0,63,2322,199,8,19,273.8,Barclays,ATM,0,0,337,0
TXN100608,CUST7028,2023-02-02,14:16:19,Contactless Payment,Clothing,6994.66,Discover,1,54,620,455,15,14,422.7,HDFC,ATM,,0,1233,0
TXN100609,CUST5057,2022-02-02,09:21:12,Mobile Payment,Electronics,38683.13,RuPay,0,19,1289,165,12,9,291.1,SBI,Mobile App,4,0,620,1
TXN100610,CUST3520,2022-12-26,06:14:39,Mobile Payment,Jewellery,28421.39,RuPay,0,29,2098,409,13,6,275.0,Barclays,POS Machine,0,1,28,1
TXN100611,CUST9784,2022-11-04,04:12:06,ATM Withdrawal,Entertainment,2036.56,Mastercard,0,66,1791,200,7,4,350.8,PNB,ATM,0,0,1202,0
TXN100612,CUST5435,2023-11-12,06:21:35,POS Terminal,Travel,53901.63,Visa,1,43,1489,226,12,6,236.2,ICICI,Mobile App,0,1,1054,1
TXN100613,CUST4460,2022-11-23,23:11:39,Bank Transfer,Restaurant,4083.11,Amex,0,34,3438,103,11,23,146.5,Axis,Web Browser,1,0,120,0
TXN100614,CUST4297,2021-06-22,20:29:33,Bank Transfer,Pharmacy,7731.71,Visa,0,33,839,33,6,20,363.5,HDFC,Web Browser,0,0,492,0
TXN100615,CUST1368,2024-01-06,03:23:19,Online Purchase,Pharmacy,167143.98,Amex,0,37,2751,29,13,3,330.7,HSBC,Tablet,5,0,535,1
TXN100616,CUST4635,2022-08-05,12:19:26,POS Terminal,Pharmacy,8353.52,Mastercard,1,40,1224,337,17,12,383.2,Kotak,Web Browser,2,0,1139,1
TXN100617,CUST3394,2022-06-04,02:26:28,Contactless Payment,Travel,62713.85,Amex,0,43,2553,390,20,2,321.4,PNB,Web Browser,3,1,190,1
TXN100618,CUST8931,2021-01-08,19:50:10,Mobile Payment,Entertainment,7061.35,Discover,0,49,1550,16,4,19,302.4,Barclays,POS Machine,1,0,482,0
TXN100619,CUST5155,2022-01-18,06:27:11,ATM Withdrawal,Travel,59660.32,Discover,1,53,3296,215,4,6,343.2,,Tablet,4,0,266,1
TXN100620,CUST5075,2023-10-07,18:03:48,Bank Transfer,Entertainment,5953.58,RuPay,1,39,681,160,1,18,278.9,Yes Bank,ATM,3,0,1438,1
TXN100621,CUST5288,2023-12-02,14:40:35,Contactless Payment,Jewellery,2231.68,RuPay,0,38,3186,235,11,14,365.4,HSBC,ATM,0,0,848,0
TXN100622,CUST8396,2021-12-26,03:15:22,Contactless Payment,Jewellery,508.21,Amex,0,,2304,301,9,3,387.1,Yes Bank,ATM,0,0,57,0
TXN100623,CUST4033,2024-07-25,08:34:01,Bank Transfer,Fuel,42496.14,Amex,0,24,187,329,16,8,495.5,Citibank,Web Browser,0,1,237,0
TXN100624,CUST9274,2024-03-15,20:00:00,Mobile Payment,Fuel,8220.93,Mastercard,1,31,43,481,9,20,19.3,SBI,Mobile App,1,0,640,0
TXN100625,CUST8859,2022-12-09,03:53:12,Bank Transfer,Luxury,35303.48,Visa,0,56,1822,127,4,3,400.6,PNB,POS Machine,0,1,1098,1
TXN100626,CUST2306,2024-03-03,23:50:07,ATM Withdrawal,Clothing,40447.52,Visa,0,74,1021,102,16,23,407.0,Kotak,POS Machine,1,1,330,1
TXN100627,CUST4311,2022-08-11,15:02:11,Contactless Payment,Luxury,1230.83,Discover,0,27,3055,398,3,15,39.8,Barclays,Web Browser,0,1,1055,0
TXN100628,CUST8603,2023-10-11,20:03:14,ATM Withdrawal,Clothing,14222.67,Visa,0,63,1982,183,3,20,36.6,Citibank,Web Browser,0,1,1426,0
TXN100629,CUST1600,2023-09-13,20:00:57,Contactless Payment,Jewellery,30676.17,RuPay,0,55,559,466,6,20,263.2,PNB,,0,0,593,0
TXN100630,CUST5986,2022-06-03,15:59:57,ATM Withdrawal,Fuel,42707.09,Amex,0,39,2022,289,14,15,489.1,SBI,Web Browser,2,0,1048,1
TXN100631,CUST2792,2023-03-12,02:35:15,Bank Transfer,Electronics,130308.68,Visa,0,72,1859,466,18,2,388.0,Kotak,ATM,3,0,699,1
TXN100632,CUST5382,2021-05-02,00:09:22,ATM Withdrawal,Luxury,24525.9,Mastercard,0,70,3529,343,14,0,185.2,SBI,POS Machine,2,0,440,1
TXN100633,CUST4928,2022-08-21,18:59:58,POS Terminal,Fuel,8474.36,RuPay,0,49,2836,205,1,18,323.3,Axis,Web Browser,0,0,94,0
TXN100634,CUST9439,2024-05-09,04:55:00,POS Terminal,Restaurant,9621.92,Visa,0,42,51,198,8,4,447.0,Yes Bank,Tablet,0,0,362,0
TXN100635,CUST2300,2024-04-24,22:15:14,ATM Withdrawal,Clothing,12998.85,Mastercard,0,71,554,259,13,22,13.2,PNB,ATM,0,0,430,0
TXN100636,CUST2384,2023-11-17,19:41:07,Bank Transfer,Travel,1754.04,Discover,1,26,2131,159,14,19,261.6,ICICI,Tablet,0,0,698,0
TXN100637,CUST3168,2023-04-16,15:04:41,Contactless Payment,Luxury,13117.39,RuPay,0,23,528,316,13,15,320.8,PNB,Tablet,0,0,427,0
TXN100638,CUST1433,2024-05-09,09:01:25,Online Purchase,Jewellery,3437.11,RuPay,0,30,2379,208,18,9,83.3,Barclays,Mobile App,,0,1277,0
TXN100639,CUST5788,2023-06-10,16:30:55,ATM Withdrawal,Clothing,7251.11,Discover,0,71,235,355,20,16,98.2,,Mobile App,0,0,1304,0
TXN100640,CUST8173,2023-07-19,13:09:34,Mobile Payment,Entertainment,11242.89,Discover,0,74,2739,438,7,13,302.0,HDFC,POS Machine,0,0,960,0
TXN100641,CUST5483,2024-06-05,16:32:45,POS Terminal,Pharmacy,2984.12,Amex,0,46,2692,220,15,16,203.7,Yes Bank,Tablet,0,0,352,0
TXN100642,CUST3472,2022-05-14,15:55:04,Bank Transfer,Electronics,108285.92,Visa,1,51,2717,114,13,15,169.8,Citibank,,1,1,549,1
TXN100643,CUST3717,2022-11-10,21:39:47,ATM Withdrawal,Luxury,6098.39,Mastercard,1,24,1675,15,15,21,223.4,ICICI,Tablet,1,0,658,0
TXN100644,CUST9948,2021-10-25,08:07:56,Contactless Payment,Travel,2883.7,Amex,1,49,3048,108,18,8,192.4,SBI,Tablet,1,0,213,0
TXN100645,CUST3677,2024-09-20,13:58:50,ATM Withdrawal,Electronics,39932.34,Visa,1,72,1391,381,2,13,5.5,HDFC,ATM,0,0,1397,0
TXN100646,CUST5060,2024-10-26,06:39:31,ATM Withdrawal,Luxury,40276.57,RuPay,0,,935,266,13,6,249.6,Axis,ATM,0,0,1405,0
TXN100647,CUST2052,2024-11-24,07:21:33,POS Terminal,Jewellery,9313.85,Visa,0,65,3033,259,12,7,193.4,ICICI,Tablet,0,0,,0
TXN100648,CUST2806,2024-08-02,23:38:13,POS Terminal,Travel,47214.07,RuPay,0,75,365,62,7,23,177.4,,POS Machine,0,0,621,0
TXN100649,CUST8615,2023-10-27,05:09:02,ATM Withdrawal,Pharmacy,12770.96,Amex,0,56,953,416,11,5,486.9,Yes Bank,Mobile App,0,0,790,0
TXN100650,CUST3601,2021-06-28,06:54:01,POS Terminal,Electronics,4503.41,Amex,0,50,97,471,12,6,253.3,Yes Bank,Mobile App,0,0,388,0
TXN100651,CUST6540,2023-08-08,03:07:23,Online Purchase,Pharmacy,4670.86,Discover,0,41,1921,311,15,3,169.4,Barclays,Web Browser,,0,888,0
TXN100652,CUST7193,2022-06-04,03:38:23,Contactless Payment,Fuel,25945.86,RuPay,0,73,278,337,3,3,363.3,Barclays,Tablet,1,1,226,0
TXN100653,CUST3499,2021-12-23,13:52:21,ATM Withdrawal,Luxury,7692.87,Discover,0,52,2860,64,6,13,484.6,HDFC,Mobile App,0,0,224,0
TXN100654,CUST8608,2022-06-02,20:58:57,Bank Transfer,Electronics,2888.07,Discover,0,75,1192,238,10,20,59.1,SBI,POS Machine,1,0,282,0
TXN100655,CUST1433,2023-12-11,23:04:13,Bank Transfer,Luxury,10146.57,Amex,0,59,2142,437,3,23,499.1,Kotak,ATM,0,0,696,0
TXN100656,CUST1543,2024-06-21,05:38:43,Mobile Payment,Pharmacy,14347.92,Mastercard,1,58,37,208,13,5,103.7,SBI,Mobile App,0,0,1331,0
TXN100657,CUST5786,2023-03-19,13:28:43,Mobile Payment,Restaurant,49401.46,RuPay,1,70,878,25,16,13,305.2,Yes Bank,Tablet,1,1,202,1
TXN100658,CUST2770,2023-10-11,23:40:49,ATM Withdrawal,Groceries,37072.29,Discover,1,34,607,465,5,23,34.6,PNB,Tablet,2,0,308,1
TXN100659,CUST2910,2022-03-13,13:40:50,Mobile Payment,Restaurant,35051.98,Visa,0,64,3386,136,20,13,113.9,Yes Bank,Tablet,1,0,500,0
TXN100660,CUST9911,2024-03-06,07:56:42,Online Purchase,Clothing,9697.1,Amex,1,42,1754,288,7,7,16.3,Kotak,ATM,0,0,1189,0
TXN100661,CUST7322,2022-08-17,22:23:30,Online Purchase,Luxury,20388.4,Visa,0,68,1320,380,4,22,410.6,Axis,Web Browser,1,0,259,0
TXN100662,CUST6421,2022-10-26,23:46:22,ATM Withdrawal,Clothing,35830.71,Visa,0,54,1344,490,20,23,271.2,HDFC,ATM,0,0,110,1
TXN100663,CUST4021,2024-01-05,12:41:20,Mobile Payment,Travel,1632.02,Amex,0,63,242,214,8,12,132.5,Axis,Web Browser,0,0,554,0
TXN100664,CUST4072,2021-03-18,16:13:33,Contactless Payment,Electronics,10846.79,Discover,0,25,3596,1,11,16,174.4,Axis,Mobile App,0,0,518,0
TXN100665,CUST2374,2024-08-02,03:17:37,Mobile Payment,Travel,79.6,Mastercard,1,46,2445,247,3,3,482.7,HSBC,ATM,0,0,508,0
TXN100666,CUST6178,2021-11-20,14:28:59,Mobile Payment,Groceries,2840.82,Visa,0,63,31,134,20,14,135.2,HDFC,POS Machine,0,0,33,0
TXN100667,CUST6184,2022-08-09,12:31:40,ATM Withdrawal,Entertainment,18879.17,Visa,0,74,2352,128,5,12,,HDFC,Mobile App,0,0,1115,1
TXN100668,CUST4463,2024-09-26,06:09:16,Bank Transfer,Groceries,28557.47,Visa,0,35,464,475,8,6,66.8,HSBC,Mobile App,0,0,1425,0
TXN100669,CUST4832,2024-02-02,18:10:09,Mobile Payment,Luxury,1855.7,RuPay,0,35,2915,336,15,18,403.6,Axis,Tablet,1,0,1127,0
TXN100670,CUST1223,2021-04-10,00:12:27,ATM Withdrawal,Electronics,45144.54,Discover,0,65,1167,189,18,0,298.8,HDFC,Tablet,0,0,309,1
TXN100671,CUST4862,2023-01-10,18:45:22,ATM Withdrawal,Jewellery,19386.79,Visa,0,41,2462,53,13,18,291.9,HSBC,POS Machine,0,0,842,0
TXN100672,CUST9808,2021-07-26,04:08:33,Bank Transfer,Entertainment,13833.69,Discover,0,29,3114,39,5,4,491.5,Citibank,Tablet,0,0,1369,0
TXN100673,CUST6416,2021-12-07,08:31:58,Bank Transfer,Groceries,11549.89,Visa,0,28,455,186,3,8,54.6,PNB,Tablet,0,1,959,0
TXN100674,CUST1286,2022-06-05,13:32:30,ATM Withdrawal,Luxury,13380.51,Discover,0,65,1804,75,7,13,410.4,Barclays,POS Machine,,0,452,0
TXN100675,CUST9179,2022-11-03,15:42:09,Online Purchase,Entertainment,62990.87,Amex,0,46,2203,360,7,15,319.2,Citibank,ATM,0,0,584,0
TXN100676,CUST6174,2024-11-20,08:17:09,Bank Transfer,Electronics,1538.52,RuPay,0,25,1438,139,7,8,84.9,HSBC,Mobile App,0,0,1192,0
TXN100677,CUST9771,2022-06-03,21:32:03,Mobile Payment,Jewellery,35813.47,Amex,0,54,3210,13,14,21,127.6,ICICI,POS Machine,0,1,637,1
TXN100678,CUST3370,2022-01-11,03:59:56,Online Purchase,Groceries,8713.62,Visa,0,34,1929,369,3,3,337.8,ICICI,ATM,0,0,1287,0
TXN100679,CUST7998,2021-05-14,19:14:44,Online Purchase,Clothing,34972.59,Visa,1,58,3507,132,14,19,240.6,Barclays,Web Browser,0,0,629,1
TXN100680,CUST7981,2024-04-18,09:23:21,Online Purchase,Jewellery,26744.71,RuPay,0,57,273,234,14,9,4.5,Yes Bank,Tablet,0,0,1269,0
TXN100681,CUST9358,2023-11-10,22:38:34,Mobile Payment,Entertainment,714.68,Mastercard,0,31,3453,346,8,22,111.0,PNB,Web Browser,1,0,1031,0
TXN100682,CUST1994,2021-08-16,23:17:33,POS Terminal,Groceries,52442.46,Visa,0,59,1044,438,18,23,211.3,Kotak,Web Browser,1,0,,1
TXN100683,CUST2797,2022-04-26,11:08:28,Bank Transfer,Pharmacy,59163.91,Discover,0,44,1279,99,19,11,165.0,SBI,Mobile App,2,1,1317,1
TXN100684,CUST5080,2024-05-02,17:29:00,POS Terminal,Pharmacy,4646.17,RuPay,0,36,1723,321,19,17,22.2,Yes Bank,ATM,0,0,726,0
TXN100685,CUST3381,2023-05-14,13:54:01,Mobile Payment,Restaurant,4408.8,Discover,0,34,2954,316,19,13,152.7,PNB,Mobile App,0,1,1071,0
TXN100686,CUST2907,2024-02-17,20:20:58,Contactless Payment,Jewellery,19747.94,Amex,0,21,2078,293,1,20,459.5,Kotak,POS Machine,0,0,702,0
TXN100687,CUST9329,2024-04-19,07:29:24,Bank Transfer,Restaurant,17940.76,Mastercard,0,31,2303,37,17,7,157.9,Citibank,POS Machine,0,0,1090,0
TXN100688,CUST4894,2023-03-26,15:59:31,POS Terminal,Pharmacy,6027.63,RuPay,0,55,3067,292,17,15,464.3,Yes Bank,ATM,0,0,125,0
TXN100689,CUST7892,2024-06-15,23:13:02,Mobile Payment,Jewellery,25365.83,Discover,0,38,600,446,20,23,362.7,PNB,Tablet,0,0,31,1
TXN100690,CUST4293,2024-06-22,02:52:24,POS Terminal,Fuel,11386.01,RuPay,0,53,3199,423,12,2,353.5,Kotak,Web Browser,0,0,92,0
TXN100691,CUST7812,2023-06-26,06:30:00,Online Purchase,Restaurant,389.45,Discover,0,53,1085,240,8,6,172.1,HDFC,Tablet,0,1,656,0
TXN100692,CUST3455,2024-02-05,11:54:23,Mobile Payment,Travel,19356.9,Visa,0,34,2535,400,1,11,359.3,PNB,ATM,0,0,408,0
TXN100693,CUST7335,2023-05-10,04:49:35,Online Purchase,Entertainment,42335.58,RuPay,0,22,580,106,17,4,169.2,Barclays,Tablet,0,0,1341,0
TXN100694,CUST5639,2022-07-23,12:39:48,Mobile Payment,Jewellery,15442.62,RuPay,0,46,1290,44,19,12,338.1,HDFC,ATM,1,0,48,0
TXN100695,CUST4361,2022-10-24,07:23:23,Contactless Payment,Restaurant,3302.29,Discover,0,38,571,280,10,7,443.3,HDFC,Mobile App,0,0,958,0
TXN100696,CUST8828,2023-11-19,20:09:36,Mobile Payment,Restaurant,25309.74,Discover,1,19,3343,454,3,20,14.5,PNB,,0,0,720,0
TXN100697,CUST3196,2021-06-16,13:41:57,Contactless Payment,Pharmacy,9838.56,Mastercard,1,58,1687,67,8,13,237.9,Yes Bank,ATM,0,0,276,0
TXN100698,CUST7653,2021-03-12,09:26:47,Bank Transfer,Groceries,3002.72,RuPay,1,36,1742,183,5,9,274.4,HSBC,Tablet,1,0,1076,0
TXN100699,CUST8866,2024-07-19,07:18:26,Bank Transfer,Electronics,2583.42,RuPay,0,56,1079,174,1,7,361.8,Yes Bank,Mobile App,0,0,138,0
TXN100700,CUST4455,2022-01-11,18:36:26,ATM Withdrawal,Groceries,13359.52,Mastercard,0,27,1451,37,8,18,52.0,HSBC,Mobile App,0,0,,0
TXN100701,CUST4846,2022-02-03,01:15:05,Online Purchase,Restaurant,2930.96,Visa,0,56,2504,466,5,1,473.2,Axis,Web Browser,1,0,329,0
TXN100702,CUST2397,2023-12-24,05:47:50,ATM Withdrawal,Travel,3319.56,Amex,0,39,3273,403,16,5,432.9,Yes Bank,Tablet,0,0,538,0
TXN100703,CUST7235,2022-06-11,10:44:14,Bank Transfer,Jewellery,65091.73,RuPay,0,45,1664,14,16,10,164.6,Barclays,POS Machine,0,1,412,1
TXN100704,CUST5880,2023-02-12,01:08:15,Mobile Payment,Luxury,30773.37,Amex,1,59,1912,406,5,1,97.8,Yes Bank,ATM,0,0,415,0
TXN100705,CUST8641,2022-07-28,08:42:32,ATM Withdrawal,Groceries,4256.1,RuPay,0,33,3328,247,9,8,78.4,PNB,Mobile App,0,0,447,0
TXN100706,CUST2985,2024-01-24,16:18:48,ATM Withdrawal,Jewellery,13603.57,RuPay,0,37,3342,216,3,16,192.9,HDFC,POS Machine,0,0,488,0
TXN100707,CUST3888,2023-05-26,16:57:34,Online Purchase,Pharmacy,88862.51,Discover,1,36,3315,20,10,16,41.3,HSBC,ATM,0,0,,0
TXN100708,CUST7483,2024-11-11,09:07:14,POS Terminal,Restaurant,5976.45,Visa,0,57,3544,47,8,9,35.1,Axis,Mobile App,4,0,787,0
TXN100709,CUST8016,2022-06-15,22:06:30,ATM Withdrawal,Clothing,3964.04,RuPay,0,18,1012,149,8,22,492.3,Kotak,Web Browser,1,0,1347,0
TXN100710,CUST7395,2023-03-25,06:10:36,POS Terminal,Electronics,58119.14,Discover,0,71,3261,178,13,6,2.4,Citibank,Web Browser,4,0,1214,1
TXN100711,CUST8473,2023-05-07,20:27:41,POS Terminal,Travel,1610.68,RuPay,0,70,1827,36,10,20,,PNB,POS Machine,0,0,1350,0
TXN100712,CUST8034,2024-08-25,06:44:19,Online Purchase,Pharmacy,14632.58,Amex,0,74,2320,455,15,6,291.4,HSBC,Mobile App,0,0,772,0
TXN100713,CUST3825,2024-07-13,13:45:41,Mobile Payment,Entertainment,12356.18,Visa,1,52,1274,113,18,13,335.9,PNB,Mobile App,0,1,1025,1
TXN100714,CUST4951,2021-09-23,10:38:55,ATM Withdrawal,Travel,1009.17,Visa,0,73,611,393,1,10,225.4,ICICI,Tablet,0,1,58,0
TXN100715,CUST9104,2024-05-09,17:18:52,Contactless Payment,Jewellery,38347.64,Visa,0,56,2133,177,20,17,463.3,Axis,Tablet,2,0,314,1
TXN100716,CUST3388,2024-01-14,02:11:11,Bank Transfer,Entertainment,55934.52,Amex,1,75,2944,309,6,2,248.4,Citibank,Web Browser,0,0,1001,1
TXN100717,CUST3962,2024-11-06,14:11:46,Online Purchase,Luxury,2349.81,RuPay,0,25,2015,385,2,14,134.8,HSBC,ATM,0,0,341,0
TXN100718,CUST5807,2021-12-05,23:23:54,POS Terminal,Fuel,49732.62,Mastercard,1,56,1936,108,4,23,310.2,SBI,POS Machine,3,1,1326,0
TXN100719,CUST3042,2023-10-10,13:23:05,Contactless Payment,Electronics,53724.22,Discover,1,55,2871,319,16,13,126.6,Barclays,ATM,0,0,1184,1
TXN100720,CUST9552,2024-01-25,05:55:24,POS Terminal,Jewellery,4964.76,RuPay,0,26,863,281,20,5,22.4,Barclays,Tablet,0,0,669,0
TXN100721,CUST1238,2022-08-08,08:35:40,ATM Withdrawal,Electronics,48100.64,Amex,0,32,1599,367,16,8,,Axis,Web Browser,0,0,355,1
TXN100722,CUST2465,2023-10-09,19:22:12,ATM Withdrawal,Jewellery,41981.76,Mastercard,0,74,2795,363,14,19,352.0,Yes Bank,Web Browser,0,0,,1
TXN100723,CUST2231,2023-05-28,09:54:41,ATM Withdrawal,Restaurant,3743.47,Visa,0,32,49,350,20,9,420.4,Kotak,Tablet,0,0,1015,0
TXN100724,CUST1166,2024-11-02,20:31:05,Bank Transfer,Fuel,22185.77,Discover,0,33,1375,197,18,20,107.0,PNB,Tablet,4,1,918,1
TXN100725,CUST7212,2023-06-24,19:06:44,Bank Transfer,Groceries,14923.95,Mastercard,1,24,2001,492,16,19,132.7,Yes Bank,Mobile App,3,0,903,1
TXN100726,CUST9721,2022-12-09,09:00:42,Contactless Payment,Pharmacy,1388.83,RuPay,0,18,2289,23,9,9,283.4,HSBC,Mobile App,0,0,780,0
TXN100727,CUST9621,2022-11-01,09:53:47,ATM Withdrawal,Entertainment,20554.13,Discover,0,20,1761,79,13,9,78.7,Citibank,Mobile App,1,0,1171,0
TXN100728,CUST6728,2022-04-09,10:10:22,Contactless Payment,Travel,1392.83,Discover,0,65,635,356,14,10,371.9,ICICI,Mobile App,3,1,1116,0
TXN100729,CUST4223,2022-03-02,14:19:43,Online Purchase,Fuel,5185.84,Discover,0,40,1827,348,13,14,48.0,Kotak,POS Machine,0,0,1057,0
TXN100730,CUST7205,2023-07-03,06:39:31,Mobile Payment,Fuel,8738.05,Discover,0,43,3092,396,4,6,404.8,ICICI,Web Browser,5,0,1052,0
TXN100731,CUST3952,2022-03-23,21:27:34,ATM Withdrawal,Entertainment,14295.86,RuPay,0,54,1724,326,19,21,33.4,Yes Bank,Tablet,0,0,232,0
TXN100732,CUST8431,2021-08-08,07:15:50,Mobile Payment,Entertainment,4856.64,RuPay,1,49,1578,76,7,7,397.3,HDFC,Web Browser,3,0,739,0
TXN100733,CUST3873,2023-08-03,16:58:10,Bank Transfer,Entertainment,19350.93,Visa,0,18,327,256,19,16,373.6,Yes Bank,Mobile App,0,0,,0
TXN100734,CUST7554,2024-06-11,02:17:12,Online Purchase,Fuel,27024.89,Discover,0,52,3630,122,19,2,150.2,HDFC,Web Browser,2,0,1075,1
TXN100735,CUST1218,2022-04-28,09:46:53,ATM Withdrawal,Electronics,3900.34,Visa,0,50,2944,97,3,9,289.2,HDFC,ATM,0,0,208,0
TXN100736,CUST6508,2024-09-21,21:41:30,Contactless Payment,Electronics,2031.09,RuPay,0,42,3317,427,20,21,470.1,Kotak,Tablet,0,0,,0
TXN100737,CUST2588,2023-05-13,03:56:21,Mobile Payment,Fuel,4068.13,Mastercard,0,50,3537,362,17,3,331.2,HDFC,Tablet,1,0,829,0
TXN100738,CUST2930,2022-07-09,01:32:55,ATM Withdrawal,Entertainment,5989.64,RuPay,0,46,3067,30,16,1,47.1,Barclays,Web Browser,0,0,537,0
TXN100739,CUST5231,2021-10-10,22:42:27,Contactless Payment,Luxury,8578.33,Discover,0,49,660,317,14,22,495.0,PNB,ATM,0,0,1402,0
TXN100740,CUST7108,2023-12-17,15:57:50,POS Terminal,Electronics,9536.04,Amex,0,40,2711,230,5,15,198.4,HSBC,Web Browser,2,0,1095,1
TXN100741,CUST8634,2024-05-20,10:18:38,Contactless Payment,Luxury,3982.61,Mastercard,0,61,3157,27,16,10,134.3,SBI,Tablet,2,0,561,0
TXN100742,CUST3030,2022-06-02,00:35:01,Contactless Payment,Jewellery,2636.89,Discover,0,45,640,232,6,0,244.4,HDFC,Web Browser,0,0,53,0
TXN100743,CUST1865,2022-09-14,07:14:32,Online Purchase,Pharmacy,16903.56,Visa,0,32,1661,203,10,7,429.5,HSBC,Mobile App,1,0,1076,0
TXN100744,CUST6297,2023-01-08,05:50:58,Contactless Payment,Entertainment,22437.05,Visa,0,23,2638,356,19,5,459.6,Citibank,POS Machine,1,0,774,0
TXN100745,CUST6801,2022-11-23,21:42:45,Mobile Payment,Groceries,18813.5,Mastercard,1,25,352,458,20,21,358.6,PNB,Web Browser,0,0,1003,1
TXN100746,CUST5000,2021-10-06,01:06:20,Mobile Payment,Restaurant,36207.46,RuPay,0,33,563,228,3,1,464.4,Axis,POS Machine,2,0,1361,1
TXN100747,CUST8852,2024-10-04,08:06:00,Online Purchase,Pharmacy,1034.39,Amex,1,72,2661,370,18,8,142.3,Citibank,Tablet,0,0,530,0
TXN100748,CUST2728,2024-11-26,00:46:48,ATM Withdrawal,Travel,3329.59,RuPay,0,75,1939,120,16,0,51.6,ICICI,ATM,0,0,1028,0
TXN100749,CUST3249,2023-06-06,00:50:17,Contactless Payment,Groceries,16887.15,Visa,0,22,1204,372,14,0,277.7,ICICI,Web Browser,0,1,818,1
TXN100750,CUST2415,2021-03-25,22:35:05,Bank Transfer,Electronics,16320.49,RuPay,1,40,1267,430,19,22,276.0,Axis,POS Machine,0,0,458,1
TXN100751,CUST1597,2023-07-27,01:03:16,Mobile Payment,Luxury,39088.22,RuPay,1,56,1990,338,14,1,462.5,SBI,Web Browser,1,0,1413,1
TXN100752,CUST4628,2021-07-20,03:23:24,Online Purchase,Groceries,16239.76,Amex,1,39,1774,96,15,3,25.3,Kotak,Mobile App,0,0,597,1
TXN100753,CUST8043,2023-09-23,21:04:52,Online Purchase,Groceries,4126.17,Mastercard,0,64,847,268,18,21,,Yes Bank,POS Machine,0,0,62,0
TXN100754,CUST5493,2022-04-05,13:44:56,Mobile Payment,Travel,10536.94,Discover,0,51,2257,480,16,13,450.1,Yes Bank,Mobile App,0,0,1222,0
TXN100755,CUST6266,2024-08-25,20:16:26,POS Terminal,Pharmacy,58305.06,Discover,0,49,1984,364,3,20,313.7,PNB,Mobile App,3,0,1388,1
TXN100756,CUST7969,2024-09-14,20:35:07,POS Terminal,Jewellery,28405.05,Mastercard,0,46,2336,444,11,20,325.5,HDFC,Mobile App,2,0,773,1
TXN100757,CUST1245,2023-10-17,03:42:51,ATM Withdrawal,Restaurant,9029.64,RuPay,0,39,3542,424,2,3,97.7,Barclays,ATM,0,0,1021,0
TXN100758,CUST2157,2021-03-25,09:11:36,Mobile Payment,Pharmacy,4907.72,Amex,0,71,3104,165,15,9,489.4,Citibank,Tablet,0,0,1239,0
TXN100759,CUST5764,2022-10-19,08:31:18,ATM Withdrawal,Restaurant,1572.92,Discover,0,29,1839,13,18,8,363.8,Kotak,POS Machine,0,0,196,0
TXN100760,CUST7649,2022-04-16,03:30:41,Bank Transfer,Entertainment,2046.64,Amex,0,43,1324,407,11,3,191.6,ICICI,Mobile App,0,0,1303,0
TXN100761,CUST9891,2022-03-20,08:35:12,Bank Transfer,Travel,23025.5,RuPay,1,30,485,31,19,8,475.0,Axis,ATM,0,0,919,1
TXN100762,CUST5766,2021-10-24,19:56:18,Bank Transfer,Electronics,60758.02,Mastercard,1,53,2563,61,11,19,156.1,HSBC,Tablet,2,1,295,1
TXN100763,CUST1495,2024-02-28,19:31:04,POS Terminal,Travel,22144.79,Mastercard,0,53,2264,290,2,19,68.8,,Tablet,0,1,938,1
TXN100764,CUST8233,2024-09-22,22:02:18,ATM Withdrawal,Fuel,30383.44,Discover,0,45,3327,229,19,22,95.8,PNB,Web Browser,2,0,1195,0
TXN100765,CUST7644,2023-05-24,00:19:19,POS Terminal,Clothing,3978.22,Discover,1,34,1835,359,9,0,111.2,,POS Machine,1,0,1213,0
TXN100766,CUST2684,2023-10-25,22:28:47,ATM Withdrawal,Fuel,1123.64,Amex,0,23,2991,135,11,22,36.7,Yes Bank,Mobile App,0,0,63,0
TXN100767,CUST9397,2021-02-06,19:04:07,ATM Withdrawal,Travel,3622.93,Mastercard,0,31,3634,434,3,19,459.2,Citibank,POS Machine,1,1,95,0
TXN100768,CUST2297,2023-01-16,14:11:38,Contactless Payment,Pharmacy,8484.28,Amex,0,74,762,228,4,14,120.9,Yes Bank,ATM,1,0,1012,0
TXN100769,CUST5904,2023-01-17,17:12:10,Bank Transfer,Fuel,51664.2,Mastercard,0,66,473,220,10,17,167.1,Citibank,POS Machine,0,0,731,0
TXN100770,CUST2196,2024-02-03,12:23:01,Online Purchase,Jewellery,9086.3,Discover,0,34,3073,35,7,12,152.2,Citibank,Tablet,0,0,340,0
TXN100771,CUST3397,2023-10-07,13:04:47,ATM Withdrawal,Travel,18712.94,Mastercard,0,70,1236,17,14,13,322.0,Barclays,ATM,1,0,872,0
TXN100772,CUST1836,2024-02-24,11:44:39,Bank Transfer,Pharmacy,1857.31,Amex,0,47,3443,53,13,11,432.2,ICICI,ATM,0,0,1095,0
TXN100773,CUST1025,2021-10-15,10:56:01,Mobile Payment,Pharmacy,19227.92,Visa,0,22,2657,265,18,10,216.3,,Tablet,0,0,113,0
TXN100774,CUST8214,2024-10-05,05:21:10,ATM Withdrawal,Pharmacy,745.26,Amex,0,35,1651,279,10,5,23.0,Citibank,POS Machine,0,1,589,0
TXN100775,CUST7619,2023-05-12,06:26:27,ATM Withdrawal,Jewellery,59070.08,Amex,0,57,2317,55,17,6,301.8,Yes Bank,POS Machine,1,1,870,1
TXN100776,CUST2158,2023-08-14,21:51:47,Online Purchase,Luxury,42611.51,Mastercard,0,69,2102,249,16,21,452.5,Barclays,Mobile App,5,0,56,1
TXN100777,CUST1503,2021-08-19,09:34:40,Bank Transfer,Groceries,17012.67,Visa,1,68,3418,172,6,9,389.3,PNB,Tablet,0,1,44,0
TXN100778,CUST1052,2024-06-21,21:08:37,POS Terminal,Fuel,6227.57,Mastercard,0,57,1031,411,20,21,318.1,HSBC,Web Browser,1,0,1416,0
TXN100779,CUST1700,2022-01-18,09:51:11,Contactless Payment,Travel,3316.83,RuPay,0,51,819,359,2,9,498.8,HSBC,Web Browser,0,0,957,0
TXN100780,CUST7321,2024-11-20,10:06:32,Contactless Payment,Jewellery,82644.82,RuPay,0,32,859,296,20,10,451.0,Citibank,Web Browser,0,1,990,1
TXN100781,CUST9944,2024-03-13,10:17:45,Mobile Payment,Jewellery,56067.04,Visa,1,56,2071,497,17,10,128.9,HDFC,Mobile App,0,1,799,1
TXN100782,CUST6890,2022-05-02,20:59:17,Bank Transfer,Entertainment,12155.39,Amex,1,18,2864,279,5,20,358.7,ICICI,POS Machine,3,0,903,1
TXN100783,CUST7998,2022-11-21,11:55:12,Contactless Payment,Jewellery,927.98,Amex,0,34,470,179,7,11,282.3,ICICI,,1,0,289,0
TXN100784,CUST9099,2022-06-04,10:59:25,ATM Withdrawal,Restaurant,2197.89,Visa,1,35,1316,71,3,10,249.3,Axis,,0,0,692,0
TXN100785,CUST3823,2023-02-10,16:10:14,ATM Withdrawal,Travel,703.18,Amex,0,22,854,465,19,16,271.5,Yes Bank,Tablet,1,0,1324,0
TXN100786,CUST2923,2022-03-12,05:21:50,Bank Transfer,Electronics,28117.05,RuPay,0,54,1621,220,14,5,355.2,SBI,Mobile App,0,0,,1
TXN100787,CUST6473,2024-08-27,13:52:05,ATM Withdrawal,Clothing,2494.58,RuPay,0,49,2513,428,16,13,400.4,HDFC,Web Browser,0,0,1007,0
TXN100788,CUST2461,2022-07-09,17:47:48,POS Terminal,Travel,943.59,Mastercard,0,52,3300,483,7,17,178.9,Yes Bank,POS Machine,,0,168,0
TXN100789,CUST3463,2022-05-06,10:36:01,ATM Withdrawal,Restaurant,19687.3,Discover,0,63,1345,231,14,10,159.4,Kotak,Tablet,0,1,1002,0
TXN100790,CUST2143,2023-06-06,22:18:49,Mobile Payment,Groceries,35796.28,Mastercard,1,34,1031,126,9,22,454.0,Axis,Web Browser,4,0,1327,1
TXN100791,CUST7480,2022-06-02,18:30:28,Bank Transfer,Travel,10202.57,RuPay,0,56,2353,270,18,18,309.4,SBI,Mobile App,0,0,320,0
TXN100792,CUST1270,2023-08-21,13:03:45,Mobile Payment,Electronics,61243.06,Mastercard,1,48,3299,29,16,13,451.5,Citibank,ATM,1,0,20,0
TXN100793,CUST1981,2021-08-19,23:51:32,Online Purchase,Jewellery,3931.59,Visa,0,74,2524,253,5,23,85.6,SBI,Mobile App,1,0,1116,0
TXN100794,CUST4324,2024-05-15,13:29:08,Contactless Payment,Restaurant,92969.39,Discover,1,44,2691,136,17,13,369.3,HSBC,Web Browser,4,0,1140,1
TXN100795,CUST7343,2024-09-17,17:05:57,POS Terminal,Restaurant,10767.18,RuPay,0,61,1796,176,8,17,414.1,PNB,ATM,0,0,918,0
TXN100796,CUST4335,2021-03-13,07:29:26,Contactless Payment,Jewellery,14055.02,Amex,0,67,967,409,7,7,409.3,Yes Bank,Mobile App,0,1,1277,1
TXN100797,CUST4723,2022-12-13,08:08:14,POS Terminal,Jewellery,11815.27,RuPay,0,35,2670,77,6,8,461.0,HSBC,POS Machine,1,0,1329,0
TXN100798,CUST8167,2024-08-15,03:18:31,Bank Transfer,Travel,43517.17,Amex,0,24,2428,267,2,3,401.5,Kotak,ATM,0,0,1177,0
TXN100799,CUST6912,2022-05-06,10:26:15,ATM Withdrawal,Pharmacy,79123.63,Mastercard,1,69,75,344,11,10,116.8,HDFC,Web Browser,0,1,235,1
TXN100800,CUST1785,2022-07-06,20:04:03,Bank Transfer,Fuel,29606.76,RuPay,0,,1844,98,17,20,464.3,HDFC,Tablet,0,0,748,0
TXN100801,CUST1874,2023-02-26,17:24:43,POS Terminal,Jewellery,42909.93,RuPay,0,50,2244,172,8,17,326.2,Kotak,Tablet,,0,224,1
TXN100802,CUST2269,2022-01-19,13:13:44,POS Terminal,Pharmacy,11164.58,RuPay,0,53,1996,418,13,13,194.9,PNB,Mobile App,0,0,1339,0
TXN100803,CUST4828,2024-06-07,01:31:50,Contactless Payment,Jewellery,13265.02,Visa,0,20,2406,301,18,1,43.1,Kotak,Mobile App,1,1,984,1
TXN100804,CUST8619,2023-06-02,22:02:06,ATM Withdrawal,Luxury,4440.08,Amex,1,48,704,136,8,22,122.6,Citibank,Tablet,1,0,94,0
TXN100805,CUST1762,2022-09-11,02:19:02,Contactless Payment,Groceries,62768.15,Discover,0,47,776,194,5,2,267.7,SBI,Mobile App,0,0,270,0
TXN100806,CUST5953,2021-09-18,12:40:45,Online Purchase,Fuel,6118.07,Mastercard,1,70,1204,63,20,12,,ICICI,Mobile App,1,1,410,0
TXN100807,CUST2375,2024-07-07,00:48:46,Online Purchase,Jewellery,4017.29,RuPay,0,25,1862,499,6,0,43.0,SBI,Mobile App,0,0,782,0
TXN100808,CUST1976,2023-09-18,20:10:08,Contactless Payment,Luxury,79785.75,Amex,0,,2013,262,4,20,130.5,Barclays,Web Browser,0,0,1142,0
TXN100809,CUST3813,2021-08-27,16:45:15,ATM Withdrawal,Jewellery,25018.69,Mastercard,0,38,1048,264,18,16,79.7,HDFC,Tablet,0,0,1228,0
TXN100810,CUST2595,2023-09-01,16:52:52,ATM Withdrawal,Clothing,8296.26,RuPay,0,44,985,256,7,16,22.5,SBI,POS Machine,0,0,437,0
TXN100811,CUST8061,2023-02-19,07:43:39,ATM Withdrawal,Groceries,18248.9,Amex,0,64,1343,147,8,7,358.5,PNB,Web Browser,0,0,1176,0
TXN100812,CUST7440,2023-02-18,16:06:26,POS Terminal,Restaurant,1294.93,Mastercard,0,35,3356,312,3,16,221.8,Citibank,Tablet,0,1,941,0
TXN100813,CUST7886,2021-11-06,01:00:29,ATM Withdrawal,Travel,116039.61,Amex,1,46,3574,6,9,1,274.1,SBI,ATM,0,1,886,1
TXN100814,CUST3777,2024-07-10,11:55:39,Bank Transfer,Clothing,32730.28,Mastercard,1,43,1843,465,15,11,470.8,Citibank,Mobile App,0,1,851,1
TXN100815,CUST9185,2022-04-10,04:48:06,Online Purchase,Clothing,47134.25,RuPay,0,21,911,408,14,4,475.9,Barclays,Mobile App,1,0,1,0
TXN100816,CUST5397,2021-01-13,06:45:23,Mobile Payment,Clothing,18930.19,Discover,0,27,3456,179,12,6,319.4,HSBC,Tablet,0,0,126,0
TXN100817,CUST1059,2022-03-04,18:00:50,Contactless Payment,Entertainment,4738.12,Amex,0,61,427,280,16,18,99.3,Citibank,Tablet,1,0,751,0
TXN100818,CUST1445,2021-12-27,00:57:52,Contactless Payment,Entertainment,3585.49,Visa,0,33,3453,334,4,0,84.2,HDFC,Tablet,0,0,,0
TXN100819,CUST3400,2024-12-12,12:56:02,Online Purchase,Jewellery,68644.85,Visa,0,21,1558,328,19,12,250.0,HSBC,ATM,0,1,1260,1
TXN100820,CUST1144,2021-07-21,22:45:53,Mobile Payment,Fuel,2278.24,Discover,0,28,1482,268,18,22,38.1,Citibank,Web Browser,0,0,454,0
TXN100821,CUST1052,2021-11-20,00:13:23,Bank Transfer,Pharmacy,11710.31,Discover,1,65,1662,267,5,0,489.8,Barclays,ATM,1,0,873,0
TXN100822,CUST3626,2021-05-11,08:04:44,Contactless Payment,Restaurant,20814.74,Visa,0,57,2941,37,2,8,203.3,Axis,ATM,0,0,822,0
TXN100823,CUST1103,2021-03-10,00:18:05,Mobile Payment,Groceries,14830.39,RuPay,0,41,1179,235,5,0,90.6,Citibank,Mobile App,1,0,1433,0
TXN100824,CUST9802,2022-05-17,00:46:29,Bank Transfer,Travel,10073.55,RuPay,0,53,1143,297,11,0,171.5,Axis,Tablet,3,1,505,1
TXN100825,CUST8064,2024-06-09,08:45:00,Bank Transfer,Groceries,18649.16,RuPay,0,67,434,487,2,8,447.3,ICICI,POS Machine,0,0,407,0
TXN100826,CUST3655,2021-04-17,01:17:59,Mobile Payment,Clothing,44559.99,Visa,0,56,2440,123,4,1,294.6,HDFC,ATM,0,0,840,0
TXN100827,CUST3485,2022-11-21,13:50:37,ATM Withdrawal,Travel,28315.04,Mastercard,0,25,426,488,19,13,103.4,SBI,Mobile App,2,0,978,0
TXN100828,CUST9122,2023-06-26,22:03:02,ATM Withdrawal,Luxury,21728.99,RuPay,0,55,3300,443,12,22,288.3,Yes Bank,Mobile App,2,0,1117,1
TXN100829,CUST5338,2024-12-19,19:13:18,POS Terminal,Groceries,3351.81,Visa,0,51,2026,409,1,19,143.4,HSBC,ATM,2,0,850,0
TXN100830,CUST7755,2021-09-23,06:06:11,POS Terminal,Travel,15773.53,RuPay,0,36,3127,133,10,6,270.8,HDFC,POS Machine,4,0,974,1
TXN100831,CUST5828,2021-12-12,05:29:31,ATM Withdrawal,Restaurant,965.11,Discover,0,65,897,64,9,5,327.1,PNB,ATM,4,0,410,0
TXN100832,CUST3056,2024-06-01,14:42:24,Online Purchase,Luxury,17084.26,Visa,1,34,71,34,8,14,429.3,Citibank,POS Machine,2,0,943,1
TXN100833,CUST1544,2021-08-10,14:37:58,ATM Withdrawal,Clothing,8126.08,RuPay,0,71,634,104,18,14,448.5,,ATM,3,0,361,0
TXN100834,CUST3957,2024-05-21,09:17:42,Mobile Payment,Pharmacy,22733.32,RuPay,0,22,319,354,8,9,22.7,Barclays,Mobile App,5,1,124,0
TXN100835,CUST9983,2023-06-15,18:57:56,Online Purchase,Entertainment,61946.58,Discover,1,51,2910,465,15,18,443.3,HDFC,Tablet,2,0,1128,1
TXN100836,CUST6551,2022-04-12,23:48:37,Bank Transfer,Clothing,17065.44,Visa,0,19,2989,402,16,23,425.9,PNB,Mobile App,0,0,1305,0
TXN100837,CUST6713,2024-01-21,11:58:50,Bank Transfer,Electronics,95696.81,Mastercard,0,32,891,361,16,11,2.3,Barclays,ATM,0,1,919,0
TXN100838,CUST2418,2022-11-05,14:55:14,Contactless Payment,Restaurant,4901.84,Mastercard,0,54,697,52,12,14,183.4,Kotak,ATM,0,0,28,0
TXN100839,CUST4089,2022-12-21,23:07:41,Contactless Payment,Restaurant,103929.69,Visa,0,33,3285,57,16,23,26.7,Barclays,ATM,0,0,472,1
TXN100840,CUST1512,2021-01-26,00:01:32,POS Terminal,Fuel,7203.44,RuPay,0,61,277,316,20,0,423.0,PNB,,1,0,123,0
TXN100841,CUST6300,2021-06-26,06:01:40,POS Terminal,Restaurant,15193.25,Amex,0,41,1700,133,4,6,73.1,HDFC,Web Browser,0,1,822,0
TXN100842,CUST9131,2024-09-08,20:11:07,Mobile Payment,Clothing,10251.14,Discover,1,20,1838,9,18,20,,Citibank,Web Browser,1,0,1326,0
TXN100843,CUST8716,2023-10-08,20:22:17,Contactless Payment,Restaurant,75264.66,Mastercard,1,71,1961,209,18,20,218.7,Barclays,Tablet,0,0,141,1
TXN100844,CUST9490,2024-05-25,23:25:56,Contactless Payment,Travel,9956.69,RuPay,1,40,1964,406,7,23,475.3,PNB,Mobile App,1,0,198,0
TXN100845,CUST8655,2024-12-04,20:25:04,Online Purchase,Jewellery,16885.99,Amex,1,63,1530,232,6,20,59.4,PNB,Web Browser,,0,50,0
TXN100846,CUST2611,2021-12-13,22:06:21,Contactless Payment,Groceries,11178.94,Mastercard,0,57,2174,379,18,22,135.9,Yes Bank,ATM,1,0,222,0
TXN100847,CUST2450,2022-03-21,01:07:48,Mobile Payment,Entertainment,8091.86,Amex,0,69,2015,248,17,1,24.4,Citibank,Tablet,1,0,615,0
TXN100848,CUST4272,2022-10-04,13:38:41,Contactless Payment,Electronics,2925.51,Discover,0,69,2053,337,8,13,296.8,HDFC,POS Machine,,0,510,0
TXN100849,CUST4793,2022-12-06,13:41:31,Bank Transfer,Restaurant,32712.69,Discover,1,45,2388,441,9,13,364.0,Yes Bank,Tablet,0,0,820,0
TXN100850,CUST5022,2022-08-13,14:16:11,Contactless Payment,Restaurant,16181.39,Mastercard,0,49,2902,52,12,14,195.3,Barclays,ATM,3,0,946,0
TXN100851,CUST9404,2024-09-27,14:53:38,Contactless Payment,Fuel,18637.34,Visa,0,51,3582,218,2,14,157.6,PNB,Tablet,1,1,469,0
TXN100852,CUST4472,2021-04-12,12:49:54,Contactless Payment,Restaurant,73669.33,RuPay,0,50,2490,32,13,12,400.2,Citibank,ATM,2,0,225,1
TXN100853,CUST2842,2022-12-23,04:14:32,Bank Transfer,Clothing,204428.84,Amex,0,46,3498,3,10,4,141.6,PNB,Web Browser,2,0,,1
TXN100854,CUST5515,2021-06-07,07:07:07,Mobile Payment,Travel,13056.72,Mastercard,0,25,852,203,18,7,147.5,Citibank,Mobile App,0,0,1013,0
TXN100855,CUST4557,2023-05-21,09:41:34,ATM Withdrawal,Restaurant,2256.73,Discover,0,22,3274,37,5,9,185.0,ICICI,Tablet,0,0,722,0
TXN100856,CUST8956,2023-01-05,11:46:49,Mobile Payment,Jewellery,19252.83,RuPay,0,20,300,142,10,11,,Barclays,Tablet,0,0,34,0
TXN100857,CUST8956,2024-09-23,08:30:18,ATM Withdrawal,Electronics,1480.02,Mastercard,0,35,1979,201,14,8,251.3,ICICI,ATM,0,0,692,0
TXN100858,CUST2957,2023-11-26,08:56:24,Contactless Payment,Pharmacy,16708.67,Amex,0,54,1331,184,1,8,394.6,Kotak,POS Machine,0,0,649,0
TXN100859,CUST9129,2021-11-10,06:39:53,POS Terminal,Electronics,50736.23,Amex,1,66,2951,117,9,6,45.4,ICICI,ATM,1,0,523,1
TXN100860,CUST6004,2022-03-23,12:32:14,Mobile Payment,Clothing,2138.86,Amex,0,35,3471,309,13,12,28.5,HDFC,Mobile App,4,0,920,0
TXN100861,CUST1882,2022-08-17,09:50:02,Bank Transfer,Travel,17477.18,Visa,1,31,1951,279,8,9,493.4,ICICI,POS Machine,1,0,610,0
TXN100862,CUST3798,2021-03-13,06:41:22,POS Terminal,Pharmacy,24436.88,Amex,0,27,2952,481,16,6,427.2,Citibank,ATM,0,1,408,1
TXN100863,CUST3882,2021-02-10,09:13:34,Online Purchase,Pharmacy,1313.92,Amex,0,19,1418,274,15,9,492.0,Kotak,Mobile App,1,0,1411,0
TXN100864,CUST3137,2022-05-07,06:23:28,Contactless Payment,Entertainment,6083.95,Discover,0,68,2568,327,10,6,490.9,Barclays,Mobile App,1,0,530,0
TXN100865,CUST6433,2024-07-13,00:11:15,Mobile Payment,Travel,79190.29,Mastercard,0,67,466,404,15,0,3.7,,POS Machine,2,0,,1
TXN100866,CUST8176,2024-04-22,10:30:46,ATM Withdrawal,Fuel,20975.07,Amex,1,73,2892,33,20,10,55.7,Barclays,POS Machine,0,0,615,0
TXN100867,CUST9492,2023-02-15,12:11:37,Bank Transfer,Luxury,8516.49,Amex,0,51,1719,493,14,12,81.5,PNB,Web Browser,1,0,646,0
TXN100868,CUST5551,2022-05-24,04:47:47,Contactless Payment,Electronics,83669.1,RuPay,1,75,2199,303,8,4,380.6,ICICI,POS Machine,1,0,265,1
TXN100869,CUST7107,2022-02-28,20:42:13,Bank Transfer,Clothing,7647.03,Amex,1,51,1554,461,16,20,336.5,Kotak,ATM,0,0,885,0
TXN100870,CUST3791,2024-04-26,13:50:10,Online Purchase,Groceries,5246.98,Discover,0,35,3507,160,10,13,240.5,,POS Machine,0,0,446,0
TXN100871,CUST1392,2024-08-08,11:47:02,Bank Transfer,Groceries,7464.04,RuPay,0,54,262,91,3,11,444.2,PNB,ATM,0,1,1101,0
TXN100872,CUST2087,2024-11-05,21:11:14,Bank Transfer,Restaurant,2090.41,RuPay,0,19,836,59,16,21,260.2,Citibank,Mobile App,1,0,1048,0
TXN100873,CUST4473,2023-01-01,11:25:27,Contactless Payment,Luxury,18354.24,Discover,0,52,616,244,14,11,279.3,SBI,POS Machine,1,0,399,0
TXN100874,CUST1822,2022-01-26,20:14:05,ATM Withdrawal,Travel,79201.17,Visa,0,47,2231,79,1,20,252.7,SBI,Web Browser,0,0,1020,0
TXN100875,CUST9092,2022-11-26,12:20:29,POS Terminal,Groceries,3584.75,Amex,0,24,1111,163,20,12,105.4,SBI,ATM,1,1,270,0
TXN100876,CUST1237,2023-01-03,17:52:18,POS Terminal,Luxury,41541.04,Mastercard,0,57,211,489,10,17,58.0,ICICI,Web Browser,2,1,588,1
TXN100877,CUST7641,2024-02-18,05:16:53,Bank Transfer,Pharmacy,1626.23,RuPay,1,67,733,217,3,5,371.1,HSBC,,0,0,87,0
TXN100878,CUST2281,2023-12-12,06:09:52,ATM Withdrawal,Jewellery,32263.49,Discover,1,47,2017,312,8,6,441.5,HSBC,Tablet,0,0,,1
TXN100879,CUST9277,2021-01-09,16:34:28,Mobile Payment,Travel,14893.2,Discover,1,58,1875,297,8,16,12.3,Yes Bank,ATM,0,0,542,0
TXN100880,CUST7667,2022-10-20,22:48:59,POS Terminal,Fuel,30375.6,Discover,0,20,175,456,7,22,133.9,Barclays,Tablet,0,0,545,1
TXN100881,CUST8416,2022-01-20,04:15:18,Online Purchase,Pharmacy,117810.02,Amex,0,27,60,32,17,4,491.5,Yes Bank,Tablet,0,1,265,1
TXN100882,CUST7544,2024-11-09,09:31:59,Contactless Payment,Groceries,9274.37,Visa,0,69,2150,164,10,9,147.0,,Mobile App,0,0,,0
TXN100883,CUST2506,2022-07-22,05:18:08,Bank Transfer,Groceries,4227.85,Mastercard,0,56,967,205,15,5,68.5,ICICI,Tablet,0,0,880,0
TXN100884,CUST8605,2024-10-21,05:39:08,Contactless Payment,Luxury,10536.84,RuPay,0,47,665,129,2,5,493.2,HDFC,Web Browser,1,0,644,0
TXN100885,CUST5402,2024-07-03,18:11:14,POS Terminal,Groceries,12077.76,Mastercard,1,61,2377,440,9,18,110.4,Kotak,ATM,0,0,404,0
TXN100886,CUST9769,2023-05-18,04:08:08,POS Terminal,Fuel,34024.98,Visa,0,69,2505,486,5,4,293.8,Axis,Tablet,0,1,,1
TXN100887,CUST3783,2023-01-22,02:43:52,Bank Transfer,Jewellery,7111.23,Mastercard,0,51,3421,21,5,2,268.7,Barclays,,0,0,576,0
TXN100888,CUST8088,2022-04-22,08:29:30,ATM Withdrawal,Electronics,1497.78,RuPay,0,70,67,349,15,8,348.9,,Mobile App,0,0,1400,0
TXN100889,CUST8914,2022-11-07,05:20:21,Online Purchase,Restaurant,2929.52,Mastercard,0,39,2755,69,5,5,134.9,SBI,ATM,0,0,161,0
TXN100890,CUST9248,2024-02-14,23:44:52,Online Purchase,Clothing,1036.88,Visa,0,20,3110,350,9,23,,HSBC,POS Machine,0,0,1031,0
TXN100891,CUST2260,2022-01-21,21:22:47,POS Terminal,Electronics,64121.12,Mastercard,1,61,1146,167,10,21,294.2,HSBC,POS Machine,0,1,610,1
TXN100892,CUST9668,2024-03-17,08:20:00,POS Terminal,Restaurant,54523.83,Visa,0,53,2020,457,15,8,111.9,Citibank,Web Browser,,0,148,0
TXN100893,CUST1997,2023-10-27,16:27:59,Bank Transfer,Restaurant,22770.37,Amex,0,46,3056,93,16,16,365.1,Kotak,Tablet,2,1,1032,1
TXN100894,CUST1699,2023-06-23,02:12:16,POS Terminal,Pharmacy,27461.71,RuPay,0,34,2345,9,10,2,465.3,ICICI,Web Browser,2,1,894,1
TXN100895,CUST3044,2021-02-16,13:27:49,Mobile Payment,Restaurant,11691.75,Visa,0,71,1401,105,1,13,27.3,SBI,Mobile App,1,0,92,0
TXN100896,CUST8682,2024-03-26,18:55:32,ATM Withdrawal,Electronics,9139.17,Discover,1,66,965,37,13,18,4.8,ICICI,ATM,0,0,607,0
TXN100897,CUST3042,2021-12-25,10:56:35,Mobile Payment,Fuel,1857.02,Mastercard,0,58,2914,36,9,10,257.2,Yes Bank,Tablet,2,0,942,0
TXN100898,CUST4352,2023-04-11,14:04:02,POS Terminal,Clothing,5385.46,Visa,1,33,2430,83,20,14,105.7,Kotak,POS Machine,0,0,1304,0
TXN100899,CUST8932,2023-06-24,23:35:45,Mobile Payment,Fuel,63368.65,Mastercard,0,73,3045,420,12,23,12.6,HSBC,Web Browser,0,0,928,1
TXN100900,CUST9625,2023-04-08,04:02:40,Online Purchase,Jewellery,70673.91,Mastercard,1,63,1157,52,18,4,417.5,Citibank,Web Browser,0,0,423,0
TXN100901,CUST6808,2022-02-12,08:23:58,Mobile Payment,Pharmacy,11782.03,Mastercard,0,63,2698,495,12,8,135.3,Axis,ATM,0,0,188,0
TXN100902,CUST3785,2022-01-01,00:13:20,Online Purchase,Pharmacy,2888.78,Amex,1,28,48,167,8,0,467.8,Barclays,Web Browser,,0,718,0
TXN100903,CUST5398,2022-03-15,07:09:15,Mobile Payment,Luxury,13215.66,Discover,0,75,3036,345,10,7,133.4,Citibank,ATM,1,0,14,0
TXN100904,CUST4621,2021-10-16,02:33:49,Contactless Payment,Luxury,6104.51,Mastercard,0,43,756,466,8,2,136.2,ICICI,POS Machine,0,0,922,0
TXN100905,CUST7861,2023-09-09,22:18:59,POS Terminal,Pharmacy,10438.11,Visa,1,52,306,327,19,22,168.5,Yes Bank,Tablet,0,1,511,0
TXN100906,CUST5584,2023-03-04,22:19:19,Mobile Payment,Jewellery,34822.52,Mastercard,0,47,3087,186,10,22,51.4,SBI,POS Machine,0,0,365,0
TXN100907,CUST8808,2022-12-22,21:39:44,Mobile Payment,Pharmacy,46099.1,Visa,0,23,666,245,13,21,148.0,Axis,Tablet,1,1,269,1
TXN100908,CUST8076,2023-07-13,01:46:05,Online Purchase,Electronics,4373.04,Amex,0,41,3487,25,19,1,127.0,PNB,Tablet,1,0,1083,0
TXN100909,CUST2305,2022-11-09,05:18:27,Online Purchase,Jewellery,15850.63,Visa,1,61,1709,259,3,5,12.1,PNB,Mobile App,2,0,496,0
TXN100910,CUST1808,2021-03-03,22:02:25,POS Terminal,Pharmacy,11383.43,Amex,1,57,3184,363,8,22,434.3,SBI,Mobile App,0,0,1094,0
TXN100911,CUST9000,2024-07-03,03:33:19,POS Terminal,Electronics,7264.15,Mastercard,1,56,1736,133,2,3,427.9,PNB,POS Machine,0,0,790,0
TXN100912,CUST6361,2023-09-17,17:44:05,ATM Withdrawal,Clothing,4717.24,RuPay,0,18,319,433,12,17,29.6,Axis,Web Browser,3,0,418,0
TXN100913,CUST2177,2023-11-14,12:47:00,Mobile Payment,Pharmacy,5157.36,Mastercard,1,26,2464,455,8,12,326.6,,Tablet,0,0,571,0
TXN100914,CUST1605,2024-04-04,12:51:14,POS Terminal,Electronics,13789.76,Amex,0,19,1777,88,12,12,139.9,Citibank,POS Machine,5,0,476,1
TXN100915,CUST5022,2024-02-16,21:49:31,Mobile Payment,Restaurant,48727.2,Visa,0,38,969,186,17,21,13.0,PNB,Mobile App,3,1,1099,1
TXN100916,CUST4789,2024-04-21,18:03:04,Mobile Payment,Pharmacy,9568.47,Amex,1,68,661,323,17,18,,,Web Browser,0,0,362,0
TXN100917,CUST6410,2021-11-02,11:15:06,ATM Withdrawal,Jewellery,630.07,RuPay,0,54,247,31,12,11,172.6,Yes Bank,POS Machine,1,0,49,0
TXN100918,CUST9713,2022-08-03,19:15:16,Online Purchase,Restaurant,5829.85,Mastercard,0,59,534,265,4,19,496.8,SBI,POS Machine,2,0,1439,0
TXN100919,CUST1211,2021-06-11,07:25:58,Bank Transfer,Clothing,55929.0,Amex,1,64,2568,75,5,7,481.7,Barclays,Web Browser,2,0,105,1
TXN100920,CUST1609,2023-04-05,12:28:34,ATM Withdrawal,Restaurant,2825.01,Amex,0,60,754,484,12,12,154.0,Kotak,Tablet,0,0,1165,0
TXN100921,CUST1041,2022-04-09,23:29:56,Contactless Payment,Clothing,5905.35,Mastercard,0,73,2250,413,19,23,250.4,SBI,Mobile App,3,1,254,0
TXN100922,CUST9139,2022-12-01,03:21:58,POS Terminal,Luxury,16556.09,Mastercard,0,37,844,460,8,3,191.0,PNB,Mobile App,1,0,230,0
TXN100923,CUST1756,2023-04-19,00:58:26,POS Terminal,Groceries,5116.8,Mastercard,0,28,367,466,17,0,146.6,Barclays,Web Browser,0,0,580,0
TXN100924,CUST2717,2021-04-28,16:54:12,Bank Transfer,Restaurant,16487.02,Mastercard,0,67,1250,14,4,16,277.4,HSBC,Tablet,0,1,595,0
TXN100925,CUST3270,2023-03-15,21:31:06,Bank Transfer,Clothing,41373.02,Visa,0,46,3085,337,10,21,489.1,PNB,Web Browser,2,1,1290,1
TXN100926,CUST3443,2024-10-11,15:34:49,Online Purchase,Entertainment,18535.42,Discover,0,28,2875,202,4,15,394.1,Citibank,Mobile App,0,1,253,0
TXN100927,CUST9220,2022-01-02,21:07:06,Contactless Payment,Clothing,965.66,Visa,0,73,3095,305,6,21,480.2,Barclays,Tablet,1,0,48,0
TXN100928,CUST4068,2021-09-11,04:16:44,Contactless Payment,Fuel,19656.15,RuPay,0,41,2225,21,1,4,468.1,Axis,Web Browser,4,0,177,1
TXN100929,CUST4573,2022-04-23,13:03:43,Contactless Payment,Jewellery,22090.84,Mastercard,0,,2036,68,13,13,491.7,Axis,Web Browser,0,0,1180,1
TXN100930,CUST8938,2022-08-27,01:48:52,POS Terminal,Electronics,5991.24,Mastercard,0,18,1316,304,9,1,0.6,HDFC,ATM,0,0,440,0
TXN100931,CUST8850,2023-02-26,18:18:44,Online Purchase,Fuel,14107.35,Discover,0,29,3622,340,16,18,44.2,ICICI,POS Machine,,0,534,0
TXN100932,CUST4787,2021-04-03,05:07:23,Mobile Payment,Entertainment,4672.36,Amex,0,60,193,361,8,5,392.7,SBI,POS Machine,0,0,700,0
TXN100933,CUST7644,2022-02-02,15:40:49,ATM Withdrawal,Restaurant,2987.39,Discover,0,42,2238,465,11,15,387.5,Axis,POS Machine,0,0,1302,0
TXN100934,CUST4579,2023-03-21,01:59:13,Online Purchase,Clothing,8761.77,RuPay,1,68,1103,318,11,1,402.8,Barclays,Mobile App,0,0,930,0
TXN100935,CUST9705,2023-01-26,10:39:28,Bank Transfer,Jewellery,36504.06,RuPay,1,23,1780,329,1,10,151.5,Axis,Tablet,3,1,856,1
TXN100936,CUST8911,2023-06-28,08:59:08,Contactless Payment,Travel,416.01,Amex,1,70,106,365,9,8,24.4,HDFC,POS Machine,5,0,1389,0
TXN100937,CUST7145,2021-11-24,02:18:15,Mobile Payment,Pharmacy,23157.42,Visa,0,24,1443,216,17,2,354.6,Yes Bank,Web Browser,0,0,20,0
TXN100938,CUST4281,2024-09-03,05:15:46,Online Purchase,Entertainment,25605.58,Amex,0,21,1477,99,11,5,7.4,Barclays,ATM,3,0,758,1
TXN100939,CUST2965,2023-06-16,23:21:19,Mobile Payment,Restaurant,9894.95,Visa,1,71,892,29,9,23,446.7,ICICI,Mobile App,0,0,743,0
TXN100940,CUST8773,2022-01-06,09:48:30,Contactless Payment,Travel,62402.75,Discover,0,45,2935,283,3,9,20.1,Barclays,ATM,1,0,1256,0
TXN100941,CUST9517,2023-08-06,11:21:51,Bank Transfer,Fuel,3356.57,Mastercard,0,24,3610,499,6,11,115.0,SBI,Web Browser,1,0,597,0
TXN100942,CUST4799,2021-04-05,23:46:22,ATM Withdrawal,Electronics,6474.18,Discover,0,66,2655,320,7,23,423.1,HDFC,POS Machine,0,0,1021,0
TXN100943,CUST8767,2024-07-27,18:08:03,POS Terminal,Fuel,18251.97,Visa,0,21,305,263,13,18,456.4,Kotak,ATM,2,0,87,0
TXN100944,CUST3616,2023-12-25,07:44:24,Online Purchase,Clothing,3398.36,RuPay,1,56,853,336,10,7,490.9,Yes Bank,Tablet,0,0,691,0
TXN100945,CUST3577,2022-02-16,21:27:10,Bank Transfer,Fuel,16022.79,Discover,0,21,292,73,14,21,72.5,ICICI,POS Machine,3,0,616,0
TXN100946,CUST5685,2021-08-02,11:30:24,Online Purchase,Jewellery,2155.78,Mastercard,0,30,959,411,8,11,334.5,SBI,Tablet,0,0,1418,0
TXN100947,CUST6991,2021-10-12,06:43:16,ATM Withdrawal,Pharmacy,16050.96,Mastercard,0,28,1294,198,6,6,370.5,ICICI,POS Machine,0,1,1139,1
TXN100948,CUST5322,2021-09-21,22:33:00,POS Terminal,Entertainment,19821.64,RuPay,1,20,373,107,8,22,303.4,HSBC,Tablet,5,0,,1
TXN100949,CUST1411,2023-06-21,03:33:59,Online Purchase,Restaurant,3804.19,Mastercard,0,37,3125,350,12,3,84.4,Yes Bank,Web Browser,0,0,136,0
TXN100950,CUST7980,2024-09-13,01:53:09,Online Purchase,Groceries,2107.27,Amex,0,,154,205,9,1,282.9,ICICI,Mobile App,4,0,78,0
TXN100951,CUST4888,2021-06-19,10:20:38,POS Terminal,Travel,9802.4,Mastercard,0,41,1283,23,9,10,209.8,Axis,Mobile App,1,1,892,0
TXN100952,CUST6008,2021-04-13,07:03:09,Online Purchase,Clothing,4038.06,Mastercard,0,44,740,345,14,7,98.1,Kotak,ATM,0,1,1114,0
TXN100953,CUST9591,2022-05-26,15:07:37,ATM Withdrawal,Jewellery,25670.85,Amex,0,25,3054,131,20,15,71.2,PNB,ATM,2,0,,1
TXN100954,CUST3192,2024-08-26,17:18:21,Bank Transfer,Groceries,10472.73,Amex,0,74,2116,379,20,17,158.7,ICICI,ATM,0,0,1283,0
TXN100955,CUST5636,2024-04-23,14:35:03,Contactless Payment,Restaurant,10894.07,Mastercard,0,54,1277,15,20,14,413.6,,POS Machine,0,0,1228,0
TXN100956,CUST6182,2021-01-16,01:13:07,Bank Transfer,Fuel,60016.55,Visa,0,,3072,191,10,1,83.9,Kotak,Tablet,0,0,1426,1
TXN100957,CUST4869,2024-01-02,15:27:15,POS Terminal,Jewellery,25951.49,RuPay,1,64,2501,464,9,15,499.1,Yes Bank,POS Machine,0,0,788,0
TXN100958,CUST6643,2023-03-12,16:32:02,Online Purchase,Clothing,8404.82,Mastercard,0,40,1885,101,15,16,152.7,ICICI,Web Browser,0,0,1194,0
TXN100959,CUST1659,2024-12-05,04:14:13,Bank Transfer,Pharmacy,21420.53,Discover,1,32,725,389,16,4,83.6,HSBC,ATM,1,0,932,0
TXN100960,CUST3981,2024-09-04,00:27:28,Contactless Payment,Restaurant,9220.66,Amex,0,58,677,117,13,0,83.7,PNB,Mobile App,2,1,688,1
TXN100961,CUST4283,2022-07-08,23:27:03,Contactless Payment,Electronics,3891.44,RuPay,0,43,3559,442,8,23,340.0,SBI,Mobile App,5,0,689,1
TXN100962,CUST4452,2022-04-02,17:48:07,POS Terminal,Luxury,8210.75,Mastercard,0,34,2917,114,8,17,279.5,ICICI,POS Machine,0,0,1434,0
TXN100963,CUST3399,2024-03-05,15:14:41,Online Purchase,Luxury,1989.2,Visa,0,68,3184,138,6,15,411.9,PNB,Tablet,3,1,464,0
TXN100964,CUST6789,2024-05-21,13:35:56,Bank Transfer,Travel,815.02,Discover,0,58,760,215,3,13,22.4,HSBC,ATM,0,0,913,0
TXN100965,CUST2091,2023-01-17,01:16:54,Contactless Payment,Travel,3025.47,Amex,0,34,2451,116,5,1,165.0,Barclays,Web Browser,0,0,721,0
TXN100966,CUST1860,2024-08-03,00:49:52,ATM Withdrawal,Luxury,43386.26,RuPay,0,63,1221,266,16,0,257.1,Yes Bank,Web Browser,4,0,540,1
TXN100967,CUST4677,2024-03-11,04:05:10,Mobile Payment,Restaurant,5228.85,Visa,0,30,3150,460,11,4,392.2,HDFC,POS Machine,0,0,552,0
TXN100968,CUST1562,2022-05-04,12:38:50,Contactless Payment,Clothing,1078.88,Visa,1,39,247,218,20,12,56.9,Barclays,Tablet,0,0,778,0
TXN100969,CUST6118,2021-06-09,20:53:55,Online Purchase,Travel,997.84,Amex,0,40,836,140,9,20,35.7,ICICI,Mobile App,0,0,,0
TXN100970,CUST7354,2024-01-12,04:37:39,Contactless Payment,Luxury,107532.48,Mastercard,1,60,3292,114,1,4,497.8,SBI,Mobile App,3,1,574,1
TXN100971,CUST4086,2024-01-10,16:02:07,Bank Transfer,Travel,62284.99,RuPay,1,29,3436,28,16,16,11.3,SBI,Tablet,2,0,942,1
TXN100972,CUST9735,2021-07-24,04:03:06,ATM Withdrawal,Restaurant,28967.98,Mastercard,0,62,297,271,15,4,330.5,HDFC,ATM,0,0,1063,0
TXN100973,CUST2901,2021-10-18,16:21:14,Contactless Payment,Travel,10452.53,RuPay,0,55,56,250,9,16,361.6,Axis,ATM,0,1,96,0
TXN100974,CUST9712,2023-10-18,03:47:32,Mobile Payment,Restaurant,53042.33,Visa,0,32,498,297,11,3,363.1,ICICI,Tablet,0,1,61,1
TXN100975,CUST1377,2023-12-17,02:59:06,Mobile Payment,Electronics,72390.54,Mastercard,1,42,755,140,7,2,127.8,PNB,ATM,0,1,7,1
TXN100976,CUST7908,2024-09-15,23:37:06,Online Purchase,Luxury,17839.93,Discover,1,21,3219,170,10,23,404.0,PNB,Web Browser,1,1,151,1
TXN100977,CUST5697,2024-08-20,20:15:53,Mobile Payment,Groceries,4345.66,RuPay,1,36,3499,380,12,20,275.9,Citibank,POS Machine,0,0,1099,0
TXN100978,CUST3797,2023-12-08,18:37:48,Online Purchase,Restaurant,50476.5,RuPay,1,64,3150,406,7,18,266.4,Axis,Mobile App,0,0,587,0
TXN100979,CUST6440,2024-12-25,11:45:18,Bank Transfer,Electronics,15242.81,Discover,1,73,518,448,11,11,443.2,Citibank,ATM,0,0,925,0
TXN100980,CUST8585,2021-12-15,02:21:13,ATM Withdrawal,Groceries,2387.6,Visa,1,61,3044,335,12,2,139.2,ICICI,Mobile App,0,0,878,0
TXN100981,CUST3214,2023-12-12,07:57:53,Bank Transfer,Travel,9034.3,RuPay,0,21,3191,282,9,7,313.8,HSBC,Web Browser,2,0,764,0
TXN100982,CUST1377,2024-08-25,02:25:01,POS Terminal,Pharmacy,47483.34,Amex,0,75,737,375,7,2,270.5,PNB,Mobile App,5,0,285,1
TXN100983,CUST2623,2022-10-05,05:35:17,ATM Withdrawal,Groceries,15572.42,RuPay,0,60,460,498,18,5,428.8,Barclays,Mobile App,0,0,318,0
TXN100984,CUST5954,2024-03-01,20:43:44,ATM Withdrawal,Electronics,48189.23,Amex,0,35,932,210,19,20,186.0,Axis,Web Browser,3,0,815,1
TXN100985,CUST8726,2024-02-28,03:37:21,Bank Transfer,Luxury,70276.22,Mastercard,1,57,2129,388,13,3,35.1,HSBC,Web Browser,0,0,1160,1
TXN100986,CUST5844,2024-08-02,03:49:11,Contactless Payment,Entertainment,10638.04,Amex,0,34,3226,21,9,3,124.4,SBI,Tablet,0,0,,0
TXN100987,CUST8886,2023-08-09,13:38:29,Bank Transfer,Electronics,14426.75,Amex,0,58,1372,111,9,13,325.9,Barclays,Mobile App,0,1,799,0
TXN100988,CUST5597,2023-11-26,02:58:41,Online Purchase,Luxury,73931.63,Mastercard,1,45,3435,261,15,2,331.2,Citibank,POS Machine,0,0,173,1
TXN100989,CUST5279,2022-09-06,07:31:09,POS Terminal,Travel,5199.08,RuPay,0,23,1895,400,8,7,377.5,HSBC,Mobile App,4,0,1204,1
TXN100990,CUST7960,2021-04-27,05:07:41,Mobile Payment,Electronics,6563.88,Amex,0,50,1930,45,14,5,432.9,HDFC,POS Machine,0,0,514,1
TXN100991,CUST6820,2021-08-21,11:57:09,POS Terminal,Groceries,2653.71,RuPay,0,29,940,143,16,11,461.1,Barclays,ATM,,0,603,0
TXN100992,CUST5425,2024-09-20,19:08:30,POS Terminal,Fuel,43394.12,Amex,0,25,727,181,15,19,292.1,Kotak,Mobile App,0,0,111,0
TXN100993,CUST3612,2024-09-27,22:41:54,Mobile Payment,Pharmacy,14273.92,Mastercard,0,27,785,338,4,22,46.3,Axis,Web Browser,2,0,1160,0
TXN100994,CUST8543,2023-04-06,13:20:33,Online Purchase,Electronics,29554.68,Mastercard,0,43,363,291,15,13,397.9,SBI,Tablet,0,0,589,0
TXN100995,CUST7877,2024-08-10,13:30:00,Contactless Payment,Pharmacy,42788.24,Visa,1,24,376,302,1,13,475.6,SBI,Tablet,0,0,254,0
TXN100996,CUST6514,2024-09-20,11:13:09,Bank Transfer,Luxury,4764.74,Discover,0,43,1412,353,5,11,261.8,HSBC,ATM,0,1,657,0
TXN100997,CUST8255,2024-01-09,11:06:49,Mobile Payment,Luxury,26485.17,Mastercard,1,72,160,248,11,11,122.9,Kotak,Web Browser,1,0,,1
TXN100998,CUST4558,2021-10-23,05:54:22,POS Terminal,Restaurant,4236.85,RuPay,0,33,191,340,9,5,205.7,ICICI,Tablet,0,0,552,0
TXN100999,CUST1347,2021-04-12,13:57:29,Online Purchase,Fuel,5655.63,Discover,0,33,1414,86,14,13,185.8,Kotak,Web Browser,0,1,191,0
TXN101000,CUST2936,2023-03-14,19:32:44,Online Purchase,Electronics,2783.58,Visa,0,75,47,212,3,19,41.0,Barclays,Mobile App,,0,472,0
TXN101001,CUST2185,2021-02-23,03:33:01,Bank Transfer,Entertainment,4098.83,Mastercard,0,41,3271,301,12,3,468.2,Citibank,Web Browser,1,0,434,0
TXN101002,CUST4651,2021-01-10,20:50:59,Bank Transfer,Electronics,2181.72,Discover,1,55,3440,77,14,20,258.8,Axis,Tablet,0,0,780,0
TXN101003,CUST1910,2022-11-14,01:04:03,Online Purchase,Clothing,6055.48,RuPay,0,35,3223,282,1,1,18.8,HDFC,POS Machine,0,1,159,0
TXN101004,CUST4864,2023-06-17,22:18:35,ATM Withdrawal,Jewellery,2555.29,Discover,0,37,2694,224,15,22,70.7,HDFC,Web Browser,1,0,283,0
TXN101005,CUST3676,2021-10-05,07:38:43,Mobile Payment,Groceries,2205.82,Mastercard,0,52,3330,94,1,7,129.5,Kotak,ATM,0,1,1014,0
TXN101006,CUST7377,2024-11-28,18:59:23,Mobile Payment,Clothing,42335.45,Mastercard,0,68,1738,217,8,18,175.4,SBI,Tablet,0,0,962,1
TXN101007,CUST2992,2024-03-01,02:22:44,ATM Withdrawal,Travel,236412.27,RuPay,0,65,536,219,5,2,165.3,Citibank,ATM,4,1,692,1
TXN101008,CUST6695,2024-08-17,20:43:26,Contactless Payment,Luxury,50569.41,Amex,0,36,1358,403,16,20,359.4,Barclays,Web Browser,2,0,345,1
TXN101009,CUST7710,2023-03-06,03:45:54,Contactless Payment,Clothing,24142.22,Discover,0,57,3370,174,15,3,239.3,ICICI,Tablet,0,0,637,1
TXN101010,CUST7349,2024-04-13,03:36:05,Contactless Payment,Pharmacy,397.28,Discover,0,,1828,45,12,3,5.2,Citibank,Web Browser,0,0,1402,0
TXN101011,CUST4748,2024-07-19,09:57:17,Online Purchase,Travel,43720.44,Amex,0,63,3588,178,9,9,493.2,ICICI,Web Browser,0,0,1148,0
TXN101012,CUST9818,2024-09-27,02:45:51,Contactless Payment,Fuel,70466.28,Mastercard,0,63,2668,6,20,2,339.8,Citibank,POS Machine,1,0,1304,1
TXN101013,CUST8098,2024-05-17,19:59:36,Contactless Payment,Fuel,1317.65,Mastercard,1,60,1318,266,1,19,6.7,ICICI,ATM,0,0,172,0
TXN101014,CUST1003,2023-11-14,02:47:54,POS Terminal,Electronics,41596.25,Visa,1,69,3082,224,18,2,387.9,PNB,ATM,1,1,209,1
TXN101015,CUST8868,2021-07-08,21:44:35,Bank Transfer,Restaurant,14862.01,RuPay,0,72,2109,345,11,21,420.5,Kotak,Tablet,2,1,1128,0
TXN101016,CUST2493,2023-10-02,05:32:01,Bank Transfer,Travel,10362.71,Mastercard,1,48,361,106,7,5,99.3,ICICI,Web Browser,0,0,431,1
TXN101017,CUST3202,2023-06-09,19:38:32,Mobile Payment,Travel,3241.93,RuPay,0,51,2603,300,14,19,63.4,ICICI,POS Machine,1,0,672,0
TXN101018,CUST3073,2021-08-08,16:28:39,Online Purchase,Luxury,45501.28,Amex,1,67,3439,164,10,16,402.1,SBI,Tablet,0,0,420,1
TXN101019,CUST8398,2022-08-19,20:19:40,Contactless Payment,Restaurant,11169.26,Mastercard,0,41,2324,239,1,20,98.3,ICICI,Mobile App,0,1,657,1
TXN101020,CUST9874,2024-09-05,01:08:29,Online Purchase,Travel,6162.88,Mastercard,0,56,2000,124,13,1,53.9,HDFC,Tablet,0,1,,0
TXN101021,CUST3041,2024-12-03,04:35:44,Bank Transfer,Fuel,50040.22,Amex,0,53,3298,257,12,4,159.3,HSBC,ATM,5,0,298,1
TXN101022,CUST1654,2021-08-27,09:08:11,Online Purchase,Groceries,3671.51,Discover,1,24,168,230,14,9,484.2,Barclays,Web Browser,0,0,1356,0
TXN101023,CUST4909,2023-04-20,16:06:05,ATM Withdrawal,Clothing,44959.15,Discover,0,29,1160,155,17,16,215.5,Axis,Mobile App,2,0,909,1
TXN101024,CUST8156,2024-08-07,20:55:36,POS Terminal,Clothing,7687.58,Amex,0,38,3154,277,19,20,373.6,HDFC,Web Browser,3,0,59,1
TXN101025,CUST2687,2024-09-06,16:20:14,Online Purchase,Travel,8923.84,Amex,0,25,205,51,11,16,150.7,Barclays,Mobile App,1,0,994,0
TXN101026,CUST9834,2024-02-18,09:44:42,ATM Withdrawal,Groceries,31088.34,Mastercard,0,,710,48,18,9,395.1,Kotak,Web Browser,2,0,1178,1
TXN101027,CUST6174,2022-08-25,14:11:42,POS Terminal,Restaurant,12348.5,RuPay,0,48,242,162,2,14,251.3,HSBC,ATM,1,0,107,0
TXN101028,CUST6692,2023-10-09,21:30:29,POS Terminal,Luxury,38054.16,Discover,1,21,997,234,4,21,463.9,HSBC,Mobile App,2,0,554,1
TXN101029,CUST4984,2022-08-19,08:41:18,Contactless Payment,Groceries,37465.34,RuPay,0,24,2688,293,18,8,410.5,HSBC,POS Machine,0,0,666,0
TXN101030,CUST3127,2024-11-04,19:55:31,POS Terminal,Restaurant,2972.18,Mastercard,0,22,879,171,2,19,170.1,HDFC,Mobile App,1,0,586,0
TXN101031,CUST7639,2023-12-03,07:22:57,Contactless Payment,Pharmacy,11425.67,RuPay,0,53,54,182,19,7,109.9,Yes Bank,ATM,1,0,207,0
TXN101032,CUST9882,2021-08-21,16:22:21,Online Purchase,Pharmacy,3725.81,RuPay,0,48,3217,360,19,16,93.4,Yes Bank,ATM,0,0,1321,0
TXN101033,CUST2354,2024-10-28,20:51:10,Online Purchase,Restaurant,83506.46,RuPay,0,61,1789,158,12,20,354.5,HDFC,Mobile App,3,0,536,1
TXN101034,CUST3763,2022-05-23,07:57:02,Contactless Payment,Fuel,11390.25,Discover,1,51,1216,107,12,7,33.2,Kotak,Web Browser,0,0,89,0
TXN101035,CUST3317,2024-10-21,04:19:28,ATM Withdrawal,Restaurant,13925.2,Discover,1,53,774,318,2,4,386.7,Citibank,Web Browser,1,0,673,0
TXN101036,CUST4415,2021-05-14,13:48:57,Bank Transfer,Travel,29093.57,Mastercard,0,31,1945,211,11,13,244.6,Yes Bank,POS Machine,0,0,209,0
TXN101037,CUST8222,2022-07-01,18:36:18,Bank Transfer,Clothing,29397.26,Amex,1,,1890,203,11,18,340.4,HDFC,POS Machine,1,0,809,0
TXN101038,CUST8515,2024-12-07,23:59:18,POS Terminal,Luxury,5789.43,Amex,1,33,3191,143,14,23,249.9,SBI,Tablet,0,0,948,1
TXN101039,CUST7119,2022-06-23,09:02:33,ATM Withdrawal,Groceries,7070.22,Discover,0,68,748,134,9,9,174.3,Kotak,ATM,0,0,403,0
TXN101040,CUST1649,2024-11-05,12:57:42,Online Purchase,Entertainment,3207.37,Visa,0,30,407,480,8,12,97.5,Axis,Mobile App,0,1,1107,0
TXN101041,CUST8909,2022-04-21,09:52:11,Bank Transfer,Electronics,3649.35,RuPay,0,34,1275,144,6,9,27.6,Citibank,POS Machine,0,0,,0
TXN101042,CUST7816,2024-04-06,12:11:14,ATM Withdrawal,Groceries,25788.89,Discover,0,72,1675,403,16,12,121.9,Kotak,Mobile App,2,0,583,1
TXN101043,CUST9997,2023-08-17,15:21:50,Online Purchase,Restaurant,5152.68,Discover,0,48,3570,140,20,15,98.4,Citibank,ATM,0,0,609,0
TXN101044,CUST3673,2022-11-16,22:55:22,Mobile Payment,Groceries,19762.32,Mastercard,0,34,2129,29,7,22,403.9,Yes Bank,Mobile App,1,0,526,0
TXN101045,CUST7203,2022-08-04,07:29:06,ATM Withdrawal,Travel,19340.21,Discover,0,34,510,196,10,7,291.0,SBI,Mobile App,0,0,,1
TXN101046,CUST2744,2023-11-16,00:53:27,Online Purchase,Electronics,87418.56,Amex,0,33,1201,85,2,0,1.1,Axis,ATM,0,0,1128,0
TXN101047,CUST6331,2021-02-13,21:38:55,Contactless Payment,Groceries,2070.16,Amex,0,52,1034,251,18,21,447.5,Kotak,ATM,0,0,1149,0
TXN101048,CUST9237,2023-07-03,10:56:26,ATM Withdrawal,Clothing,15004.18,Amex,0,42,2737,355,3,10,43.1,Citibank,POS Machine,4,0,411,0
TXN101049,CUST7267,2023-08-10,19:44:19,POS Terminal,Luxury,117244.4,RuPay,0,62,3578,465,20,19,119.5,Axis,POS Machine,5,1,1029,1
TXN101050,CUST7475,2022-04-15,17:49:01,Online Purchase,Groceries,2423.76,Amex,0,20,3504,106,2,17,156.0,,Web Browser,0,0,157,0
TXN101051,CUST9074,2021-09-28,05:58:24,Online Purchase,Restaurant,9283.4,Mastercard,0,50,341,385,4,5,383.3,SBI,Tablet,0,0,166,0
TXN101052,CUST5474,2023-07-27,03:18:59,POS Terminal,Electronics,5817.45,Mastercard,0,75,2631,26,7,3,16.0,Barclays,ATM,0,0,690,0
TXN101053,CUST9065,2021-01-26,10:41:45,Online Purchase,Groceries,1376.45,Amex,0,56,3535,217,9,10,463.5,PNB,Tablet,0,0,258,0
TXN101054,CUST6792,2022-03-04,08:44:58,Online Purchase,Luxury,7100.8,Mastercard,0,24,1332,468,14,8,248.1,Kotak,Tablet,0,0,1213,0
TXN101055,CUST1429,2021-11-03,05:35:36,Bank Transfer,Clothing,5278.09,Visa,0,73,339,423,14,5,480.9,Barclays,,0,0,15,0
TXN101056,CUST1620,2022-12-19,16:02:39,Contactless Payment,Pharmacy,25768.38,Visa,1,70,3115,371,18,16,144.2,Citibank,ATM,0,1,996,1
TXN101057,CUST4166,2024-01-24,03:39:24,Contactless Payment,Pharmacy,5577.03,Amex,0,51,3613,432,3,3,262.1,HSBC,POS Machine,0,0,242,0
TXN101058,CUST4990,2024-09-18,14:15:40,POS Terminal,Clothing,36041.16,Amex,0,68,579,20,8,14,82.0,Yes Bank,Web Browser,0,0,811,0
TXN101059,CUST5208,2023-05-03,05:10:56,Mobile Payment,Jewellery,72620.21,Visa,0,55,1313,484,12,5,267.4,Axis,Mobile App,0,0,113,1
TXN101060,CUST3873,2023-02-11,16:54:30,Mobile Payment,Clothing,13505.52,Mastercard,0,72,2733,166,15,16,429.6,Yes Bank,ATM,1,0,504,0
TXN101061,CUST8661,2024-11-22,21:53:26,Contactless Payment,Clothing,20068.63,Discover,0,37,2194,83,12,21,499.2,Axis,Tablet,2,0,820,1
TXN101062,CUST2361,2023-11-28,16:40:51,ATM Withdrawal,Travel,23717.25,Mastercard,0,36,2213,146,1,16,475.0,Yes Bank,Tablet,2,1,461,0
TXN101063,CUST9541,2022-10-21,04:35:46,Contactless Payment,Pharmacy,20611.51,Visa,0,75,1035,144,4,4,189.6,Kotak,POS Machine,0,0,1425,0
TXN101064,CUST8456,2022-06-23,10:19:24,Bank Transfer,Groceries,87473.01,Amex,0,54,1339,346,19,10,414.1,Kotak,Mobile App,3,0,400,1
TXN101065,CUST8705,2023-12-01,17:59:04,POS Terminal,Fuel,2524.8,Visa,1,23,2941,486,19,17,489.8,Axis,Web Browser,0,0,231,0
TXN101066,CUST3087,2022-01-24,01:02:43,ATM Withdrawal,Groceries,14263.74,Discover,0,40,1659,6,16,1,22.3,Axis,ATM,3,0,62,1
TXN101067,CUST2729,2024-12-25,07:22:51,Online Purchase,Clothing,16549.46,Discover,0,75,2423,379,13,7,41.2,SBI,POS Machine,0,1,923,0
TXN101068,CUST3329,2023-01-19,10:27:41,POS Terminal,Pharmacy,6967.3,Amex,0,46,2292,121,3,10,432.3,Kotak,Web Browser,0,1,1008,0
TXN101069,CUST4992,2021-11-21,13:14:08,Contactless Payment,Restaurant,8571.53,Visa,1,47,1364,468,14,13,45.0,Barclays,POS Machine,1,0,302,0
TXN101070,CUST6338,2022-08-08,11:04:30,Bank Transfer,Jewellery,56963.65,Discover,0,53,3635,267,18,11,396.9,HSBC,Tablet,2,0,134,1
TXN101071,CUST3430,2022-02-07,21:32:22,Contactless Payment,Electronics,1100.87,Amex,0,67,3367,299,19,21,390.4,,ATM,0,0,444,0
TXN101072,CUST9856,2023-10-18,11:58:26,Contactless Payment,Fuel,9755.55,Visa,0,59,2205,136,9,11,93.5,SBI,,0,1,1342,0
TXN101073,CUST7829,2022-01-07,08:56:40,Online Purchase,Fuel,33948.63,Visa,0,27,818,244,9,8,50.6,SBI,POS Machine,1,0,1326,0
TXN101074,CUST5667,2021-09-07,02:32:41,Mobile Payment,Restaurant,39686.51,Amex,0,73,2393,34,16,2,288.6,HSBC,ATM,0,0,598,1
TXN101075,CUST3355,2023-12-10,05:52:52,Online Purchase,Luxury,18186.17,Discover,0,26,648,119,17,5,396.9,Barclays,ATM,0,0,776,1
TXN101076,CUST9518,2023-04-28,00:27:24,Contactless Payment,Jewellery,7406.53,Mastercard,0,46,1172,486,2,0,447.1,HDFC,Mobile App,,0,1177,0
TXN101077,CUST5029,2022-09-10,22:20:58,POS Terminal,Pharmacy,5253.97,RuPay,0,33,601,265,4,22,32.2,Citibank,POS Machine,0,0,459,0
TXN101078,CUST4126,2021-04-17,12:01:45,Contactless Payment,Restaurant,12035.44,Discover,0,37,1843,96,8,12,,Barclays,Web Browser,1,1,686,0
TXN101079,CUST9103,2023-05-07,02:17:45,POS Terminal,Fuel,35288.25,Amex,0,27,2524,360,14,2,477.6,,ATM,5,0,686,1
TXN101080,CUST4773,2024-05-13,03:47:35,Contactless Payment,Travel,5078.17,RuPay,0,64,2141,37,14,3,442.9,SBI,ATM,0,0,1013,0
TXN101081,CUST1814,2023-06-03,10:03:41,Online Purchase,Electronics,26446.9,Mastercard,0,37,2375,192,20,10,395.7,PNB,Tablet,,0,,0
TXN101082,CUST5050,2023-03-03,11:50:27,Online Purchase,Travel,17685.5,Discover,1,45,1261,189,6,11,104.1,ICICI,ATM,,0,81,0
TXN101083,CUST8217,2021-02-05,07:41:20,Online Purchase,Pharmacy,45380.94,Mastercard,0,58,1534,375,20,7,206.2,SBI,POS Machine,1,0,234,0
TXN101084,CUST5277,2021-04-09,23:37:01,Mobile Payment,Groceries,14977.71,Discover,1,28,2616,300,4,23,283.4,Kotak,Tablet,4,0,727,0
TXN101085,CUST7117,2024-07-16,13:01:59,Contactless Payment,Travel,37345.79,Discover,1,72,3323,70,15,13,167.6,Citibank,Tablet,0,0,1206,1
TXN101086,CUST4045,2021-08-23,13:01:51,Bank Transfer,Luxury,8191.66,RuPay,0,71,813,190,3,13,194.4,Axis,POS Machine,0,0,887,0
TXN101087,CUST4793,2021-06-03,02:39:39,POS Terminal,Electronics,99050.87,Mastercard,0,54,189,274,16,2,215.7,Kotak,ATM,1,0,853,1
TXN101088,CUST7505,2024-08-18,14:59:13,Bank Transfer,Electronics,30920.19,Discover,0,44,1877,127,20,14,23.3,PNB,Tablet,4,0,1286,1
TXN101089,CUST8756,2022-04-13,23:35:57,Online Purchase,Restaurant,6819.24,Amex,0,51,821,207,14,23,8.1,SBI,Tablet,0,0,342,0
TXN101090,CUST5078,2023-04-27,15:27:53,Online Purchase,Luxury,607.62,Visa,0,55,1090,419,14,15,119.4,SBI,Tablet,,1,1376,0
TXN101091,CUST8309,2024-08-06,15:20:38,Bank Transfer,Clothing,8139.9,Visa,0,60,3011,187,13,15,375.4,SBI,Mobile App,0,0,455,0
TXN101092,CUST1097,2023-10-16,19:44:39,Contactless Payment,Clothing,69991.62,Discover,0,59,1237,212,7,19,306.7,Citibank,Tablet,1,0,735,0
TXN101093,CUST9067,2022-02-02,06:18:21,Contactless Payment,Entertainment,29155.88,Discover,0,55,2008,64,16,6,119.4,HDFC,POS Machine,4,1,481,1
TXN101094,CUST9215,2022-05-17,19:30:13,Bank Transfer,Pharmacy,1280.24,Amex,0,30,3343,326,1,19,8.9,Yes Bank,POS Machine,0,0,298,0
TXN101095,CUST6564,2021-02-05,13:28:13,Mobile Payment,Entertainment,4944.85,RuPay,0,74,2604,492,4,13,385.2,Kotak,ATM,0,0,231,0
TXN101096,CUST8674,2024-07-06,18:11:19,POS Terminal,Groceries,26229.75,RuPay,0,19,2450,260,18,18,435.7,Axis,Mobile App,0,0,117,1
TXN101097,CUST2299,2021-03-22,20:18:47,POS Terminal,Travel,3334.48,RuPay,0,47,2158,144,3,20,52.3,ICICI,Mobile App,0,0,1310,0
TXN101098,CUST3631,2021-09-25,16:01:48,Online Purchase,Electronics,1522.4,Discover,0,66,803,296,10,16,155.5,ICICI,Mobile App,1,0,106,0
TXN101099,CUST5083,2022-10-23,02:16:04,Mobile Payment,Electronics,7065.17,Mastercard,0,52,3187,414,19,2,216.8,Axis,Mobile App,0,1,1112,0
TXN101100,CUST4050,2022-03-12,09:15:48,Bank Transfer,Jewellery,5344.34,Mastercard,0,26,2815,109,10,9,,HSBC,POS Machine,0,0,393,0
TXN101101,CUST9551,2023-03-18,15:09:37,ATM Withdrawal,Entertainment,29772.25,Mastercard,0,18,1175,310,15,15,257.4,Barclays,Tablet,0,1,826,1
TXN101102,CUST8377,2021-04-07,14:39:57,Online Purchase,Restaurant,21027.01,Amex,0,65,2329,276,15,14,250.0,Barclays,Mobile App,0,1,1328,0
TXN101103,CUST5107,2023-04-06,15:52:09,Mobile Payment,Pharmacy,3510.07,Mastercard,0,24,184,496,2,15,195.6,Kotak,POS Machine,1,0,362,0
TXN101104,CUST3748,2024-08-04,05:36:21,Online Purchase,Groceries,56604.59,Discover,0,63,3048,10,20,5,3.3,Kotak,Tablet,1,0,1341,0
TXN101105,CUST7007,2022-09-04,17:44:33,Contactless Payment,Groceries,60675.89,RuPay,0,26,73,414,17,17,0.9,PNB,,0,0,32,0
TXN101106,CUST9255,2023-08-03,22:15:44,Bank Transfer,Fuel,3408.98,Mastercard,0,45,2453,162,8,22,275.4,Yes Bank,ATM,4,0,111,0
TXN101107,CUST3884,2024-09-14,13:24:32,Mobile Payment,Restaurant,7598.36,RuPay,0,20,1585,197,4,13,226.0,Axis,ATM,3,0,361,0
TXN101108,CUST6468,2024-06-28,13:59:03,Mobile Payment,Pharmacy,47476.05,Mastercard,1,36,2801,30,9,13,280.3,HSBC,POS Machine,0,1,636,0
TXN101109,CUST2388,2023-06-28,16:59:43,POS Terminal,Fuel,13226.9,RuPay,0,49,1854,422,7,16,216.7,PNB,Mobile App,0,0,107,0
TXN101110,CUST8997,2021-07-22,15:37:19,POS Terminal,Clothing,26581.76,Visa,0,45,2292,21,16,15,54.6,HDFC,Web Browser,0,0,1090,0
TXN101111,CUST2177,2021-03-25,04:35:21,POS Terminal,Groceries,10406.02,Visa,0,66,74,92,1,4,187.7,SBI,ATM,1,0,1318,0
TXN101112,CUST6326,2024-10-19,23:29:43,Mobile Payment,Clothing,37661.1,RuPay,0,26,769,180,2,23,312.3,PNB,Tablet,0,0,581,1
TXN101113,CUST5484,2024-04-25,10:29:16,Bank Transfer,Pharmacy,34419.53,Amex,1,64,3473,190,14,10,379.3,Barclays,Tablet,0,0,947,0
TXN101114,CUST6209,2024-10-09,15:51:24,Mobile Payment,Restaurant,137420.49,RuPay,0,22,629,72,8,15,,HSBC,Mobile App,1,0,547,0
TXN101115,CUST2359,2021-10-13,01:43:31,Bank Transfer,Electronics,52843.23,RuPay,0,40,3629,246,17,1,44.6,Axis,Web Browser,0,0,10,1
TXN101116,CUST9715,2024-06-22,14:09:38,Mobile Payment,Electronics,22925.0,Visa,0,71,616,122,11,14,310.1,ICICI,ATM,0,0,384,0
TXN101117,CUST7401,2022-04-01,14:47:35,Bank Transfer,Restaurant,22807.57,RuPay,0,66,2203,240,14,14,339.6,Axis,POS Machine,0,0,585,0
TXN101118,CUST2441,2021-09-07,16:58:14,POS Terminal,Restaurant,43459.33,RuPay,1,23,3476,200,10,16,62.4,Citibank,Web Browser,3,0,567,0
TXN101119,CUST8545,2022-09-14,11:10:11,ATM Withdrawal,Luxury,14476.11,Discover,0,59,707,224,16,11,284.4,Citibank,POS Machine,0,0,59,0
TXN101120,CUST5191,2023-04-21,08:37:46,Contactless Payment,Clothing,67132.49,Mastercard,0,43,1055,412,15,8,309.8,PNB,Mobile App,3,1,158,0
TXN101121,CUST3919,2021-11-06,02:30:08,ATM Withdrawal,Electronics,58218.8,Mastercard,0,53,982,154,2,2,380.7,Barclays,POS Machine,0,0,59,1
TXN101122,CUST5300,2022-08-11,22:39:48,POS Terminal,Luxury,18000.93,Discover,0,42,349,79,6,22,193.1,SBI,Tablet,0,1,1303,0
TXN101123,CUST5565,2021-04-27,15:30:53,POS Terminal,Fuel,6082.1,Visa,1,24,341,129,5,15,497.4,Yes Bank,Web Browser,0,0,1385,0
TXN101124,CUST6022,2021-11-11,09:24:34,Mobile Payment,Clothing,10423.06,Amex,0,58,2309,375,13,9,456.4,HSBC,Mobile App,1,0,728,0
TXN101125,CUST7862,2022-01-06,05:05:01,Online Purchase,Luxury,12428.42,RuPay,0,46,1925,330,11,5,481.4,Yes Bank,Tablet,0,0,384,0
TXN101126,CUST3128,2021-09-12,06:45:08,ATM Withdrawal,Travel,19652.91,Visa,1,52,1524,97,12,6,364.5,SBI,POS Machine,0,0,219,0
TXN101127,CUST1308,2024-09-25,11:32:34,ATM Withdrawal,Jewellery,5050.46,Discover,0,75,213,279,2,11,215.2,Axis,Mobile App,1,0,193,0
TXN101128,CUST3401,2021-11-02,11:13:29,Mobile Payment,Groceries,11388.33,Visa,0,65,3200,47,19,11,453.5,Citibank,POS Machine,0,0,492,0
TXN101129,CUST5175,2022-02-02,20:41:10,Contactless Payment,Entertainment,5450.13,Amex,0,,402,496,10,20,238.3,Yes Bank,POS Machine,0,0,978,0
TXN101130,CUST8035,2021-03-25,12:59:17,Contactless Payment,Travel,2930.79,Discover,0,42,1201,199,11,12,291.9,Citibank,Web Browser,1,1,181,0
TXN101131,CUST3185,2023-02-09,23:42:48,Mobile Payment,Entertainment,21863.7,Amex,0,53,3180,256,16,23,52.0,Axis,Web Browser,1,0,556,1
TXN101132,CUST1934,2024-12-15,22:42:10,ATM Withdrawal,Luxury,25696.43,Amex,0,30,1747,169,9,22,201.3,Barclays,Tablet,5,0,464,0
TXN101133,CUST5969,2023-04-10,19:14:13,Bank Transfer,Fuel,4411.52,Visa,0,69,1063,392,13,19,119.7,Yes Bank,Web Browser,1,0,20,0
TXN101134,CUST7057,2023-09-25,15:16:53,Bank Transfer,Electronics,8022.89,Discover,0,36,3639,467,12,15,21.7,Barclays,Web Browser,1,0,857,0
TXN101135,CUST3345,2021-12-12,06:07:42,POS Terminal,Pharmacy,3468.32,RuPay,1,19,2083,97,17,6,,PNB,ATM,0,0,1098,0
TXN101136,CUST2533,2023-10-24,08:19:47,ATM Withdrawal,Fuel,3358.02,Amex,1,32,1636,327,4,8,161.2,HDFC,Tablet,1,0,340,0
TXN101137,CUST6468,2024-08-06,02:30:40,Contactless Payment,Entertainment,44050.51,Discover,0,29,1400,330,2,2,417.0,Citibank,ATM,5,0,1363,1
TXN101138,CUST8606,2021-08-13,21:54:41,Contactless Payment,Entertainment,1216.35,Visa,0,22,768,288,19,21,24.1,,Mobile App,0,1,1199,0
TXN101139,CUST3634,2022-05-11,15:43:37,ATM Withdrawal,Fuel,13703.81,Visa,0,66,111,279,11,15,315.1,Barclays,Mobile App,1,1,13,0
TXN101140,CUST9650,2021-08-19,01:36:33,Contactless Payment,Restaurant,5015.13,Mastercard,0,71,2042,357,15,1,135.6,ICICI,Tablet,0,0,661,0
TXN101141,CUST8879,2024-10-07,21:44:10,Online Purchase,Groceries,1842.41,Mastercard,1,55,462,221,15,21,196.5,Barclays,Tablet,0,0,55,0
TXN101142,CUST1051,2022-09-05,04:54:44,ATM Withdrawal,Jewellery,16473.96,Amex,0,53,1642,468,20,4,471.2,Citibank,Tablet,0,0,727,1
TXN101143,CUST5947,2024-05-13,20:49:33,Mobile Payment,Restaurant,8957.94,Discover,0,57,2400,337,8,20,476.1,Kotak,POS Machine,0,0,947,0
TXN101144,CUST1444,2024-11-06,19:10:10,Contactless Payment,Jewellery,14271.58,Amex,0,60,2750,106,3,19,196.4,HDFC,Mobile App,0,0,539,0
TXN101145,CUST1994,2023-06-28,06:27:09,Contactless Payment,Restaurant,5505.0,RuPay,1,63,3164,450,16,6,145.9,Axis,Web Browser,0,0,273,0
TXN101146,CUST6273,2024-04-01,15:15:21,Contactless Payment,Pharmacy,20870.05,Discover,0,50,141,211,20,15,423.1,HSBC,Mobile App,0,1,290,1
TXN101147,CUST4810,2024-12-12,01:45:57,POS Terminal,Restaurant,26121.41,Discover,0,33,1947,52,9,1,90.1,,ATM,2,0,697,0
TXN101148,CUST4042,2023-07-08,15:26:53,Mobile Payment,Travel,3623.92,RuPay,0,48,214,237,17,15,137.0,Kotak,ATM,1,0,1137,0
TXN101149,CUST4828,2021-11-22,21:30:27,POS Terminal,Groceries,2762.23,Mastercard,0,33,2726,465,12,21,278.5,ICICI,Mobile App,0,0,401,0
TXN101150,CUST3160,2021-11-28,01:37:13,Mobile Payment,Entertainment,2370.54,Mastercard,0,35,3606,160,13,1,404.4,SBI,ATM,1,0,147,0
TXN101151,CUST8750,2022-10-25,16:56:01,POS Terminal,Luxury,51417.21,Visa,0,28,1083,449,1,16,264.3,HDFC,,0,1,1156,1
TXN101152,CUST5674,2023-08-15,05:30:52,Mobile Payment,Fuel,65767.35,Amex,1,21,3156,243,13,5,377.3,Axis,Web Browser,0,1,1195,1
TXN101153,CUST5167,2021-08-19,17:57:58,Online Purchase,Groceries,1479.91,Visa,1,27,3165,410,19,17,95.8,Axis,POS Machine,0,0,927,0
TXN101154,CUST6971,2021-12-11,08:32:51,Contactless Payment,Groceries,10433.47,Amex,0,23,3621,96,8,8,127.9,SBI,POS Machine,0,0,1071,0
TXN101155,CUST2897,2023-07-10,08:22:58,ATM Withdrawal,Travel,2579.33,Amex,0,61,1222,275,14,8,373.1,PNB,Tablet,1,0,452,0
TXN101156,CUST6330,2022-10-03,23:14:42,ATM Withdrawal,Jewellery,312.4,Visa,0,41,1278,162,3,23,209.8,Kotak,Mobile App,0,0,1408,0
TXN101157,CUST5364,2023-08-24,22:34:13,ATM Withdrawal,Entertainment,6583.34,Discover,0,50,2583,215,15,22,326.1,Yes Bank,Mobile App,0,0,266,0
TXN101158,CUST3465,2023-04-27,17:20:21,Mobile Payment,Jewellery,757.53,Mastercard,0,36,1051,206,12,17,386.2,Axis,ATM,0,0,511,0
TXN101159,CUST7338,2022-12-09,01:19:25,Contactless Payment,Luxury,47755.54,Discover,1,30,466,418,11,1,409.5,SBI,,3,0,771,1
TXN101160,CUST1773,2021-01-26,19:17:40,Contactless Payment,Groceries,7468.04,Mastercard,0,23,419,394,15,19,165.7,SBI,Web Browser,2,0,1149,0
TXN101161,CUST2558,2023-04-19,09:55:24,Bank Transfer,Electronics,27843.93,RuPay,1,50,1638,468,3,9,459.8,,Tablet,0,0,888,1
TXN101162,CUST1589,2023-11-17,23:39:38,Online Purchase,Jewellery,33391.36,Amex,0,32,141,394,5,23,283.6,PNB,POS Machine,0,0,12,1
TXN101163,CUST2339,2023-12-27,06:25:57,POS Terminal,Pharmacy,18981.34,Discover,0,54,1222,316,10,6,295.4,HDFC,Tablet,2,1,1289,0
TXN101164,CUST7021,2023-09-19,16:19:13,Online Purchase,Electronics,17292.71,Visa,0,66,64,8,2,16,381.1,Axis,Web Browser,0,1,110,0
TXN101165,CUST6677,2021-08-25,20:10:15,Contactless Payment,Pharmacy,18441.29,Mastercard,0,73,2359,324,5,20,213.4,Axis,Tablet,2,0,1172,1
TXN101166,CUST6449,2023-10-02,14:08:54,Bank Transfer,Groceries,1146.21,Amex,0,42,324,425,1,14,93.4,SBI,Web Browser,0,0,1171,0
TXN101167,CUST2550,2021-09-08,16:44:51,Mobile Payment,Travel,143659.63,RuPay,1,44,2123,484,8,16,,PNB,Mobile App,2,0,1249,1
TXN101168,CUST4445,2023-06-13,09:14:47,ATM Withdrawal,Clothing,12856.74,Visa,0,31,1502,19,10,9,138.6,Barclays,ATM,2,1,1306,0
TXN101169,CUST5481,2022-02-22,02:25:14,Online Purchase,Fuel,17371.18,RuPay,0,25,3139,319,10,2,465.5,Citibank,ATM,1,1,46,1
TXN101170,CUST3691,2022-05-25,03:18:52,Contactless Payment,Restaurant,7905.79,Visa,0,27,2040,89,11,3,249.4,Kotak,ATM,3,0,999,0
TXN101171,CUST7808,2021-10-17,10:01:28,Bank Transfer,Restaurant,51879.85,Amex,0,64,558,225,13,10,498.7,ICICI,Web Browser,1,1,1037,1
TXN101172,CUST9249,2022-10-23,15:23:34,Mobile Payment,Jewellery,2249.57,Visa,0,35,964,150,10,15,176.2,HDFC,Web Browser,2,0,1191,0
TXN101173,CUST2698,2023-10-04,08:07:17,Online Purchase,Electronics,8184.62,Discover,0,28,968,390,10,8,107.4,Axis,ATM,1,0,1424,0
TXN101174,CUST5613,2021-03-16,17:32:58,Contactless Payment,Electronics,799.23,Visa,0,23,1847,374,7,17,403.7,HSBC,POS Machine,0,0,646,0
TXN101175,CUST7944,2023-11-09,07:00:21,Online Purchase,Travel,54200.87,Visa,0,54,3504,143,14,7,412.7,Axis,Mobile App,0,1,1367,1
TXN101176,CUST3956,2021-03-23,05:00:29,Bank Transfer,Jewellery,30356.08,Visa,1,34,1464,470,17,5,280.9,Yes Bank,POS Machine,0,1,26,1
TXN101177,CUST5915,2024-06-06,01:02:25,Online Purchase,Travel,4400.34,Visa,0,60,2468,441,13,1,372.9,Citibank,Mobile App,,0,38,0
TXN101178,CUST1195,2022-04-15,05:07:23,Bank Transfer,Pharmacy,44887.1,RuPay,0,25,573,26,16,5,328.1,Kotak,Web Browser,2,1,1379,1
TXN101179,CUST4009,2022-12-05,17:15:01,Mobile Payment,Entertainment,2116.62,RuPay,0,69,857,134,3,17,84.3,PNB,POS Machine,1,0,780,0
TXN101180,CUST8141,2024-01-01,10:36:44,Contactless Payment,Pharmacy,8511.08,Mastercard,0,71,35,396,10,10,406.8,ICICI,ATM,0,0,68,0
TXN101181,CUST9753,2024-09-28,02:06:06,ATM Withdrawal,Electronics,44926.29,Amex,1,50,1822,131,19,2,371.9,Barclays,Web Browser,0,0,620,1
TXN101182,CUST5798,2024-01-06,03:12:58,POS Terminal,Groceries,5167.98,Visa,0,63,390,469,19,3,268.6,Kotak,Tablet,0,0,925,0
TXN101183,CUST5554,2023-06-03,12:23:47,Bank Transfer,Entertainment,2555.6,Visa,0,56,326,2,5,12,271.4,HDFC,Tablet,0,0,1067,0
TXN101184,CUST4936,2024-11-07,22:28:43,Online Purchase,Clothing,29296.0,Discover,0,25,2077,74,14,22,,PNB,Web Browser,4,0,134,1
TXN101185,CUST2320,2021-02-06,05:52:14,Online Purchase,Fuel,11294.87,Discover,0,37,2497,439,4,5,267.6,Yes Bank,POS Machine,0,0,815,0
TXN101186,CUST4483,2024-11-09,09:49:17,Mobile Payment,Entertainment,5103.66,RuPay,0,67,3387,181,1,9,105.7,Kotak,Web Browser,1,1,1071,0
TXN101187,CUST1726,2021-09-22,13:24:29,Contactless Payment,Entertainment,4013.79,Mastercard,0,46,2103,128,19,13,453.4,SBI,POS Machine,0,0,346,0
TXN101188,CUST4095,2023-05-03,12:20:47,ATM Withdrawal,Groceries,37029.71,Amex,1,43,2478,22,1,12,462.0,SBI,Tablet,0,1,422,1
TXN101189,CUST5377,2021-02-09,19:04:04,Bank Transfer,Restaurant,34891.39,Mastercard,0,56,1995,359,19,19,273.4,Yes Bank,Web Browser,1,0,488,1
TXN101190,CUST9119,2022-12-17,08:09:59,POS Terminal,Jewellery,53580.23,Mastercard,1,26,1588,482,18,8,288.9,Citibank,POS Machine,0,0,1122,1
TXN101191,CUST2302,2024-12-25,11:17:57,POS Terminal,Clothing,26272.07,Amex,0,20,752,10,8,11,243.1,Yes Bank,ATM,0,1,456,0
TXN101192,CUST5860,2022-08-03,00:53:48,Bank Transfer,Pharmacy,4283.25,Visa,0,63,3175,69,17,0,369.8,Kotak,Web Browser,0,0,1262,0
TXN101193,CUST9336,2023-07-19,19:20:18,ATM Withdrawal,Clothing,47583.09,Amex,0,51,2465,153,1,19,157.6,Axis,Mobile App,1,0,955,0
TXN101194,CUST9608,2022-04-11,08:04:11,Online Purchase,Electronics,24382.23,Amex,0,59,2448,405,15,8,460.6,HDFC,Tablet,,0,,1
TXN101195,CUST8867,2021-04-04,21:53:25,Mobile Payment,Restaurant,43437.89,Amex,0,71,2265,424,17,21,213.3,SBI,Tablet,0,0,376,0
TXN101196,CUST6277,2021-04-21,23:49:36,Online Purchase,Groceries,22120.51,RuPay,0,65,1507,212,5,23,313.0,SBI,POS Machine,2,0,174,1
TXN101197,CUST8669,2023-02-12,16:25:00,Contactless Payment,Travel,35356.36,Amex,1,42,578,311,9,16,187.9,Kotak,POS Machine,0,0,751,0
TXN101198,CUST3562,2021-08-19,22:35:10,Online Purchase,Jewellery,112209.42,Mastercard,0,48,2318,263,3,22,280.2,Yes Bank,Mobile App,0,0,689,0
TXN101199,CUST6728,2022-05-14,16:23:36,Online Purchase,Clothing,16900.56,Discover,0,51,254,245,11,16,180.8,HDFC,POS Machine,1,0,1370,0
TXN101200,CUST2324,2024-11-26,06:45:15,POS Terminal,Clothing,3074.83,Visa,0,56,780,386,18,6,40.5,Barclays,POS Machine,0,0,680,0
TXN101201,CUST9191,2023-01-05,01:11:02,Contactless Payment,Clothing,31248.03,Discover,0,58,296,393,4,1,213.5,Kotak,ATM,0,0,1226,0
TXN101202,CUST4102,2023-10-25,09:38:33,POS Terminal,Clothing,53449.12,Mastercard,1,39,1931,346,15,9,47.6,Axis,Tablet,3,0,117,1
TXN101203,CUST1736,2022-05-18,13:50:18,ATM Withdrawal,Electronics,17445.92,Amex,0,,1073,130,8,13,43.0,Citibank,,1,1,1377,0
TXN101204,CUST6315,2021-08-10,07:45:45,Online Purchase,Fuel,1059.4,Mastercard,0,59,899,262,1,7,335.7,ICICI,POS Machine,0,0,367,0
TXN101205,CUST8168,2024-01-09,09:11:06,Online Purchase,Clothing,10669.62,RuPay,0,27,1670,487,10,9,50.6,PNB,Mobile App,0,0,340,0
TXN101206,CUST1473,2022-06-10,11:59:03,Bank Transfer,Fuel,6717.32,Visa,1,69,3625,37,3,11,89.3,Yes Bank,POS Machine,0,0,1103,0
TXN101207,CUST5036,2022-11-23,22:50:12,POS Terminal,Clothing,1704.79,Visa,0,42,3359,94,14,22,222.9,ICICI,Mobile App,0,0,181,0
TXN101208,CUST6726,2023-05-15,01:36:14,Online Purchase,Travel,1286.11,Amex,0,25,148,402,7,1,397.7,HDFC,Tablet,0,0,1150,0
TXN101209,CUST8110,2021-05-13,04:28:06,Mobile Payment,Electronics,521.86,Amex,0,49,1135,454,20,4,107.0,Kotak,ATM,0,0,260,0
TXN101210,CUST9641,2024-11-06,11:08:33,Contactless Payment,Restaurant,1910.19,RuPay,0,26,2431,429,8,11,353.7,ICICI,Tablet,0,0,1288,0
TXN101211,CUST7859,2023-09-19,00:41:11,Contactless Payment,Restaurant,2734.24,Mastercard,1,68,276,307,7,0,76.4,HDFC,ATM,0,0,91,0
TXN101212,CUST4180,2021-05-06,10:41:07,Online Purchase,Entertainment,3831.26,Mastercard,0,28,572,439,9,10,325.3,,Web Browser,0,0,428,0
TXN101213,CUST4655,2024-07-17,20:00:06,Contactless Payment,Jewellery,28094.64,Amex,0,55,3280,213,7,20,354.5,Yes Bank,Tablet,0,0,642,0
TXN101214,CUST9976,2021-12-24,04:18:29,POS Terminal,Clothing,2841.76,Visa,1,52,2887,163,18,4,386.7,Axis,ATM,0,0,603,0
TXN101215,CUST5738,2023-08-09,05:06:51,Bank Transfer,Travel,8595.6,Visa,0,47,3235,290,1,5,482.4,Citibank,Tablet,0,0,910,0
TXN101216,CUST1078,2021-10-16,06:35:39,Mobile Payment,Electronics,2765.63,Visa,1,73,3647,66,1,6,379.4,ICICI,Mobile App,0,0,1370,0
TXN101217,CUST2273,2022-06-16,09:22:16,Contactless Payment,Restaurant,18012.47,Mastercard,0,48,2237,183,2,9,289.8,HSBC,Web Browser,2,0,740,1
TXN101218,CUST2215,2022-10-26,20:00:08,ATM Withdrawal,Luxury,13697.86,Amex,0,75,3483,362,15,20,195.5,Kotak,ATM,0,1,197,0
TXN101219,CUST7830,2022-11-09,03:09:19,Bank Transfer,Entertainment,25430.39,RuPay,0,24,81,252,1,3,79.3,Kotak,ATM,0,0,1131,0
TXN101220,CUST8571,2022-06-01,17:31:31,Online Purchase,Jewellery,13439.76,Visa,0,20,612,457,6,17,285.0,ICICI,Tablet,0,0,1197,0
TXN101221,CUST4648,2021-03-20,11:24:40,POS Terminal,Jewellery,24853.54,Visa,1,34,1026,103,12,11,93.0,PNB,Tablet,1,0,521,0
TXN101222,CUST8479,2021-11-01,06:36:33,Online Purchase,Restaurant,57150.45,Amex,0,21,630,235,19,6,212.8,ICICI,Web Browser,1,1,213,1
TXN101223,CUST2653,2024-03-11,16:31:18,Bank Transfer,Luxury,13956.09,Amex,0,23,1088,465,13,16,52.8,Barclays,Tablet,1,0,1018,0
TXN101224,CUST9601,2024-05-03,02:31:05,Online Purchase,Jewellery,991.18,Visa,0,55,3531,31,9,2,304.7,HSBC,POS Machine,1,0,715,0
TXN101225,CUST9427,2023-04-13,20:19:08,POS Terminal,Groceries,7740.4,Amex,0,40,103,193,8,20,340.0,SBI,Web Browser,0,0,895,0
TXN101226,CUST4081,2022-08-14,20:35:36,POS Terminal,Clothing,35728.09,Visa,0,58,2806,145,16,20,255.2,Yes Bank,Mobile App,5,0,89,0
TXN101227,CUST4319,2023-03-24,23:44:25,Mobile Payment,Electronics,89678.48,RuPay,0,58,1708,14,10,23,130.7,HDFC,Web Browser,0,0,1357,0
TXN101228,CUST2448,2022-04-26,14:57:08,ATM Withdrawal,Travel,11369.22,Visa,1,33,2115,385,12,14,334.6,HSBC,Tablet,1,0,1336,1
TXN101229,CUST9035,2024-02-22,01:40:19,Contactless Payment,Pharmacy,20777.86,Mastercard,0,49,2845,340,15,1,98.2,PNB,Mobile App,0,0,618,0
TXN101230,CUST1057,2023-09-02,02:19:33,POS Terminal,Fuel,8205.28,Mastercard,0,25,3344,142,16,2,130.2,Kotak,Tablet,0,0,1188,0
TXN101231,CUST8928,2023-08-08,13:34:06,POS Terminal,Electronics,10012.37,Amex,0,21,3632,315,2,13,285.6,HDFC,ATM,0,0,576,0
TXN101232,CUST9436,2021-10-05,12:42:01,Online Purchase,Travel,5136.94,Mastercard,0,25,3526,448,18,12,457.5,HSBC,Tablet,0,1,38,0
TXN101233,CUST4405,2024-02-20,20:42:20,Mobile Payment,Entertainment,48755.99,Mastercard,0,20,551,207,11,20,488.2,ICICI,Tablet,1,0,322,0
TXN101234,CUST1197,2023-01-03,11:58:57,ATM Withdrawal,Entertainment,10167.19,Visa,0,70,1528,92,1,11,356.6,Axis,Mobile App,0,1,327,0
TXN101235,CUST6770,2023-11-03,20:46:12,POS Terminal,Clothing,13793.8,Amex,0,66,931,199,19,20,63.4,SBI,Web Browser,2,0,979,1
TXN101236,CUST9822,2024-03-03,20:40:46,Bank Transfer,Jewellery,3494.57,RuPay,0,49,2918,417,9,20,115.7,ICICI,ATM,1,0,525,0
TXN101237,CUST1371,2022-09-03,16:25:51,Contactless Payment,Clothing,15155.01,Amex,0,21,1355,464,20,16,22.6,Kotak,Tablet,0,1,882,0
TXN101238,CUST7804,2022-12-02,03:25:00,Mobile Payment,Fuel,32043.89,Discover,0,46,1203,390,17,3,15.3,HSBC,POS Machine,2,0,289,1
TXN101239,CUST3722,2024-12-06,07:33:38,Online Purchase,Electronics,3287.09,Mastercard,0,20,3356,372,3,7,203.8,Axis,POS Machine,1,0,1239,0
TXN101240,CUST3498,2024-01-07,00:37:05,ATM Withdrawal,Jewellery,57952.21,Visa,1,27,3628,473,16,0,496.5,Citibank,Mobile App,1,0,133,1
TXN101241,CUST2001,2024-06-04,06:01:42,POS Terminal,Restaurant,20427.83,Mastercard,0,50,3239,119,5,6,116.3,Barclays,Web Browser,0,1,626,0
TXN101242,CUST1830,2022-09-13,12:06:42,POS Terminal,Luxury,5026.72,RuPay,0,73,3374,43,14,12,249.1,Kotak,Web Browser,0,0,407,0
TXN101243,CUST9194,2021-11-28,13:48:10,Mobile Payment,Pharmacy,3066.59,Discover,0,49,3198,470,11,13,132.1,Barclays,,0,0,1255,0
TXN101244,CUST1265,2021-07-20,09:56:05,Mobile Payment,Jewellery,58649.72,Amex,0,23,1521,254,11,9,111.9,Kotak,ATM,0,1,1362,1
TXN101245,CUST9939,2024-01-15,22:07:22,Mobile Payment,Restaurant,7587.75,Visa,0,46,1398,214,20,22,250.4,HSBC,Web Browser,0,0,39,0
TXN101246,CUST2840,2024-05-11,23:50:27,Mobile Payment,Fuel,10469.57,Discover,0,57,223,314,2,23,201.2,SBI,POS Machine,0,1,711,0
TXN101247,CUST9321,2023-01-23,18:55:21,Contactless Payment,Luxury,28611.93,RuPay,0,37,2130,396,19,18,25.4,SBI,ATM,0,0,1099,0
TXN101248,CUST6969,2023-07-21,09:42:30,Online Purchase,Fuel,30939.98,RuPay,0,68,1439,312,6,9,398.7,PNB,ATM,5,0,1221,1
TXN101249,CUST7191,2024-04-22,22:22:21,Bank Transfer,Groceries,7767.87,Visa,0,21,64,181,1,22,262.2,Kotak,Web Browser,0,0,1268,0
TXN101250,CUST8816,2024-04-17,20:32:10,Bank Transfer,Electronics,28225.84,Mastercard,0,43,2738,322,7,20,29.9,Barclays,Tablet,0,0,392,0
TXN101251,CUST2865,2024-05-11,22:09:08,POS Terminal,Restaurant,2401.43,Visa,0,21,941,145,19,22,25.6,Kotak,POS Machine,1,1,900,0
TXN101252,CUST9864,2022-11-08,19:54:07,POS Terminal,Clothing,33589.46,Amex,0,66,997,422,4,19,385.4,Kotak,ATM,2,1,1153,1
TXN101253,CUST9255,2021-02-08,17:42:14,POS Terminal,Pharmacy,6432.79,Discover,1,45,657,489,7,17,195.6,HDFC,POS Machine,2,1,898,1
TXN101254,CUST5825,2023-11-10,21:29:11,Bank Transfer,Luxury,5747.71,Mastercard,0,35,3395,336,2,21,52.5,SBI,Tablet,1,0,436,0
TXN101255,CUST9362,2024-01-13,05:58:07,Contactless Payment,Luxury,43973.3,Amex,0,65,2340,280,15,5,340.0,PNB,POS Machine,1,0,1172,1
TXN101256,CUST4864,2023-06-28,18:33:56,Bank Transfer,Travel,52921.19,Mastercard,0,50,1074,449,16,18,426.8,PNB,ATM,,1,219,1
TXN101257,CUST8636,2022-05-15,20:17:30,Online Purchase,Pharmacy,4952.42,Visa,0,43,2572,143,5,20,109.1,PNB,Web Browser,5,0,287,0
TXN101258,CUST1676,2024-11-14,02:39:25,Online Purchase,Clothing,55911.71,Visa,1,53,3455,470,14,2,38.1,ICICI,Tablet,3,0,,1
TXN101259,CUST5361,2024-06-20,15:18:55,ATM Withdrawal,Clothing,24548.76,Visa,0,74,1869,396,12,15,336.1,Yes Bank,Tablet,2,0,1180,0
TXN101260,CUST5507,2022-06-07,14:42:06,Mobile Payment,Electronics,8545.1,Visa,0,32,245,3,13,14,196.8,Axis,Mobile App,0,0,1093,0
TXN101261,CUST2228,2024-11-02,16:26:45,Mobile Payment,Pharmacy,7324.02,RuPay,0,26,2699,219,11,16,466.1,SBI,Tablet,0,0,63,0
TXN101262,CUST3864,2024-12-08,10:05:28,ATM Withdrawal,Travel,16290.36,RuPay,1,41,290,18,19,10,396.0,HSBC,Web Browser,2,0,1430,1
TXN101263,CUST1200,2024-10-20,07:42:47,Bank Transfer,Entertainment,4145.58,Visa,0,22,3240,409,12,7,324.2,Axis,ATM,0,1,1253,0
TXN101264,CUST9518,2024-04-18,16:22:57,POS Terminal,Fuel,1337.34,Mastercard,0,20,2856,466,14,16,113.9,Barclays,Web Browser,1,0,434,0
TXN101265,CUST4048,2024-12-19,08:31:39,Bank Transfer,Pharmacy,5849.08,Visa,0,18,2365,465,9,8,460.3,ICICI,ATM,1,0,1396,0
TXN101266,CUST1901,2024-04-18,06:11:07,Bank Transfer,Pharmacy,25064.53,RuPay,0,19,2987,390,19,6,325.2,HSBC,Tablet,,0,858,1
TXN101267,CUST9145,2022-12-06,05:42:38,ATM Withdrawal,Electronics,53321.8,Discover,1,41,1661,157,18,5,45.7,HDFC,Mobile App,0,0,1436,1
TXN101268,CUST6440,2022-08-01,22:00:00,ATM Withdrawal,Jewellery,14233.23,Amex,1,22,1636,182,2,22,147.7,Yes Bank,Web Browser,0,0,482,0
TXN101269,CUST6523,2021-01-28,10:19:47,ATM Withdrawal,Pharmacy,13314.78,RuPay,0,23,1624,24,4,10,282.1,Kotak,Mobile App,0,0,24,0
TXN101270,CUST1286,2024-07-07,00:22:33,Mobile Payment,Pharmacy,48797.27,Discover,1,54,607,106,11,0,454.4,Citibank,Web Browser,0,0,1080,1
TXN101271,CUST3540,2023-07-18,21:06:40,Contactless Payment,Groceries,7644.29,Discover,0,37,2961,230,5,21,148.0,Yes Bank,Mobile App,0,1,1349,0
TXN101272,CUST3047,2022-02-19,14:47:35,ATM Withdrawal,Travel,3754.73,Visa,0,75,1395,385,4,14,69.5,HDFC,POS Machine,0,0,1323,0
TXN101273,CUST1124,2021-06-26,15:00:18,Mobile Payment,Electronics,24400.65,RuPay,0,,3564,412,6,15,69.9,PNB,Mobile App,0,0,128,0
TXN101274,CUST1461,2021-03-22,11:47:39,Bank Transfer,Restaurant,13364.17,Mastercard,0,36,2037,155,18,11,356.5,HDFC,ATM,1,0,986,0
TXN101275,CUST4950,2021-01-14,22:58:11,Online Purchase,Entertainment,10077.09,Mastercard,0,30,317,8,13,22,348.3,Barclays,POS Machine,0,0,1321,0
TXN101276,CUST1858,2023-12-19,17:47:42,ATM Withdrawal,Jewellery,18816.32,RuPay,1,66,1933,211,4,17,286.3,Yes Bank,Web Browser,0,0,,1
TXN101277,CUST2191,2021-03-26,07:29:19,ATM Withdrawal,Clothing,2720.67,Visa,1,46,2256,487,5,7,154.8,PNB,Tablet,0,1,156,0
TXN101278,CUST1717,2023-01-23,20:52:50,Online Purchase,Jewellery,5640.71,Discover,0,26,3172,407,9,20,94.1,SBI,Tablet,0,0,,0
TXN101279,CUST5913,2022-06-10,06:12:30,Mobile Payment,Luxury,71745.01,Visa,1,74,2612,496,17,6,376.4,SBI,Tablet,1,0,1140,1
TXN101280,CUST6039,2023-01-25,04:40:41,ATM Withdrawal,Clothing,7693.29,Mastercard,0,33,1442,387,5,4,356.4,Kotak,POS Machine,0,0,1023,0
TXN101281,CUST1957,2021-08-02,09:08:53,Bank Transfer,Clothing,28252.03,Discover,0,29,2490,217,17,9,328.5,HSBC,Web Browser,0,1,15,0
TXN101282,CUST6376,2021-06-17,11:47:23,Mobile Payment,Fuel,14175.26,Amex,0,61,862,121,7,11,204.8,Axis,POS Machine,0,0,836,0
TXN101283,CUST4090,2023-03-22,12:02:05,POS Terminal,Luxury,12724.84,RuPay,0,55,3291,283,8,12,204.4,HDFC,Web Browser,0,0,337,0
TXN101284,CUST4194,2024-04-19,16:42:58,POS Terminal,Luxury,24547.17,RuPay,1,64,3335,19,15,16,486.0,HDFC,ATM,0,0,1361,1
TXN101285,CUST4125,2023-07-22,20:20:00,Mobile Payment,Entertainment,2066.94,Visa,0,53,2771,422,10,20,293.3,Axis,POS Machine,1,0,315,0
TXN101286,CUST1188,2021-04-22,04:00:56,Bank Transfer,Luxury,13917.11,Discover,0,20,2922,332,19,4,89.2,Axis,POS Machine,0,0,1085,1
TXN101287,CUST8848,2021-04-09,02:20:37,ATM Withdrawal,Clothing,42187.66,RuPay,1,49,3122,400,18,2,359.5,ICICI,POS Machine,0,0,66,1
TXN101288,CUST1814,2022-10-07,06:57:48,Bank Transfer,Luxury,73943.0,Amex,0,24,2116,177,10,6,241.0,Citibank,POS Machine,0,0,621,1
TXN101289,CUST8527,2023-04-16,01:11:16,Bank Transfer,Travel,96564.83,Amex,0,24,1398,64,8,1,185.5,Yes Bank,POS Machine,3,0,1007,1
TXN101290,CUST1392,2022-09-04,16:22:48,Online Purchase,Pharmacy,14640.36,Visa,0,42,3310,292,11,16,188.8,ICICI,Mobile App,0,0,1100,0
TXN101291,CUST2337,2021-06-15,09:52:40,Bank Transfer,Entertainment,40108.27,Amex,1,39,2667,184,3,9,159.2,Yes Bank,Web Browser,0,0,830,0
TXN101292,CUST2754,2021-02-14,02:27:28,Bank Transfer,Clothing,62990.7,RuPay,0,34,806,57,4,2,294.3,Citibank,,3,0,448,1
TXN101293,CUST9569,2021-11-12,20:27:10,POS Terminal,Clothing,35561.38,Visa,0,73,2677,440,4,20,420.0,Axis,POS Machine,0,1,523,0
TXN101294,CUST5013,2021-04-07,04:57:39,Bank Transfer,Groceries,19561.6,RuPay,1,56,2841,381,9,4,269.5,ICICI,Tablet,1,0,596,1
TXN101295,CUST3897,2024-09-21,11:30:45,Contactless Payment,Travel,78588.3,Mastercard,0,33,2799,425,8,11,487.1,HDFC,Mobile App,1,0,231,0
TXN101296,CUST3088,2023-12-11,01:11:50,Contactless Payment,Entertainment,296998.31,RuPay,1,72,3468,490,16,1,338.6,Kotak,Tablet,1,0,395,1
TXN101297,CUST6190,2023-03-13,20:55:50,Online Purchase,Clothing,3473.84,RuPay,0,41,1009,318,13,20,88.6,Barclays,ATM,0,1,909,0
TXN101298,CUST6671,2021-02-18,01:27:12,Online Purchase,Restaurant,1811.71,Discover,1,54,1412,432,7,1,227.2,ICICI,ATM,0,0,251,0
TXN101299,CUST5460,2024-03-24,01:31:16,POS Terminal,Electronics,35097.01,RuPay,0,54,2320,203,18,1,302.9,Barclays,ATM,1,0,60,1
TXN101300,CUST3503,2021-03-08,23:05:29,Mobile Payment,Luxury,49658.06,Amex,1,65,278,131,16,23,186.0,Citibank,Web Browser,0,0,1236,1
TXN101301,CUST5851,2023-11-02,01:15:57,Online Purchase,Luxury,133387.15,Amex,0,44,671,62,19,1,423.2,SBI,POS Machine,0,0,920,1
TXN101302,CUST5286,2024-11-14,21:52:00,Online Purchase,Jewellery,3584.34,Visa,0,62,2348,201,10,21,402.8,HDFC,Web Browser,0,0,889,0
TXN101303,CUST3577,2022-01-18,18:54:14,POS Terminal,Luxury,1436.26,Visa,0,50,2639,188,10,18,257.3,PNB,Web Browser,2,0,278,0
TXN101304,CUST7549,2023-12-04,08:47:53,POS Terminal,Clothing,916.77,Mastercard,0,65,821,275,5,8,312.6,HDFC,Web Browser,,0,1111,0
TXN101305,CUST1117,2024-08-01,22:55:58,Online Purchase,Fuel,7019.88,Amex,0,39,3492,347,3,22,422.4,SBI,Web Browser,0,1,581,0
TXN101306,CUST6724,2023-12-06,00:57:29,ATM Withdrawal,Groceries,23623.23,RuPay,0,75,1399,169,17,0,418.3,HSBC,Mobile App,0,0,176,1
TXN101307,CUST3311,2024-03-16,14:30:08,POS Terminal,Restaurant,88120.8,Discover,0,39,422,235,2,14,445.6,ICICI,ATM,2,1,1324,1
TXN101308,CUST8818,2021-10-28,23:12:37,Bank Transfer,Entertainment,3388.53,Visa,1,26,2096,219,12,23,159.1,Citibank,Mobile App,0,0,1208,0
TXN101309,CUST2371,2024-09-17,11:23:14,Mobile Payment,Luxury,22127.35,Amex,0,52,1848,479,15,11,245.3,PNB,POS Machine,1,0,1344,0
TXN101310,CUST4293,2021-03-08,10:59:46,Mobile Payment,Entertainment,1616.65,RuPay,1,53,1454,231,16,10,381.9,Barclays,Tablet,0,0,174,0
TXN101311,CUST8907,2021-07-27,03:38:00,Contactless Payment,Travel,4049.17,RuPay,0,38,206,443,4,3,419.9,HDFC,Mobile App,0,1,948,0
TXN101312,CUST9233,2024-03-22,23:45:44,POS Terminal,Electronics,9027.39,Discover,0,54,3640,39,17,23,114.7,Kotak,Mobile App,0,1,1083,1
TXN101313,CUST5651,2023-01-18,16:33:34,Online Purchase,Pharmacy,103720.19,RuPay,0,24,1392,270,19,16,196.5,Citibank,ATM,1,0,169,0
TXN101314,CUST6974,2022-07-09,11:08:13,Contactless Payment,Electronics,5059.43,Amex,0,70,926,14,4,11,305.5,Axis,Tablet,1,0,209,0
TXN101315,CUST1739,2021-12-19,12:51:40,Online Purchase,Jewellery,22734.43,RuPay,0,53,640,398,17,12,261.8,PNB,Tablet,0,1,1367,1
TXN101316,CUST6091,2023-12-13,18:38:52,ATM Withdrawal,Pharmacy,8921.07,RuPay,0,41,503,125,11,18,69.2,Kotak,Tablet,0,1,402,0
TXN101317,CUST4843,2021-10-26,03:29:32,Mobile Payment,Luxury,69766.08,Visa,0,39,1473,135,17,3,457.5,Kotak,ATM,0,1,81,1
TXN101318,CUST4268,2023-09-25,09:10:32,POS Terminal,Fuel,16405.32,Discover,0,30,1412,443,17,9,189.9,Yes Bank,Mobile App,0,1,1381,0
TXN101319,CUST2316,2021-09-05,05:27:02,Bank Transfer,Luxury,14088.48,RuPay,0,33,2987,381,19,5,84.7,PNB,Tablet,0,0,262,0
TXN101320,CUST5308,2024-08-03,21:01:24,Contactless Payment,Entertainment,28909.05,Amex,0,40,1884,24,11,21,199.6,ICICI,Tablet,,0,1130,0
TXN101321,CUST9322,2024-02-04,23:27:18,ATM Withdrawal,Jewellery,33771.39,Visa,1,31,88,121,18,23,254.3,SBI,Mobile App,0,1,916,1
TXN101322,CUST8826,2021-01-04,16:29:02,Online Purchase,Entertainment,16627.81,Amex,0,20,2785,167,19,16,433.2,Barclays,POS Machine,0,0,117,0
TXN101323,CUST3590,2023-10-21,18:05:38,ATM Withdrawal,Travel,1535.35,Discover,0,60,586,268,3,18,157.5,PNB,ATM,2,1,532,0
TXN101324,CUST6063,2023-12-26,14:53:04,Online Purchase,Travel,2764.05,Mastercard,1,52,592,446,2,14,451.8,Citibank,POS Machine,0,0,1,0
TXN101325,CUST5593,2023-02-14,09:28:51,ATM Withdrawal,Electronics,304.6,Mastercard,1,67,1169,315,5,9,311.0,HSBC,Web Browser,0,0,1332,0
TXN101326,CUST5993,2023-09-16,11:25:14,Online Purchase,Luxury,18113.3,Mastercard,0,57,426,232,18,11,93.7,Barclays,POS Machine,0,0,274,0
TXN101327,CUST3465,2021-10-17,18:42:52,Contactless Payment,Pharmacy,3325.09,RuPay,1,27,704,69,18,18,22.0,PNB,POS Machine,0,0,795,0
TXN101328,CUST1679,2023-08-26,02:43:06,POS Terminal,Restaurant,52161.79,RuPay,1,33,2499,44,2,2,403.0,HDFC,Web Browser,1,0,681,1
TXN101329,CUST6027,2023-11-27,12:37:49,Online Purchase,Groceries,1532.74,Discover,0,64,1755,142,5,12,30.4,SBI,POS Machine,0,0,929,0
TXN101330,CUST1340,2021-05-01,23:08:04,Online Purchase,Entertainment,11580.69,Mastercard,1,58,3483,172,4,23,461.7,ICICI,POS Machine,0,0,1050,0
TXN101331,CUST8195,2024-11-22,00:58:14,Mobile Payment,Restaurant,7632.2,RuPay,0,39,645,429,13,0,49.2,ICICI,POS Machine,2,0,368,0
TXN101332,CUST1270,2021-01-22,04:10:38,Online Purchase,Clothing,7972.89,Visa,0,31,1680,169,4,4,242.2,SBI,Tablet,0,0,335,0
TXN101333,CUST8437,2022-06-04,09:03:36,POS Terminal,Pharmacy,23275.0,Mastercard,1,68,1690,152,7,9,229.5,ICICI,Tablet,0,0,1349,0
TXN101334,CUST5482,2022-04-16,18:19:40,Mobile Payment,Clothing,7318.11,Amex,0,19,2541,345,1,18,464.7,Barclays,Tablet,1,0,784,0
TXN101335,CUST8601,2024-01-26,02:21:23,Bank Transfer,Pharmacy,46975.22,Discover,0,50,82,100,11,2,19.4,Kotak,ATM,5,0,490,1
TXN101336,CUST2353,2021-06-24,19:16:10,Mobile Payment,Jewellery,19792.06,Mastercard,0,39,3212,346,13,19,427.7,Yes Bank,Mobile App,1,1,875,0
TXN101337,CUST2839,2021-11-14,08:56:13,POS Terminal,Restaurant,13282.32,RuPay,0,22,1090,432,14,8,186.6,Kotak,ATM,0,0,546,0
TXN101338,CUST7430,2022-06-21,14:29:05,Mobile Payment,Groceries,454.17,Discover,0,74,3503,312,9,14,144.3,Kotak,Tablet,2,0,293,0
TXN101339,CUST6823,2022-04-25,15:32:48,Mobile Payment,Groceries,118750.07,Discover,0,43,2078,259,1,15,155.7,SBI,ATM,0,0,162,0
TXN101340,CUST8185,2022-08-20,18:16:42,ATM Withdrawal,Electronics,4025.6,Mastercard,0,68,1442,413,8,18,161.4,PNB,ATM,2,1,553,0
TXN101341,CUST3296,2021-04-12,12:57:51,Mobile Payment,Jewellery,28457.6,Amex,1,57,1243,291,3,12,124.2,Axis,Tablet,1,1,228,1
TXN101342,CUST8274,2021-03-23,02:31:16,Contactless Payment,Luxury,7879.1,RuPay,0,24,2650,449,13,2,50.9,Yes Bank,ATM,0,0,248,0
TXN101343,CUST5180,2022-03-13,22:44:36,Bank Transfer,Entertainment,27731.1,Mastercard,1,24,595,79,14,22,16.5,Citibank,POS Machine,3,0,1289,1
TXN101344,CUST4300,2024-03-02,04:15:25,ATM Withdrawal,Travel,7865.8,Discover,0,54,2138,422,15,4,409.9,Barclays,Mobile App,1,1,308,1
TXN101345,CUST5709,2023-03-22,18:02:43,POS Terminal,Groceries,8241.28,Mastercard,0,35,1610,180,19,18,75.2,Barclays,ATM,0,0,934,0
TXN101346,CUST1555,2024-02-15,08:43:19,Bank Transfer,Fuel,10517.14,RuPay,0,30,2824,358,2,8,467.0,Yes Bank,Tablet,0,0,8,0
TXN101347,CUST3504,2022-07-03,04:01:26,POS Terminal,Travel,332791.14,Discover,1,57,2661,132,12,4,327.0,HSBC,Mobile App,2,0,111,1
TXN101348,CUST8042,2023-07-04,06:18:05,ATM Withdrawal,Luxury,13129.22,RuPay,1,22,1107,17,12,6,189.4,SBI,Tablet,0,1,56,1
TXN101349,CUST6386,2021-11-13,08:30:20,Mobile Payment,Fuel,20031.99,Mastercard,1,53,1933,105,19,8,126.6,Kotak,Tablet,0,0,1155,0
TXN101350,CUST5202,2022-06-03,19:50:58,Contactless Payment,Pharmacy,5023.43,RuPay,0,54,997,353,18,19,45.2,PNB,Tablet,0,0,865,0
TXN101351,CUST6937,2023-04-21,04:38:34,Bank Transfer,Entertainment,1587.01,Mastercard,0,72,2016,63,1,4,13.3,Barclays,POS Machine,0,1,1040,0
TXN101352,CUST3857,2021-05-06,01:51:07,Contactless Payment,Fuel,1221.82,Amex,1,50,1163,331,5,1,137.3,PNB,Web Browser,0,0,1325,0
TXN101353,CUST2465,2024-11-13,00:55:20,Online Purchase,Groceries,1996.32,Visa,1,30,1649,127,10,0,264.1,Axis,Tablet,0,0,862,0
TXN101354,CUST8528,2023-12-20,19:45:56,ATM Withdrawal,Fuel,9587.05,RuPay,1,20,1379,316,11,19,135.5,PNB,Tablet,0,0,931,0
TXN101355,CUST9541,2023-01-20,04:49:05,Bank Transfer,Travel,52853.8,Visa,1,36,3458,257,5,4,280.5,SBI,Mobile App,0,0,232,1
TXN101356,CUST7859,2021-06-27,00:09:48,Contactless Payment,Pharmacy,9653.58,Discover,0,72,733,465,11,0,218.1,Kotak,Mobile App,0,0,29,0
TXN101357,CUST3702,2022-02-02,22:46:44,Bank Transfer,Luxury,22178.99,Mastercard,0,34,1822,18,13,22,419.9,,Web Browser,0,1,,1
TXN101358,CUST2001,2023-04-24,01:48:34,POS Terminal,Luxury,67957.17,Amex,1,38,2170,317,5,1,402.6,Yes Bank,Tablet,0,0,386,1
TXN101359,CUST5219,2021-04-14,01:45:40,ATM Withdrawal,Electronics,130757.05,Visa,0,66,2881,294,12,1,70.0,Yes Bank,Web Browser,3,0,891,1
TXN101360,CUST1327,2022-09-11,22:08:21,ATM Withdrawal,Luxury,11886.87,Visa,1,59,401,160,1,22,282.8,Citibank,POS Machine,0,0,599,0
TXN101361,CUST4300,2023-02-24,15:18:25,Online Purchase,Groceries,2742.61,Mastercard,0,30,3342,112,6,15,127.5,Kotak,Mobile App,0,0,1212,0
TXN101362,CUST9893,2024-04-06,05:54:48,ATM Withdrawal,Fuel,40282.79,Discover,1,30,629,165,18,5,388.6,Axis,Web Browser,3,0,82,1
TXN101363,CUST1658,2024-02-12,17:19:30,POS Terminal,Fuel,7570.25,Visa,0,70,2314,275,18,17,408.9,Yes Bank,ATM,2,0,577,0
TXN101364,CUST2231,2021-09-27,14:43:44,Bank Transfer,Restaurant,2268.02,Discover,0,53,2376,128,9,14,422.2,PNB,Web Browser,2,0,980,0
TXN101365,CUST5128,2022-11-15,23:22:47,Contactless Payment,Fuel,430.75,Visa,0,44,2652,428,3,23,438.4,Yes Bank,Web Browser,1,0,858,0
TXN101366,CUST9612,2024-11-06,11:48:27,ATM Withdrawal,Restaurant,5321.8,RuPay,0,24,393,263,11,11,370.0,Citibank,ATM,1,0,1235,0
TXN101367,CUST2362,2021-08-03,21:07:25,Bank Transfer,Clothing,5644.29,Amex,0,25,1419,339,3,21,371.6,Citibank,ATM,5,0,232,0
TXN101368,CUST5545,2022-10-25,06:02:45,Mobile Payment,Electronics,2427.03,RuPay,1,28,2226,61,1,6,254.4,PNB,Web Browser,0,1,,0
TXN101369,CUST6388,2021-10-12,03:04:55,POS Terminal,Fuel,15075.87,Visa,0,36,3393,81,16,3,498.5,Axis,Mobile App,0,0,1398,0
TXN101370,CUST8229,2022-09-05,06:14:53,Mobile Payment,Travel,24563.66,Visa,1,35,747,361,4,6,304.0,Axis,ATM,2,0,960,1
TXN101371,CUST4853,2022-05-05,20:09:29,ATM Withdrawal,Electronics,46029.61,Amex,0,,161,473,19,20,187.6,HSBC,ATM,0,0,1176,1
TXN101372,CUST9233,2023-01-15,10:26:10,Online Purchase,Pharmacy,1347.15,Visa,0,62,534,150,2,10,252.1,Citibank,Mobile App,1,0,184,0
TXN101373,CUST8306,2024-01-24,21:12:47,POS Terminal,Electronics,7200.37,RuPay,0,66,251,333,19,21,457.1,Citibank,ATM,1,1,595,0
TXN101374,CUST8402,2022-06-10,21:06:03,ATM Withdrawal,Clothing,8769.58,Amex,0,30,2403,201,12,21,273.0,HDFC,Web Browser,0,0,1432,0
TXN101375,CUST7224,2021-09-08,16:59:15,Contactless Payment,Electronics,18523.04,Discover,1,36,2839,277,19,16,286.8,Barclays,POS Machine,0,0,561,1
TXN101376,CUST2872,2023-12-02,09:10:13,ATM Withdrawal,Restaurant,35234.09,RuPay,1,43,214,34,3,9,213.9,HSBC,Mobile App,,0,117,0
TXN101377,CUST8976,2021-01-02,13:28:27,ATM Withdrawal,Electronics,5590.53,Discover,0,66,2779,110,15,13,151.5,Barclays,Web Browser,0,0,160,0
TXN101378,CUST2711,2024-01-24,06:22:42,POS Terminal,Groceries,45381.44,Discover,0,50,247,12,12,6,433.1,ICICI,Web Browser,1,0,557,1
TXN101379,CUST5218,2023-09-15,15:48:40,Bank Transfer,Groceries,2253.95,Visa,0,47,1271,355,10,15,168.5,Barclays,Web Browser,4,0,239,0
TXN101380,CUST3975,2023-11-07,01:47:57,Online Purchase,Luxury,14200.02,Discover,0,68,3055,301,18,1,153.6,Axis,ATM,0,1,957,1
TXN101381,CUST6706,2023-06-15,20:01:15,Contactless Payment,Restaurant,26109.25,RuPay,0,21,1705,411,9,20,393.3,HSBC,Tablet,3,0,529,1
TXN101382,CUST8992,2023-10-06,20:19:32,POS Terminal,Jewellery,39384.4,RuPay,0,68,2325,272,17,20,254.2,Yes Bank,ATM,1,0,943,0
TXN101383,CUST2079,2022-08-19,16:15:21,Mobile Payment,Jewellery,65888.22,RuPay,0,48,2339,114,11,16,409.0,HSBC,Web Browser,0,1,406,1
TXN101384,CUST9561,2024-06-24,21:42:50,Mobile Payment,Electronics,1307.05,Amex,1,35,3556,382,4,21,336.3,Barclays,POS Machine,0,0,277,0
TXN101385,CUST2686,2024-05-15,09:26:01,Bank Transfer,Electronics,3304.68,RuPay,0,68,1115,203,7,9,266.2,PNB,Mobile App,1,0,1436,0
TXN101386,CUST1432,2021-09-19,10:41:39,POS Terminal,Jewellery,50868.0,RuPay,1,71,1269,8,7,10,21.0,Barclays,Web Browser,2,0,1318,0
TXN101387,CUST6805,2023-07-01,19:12:56,Mobile Payment,Entertainment,5124.99,Visa,0,57,2706,269,7,19,293.6,Citibank,ATM,0,0,,0
TXN101388,CUST1091,2021-04-16,18:28:14,Mobile Payment,Electronics,8933.51,RuPay,0,52,688,366,2,18,375.3,PNB,POS Machine,1,0,176,0
TXN101389,CUST8535,2021-02-09,11:09:54,Contactless Payment,Clothing,94455.27,Mastercard,0,62,2798,353,19,11,285.4,HDFC,Tablet,2,0,51,1
TXN101390,CUST8189,2024-07-13,11:31:04,ATM Withdrawal,Groceries,10363.39,Visa,0,51,2423,401,5,11,5.2,HSBC,Mobile App,0,0,541,0
TXN101391,CUST7921,2022-05-17,03:46:01,Contactless Payment,Luxury,195342.17,Visa,1,28,2951,307,1,3,,Barclays,Web Browser,0,0,909,1
TXN101392,CUST8180,2021-08-21,14:26:06,Bank Transfer,Restaurant,60706.93,Discover,0,61,1378,404,18,14,328.8,SBI,ATM,2,0,71,1
TXN101393,CUST5245,2023-06-12,08:56:03,Bank Transfer,Pharmacy,150482.26,Mastercard,0,70,930,176,18,8,217.6,HSBC,POS Machine,0,1,1165,1
TXN101394,CUST9151,2021-09-20,22:29:17,Bank Transfer,Electronics,16374.38,Discover,0,33,2680,372,10,22,447.0,PNB,ATM,0,1,33,1
TXN101395,CUST7695,2021-03-08,06:11:44,Contactless Payment,Electronics,15840.69,Amex,1,46,134,102,7,6,295.2,Axis,Web Browser,0,0,710,0
TXN101396,CUST2784,2024-02-20,18:39:18,ATM Withdrawal,Jewellery,51769.33,Discover,0,27,1635,311,19,18,241.8,PNB,Web Browser,0,0,916,1
TXN101397,CUST4544,2024-09-02,06:32:19,POS Terminal,Entertainment,15124.96,Discover,0,26,923,17,15,6,265.3,Kotak,Web Browser,0,0,642,0
TXN101398,CUST7357,2021-04-22,09:40:51,Mobile Payment,Restaurant,5122.35,Discover,0,35,2374,128,3,9,22.3,SBI,Mobile App,,0,919,0
TXN101399,CUST4305,2022-07-24,18:05:41,ATM Withdrawal,Electronics,15216.38,Visa,0,26,2303,244,9,18,456.0,Kotak,Mobile App,2,0,1317,0
TXN101400,CUST5847,2023-03-10,12:44:31,POS Terminal,Groceries,3324.57,Visa,0,43,235,392,16,12,300.8,Barclays,ATM,,0,851,0
TXN101401,CUST1299,2021-10-21,02:27:52,Bank Transfer,Travel,14373.01,RuPay,0,34,3077,258,14,2,454.5,Citibank,Mobile App,0,0,535,1
TXN101402,CUST8640,2022-11-18,03:24:19,POS Terminal,Electronics,118859.65,RuPay,0,18,2258,296,17,3,9.4,HSBC,POS Machine,0,1,1309,1
TXN101403,CUST3360,2023-03-13,16:18:21,Mobile Payment,Pharmacy,6316.8,Visa,1,41,954,449,15,16,12.1,,ATM,0,0,1029,0
TXN101404,CUST7084,2024-02-11,04:15:51,Bank Transfer,Restaurant,414.01,RuPay,1,47,221,285,9,4,157.5,Barclays,POS Machine,0,0,625,0
TXN101405,CUST5109,2023-11-16,05:41:56,Contactless Payment,Fuel,5110.86,RuPay,0,67,261,39,14,5,236.0,HDFC,Tablet,1,0,886,0
TXN101406,CUST5252,2022-08-27,13:30:26,ATM Withdrawal,Travel,85911.42,Amex,1,46,3304,378,18,13,216.8,Kotak,Web Browser,0,0,,1
TXN101407,CUST8377,2024-03-13,13:36:35,Online Purchase,Pharmacy,5256.35,Amex,0,51,2894,28,3,13,56.0,SBI,Tablet,1,0,157,0
TXN101408,CUST9810,2022-04-04,11:45:53,Online Purchase,Jewellery,8310.33,Discover,0,58,1199,57,7,11,195.9,Yes Bank,Tablet,0,0,1283,0
TXN101409,CUST9773,2024-02-21,08:07:53,ATM Withdrawal,Clothing,83354.38,Amex,1,56,1256,27,16,8,288.9,Yes Bank,Mobile App,0,1,333,1
TXN101410,CUST1270,2021-07-21,00:36:46,Online Purchase,Entertainment,8928.9,Visa,0,67,2450,264,2,0,31.9,Yes Bank,Mobile App,0,0,159,0
TXN101411,CUST2604,2022-04-22,22:58:18,Mobile Payment,Entertainment,156550.23,Discover,0,49,2601,478,15,22,218.8,Citibank,,0,0,850,0
TXN101412,CUST5825,2021-08-01,02:15:39,POS Terminal,Electronics,21219.9,Discover,0,19,1691,476,9,2,469.1,Citibank,POS Machine,0,0,724,1
TXN101413,CUST7226,2023-09-26,03:43:48,Contactless Payment,Jewellery,17315.97,RuPay,0,28,3275,224,3,3,63.2,ICICI,ATM,5,1,233,0
TXN101414,CUST4102,2023-01-04,07:10:25,Online Purchase,Travel,46927.85,Visa,0,61,2770,469,16,7,359.7,Kotak,ATM,0,1,1088,1
TXN101415,CUST1956,2021-03-10,11:26:19,POS Terminal,Jewellery,42719.88,Amex,1,26,2492,284,7,11,290.6,SBI,Web Browser,4,1,122,1
TXN101416,CUST2941,2024-06-15,14:59:35,Mobile Payment,Travel,3221.47,Mastercard,0,34,2739,1,5,14,85.0,HDFC,Web Browser,0,0,772,0
TXN101417,CUST1749,2022-02-13,04:57:45,Bank Transfer,Luxury,1899.56,Amex,1,75,2715,73,4,4,282.0,HSBC,Mobile App,0,0,1278,0
TXN101418,CUST5664,2024-07-04,11:46:25,POS Terminal,Groceries,1086.14,Discover,1,72,2038,190,7,11,360.4,Yes Bank,POS Machine,0,0,827,0
TXN101419,CUST8543,2024-08-26,22:45:39,Bank Transfer,Electronics,4188.57,Visa,1,33,192,434,19,22,48.7,Citibank,Tablet,0,1,1094,0
TXN101420,CUST7343,2022-04-16,03:44:59,Online Purchase,Fuel,4650.81,Amex,0,64,1575,33,20,3,75.9,Citibank,Mobile App,0,1,580,0
TXN101421,CUST3408,2024-10-11,07:28:35,POS Terminal,Fuel,22080.33,Visa,1,21,2997,245,18,7,425.7,ICICI,POS Machine,3,0,951,1
TXN101422,CUST9401,2022-01-17,20:09:13,Bank Transfer,Restaurant,13572.71,Discover,1,28,3343,410,14,20,27.6,,ATM,0,0,995,0
TXN101423,CUST9630,2023-04-25,16:32:28,Contactless Payment,Restaurant,30740.02,Amex,1,59,1898,292,16,16,437.1,HDFC,Web Browser,0,1,643,1
TXN101424,CUST3893,2021-04-05,06:04:36,Bank Transfer,Clothing,22525.14,Mastercard,0,32,920,390,5,6,251.3,PNB,Mobile App,0,0,1368,0
TXN101425,CUST8210,2022-05-14,01:43:38,ATM Withdrawal,Groceries,21939.73,Discover,0,75,740,496,9,1,186.9,ICICI,Web Browser,0,0,388,0
TXN101426,CUST3589,2023-12-19,18:47:18,ATM Withdrawal,Luxury,10893.15,RuPay,0,55,3629,267,4,18,20.4,Citibank,Web Browser,1,0,818,0
TXN101427,CUST3917,2021-08-02,16:44:12,Contactless Payment,Luxury,1145.39,Mastercard,1,55,3269,196,1,16,24.5,HDFC,ATM,0,0,250,0
TXN101428,CUST5019,2022-06-27,21:13:15,Bank Transfer,Fuel,8562.36,RuPay,1,28,3286,60,6,21,287.7,Barclays,POS Machine,,0,73,0
TXN101429,CUST8169,2021-11-22,17:26:35,ATM Withdrawal,Restaurant,2085.41,Discover,0,44,2188,217,2,17,65.3,Axis,Mobile App,1,0,476,0
TXN101430,CUST5348,2023-07-07,20:50:01,Online Purchase,Clothing,1359.87,Mastercard,1,69,2221,277,14,20,433.8,HDFC,Mobile App,0,0,1087,0
TXN101431,CUST9285,2024-06-22,22:55:45,Online Purchase,Entertainment,7208.29,Discover,0,75,2498,488,9,22,455.1,PNB,Mobile App,0,0,440,0
TXN101432,CUST3488,2023-06-03,05:07:01,POS Terminal,Entertainment,25692.07,Amex,0,27,2339,479,13,5,218.1,Barclays,POS Machine,3,0,851,1
TXN101433,CUST9349,2021-11-25,20:44:08,Mobile Payment,Restaurant,1701.04,Discover,0,25,701,123,16,20,444.9,Kotak,Mobile App,0,0,201,0
TXN101434,CUST1540,2022-07-07,09:35:34,ATM Withdrawal,Luxury,4527.99,Amex,0,35,2254,397,8,9,267.2,Citibank,Tablet,0,0,963,0
TXN101435,CUST1014,2022-10-08,16:41:43,ATM Withdrawal,Luxury,7850.03,Discover,0,53,3110,321,16,16,36.6,Citibank,Tablet,0,1,1068,0
TXN101436,CUST3306,2024-09-02,02:14:24,Mobile Payment,Fuel,18690.36,RuPay,0,43,1335,128,11,2,101.4,PNB,Web Browser,5,0,1017,0
TXN101437,CUST4865,2022-11-10,20:15:14,Contactless Payment,Luxury,8350.11,Amex,0,71,581,271,1,20,221.2,ICICI,Tablet,0,0,619,0
TXN101438,CUST4263,2023-02-03,15:56:16,Contactless Payment,Groceries,2410.72,RuPay,0,60,1328,196,16,15,181.7,ICICI,Mobile App,1,1,851,0
TXN101439,CUST7927,2024-04-13,15:45:38,Contactless Payment,Electronics,2345.24,Discover,0,21,1272,75,4,15,461.9,Axis,ATM,0,1,683,0
TXN101440,CUST7258,2023-12-05,07:41:44,Contactless Payment,Restaurant,78767.08,RuPay,1,32,2886,192,8,7,57.6,HDFC,ATM,4,0,739,0
TXN101441,CUST1935,2024-10-22,02:03:38,Online Purchase,Jewellery,17629.98,RuPay,0,39,704,195,7,2,444.3,Barclays,Mobile App,0,1,207,1
TXN101442,CUST4552,2024-02-26,00:37:24,Contactless Payment,Luxury,34898.18,Visa,0,65,2328,163,13,0,400.1,PNB,Mobile App,1,0,690,1
TXN101443,CUST3768,2024-01-21,01:16:22,ATM Withdrawal,Luxury,18797.89,RuPay,1,52,240,403,17,1,214.4,Axis,POS Machine,0,1,771,1
TXN101444,CUST6425,2022-10-10,08:10:35,Contactless Payment,Fuel,28168.45,Amex,1,73,1512,457,11,8,452.1,SBI,Mobile App,0,0,392,1
TXN101445,CUST5172,2022-03-09,11:14:22,Mobile Payment,Jewellery,20283.31,RuPay,0,44,2570,441,15,11,448.9,Kotak,ATM,1,0,,1
TXN101446,CUST7193,2024-07-11,02:51:13,Online Purchase,Jewellery,19778.2,Discover,0,,3336,229,3,2,306.0,ICICI,Mobile App,0,0,195,0
TXN101447,CUST7045,2022-01-28,16:21:31,Mobile Payment,Luxury,11791.19,RuPay,0,32,2621,8,2,16,128.5,ICICI,ATM,1,0,,0
TXN101448,CUST2462,2023-07-15,15:42:45,Online Purchase,Fuel,3700.54,Amex,1,60,1800,382,4,15,89.8,SBI,Mobile App,0,0,1433,0
TXN101449,CUST1014,2023-08-11,16:36:20,Bank Transfer,Electronics,3085.39,Mastercard,0,48,3523,339,10,16,260.3,ICICI,ATM,0,0,755,0
TXN101450,CUST6484,2022-03-13,21:12:14,POS Terminal,Entertainment,2273.06,Mastercard,0,74,1289,221,20,21,151.9,ICICI,Tablet,0,0,618,0
TXN101451,CUST2195,2024-03-05,08:53:10,Online Purchase,Pharmacy,16772.56,RuPay,1,71,2759,42,4,8,62.9,ICICI,Mobile App,0,0,355,0
TXN101452,CUST2883,2022-07-10,17:43:17,ATM Withdrawal,Restaurant,73951.73,Amex,0,71,3315,291,8,17,484.4,Kotak,Tablet,0,0,42,0
TXN101453,CUST1566,2021-12-10,05:57:15,Bank Transfer,Luxury,34418.54,Amex,0,52,3093,268,10,5,116.6,Kotak,Tablet,2,0,1014,1
TXN101454,CUST3608,2023-10-04,05:31:50,Mobile Payment,Entertainment,9641.35,Discover,0,75,967,84,9,5,154.3,Barclays,Web Browser,0,0,238,1
TXN101455,CUST2089,2021-07-04,13:14:44,POS Terminal,Groceries,5260.15,Mastercard,0,35,1998,66,7,13,29.7,Kotak,Tablet,1,0,447,0
TXN101456,CUST9083,2021-01-21,17:51:38,ATM Withdrawal,Travel,27526.44,RuPay,1,53,1681,100,15,17,208.4,Yes Bank,Tablet,0,0,183,0
TXN101457,CUST5146,2023-03-01,02:43:09,POS Terminal,Restaurant,49560.54,Mastercard,0,67,3539,455,12,2,80.7,Axis,POS Machine,0,0,1219,0
TXN101458,CUST5246,2024-05-26,23:50:42,ATM Withdrawal,Restaurant,32596.89,Amex,0,21,3154,389,20,23,391.5,Yes Bank,Web Browser,2,0,1132,1
TXN101459,CUST9101,2024-06-28,10:38:10,Online Purchase,Restaurant,19249.66,Mastercard,0,73,3244,347,5,10,484.2,Barclays,Mobile App,0,0,1317,0
TXN101460,CUST8853,2024-08-16,04:56:50,Bank Transfer,Electronics,10457.04,Visa,0,55,1027,154,17,4,124.7,SBI,ATM,0,0,545,0
TXN101461,CUST8850,2023-07-06,14:14:57,Mobile Payment,Travel,12802.68,RuPay,0,28,699,147,17,14,2.5,HDFC,Web Browser,2,0,316,1
TXN101462,CUST5906,2023-07-23,05:27:18,ATM Withdrawal,Luxury,134839.46,Mastercard,0,40,1847,85,16,5,,HSBC,ATM,1,0,1299,1
TXN101463,CUST4588,2023-05-11,21:18:12,Online Purchase,Jewellery,138816.63,RuPay,0,56,2699,154,16,21,214.8,Citibank,Tablet,1,0,723,1
TXN101464,CUST2792,2021-08-21,05:27:30,POS Terminal,Electronics,72965.42,Discover,0,21,310,401,12,5,373.6,,Tablet,5,0,545,1
TXN101465,CUST1166,2024-02-24,09:11:30,ATM Withdrawal,Pharmacy,18701.36,Discover,0,61,427,258,19,9,179.1,HDFC,Web Browser,0,0,743,0
TXN101466,CUST4680,2021-05-16,00:17:07,Mobile Payment,Pharmacy,156140.78,Discover,0,54,1637,231,20,0,177.1,SBI,Tablet,2,0,1399,1
TXN101467,CUST4213,2022-07-12,01:51:36,Bank Transfer,Entertainment,27330.44,Mastercard,0,51,2755,27,13,1,236.6,Barclays,Web Browser,0,0,519,1
TXN101468,CUST7986,2023-05-18,13:04:48,Mobile Payment,Luxury,214353.76,RuPay,0,61,551,235,12,13,167.8,Citibank,Mobile App,2,0,381,1
TXN101469,CUST7230,2023-06-21,06:36:18,Online Purchase,Groceries,3343.99,Amex,0,67,2560,47,8,6,193.1,PNB,Tablet,,0,323,0
TXN101470,CUST8572,2023-09-18,02:54:55,Online Purchase,Jewellery,6121.99,RuPay,0,73,2263,365,3,2,10.4,Citibank,POS Machine,,0,353,0
TXN101471,CUST5539,2023-07-22,18:27:08,Mobile Payment,Jewellery,498.9,Mastercard,1,49,1608,1,11,18,475.1,PNB,POS Machine,2,0,305,0
TXN101472,CUST5603,2021-02-26,16:14:21,Contactless Payment,Luxury,1592.21,Mastercard,0,54,2424,278,17,16,200.7,PNB,ATM,2,0,763,0
TXN101473,CUST8184,2021-11-11,09:29:26,Mobile Payment,Jewellery,35985.01,Discover,0,67,598,89,19,9,136.7,HDFC,POS Machine,1,0,1153,0
TXN101474,CUST1773,2023-09-18,06:08:27,Contactless Payment,Jewellery,16743.52,Mastercard,0,39,1048,43,4,6,73.3,Citibank,Tablet,0,0,631,0
TXN101475,CUST4917,2021-08-26,04:27:11,Online Purchase,Groceries,3842.9,Discover,0,53,2898,377,1,4,218.0,SBI,ATM,0,0,210,0
TXN101476,CUST4584,2023-04-16,12:43:17,Bank Transfer,Travel,9993.43,Discover,0,70,88,315,16,12,409.2,Yes Bank,Tablet,0,1,,0
TXN101477,CUST9954,2022-11-14,13:03:29,ATM Withdrawal,Entertainment,9154.62,RuPay,0,47,663,112,5,13,102.4,Yes Bank,ATM,0,0,464,0
TXN101478,CUST3058,2024-02-26,05:01:40,Bank Transfer,Fuel,3771.44,RuPay,0,27,746,3,18,5,396.0,HSBC,Tablet,0,0,1261,0
TXN101479,CUST7367,2024-12-27,14:37:48,Online Purchase,Entertainment,42393.29,Discover,0,29,1328,247,1,14,133.6,Kotak,Tablet,0,0,167,1
TXN101480,CUST5904,2021-03-13,10:14:25,Contactless Payment,Electronics,78499.07,RuPay,1,37,186,353,4,10,82.4,SBI,POS Machine,0,1,933,1
TXN101481,CUST2739,2024-12-16,18:44:35,Online Purchase,Jewellery,17827.53,Visa,0,20,2938,140,7,18,30.1,Kotak,Tablet,3,1,1292,1
TXN101482,CUST1304,2021-07-07,01:48:13,Contactless Payment,Clothing,2450.67,Discover,1,50,2437,195,1,1,387.8,Axis,Web Browser,0,0,255,0
TXN101483,CUST3418,2024-02-18,08:57:01,Online Purchase,Luxury,4942.15,Discover,0,29,509,183,1,8,459.2,Yes Bank,POS Machine,1,0,1115,0
TXN101484,CUST9791,2021-05-24,07:19:58,Bank Transfer,Restaurant,10413.78,Mastercard,0,66,1697,223,15,7,299.0,ICICI,Web Browser,0,0,1146,0
TXN101485,CUST7490,2022-08-20,05:01:02,POS Terminal,Restaurant,4186.09,Amex,1,47,3642,292,19,5,90.3,Citibank,POS Machine,0,0,115,0
TXN101486,CUST8701,2022-01-24,00:12:08,ATM Withdrawal,Fuel,85154.4,Visa,1,46,1214,61,8,0,380.6,HDFC,Tablet,4,0,759,1
TXN101487,CUST4046,2024-04-22,22:00:52,Online Purchase,Luxury,5572.03,Discover,0,49,1902,452,15,22,136.1,HSBC,ATM,0,0,402,0
TXN101488,CUST9806,2024-01-16,15:55:26,Bank Transfer,Restaurant,900.32,Discover,1,68,2180,224,10,15,239.7,PNB,Tablet,0,0,1201,0
TXN101489,CUST5594,2021-05-24,03:21:01,Mobile Payment,Jewellery,22336.31,RuPay,0,47,2549,359,11,3,35.5,Kotak,Tablet,0,1,868,1
TXN101490,CUST7569,2021-11-18,06:45:24,Mobile Payment,Travel,49309.32,Discover,0,23,1440,13,4,6,481.4,HDFC,Tablet,0,0,1421,1
TXN101491,CUST6566,2024-01-01,23:33:07,Mobile Payment,Pharmacy,27185.57,RuPay,0,39,3292,304,8,23,78.0,Yes Bank,Tablet,0,0,995,0
TXN101492,CUST3066,2021-01-07,13:56:00,Mobile Payment,Travel,6239.6,RuPay,1,23,543,8,16,13,387.5,PNB,ATM,1,0,409,0
TXN101493,CUST4411,2024-04-16,16:07:16,Bank Transfer,Electronics,26694.81,RuPay,0,68,961,382,17,16,280.1,HSBC,POS Machine,1,0,763,0
TXN101494,CUST9062,2024-07-28,15:28:05,Contactless Payment,Luxury,30799.77,Visa,0,29,2023,455,12,15,10.3,HDFC,POS Machine,3,0,429,1
TXN101495,CUST3713,2022-09-11,12:10:39,Bank Transfer,Groceries,17472.33,Amex,0,36,3371,225,10,12,92.9,HDFC,ATM,0,0,1125,0
TXN101496,CUST4573,2024-07-16,11:14:43,Bank Transfer,Groceries,3304.05,Visa,0,26,3010,32,16,11,426.3,PNB,Tablet,0,1,1303,0
TXN101497,CUST8590,2021-12-17,02:54:33,Contactless Payment,Jewellery,15778.95,Amex,0,66,654,362,14,2,229.1,Barclays,Web Browser,0,1,243,1
TXN101498,CUST7049,2022-11-08,15:29:33,Contactless Payment,Groceries,10389.12,Mastercard,0,62,2975,161,5,15,162.8,SBI,Web Browser,0,0,899,0
TXN101499,CUST2765,2023-12-06,20:06:16,POS Terminal,Pharmacy,1327.0,Amex,0,42,3453,301,8,20,433.9,SBI,Web Browser,0,0,677,0
TXN101500,CUST1560,2023-02-23,18:41:18,ATM Withdrawal,Travel,5647.94,Amex,0,54,1667,402,20,18,77.8,Kotak,Web Browser,1,0,202,0
TXN101501,CUST8904,2023-01-14,11:45:11,ATM Withdrawal,Jewellery,5495.2,RuPay,0,35,1075,275,14,11,55.2,PNB,Tablet,0,0,1128,0
TXN101502,CUST4097,2021-02-09,10:19:43,ATM Withdrawal,Jewellery,272967.92,Amex,1,26,3493,148,14,10,419.4,Barclays,POS Machine,0,1,1095,1
TXN101503,CUST3220,2023-05-23,10:18:18,Contactless Payment,Restaurant,4808.22,Discover,0,48,3199,380,10,10,294.4,Kotak,Mobile App,0,0,195,0
TXN101504,CUST4798,2024-03-04,22:47:45,Contactless Payment,Groceries,26857.59,Mastercard,0,,600,269,2,22,277.4,Yes Bank,POS Machine,0,0,843,0
TXN101505,CUST9553,2021-04-11,22:59:32,Online Purchase,Jewellery,44376.19,Discover,1,33,1082,296,5,22,268.2,ICICI,ATM,0,0,648,1
TXN101506,CUST6967,2021-09-16,12:08:36,Online Purchase,Electronics,81103.84,Amex,0,60,1355,184,9,12,93.2,Kotak,Web Browser,0,0,85,1
TXN101507,CUST3136,2022-07-26,17:59:02,Online Purchase,Electronics,23455.66,Amex,0,25,130,436,17,17,378.4,Kotak,Tablet,1,0,806,0
TXN101508,CUST8437,2021-02-07,16:46:21,Bank Transfer,Entertainment,16607.84,RuPay,0,61,2621,26,9,16,115.3,Barclays,Mobile App,,0,551,0
TXN101509,CUST6443,2021-09-10,04:49:16,Online Purchase,Jewellery,13954.54,Mastercard,0,67,533,198,20,4,456.5,SBI,Tablet,2,0,624,1
TXN101510,CUST6181,2021-11-17,11:09:17,Contactless Payment,Luxury,45680.53,Discover,1,68,3136,218,14,11,245.6,,Web Browser,1,1,1076,1
TXN101511,CUST6967,2022-08-07,03:22:17,POS Terminal,Electronics,84063.16,Discover,0,73,1634,152,19,3,366.4,Yes Bank,Web Browser,0,0,1284,1
TXN101512,CUST7586,2023-07-07,09:25:32,Contactless Payment,Restaurant,223483.5,Amex,0,47,1050,109,15,9,493.7,PNB,POS Machine,1,0,309,0
TXN101513,CUST4346,2022-10-12,16:43:40,Contactless Payment,Fuel,4257.76,Discover,0,18,439,323,1,16,493.6,PNB,Web Browser,0,1,122,0
TXN101514,CUST8811,2023-04-20,22:57:18,POS Terminal,Luxury,16988.01,Visa,0,75,1908,196,6,22,5.2,PNB,ATM,1,0,290,0
TXN101515,CUST4805,2022-01-02,02:26:11,Online Purchase,Restaurant,50788.11,Visa,0,33,643,331,15,2,416.1,SBI,ATM,3,0,1026,1
TXN101516,CUST7667,2021-03-13,19:06:04,Bank Transfer,Electronics,2094.12,Visa,0,38,2562,99,14,19,300.0,PNB,Tablet,0,1,,0
TXN101517,CUST3070,2024-07-24,13:50:41,POS Terminal,Pharmacy,23745.54,RuPay,0,73,2076,464,1,13,253.8,HDFC,Web Browser,1,0,1326,0
TXN101518,CUST5712,2021-11-23,13:30:37,Mobile Payment,Entertainment,45224.2,Discover,1,23,410,368,17,13,219.4,PNB,ATM,0,1,59,1
TXN101519,CUST1692,2024-01-15,00:53:56,Online Purchase,Electronics,38094.52,Amex,0,30,3323,53,18,0,435.6,Axis,ATM,0,0,913,1
TXN101520,CUST9801,2022-07-04,01:50:14,ATM Withdrawal,Jewellery,13506.87,Mastercard,0,74,851,475,7,1,266.3,Kotak,Tablet,0,0,266,0
TXN101521,CUST4296,2022-11-10,08:11:36,Bank Transfer,Travel,1814.32,RuPay,0,74,2539,491,1,8,120.3,Barclays,Tablet,0,0,552,0
TXN101522,CUST5581,2022-10-23,18:19:02,POS Terminal,Fuel,6382.0,Mastercard,1,31,1251,139,11,18,155.4,PNB,POS Machine,0,1,1013,0
TXN101523,CUST6653,2021-07-11,07:46:58,POS Terminal,Fuel,40119.2,Discover,0,59,3221,48,13,7,452.5,Kotak,Mobile App,2,1,964,1
TXN101524,CUST5496,2024-03-23,16:04:14,Contactless Payment,Travel,5492.9,RuPay,0,26,2894,487,18,16,44.1,Citibank,Mobile App,2,0,1052,0
TXN101525,CUST5401,2022-08-22,07:42:10,ATM Withdrawal,Groceries,55662.12,Amex,0,32,1517,143,14,7,457.9,SBI,Web Browser,1,0,192,0
TXN101526,CUST2408,2023-10-17,00:26:58,Online Purchase,Restaurant,19683.13,Discover,1,,956,279,6,0,365.6,Yes Bank,Mobile App,4,0,137,1
TXN101527,CUST9738,2024-11-17,11:19:26,Mobile Payment,Electronics,3583.93,Discover,0,49,2490,358,8,11,106.2,ICICI,Web Browser,0,0,656,0
TXN101528,CUST9886,2024-10-26,15:35:20,Mobile Payment,Jewellery,14089.02,RuPay,1,66,2335,485,7,15,418.8,Axis,Mobile App,1,0,335,0
TXN101529,CUST6907,2022-08-03,03:02:26,POS Terminal,Luxury,36146.56,RuPay,0,59,124,283,1,3,469.1,Axis,ATM,0,0,336,1
TXN101530,CUST5317,2024-05-27,00:29:42,Bank Transfer,Groceries,37205.74,RuPay,0,23,893,20,9,0,20.7,HSBC,Web Browser,3,0,197,0
TXN101531,CUST2283,2024-12-04,21:21:44,Mobile Payment,Clothing,2320.42,RuPay,0,24,2048,450,11,21,358.4,ICICI,Mobile App,0,0,1440,0
TXN101532,CUST7940,2024-05-19,10:41:36,POS Terminal,Travel,27014.49,Visa,0,61,1344,494,14,10,210.2,SBI,,0,1,1436,1
TXN101533,CUST1967,2023-12-02,00:27:19,ATM Withdrawal,Fuel,3111.77,Mastercard,1,35,3426,47,13,0,2.7,PNB,Web Browser,0,0,1216,0
TXN101534,CUST9046,2022-09-10,15:21:54,Bank Transfer,Jewellery,19854.16,RuPay,0,44,1979,18,10,15,170.5,HSBC,ATM,1,0,251,0
TXN101535,CUST7691,2023-12-24,20:43:31,Bank Transfer,Travel,4538.38,Amex,0,34,2367,301,6,20,379.7,Axis,Mobile App,0,0,1350,0
TXN101536,CUST5632,2021-06-10,09:06:14,Contactless Payment,Fuel,1171.32,Amex,0,53,3611,152,3,9,312.3,Kotak,Tablet,0,0,373,0
TXN101537,CUST5030,2023-04-17,03:32:53,POS Terminal,Electronics,47441.73,Discover,0,73,2463,393,3,3,441.5,Axis,Mobile App,1,1,834,1
TXN101538,CUST3382,2024-01-03,03:55:40,POS Terminal,Jewellery,45362.47,Visa,0,39,535,54,9,3,192.9,HSBC,Web Browser,2,0,1202,1
TXN101539,CUST3067,2023-05-27,07:59:23,Mobile Payment,Entertainment,57391.16,Discover,0,43,585,208,7,7,260.2,Barclays,Web Browser,1,0,,0
TXN101540,CUST5573,2022-10-11,13:24:52,Bank Transfer,Luxury,25521.27,Discover,0,47,1083,24,3,13,46.1,Citibank,POS Machine,1,0,50,0
TXN101541,CUST9814,2021-12-14,23:53:57,ATM Withdrawal,Clothing,2966.71,Discover,0,30,2376,160,7,23,92.1,HSBC,Web Browser,0,0,1212,0
TXN101542,CUST2762,2022-03-06,20:56:25,Contactless Payment,Restaurant,576.36,Mastercard,0,58,196,337,13,20,11.0,PNB,ATM,0,0,129,0
TXN101543,CUST5028,2024-12-13,17:42:23,POS Terminal,Jewellery,37895.66,Visa,0,25,641,111,4,17,3.5,PNB,ATM,3,0,246,0
TXN101544,CUST1338,2022-04-07,03:17:02,ATM Withdrawal,Restaurant,4943.31,Mastercard,1,24,2923,309,11,3,383.4,SBI,Mobile App,1,0,1024,1
TXN101545,CUST1893,2024-07-28,07:32:04,Bank Transfer,Pharmacy,1178.26,Discover,0,25,438,190,16,7,453.0,HDFC,Mobile App,0,0,1144,0
TXN101546,CUST4521,2024-05-07,05:57:24,Contactless Payment,Entertainment,9995.3,Amex,0,56,526,438,14,5,204.2,Axis,Web Browser,0,0,212,0
TXN101547,CUST6277,2023-03-19,20:51:06,Mobile Payment,Restaurant,48346.01,Amex,1,62,1851,264,5,20,384.6,SBI,ATM,0,0,295,1
TXN101548,CUST4066,2021-04-26,08:29:48,Contactless Payment,Pharmacy,52842.7,Mastercard,1,55,2015,352,13,8,443.7,PNB,ATM,3,0,877,1
TXN101549,CUST6131,2023-09-01,01:05:14,Mobile Payment,Groceries,8887.95,Visa,0,73,1775,105,15,1,260.2,Citibank,Mobile App,0,0,848,0
TXN101550,CUST5444,2021-01-22,00:51:53,Bank Transfer,Clothing,34402.91,Mastercard,1,47,701,387,19,0,484.1,Barclays,Tablet,1,0,1205,1
TXN101551,CUST9081,2023-05-06,06:32:51,Bank Transfer,Luxury,50723.53,RuPay,0,65,1176,195,16,6,122.9,HSBC,ATM,3,0,1137,1
TXN101552,CUST9536,2024-10-23,18:03:31,ATM Withdrawal,Restaurant,1879.24,Mastercard,0,53,1401,447,7,18,146.3,Axis,POS Machine,1,0,1261,0
TXN101553,CUST3522,2022-05-19,21:56:37,ATM Withdrawal,Travel,27984.44,RuPay,0,18,120,21,15,21,25.8,Barclays,Tablet,0,0,249,0
TXN101554,CUST6828,2023-06-16,14:55:52,Online Purchase,Pharmacy,7361.57,Visa,1,52,1973,307,6,14,410.7,ICICI,Web Browser,0,0,1148,0
TXN101555,CUST7691,2023-06-15,11:31:27,Contactless Payment,Electronics,2716.08,RuPay,1,31,3354,24,5,11,71.7,SBI,Mobile App,0,0,662,0
TXN101556,CUST5097,2022-10-07,18:18:59,ATM Withdrawal,Entertainment,3283.36,RuPay,0,69,1938,492,6,18,256.0,Kotak,Tablet,0,0,28,0
TXN101557,CUST5124,2022-12-06,00:02:17,Online Purchase,Electronics,42587.37,Discover,0,31,3282,365,1,0,20.8,HSBC,ATM,0,0,310,0
TXN101558,CUST2955,2024-05-02,03:53:48,Mobile Payment,Clothing,27000.98,Discover,1,30,830,173,4,3,266.2,Axis,ATM,0,0,1284,1
TXN101559,CUST6109,2021-08-11,05:00:31,Bank Transfer,Jewellery,21542.22,Discover,0,73,805,382,12,5,468.4,Barclays,Tablet,2,0,436,1
TXN101560,CUST7448,2021-10-26,11:39:06,ATM Withdrawal,Groceries,1698.46,Discover,0,34,299,470,15,11,327.5,PNB,POS Machine,0,0,587,0
TXN101561,CUST5117,2023-04-07,03:16:37,Contactless Payment,Pharmacy,18222.31,RuPay,0,36,2108,123,15,3,134.2,ICICI,Web Browser,0,0,1391,0
TXN101562,CUST2274,2023-12-21,06:54:10,Contactless Payment,Entertainment,16652.32,RuPay,0,28,1763,381,19,6,144.7,HSBC,Mobile App,0,0,686,0
TXN101563,CUST7293,2022-06-01,06:29:49,Contactless Payment,Luxury,1290.29,Amex,1,53,2106,112,6,6,288.8,Axis,Web Browser,1,0,1242,0
TXN101564,CUST2494,2022-08-17,01:36:38,ATM Withdrawal,Electronics,1591.96,Amex,0,40,965,339,7,1,86.1,Barclays,POS Machine,,0,432,0
TXN101565,CUST2873,2022-03-13,20:16:18,ATM Withdrawal,Entertainment,7938.46,Amex,0,62,651,473,5,20,306.4,HDFC,ATM,0,0,1032,0
TXN101566,CUST3465,2024-03-25,02:11:59,POS Terminal,Electronics,50000.42,Amex,1,19,212,347,12,2,147.7,Citibank,POS Machine,0,0,569,0
TXN101567,CUST6880,2024-07-03,04:31:55,Bank Transfer,Electronics,35613.66,Mastercard,0,69,2183,396,2,4,318.2,Citibank,POS Machine,0,1,89,1
TXN101568,CUST5361,2022-12-13,10:12:58,Bank Transfer,Restaurant,1909.2,Visa,0,53,919,342,9,10,250.5,Axis,Web Browser,0,0,1394,0
TXN101569,CUST2851,2023-02-23,22:16:49,POS Terminal,Pharmacy,25750.2,Amex,0,45,2554,270,15,22,469.7,SBI,,2,0,9,1
TXN101570,CUST1367,2023-11-07,11:31:07,Bank Transfer,Jewellery,12986.48,RuPay,1,40,123,294,9,11,99.4,ICICI,Tablet,,0,31,0
TXN101571,CUST8960,2021-06-24,05:15:57,Contactless Payment,Travel,8416.05,Visa,0,74,3572,406,2,5,231.0,Yes Bank,Web Browser,0,0,402,0
TXN101572,CUST3907,2021-05-19,05:32:50,ATM Withdrawal,Pharmacy,14334.56,Amex,0,31,440,344,16,5,289.9,HDFC,Tablet,0,0,920,0
TXN101573,CUST1044,2024-03-02,12:01:31,Contactless Payment,Electronics,22839.13,Mastercard,0,64,1138,322,2,12,252.0,Yes Bank,Web Browser,0,0,1170,0
TXN101574,CUST2426,2021-11-18,09:08:53,Bank Transfer,Fuel,1892.94,Amex,1,34,1194,249,13,9,14.3,Citibank,Mobile App,0,0,933,0
TXN101575,CUST5311,2022-09-02,11:12:42,Online Purchase,Groceries,1113.62,Mastercard,0,46,1710,309,13,11,262.6,Axis,POS Machine,0,0,,0
TXN101576,CUST9491,2024-04-04,12:04:59,Contactless Payment,Restaurant,22891.76,Discover,1,49,1354,75,1,12,164.7,Citibank,Mobile App,4,0,1064,0
TXN101577,CUST4375,2023-02-26,10:31:25,Mobile Payment,Luxury,1718.01,Visa,0,55,101,25,3,10,202.4,Kotak,POS Machine,0,0,404,0
TXN101578,CUST4145,2023-04-17,18:38:56,Contactless Payment,Travel,89834.45,Visa,0,27,584,324,6,18,11.8,HDFC,Mobile App,0,0,703,1
TXN101579,CUST4929,2024-03-23,08:34:59,POS Terminal,Travel,216372.77,RuPay,0,62,996,445,14,8,142.2,Kotak,ATM,2,1,404,1
TXN101580,CUST3558,2024-12-14,04:14:55,POS Terminal,Travel,42400.55,Discover,0,63,2790,271,15,4,21.4,Kotak,ATM,1,0,932,0
TXN101581,CUST9371,2023-05-20,12:55:48,Online Purchase,Groceries,3478.02,Discover,1,41,1911,110,13,12,234.2,SBI,POS Machine,0,0,410,0
TXN101582,CUST1415,2023-01-15,07:55:26,Bank Transfer,Clothing,20112.66,RuPay,0,34,2700,9,10,7,128.7,Barclays,Mobile App,0,0,1138,0
TXN101583,CUST5717,2024-05-10,05:44:01,Contactless Payment,Groceries,23454.27,Visa,0,74,2337,260,6,5,184.3,ICICI,ATM,3,0,1029,0
TXN101584,CUST3873,2023-09-01,08:36:29,Online Purchase,Luxury,2191.93,Amex,0,51,2818,417,12,8,29.2,Barclays,Web Browser,0,0,1053,0
TXN101585,CUST3111,2022-09-08,14:51:08,ATM Withdrawal,Pharmacy,70126.2,Discover,0,47,897,496,16,14,388.4,Barclays,POS Machine,1,0,565,1
TXN101586,CUST9630,2023-12-11,20:53:06,Online Purchase,Clothing,8053.53,RuPay,0,72,229,377,9,20,,SBI,ATM,0,0,1133,0
TXN101587,CUST2054,2023-07-16,20:00:53,Mobile Payment,Entertainment,15181.36,Amex,0,50,2226,136,11,20,419.0,SBI,ATM,3,0,50,1
TXN101588,CUST2896,2023-11-07,09:31:55,Mobile Payment,Clothing,101235.21,Mastercard,0,50,3578,270,4,9,123.0,HDFC,Mobile App,0,1,927,1
TXN101589,CUST5401,2021-01-15,15:22:11,Bank Transfer,Electronics,12228.23,Amex,0,40,938,411,9,15,126.3,HDFC,Tablet,1,0,653,0
TXN101590,CUST3190,2024-02-03,17:21:52,POS Terminal,Clothing,8819.95,Visa,0,73,1846,283,4,17,477.4,HSBC,Tablet,0,0,725,0
TXN101591,CUST5612,2021-12-08,02:38:42,Mobile Payment,Travel,1746.28,Amex,0,57,3252,90,1,2,36.8,HDFC,Web Browser,0,0,1383,0
TXN101592,CUST7334,2022-05-02,17:15:43,Contactless Payment,Fuel,2892.06,RuPay,0,26,880,243,9,17,284.6,Axis,Mobile App,0,0,615,0
TXN101593,CUST4731,2022-01-01,03:02:03,Bank Transfer,Restaurant,10233.66,Visa,0,37,3128,353,15,3,56.9,Yes Bank,POS Machine,0,0,686,0
TXN101594,CUST2555,2024-05-23,12:33:37,Contactless Payment,Electronics,918.54,Discover,0,61,2763,449,12,12,257.2,Yes Bank,Mobile App,0,0,226,0
TXN101595,CUST7958,2021-04-10,13:22:20,POS Terminal,Jewellery,69593.75,Discover,0,25,1092,129,15,13,430.4,HDFC,Tablet,0,1,851,1
TXN101596,CUST2951,2024-01-20,02:47:23,Bank Transfer,Groceries,10044.66,Mastercard,0,63,98,60,17,2,31.5,,POS Machine,1,1,1074,1
TXN101597,CUST3465,2021-09-09,14:18:19,Bank Transfer,Pharmacy,20198.08,Amex,1,29,2588,312,14,14,43.7,Barclays,Web Browser,0,0,204,0
TXN101598,CUST5681,2022-10-24,10:18:45,Contactless Payment,Luxury,25853.13,RuPay,1,68,2547,128,13,10,179.9,HSBC,ATM,0,0,,0
TXN101599,CUST9022,2022-03-06,07:58:22,ATM Withdrawal,Restaurant,19192.24,Discover,1,41,67,287,17,7,76.7,HDFC,POS Machine,4,0,600,1
TXN101600,CUST9995,2022-11-02,10:12:54,Online Purchase,Entertainment,5768.78,Mastercard,0,73,1246,254,6,10,409.6,Kotak,Tablet,0,0,1210,0
TXN101601,CUST8886,2023-03-26,13:07:33,Mobile Payment,Fuel,64956.43,RuPay,0,66,2397,192,12,13,417.3,HDFC,Mobile App,0,0,42,0
TXN101602,CUST3104,2023-06-28,21:37:42,Contactless Payment,Restaurant,13453.11,RuPay,0,62,1618,272,2,21,258.0,PNB,,0,0,981,0
TXN101603,CUST2806,2023-07-17,11:59:06,ATM Withdrawal,Groceries,7323.56,Mastercard,1,20,2186,105,9,11,122.8,Axis,Mobile App,0,0,231,0
TXN101604,CUST7206,2023-03-28,16:52:37,Contactless Payment,Entertainment,5035.02,Visa,0,25,60,8,2,16,46.9,HDFC,POS Machine,0,0,708,0
TXN101605,CUST2514,2024-09-06,22:23:04,POS Terminal,Travel,2378.6,Visa,1,44,1831,121,15,22,5.8,Yes Bank,Tablet,0,0,702,0
TXN101606,CUST6781,2021-01-28,07:19:52,Bank Transfer,Jewellery,124325.24,Visa,0,59,3637,478,11,7,99.7,Axis,POS Machine,0,0,516,0
TXN101607,CUST6945,2021-05-17,07:13:44,ATM Withdrawal,Entertainment,6593.23,RuPay,0,43,297,229,19,7,148.9,Citibank,ATM,0,0,507,0
TXN101608,CUST7071,2021-07-08,22:25:33,Bank Transfer,Electronics,6550.21,Amex,0,67,1988,251,16,22,12.3,Kotak,,0,0,422,0
TXN101609,CUST3507,2024-10-13,06:35:47,Contactless Payment,Pharmacy,39889.82,RuPay,0,30,53,396,5,6,362.6,Kotak,Tablet,0,0,1412,0
TXN101610,CUST7807,2021-06-05,20:39:01,Mobile Payment,Restaurant,31604.27,Amex,0,39,2579,390,1,20,409.5,HDFC,Tablet,0,0,446,0
TXN101611,CUST6063,2021-08-02,18:26:29,ATM Withdrawal,Travel,9505.38,Discover,1,64,3219,480,14,18,151.7,ICICI,Mobile App,0,0,419,0
TXN101612,CUST7292,2024-03-26,00:55:10,Contactless Payment,Restaurant,17492.07,RuPay,0,45,1350,149,18,0,471.6,Barclays,Mobile App,3,0,506,0
TXN101613,CUST8713,2024-11-23,15:42:25,POS Terminal,Luxury,3836.54,Mastercard,0,35,2460,450,9,15,18.3,Citibank,Mobile App,0,0,1280,0
TXN101614,CUST9146,2022-05-04,11:56:39,Mobile Payment,Pharmacy,35676.21,RuPay,0,26,1323,5,7,11,361.8,Citibank,Mobile App,3,0,60,1
TXN101615,CUST3240,2022-05-27,21:49:08,ATM Withdrawal,Jewellery,142330.95,RuPay,0,22,1704,477,13,21,305.6,SBI,POS Machine,1,0,1213,1
TXN101616,CUST5839,2022-07-27,22:03:43,Contactless Payment,Groceries,52775.06,Discover,0,64,2494,488,11,22,489.4,Yes Bank,Mobile App,0,0,329,1
TXN101617,CUST2116,2023-10-10,15:56:20,ATM Withdrawal,Pharmacy,1490.65,Visa,1,28,96,483,20,15,336.5,Yes Bank,Tablet,2,1,578,0
TXN101618,CUST9567,2021-12-14,10:40:20,ATM Withdrawal,Electronics,46261.3,Discover,0,49,219,26,2,10,404.0,SBI,Web Browser,0,1,1174,0
TXN101619,CUST4484,2021-11-06,07:00:19,Online Purchase,Fuel,20998.62,Discover,0,40,1589,97,15,7,296.7,Citibank,ATM,0,1,882,0
TXN101620,CUST7920,2021-05-26,02:22:15,POS Terminal,Travel,5962.19,Amex,0,39,1610,139,6,2,461.1,Barclays,Mobile App,1,0,344,0
TXN101621,CUST6240,2021-03-17,20:58:10,Mobile Payment,Electronics,30743.85,Mastercard,0,19,983,454,5,20,,ICICI,Tablet,0,0,1337,1
TXN101622,CUST6113,2024-12-07,11:12:23,Bank Transfer,Electronics,70931.87,Discover,0,23,2241,47,3,11,407.8,Yes Bank,ATM,4,0,1038,1
TXN101623,CUST7098,2022-05-08,12:05:50,Online Purchase,Fuel,13332.28,Discover,0,25,2110,360,8,12,137.0,HSBC,Tablet,1,0,642,0
TXN101624,CUST6342,2022-09-22,07:18:12,Contactless Payment,Pharmacy,52884.66,Discover,0,69,1016,124,14,7,278.5,ICICI,ATM,0,0,328,1
TXN101625,CUST1268,2021-09-06,00:28:10,Online Purchase,Electronics,54296.51,RuPay,1,29,1693,463,5,0,224.9,ICICI,Web Browser,1,0,331,1
TXN101626,CUST2623,2022-11-01,22:37:41,Bank Transfer,Groceries,16751.98,Discover,0,49,1383,140,12,22,359.1,Axis,Web Browser,1,0,1343,0
TXN101627,CUST2932,2024-04-24,17:15:48,Online Purchase,Restaurant,9707.3,Mastercard,0,32,2924,131,4,17,56.5,Barclays,Web Browser,0,0,,0
TXN101628,CUST5500,2022-12-06,17:26:59,ATM Withdrawal,Luxury,5793.29,Visa,0,35,3168,370,6,17,466.8,SBI,Tablet,0,0,262,0
TXN101629,CUST1560,2023-10-23,06:31:00,Contactless Payment,Electronics,4824.8,Discover,0,27,1756,228,8,6,147.7,Axis,,,0,1131,0
TXN101630,CUST9718,2022-10-14,19:58:31,Bank Transfer,Restaurant,73109.0,Visa,1,34,1082,319,12,19,237.5,Kotak,POS Machine,5,1,93,1
TXN101631,CUST7145,2023-03-14,11:47:00,Contactless Payment,Jewellery,9206.68,Visa,0,28,824,352,13,11,360.6,SBI,Mobile App,0,0,1421,0
TXN101632,CUST4228,2022-06-25,04:21:07,Mobile Payment,Jewellery,19748.49,Amex,0,41,1328,350,6,4,5.4,PNB,Tablet,0,0,287,0
TXN101633,CUST4368,2022-05-20,01:13:06,Bank Transfer,Electronics,19176.22,Mastercard,0,47,275,464,4,1,261.5,ICICI,,0,1,490,1
TXN101634,CUST6054,2024-02-22,03:26:53,ATM Withdrawal,Travel,6060.86,Visa,0,62,507,259,6,3,347.7,ICICI,ATM,1,0,102,0
TXN101635,CUST6826,2022-05-11,12:55:58,Contactless Payment,Groceries,7973.39,Amex,0,75,484,99,2,12,34.9,Kotak,ATM,1,0,927,0
TXN101636,CUST6881,2024-04-05,12:31:26,Contactless Payment,Restaurant,7347.16,Visa,0,49,2272,468,5,12,301.4,Citibank,POS Machine,1,0,1172,0
TXN101637,CUST5047,2021-05-03,14:23:16,ATM Withdrawal,Pharmacy,40577.34,Mastercard,1,31,1494,338,11,14,70.7,Axis,Web Browser,0,0,1197,0
TXN101638,CUST4422,2021-05-11,19:08:32,Contactless Payment,Travel,13228.04,RuPay,0,73,2893,49,15,19,198.5,Citibank,POS Machine,0,0,160,1
TXN101639,CUST6651,2022-07-15,20:45:01,Contactless Payment,Clothing,35286.76,Discover,0,27,618,269,9,20,30.7,HDFC,Tablet,4,0,936,0
TXN101640,CUST1863,2024-05-28,18:52:04,Mobile Payment,Travel,5881.8,Mastercard,0,49,524,190,13,18,45.9,Axis,POS Machine,1,0,770,0
TXN101641,CUST9384,2024-07-14,18:16:43,POS Terminal,Restaurant,942.28,Mastercard,0,74,459,126,20,18,111.2,Citibank,POS Machine,0,1,709,0
TXN101642,CUST5855,2023-12-24,04:44:50,ATM Withdrawal,Travel,7365.58,Amex,0,69,3261,94,19,4,29.6,PNB,Web Browser,2,1,23,0
TXN101643,CUST4824,2022-11-28,12:24:31,POS Terminal,Restaurant,117627.84,Amex,0,41,3152,360,6,12,208.6,ICICI,POS Machine,3,0,1224,0
TXN101644,CUST1414,2022-01-17,00:53:56,Bank Transfer,Clothing,122417.62,Mastercard,0,,2698,302,12,0,242.0,PNB,POS Machine,1,1,1322,1
TXN101645,CUST9069,2023-03-07,00:12:47,POS Terminal,Travel,11633.65,Amex,0,73,3561,103,10,0,93.3,SBI,Mobile App,0,1,1205,0
TXN101646,CUST5176,2022-05-17,17:38:14,Contactless Payment,Pharmacy,10787.08,Mastercard,0,62,3100,120,15,17,320.8,Barclays,ATM,1,0,653,0
TXN101647,CUST7080,2021-03-04,17:57:03,Online Purchase,Pharmacy,3274.49,RuPay,1,63,3563,440,18,17,137.4,Axis,POS Machine,0,0,177,0
TXN101648,CUST3501,2024-10-04,14:35:40,Online Purchase,Pharmacy,52862.82,Visa,0,40,2849,371,7,14,150.1,Barclays,Mobile App,0,0,1331,0
TXN101649,CUST2127,2024-05-10,07:34:52,Online Purchase,Fuel,20070.49,Discover,1,53,2307,396,19,7,196.9,ICICI,ATM,0,0,1122,0
TXN101650,CUST1114,2021-06-16,23:32:00,Bank Transfer,Luxury,6000.97,Discover,1,62,706,465,9,23,259.9,HDFC,POS Machine,5,0,1340,0
TXN101651,CUST1585,2024-04-06,16:43:58,Online Purchase,Jewellery,17459.39,Mastercard,0,67,3343,490,3,16,93.6,Citibank,Mobile App,2,0,1113,0
TXN101652,CUST1837,2024-03-24,13:14:03,ATM Withdrawal,Fuel,49336.65,Mastercard,1,47,2076,360,20,13,436.1,Barclays,ATM,1,1,209,1
TXN101653,CUST8923,2022-07-03,06:51:41,POS Terminal,Entertainment,9289.04,Amex,0,22,752,87,20,6,236.5,Kotak,Web Browser,1,1,146,0
TXN101654,CUST8038,2022-12-11,09:06:05,Bank Transfer,Jewellery,4423.83,Amex,0,28,1896,163,8,9,,PNB,Tablet,0,0,1207,0
TXN101655,CUST7268,2021-03-13,10:53:38,Online Purchase,Entertainment,3508.87,Discover,0,43,3232,271,1,10,125.4,Kotak,POS Machine,0,0,168,0
TXN101656,CUST5968,2024-03-09,15:35:49,ATM Withdrawal,Fuel,3335.42,RuPay,0,58,3334,275,15,15,136.3,HSBC,Tablet,0,1,932,0
TXN101657,CUST9819,2023-02-22,07:03:11,ATM Withdrawal,Pharmacy,492.37,Discover,0,38,2186,474,5,7,120.2,ICICI,Mobile App,,0,372,0
TXN101658,CUST6099,2023-01-13,12:48:09,ATM Withdrawal,Jewellery,43259.52,Mastercard,0,36,2089,335,7,12,203.6,Axis,Tablet,0,0,19,1
TXN101659,CUST4403,2022-04-25,16:47:34,Bank Transfer,Fuel,1484.64,Amex,1,35,2686,160,13,16,269.8,Kotak,Tablet,2,1,786,0
TXN101660,CUST8781,2023-11-01,16:15:10,Bank Transfer,Pharmacy,4452.09,Visa,0,34,483,293,17,16,363.9,Axis,ATM,0,1,590,0
TXN101661,CUST8822,2021-11-15,12:47:26,Contactless Payment,Travel,22348.09,Visa,0,,2829,243,1,12,197.3,ICICI,Mobile App,0,0,117,0
TXN101662,CUST4713,2021-02-16,09:53:59,POS Terminal,Pharmacy,8289.63,Visa,0,67,2730,289,1,9,453.5,PNB,POS Machine,0,0,106,0
TXN101663,CUST8540,2022-05-27,05:28:18,Mobile Payment,Groceries,1621.44,Discover,0,45,1673,246,15,5,46.0,ICICI,POS Machine,1,0,262,0
TXN101664,CUST6105,2021-07-09,12:40:15,Contactless Payment,Restaurant,112005.8,Discover,1,24,209,262,12,12,369.0,ICICI,Tablet,0,1,467,0
TXN101665,CUST1026,2023-02-08,22:06:27,Contactless Payment,Jewellery,13392.72,RuPay,0,42,629,125,18,22,,Axis,POS Machine,,1,802,0
TXN101666,CUST4459,2022-09-22,03:18:37,Online Purchase,Fuel,39741.58,Amex,0,22,2724,154,5,3,3.8,HSBC,ATM,0,0,1319,0
TXN101667,CUST9797,2022-07-03,16:40:00,Mobile Payment,Clothing,41362.93,Mastercard,1,45,1967,256,14,16,294.5,Axis,Mobile App,2,0,360,1
TXN101668,CUST6715,2024-12-12,03:12:00,Contactless Payment,Clothing,14854.21,Amex,1,66,2577,68,6,3,116.2,Barclays,Web Browser,0,1,638,0
TXN101669,CUST2482,2024-10-07,19:18:36,ATM Withdrawal,Luxury,14925.7,Mastercard,1,66,2349,461,19,19,77.0,Yes Bank,ATM,0,0,1269,0
TXN101670,CUST3911,2021-11-05,23:33:57,Mobile Payment,Travel,42791.11,RuPay,0,74,1495,119,12,23,347.6,ICICI,POS Machine,1,1,143,1
TXN101671,CUST3718,2024-12-15,10:45:03,Online Purchase,Jewellery,1963.68,Discover,0,41,306,490,14,10,470.9,SBI,ATM,0,0,1277,0
TXN101672,CUST3925,2021-04-04,20:57:03,Online Purchase,Jewellery,3323.01,RuPay,0,32,1881,61,15,20,118.8,SBI,Mobile App,0,0,235,0
TXN101673,CUST3399,2024-07-08,00:25:32,Mobile Payment,Fuel,52385.37,RuPay,1,57,226,85,9,0,109.7,SBI,Web Browser,1,0,985,0
TXN101674,CUST9218,2021-08-15,18:57:02,Contactless Payment,Clothing,3020.81,Discover,0,46,720,117,16,18,364.9,Citibank,ATM,0,0,121,0
TXN101675,CUST1259,2024-08-14,15:16:28,Mobile Payment,Electronics,7920.02,Visa,0,38,3249,114,17,15,,ICICI,ATM,5,0,1403,1
TXN101676,CUST6674,2022-08-21,05:54:40,Contactless Payment,Travel,60190.51,Discover,0,49,2892,110,3,5,364.6,Kotak,Tablet,1,1,428,1
TXN101677,CUST1499,2022-09-05,15:55:18,Bank Transfer,Pharmacy,2641.43,RuPay,0,50,1073,319,14,15,359.8,HDFC,POS Machine,0,0,712,0
TXN101678,CUST4127,2024-03-01,07:46:48,Mobile Payment,Restaurant,11157.92,Mastercard,0,55,1988,52,6,7,338.3,HDFC,Mobile App,0,0,719,0
TXN101679,CUST8754,2022-03-12,23:05:26,Bank Transfer,Groceries,4466.12,RuPay,0,32,3568,457,10,23,103.1,HSBC,POS Machine,1,0,1370,0
TXN101680,CUST8048,2024-04-05,10:26:24,Bank Transfer,Electronics,14876.56,RuPay,0,65,287,42,19,10,109.3,PNB,POS Machine,4,0,160,1
TXN101681,CUST2568,2024-05-02,15:13:27,Mobile Payment,Entertainment,11665.9,Visa,1,33,1369,496,13,15,445.2,SBI,Web Browser,0,0,874,1
TXN101682,CUST1931,2022-06-12,16:41:46,ATM Withdrawal,Jewellery,9865.25,Amex,0,20,2084,109,18,16,11.4,ICICI,Web Browser,3,0,1325,0
TXN101683,CUST2105,2022-07-25,21:19:47,Bank Transfer,Luxury,500000,Amex,1,73,3432,59,5,21,365.3,Yes Bank,Tablet,1,0,,1
TXN101684,CUST1970,2022-08-13,06:45:36,Contactless Payment,Clothing,1348.31,Amex,0,30,2349,313,2,6,428.2,Yes Bank,Mobile App,0,1,909,0
TXN101685,CUST9355,2021-08-27,19:08:13,Contactless Payment,Electronics,23944.09,RuPay,0,50,2566,118,13,19,214.3,Kotak,POS Machine,0,0,1019,1
TXN101686,CUST1216,2023-04-23,21:17:00,Mobile Payment,Electronics,34561.98,Discover,0,70,1377,166,12,21,473.8,ICICI,Web Browser,0,0,948,1
TXN101687,CUST2358,2024-06-11,23:51:04,Contactless Payment,Electronics,76861.52,Mastercard,0,34,2629,451,12,23,447.6,Kotak,Tablet,0,0,428,1
TXN101688,CUST4760,2021-02-10,17:44:03,Mobile Payment,Jewellery,239.4,Mastercard,0,58,363,115,19,17,154.1,Barclays,Tablet,0,0,1300,0
TXN101689,CUST6046,2021-01-28,15:38:22,Mobile Payment,Restaurant,7303.8,RuPay,0,34,604,373,4,15,136.2,PNB,ATM,0,1,204,0
TXN101690,CUST7971,2023-12-01,23:27:04,Mobile Payment,Groceries,1715.18,RuPay,0,27,459,80,16,23,161.2,Citibank,Web Browser,0,0,421,0
TXN101691,CUST1116,2021-02-25,12:18:51,Bank Transfer,Electronics,12158.44,Mastercard,0,44,2000,193,14,12,83.2,HSBC,Web Browser,,0,1122,0
TXN101692,CUST4943,2023-01-22,02:21:23,ATM Withdrawal,Pharmacy,117140.19,Mastercard,1,71,350,409,20,2,433.5,Yes Bank,POS Machine,1,1,441,1
TXN101693,CUST5881,2022-06-03,12:51:11,Bank Transfer,Fuel,12539.0,Amex,1,68,1376,317,1,12,315.6,Yes Bank,Web Browser,0,0,319,0
TXN101694,CUST7262,2022-04-10,11:53:12,Contactless Payment,Pharmacy,18095.6,RuPay,0,41,921,429,16,11,276.2,HSBC,POS Machine,5,0,1401,1
TXN101695,CUST2364,2022-12-02,17:55:27,Contactless Payment,Pharmacy,22555.91,RuPay,0,66,1430,86,6,17,125.1,HDFC,ATM,0,1,114,0
TXN101696,CUST7713,2022-05-22,01:08:03,POS Terminal,Electronics,18950.74,Visa,1,54,2010,100,13,1,33.4,Citibank,Web Browser,1,0,503,1
TXN101697,CUST4143,2022-02-05,16:04:29,POS Terminal,Fuel,3520.76,Mastercard,1,60,2265,238,6,16,241.4,SBI,Tablet,0,0,100,0
TXN101698,CUST2959,2022-06-19,18:17:13,Online Purchase,Groceries,7356.36,Discover,1,34,1070,131,1,18,469.0,Axis,POS Machine,0,0,1363,0
TXN101699,CUST5423,2024-07-09,09:39:11,ATM Withdrawal,Entertainment,12015.84,Visa,0,39,3222,31,18,9,190.0,Kotak,Mobile App,0,0,642,0
TXN101700,CUST5998,2021-06-02,13:10:34,Mobile Payment,Restaurant,16310.46,Amex,0,46,615,230,10,13,429.5,Yes Bank,Mobile App,0,0,1024,0
TXN101701,CUST4464,2024-07-22,23:04:54,Bank Transfer,Groceries,83968.58,RuPay,0,36,1699,223,13,23,445.0,HSBC,ATM,1,0,1304,1
TXN101702,CUST4729,2021-06-20,09:11:16,Contactless Payment,Groceries,10675.83,Mastercard,0,35,2115,415,5,9,488.7,Kotak,ATM,,1,517,0
TXN101703,CUST5559,2023-06-11,03:16:16,Online Purchase,Entertainment,3047.44,Discover,0,,2947,100,10,3,76.4,Kotak,Tablet,0,0,1379,0
TXN101704,CUST9594,2024-09-04,05:27:18,Online Purchase,Luxury,64030.99,Mastercard,1,64,3430,200,8,5,215.2,HSBC,ATM,0,0,1074,1
TXN101705,CUST7171,2021-05-08,09:09:26,Bank Transfer,Luxury,95504.85,Visa,1,47,2667,451,15,9,146.2,HDFC,Tablet,0,0,1343,0
TXN101706,CUST3736,2022-05-07,20:07:25,ATM Withdrawal,Clothing,7288.09,Discover,0,24,2386,298,9,20,126.2,Kotak,POS Machine,2,0,1272,0
TXN101707,CUST3781,2022-12-06,12:23:01,Online Purchase,Clothing,12858.37,Visa,0,66,249,10,5,12,4.2,Barclays,Web Browser,1,0,498,0
TXN101708,CUST4057,2023-12-01,04:08:41,Contactless Payment,Entertainment,33979.51,Amex,1,53,2153,388,2,4,345.2,Kotak,Tablet,1,1,691,1
TXN101709,CUST2811,2021-11-26,14:30:00,ATM Withdrawal,Restaurant,2865.23,RuPay,0,18,900,477,3,14,201.7,PNB,Mobile App,,1,647,0
TXN101710,CUST7932,2024-08-21,15:04:37,Bank Transfer,Entertainment,4295.86,Mastercard,0,40,2721,467,4,15,373.9,ICICI,Mobile App,,0,1399,0
TXN101711,CUST3729,2023-05-04,13:01:40,Bank Transfer,Luxury,28533.47,Amex,0,74,1234,315,15,13,37.5,SBI,POS Machine,1,0,762,0
TXN101712,CUST4685,2024-10-12,00:06:06,Bank Transfer,Electronics,11382.2,Amex,0,49,2765,275,4,0,253.0,SBI,Mobile App,0,0,365,1
TXN101713,CUST7592,2024-07-04,03:34:03,Online Purchase,Travel,23126.69,Amex,0,36,2390,415,8,3,55.4,HDFC,ATM,0,0,174,0
TXN101714,CUST3342,2024-12-27,11:52:35,ATM Withdrawal,Electronics,12939.54,Amex,0,60,256,343,11,11,334.7,Axis,Tablet,0,0,1244,0
TXN101715,CUST5376,2021-06-13,09:56:03,Bank Transfer,Jewellery,6755.74,Mastercard,0,25,2679,36,19,9,263.9,HSBC,Mobile App,0,0,1385,0
TXN101716,CUST1362,2022-02-02,10:40:10,Online Purchase,Jewellery,3839.5,RuPay,1,37,3080,77,4,10,73.5,Yes Bank,POS Machine,0,0,824,0
TXN101717,CUST8182,2021-04-17,19:55:41,POS Terminal,Pharmacy,38138.81,Visa,0,21,3234,63,13,19,112.8,Citibank,POS Machine,2,1,548,1
TXN101718,CUST9027,2021-10-17,02:31:33,ATM Withdrawal,Luxury,111372.68,Discover,0,63,1291,4,13,2,224.5,HSBC,ATM,3,0,1411,1
TXN101719,CUST6426,2023-02-03,15:29:27,POS Terminal,Clothing,55665.69,Discover,0,69,962,267,6,15,487.4,Axis,POS Machine,0,0,736,0
TXN101720,CUST5806,2023-04-23,22:13:38,POS Terminal,Pharmacy,4637.97,Visa,0,56,3477,471,8,22,20.5,Barclays,Tablet,0,0,30,0
TXN101721,CUST6375,2021-07-23,12:04:49,Bank Transfer,Entertainment,24989.64,RuPay,0,50,2319,91,15,12,405.3,ICICI,POS Machine,0,0,1392,0
TXN101722,CUST7611,2024-12-22,17:52:26,POS Terminal,Travel,90765.82,Visa,0,,943,252,5,17,226.9,Yes Bank,POS Machine,2,0,472,1
TXN101723,CUST9877,2021-03-18,16:52:13,Mobile Payment,Restaurant,31166.68,Discover,1,60,1513,333,10,16,122.3,PNB,Tablet,0,0,993,0
TXN101724,CUST6376,2023-05-20,06:41:34,Bank Transfer,Groceries,50750.82,Amex,0,40,2240,166,7,6,232.3,Barclays,Web Browser,3,0,1395,0
TXN101725,CUST8036,2022-04-17,19:39:27,POS Terminal,Groceries,14197.17,Amex,0,52,2761,394,16,19,136.3,Citibank,Web Browser,0,0,1059,0
TXN101726,CUST1424,2023-01-13,07:05:50,Contactless Payment,Pharmacy,65687.33,Visa,0,31,416,487,18,7,2.6,Axis,Tablet,3,0,275,1
TXN101727,CUST6831,2024-07-02,19:17:40,Contactless Payment,Fuel,7824.09,Mastercard,0,62,367,301,2,19,107.8,Citibank,POS Machine,0,0,1170,0
TXN101728,CUST6508,2024-11-12,05:17:45,Mobile Payment,Entertainment,33269.29,Visa,0,58,1383,382,20,5,326.1,Barclays,ATM,2,0,121,1
TXN101729,CUST6219,2023-12-09,10:31:11,POS Terminal,Clothing,1815.59,Visa,1,57,2657,372,11,10,325.9,HSBC,Tablet,0,1,289,0
TXN101730,CUST1844,2022-03-07,09:14:13,Mobile Payment,Travel,17405.53,Mastercard,1,34,1997,372,1,9,359.4,Axis,Tablet,1,0,629,0
TXN101731,CUST8875,2021-01-21,06:12:51,Online Purchase,Entertainment,1108.79,Discover,0,22,3097,241,18,6,452.1,Citibank,Web Browser,,0,,0
TXN101732,CUST7484,2021-05-19,19:43:20,Bank Transfer,Travel,47081.25,RuPay,0,37,2201,428,1,19,92.3,SBI,Web Browser,0,0,456,0
TXN101733,CUST4602,2024-08-03,02:07:16,Contactless Payment,Luxury,21052.64,Discover,1,39,3402,494,18,2,389.6,Kotak,ATM,0,0,511,1
TXN101734,CUST1107,2023-04-10,17:22:54,Bank Transfer,Groceries,8131.0,Visa,1,40,213,58,19,17,188.9,ICICI,Tablet,0,0,1009,0
TXN101735,CUST3984,2022-05-03,10:53:20,Mobile Payment,Entertainment,22404.63,Mastercard,0,66,3286,194,2,10,241.8,HSBC,POS Machine,0,0,1184,0
TXN101736,CUST5208,2021-08-09,02:10:04,Contactless Payment,Luxury,13779.79,Visa,0,33,1551,438,9,2,167.4,Yes Bank,ATM,0,1,414,0
TXN101737,CUST6692,2022-11-20,02:02:44,Online Purchase,Pharmacy,485.0,Amex,0,42,1999,465,13,2,363.9,ICICI,POS Machine,0,0,1194,0
TXN101738,CUST2800,2023-10-08,10:59:26,Online Purchase,Restaurant,2037.29,Discover,0,47,2683,456,10,10,226.4,Kotak,ATM,0,0,231,0
TXN101739,CUST2987,2024-04-07,01:50:50,POS Terminal,Fuel,46160.29,Amex,0,48,1310,280,15,1,407.1,Yes Bank,Tablet,1,1,894,1
TXN101740,CUST3636,2021-10-03,11:07:40,Contactless Payment,Pharmacy,11199.82,RuPay,0,27,2767,5,10,11,456.6,Axis,POS Machine,1,0,997,0
TXN101741,CUST3397,2024-11-28,03:13:17,Bank Transfer,Clothing,8742.27,Mastercard,1,64,1218,118,1,3,475.5,Barclays,Mobile App,0,0,1065,0
TXN101742,CUST8987,2023-09-19,05:29:50,POS Terminal,Travel,105143.56,Discover,1,47,3431,376,1,5,110.1,Yes Bank,Web Browser,4,0,1085,0
TXN101743,CUST1527,2022-04-09,22:25:47,Online Purchase,Fuel,11153.45,Mastercard,0,,2717,284,12,22,148.7,HSBC,Web Browser,0,0,76,0
TXN101744,CUST1076,2023-11-19,18:56:12,POS Terminal,Clothing,19604.7,Visa,0,49,1310,97,12,18,259.9,Axis,POS Machine,0,0,1120,0
TXN101745,CUST4320,2023-04-11,16:10:39,Mobile Payment,Groceries,4821.56,Amex,1,50,1820,316,8,16,17.9,PNB,Tablet,0,0,504,0
TXN101746,CUST4115,2022-05-14,07:16:50,Contactless Payment,Entertainment,32290.1,Visa,0,27,2263,153,1,7,176.3,Yes Bank,ATM,2,0,815,0
TXN101747,CUST5914,2024-02-22,13:38:00,Bank Transfer,Groceries,84992.59,Mastercard,1,51,2545,162,11,13,239.1,ICICI,Web Browser,1,1,887,1
TXN101748,CUST9787,2024-09-18,01:41:01,Mobile Payment,Travel,3006.86,Mastercard,0,62,3236,220,12,1,29.3,Yes Bank,Mobile App,1,0,,0
TXN101749,CUST6939,2023-06-24,04:35:59,ATM Withdrawal,Jewellery,44550.55,RuPay,0,24,997,40,2,4,471.7,HDFC,POS Machine,2,0,1428,1
TXN101750,CUST5855,2023-04-03,19:34:35,ATM Withdrawal,Luxury,3534.29,RuPay,0,47,2641,313,3,19,178.6,Barclays,POS Machine,1,0,1102,0
TXN101751,CUST1982,2023-12-14,06:05:30,POS Terminal,Luxury,2379.99,Amex,0,43,1761,271,7,6,150.2,PNB,Mobile App,1,0,655,0
TXN101752,CUST1574,2021-05-02,16:15:47,Online Purchase,Travel,63880.5,Amex,0,68,629,460,18,16,431.7,SBI,POS Machine,0,1,217,1
TXN101753,CUST9175,2022-12-02,02:11:27,Mobile Payment,Fuel,2499.27,Mastercard,0,49,3525,475,6,2,87.1,Yes Bank,Mobile App,0,0,657,0
TXN101754,CUST5507,2021-04-27,14:44:38,Mobile Payment,Travel,3666.42,Mastercard,0,66,2725,276,2,14,411.8,Barclays,POS Machine,1,0,853,0
TXN101755,CUST7890,2022-02-12,11:01:02,Mobile Payment,Jewellery,27271.76,RuPay,1,35,1709,381,20,11,298.4,Barclays,Tablet,2,0,205,1
TXN101756,CUST2861,2023-12-06,15:27:32,ATM Withdrawal,Luxury,15442.85,RuPay,0,30,2443,233,7,15,456.7,Citibank,Web Browser,0,0,867,0
TXN101757,CUST8406,2022-02-20,07:21:51,Mobile Payment,Entertainment,20929.04,Amex,1,75,3105,37,5,7,92.8,Citibank,ATM,0,0,640,0
TXN101758,CUST1994,2023-08-21,01:08:13,Contactless Payment,Groceries,8394.97,Mastercard,0,57,2350,459,8,1,435.1,HSBC,Tablet,3,0,253,1
TXN101759,CUST5579,2021-03-10,00:10:23,Online Purchase,Groceries,10580.46,Amex,0,73,3425,246,17,0,364.6,Kotak,Web Browser,0,0,1339,0
TXN101760,CUST6414,2023-05-11,01:02:39,Contactless Payment,Groceries,9092.01,Amex,0,38,1037,193,9,1,79.8,Kotak,ATM,0,1,1074,0
TXN101761,CUST9942,2023-06-27,19:02:57,Online Purchase,Luxury,3973.28,RuPay,0,49,1586,245,2,19,398.3,ICICI,Mobile App,0,0,1133,0
TXN101762,CUST7762,2023-10-16,14:42:28,POS Terminal,Restaurant,3302.79,Discover,0,58,197,368,3,14,375.7,SBI,POS Machine,,0,,0
TXN101763,CUST1599,2024-02-25,16:54:27,ATM Withdrawal,Clothing,8225.93,Visa,0,62,1791,341,20,16,199.2,Axis,ATM,3,0,355,1
TXN101764,CUST6741,2024-09-18,03:23:52,Bank Transfer,Jewellery,36565.02,Discover,1,57,550,468,1,3,,,POS Machine,0,0,1418,0
TXN101765,CUST3706,2021-08-08,22:12:26,Contactless Payment,Pharmacy,12133.95,Amex,0,48,3449,141,4,22,367.4,Kotak,Tablet,0,0,1114,0
TXN101766,CUST5104,2021-12-18,08:54:49,Mobile Payment,Restaurant,14132.36,Amex,0,,1757,115,3,8,347.8,ICICI,Web Browser,0,0,1296,0
TXN101767,CUST9952,2023-02-24,08:49:49,Mobile Payment,Restaurant,3267.65,Mastercard,1,44,2086,81,7,8,126.3,HDFC,Web Browser,0,0,773,0
TXN101768,CUST7109,2024-01-23,09:55:20,Bank Transfer,Travel,25134.72,Visa,0,72,3550,251,4,9,,Yes Bank,Web Browser,0,0,1140,1
TXN101769,CUST3471,2021-04-27,04:14:43,Bank Transfer,Electronics,12651.59,Mastercard,0,58,299,52,4,4,,ICICI,ATM,0,0,1161,0
TXN101770,CUST9336,2023-05-17,12:50:14,Bank Transfer,Travel,4773.46,Amex,0,26,1674,238,7,12,295.8,HSBC,ATM,1,0,,0
TXN101771,CUST3906,2022-02-03,13:12:14,Mobile Payment,Entertainment,20948.58,Discover,0,47,718,59,12,13,155.1,Citibank,Web Browser,1,0,30,0
TXN101772,CUST8045,2024-11-05,20:57:46,POS Terminal,Fuel,104126.79,Discover,0,61,2327,463,6,20,260.6,SBI,Web Browser,1,0,758,0
TXN101773,CUST3002,2021-05-15,04:15:06,Bank Transfer,Fuel,1939.84,Visa,0,42,517,169,6,4,96.4,HSBC,ATM,0,0,505,0
TXN101774,CUST3863,2021-10-19,03:29:38,POS Terminal,Entertainment,4173.3,Discover,0,67,2532,180,12,3,487.3,HDFC,ATM,1,0,921,1
TXN101775,CUST8271,2021-05-27,04:17:53,Online Purchase,Pharmacy,18551.34,Mastercard,0,19,1028,355,19,4,42.9,Barclays,POS Machine,0,0,1126,0
TXN101776,CUST4556,2022-11-15,06:33:08,Online Purchase,Clothing,11273.9,Amex,0,47,2661,135,19,6,327.6,Yes Bank,ATM,0,1,650,0
TXN101777,CUST6423,2024-05-12,08:59:06,Bank Transfer,Luxury,1321.12,Discover,0,69,2549,102,13,8,38.7,SBI,Mobile App,0,0,372,0
TXN101778,CUST3143,2022-05-15,02:06:54,Online Purchase,Fuel,4924.09,Mastercard,0,70,2335,302,10,2,44.0,HDFC,Tablet,0,0,1085,0
TXN101779,CUST8599,2022-12-22,18:09:15,ATM Withdrawal,Groceries,74808.53,RuPay,1,29,34,185,13,18,466.4,HDFC,ATM,0,0,1284,1
TXN101780,CUST8236,2021-07-28,09:50:52,Mobile Payment,Restaurant,6376.31,Mastercard,0,,78,277,17,9,45.1,Barclays,POS Machine,0,0,1341,0
TXN101781,CUST7759,2024-05-28,14:00:19,ATM Withdrawal,Electronics,1447.03,Amex,0,70,526,484,5,14,114.0,Barclays,Mobile App,0,0,1010,0
TXN101782,CUST7271,2024-01-12,15:31:24,ATM Withdrawal,Fuel,3744.53,RuPay,0,32,1529,18,9,15,372.2,Barclays,Mobile App,4,0,1139,0
TXN101783,CUST5816,2024-11-27,20:26:10,Bank Transfer,Entertainment,12120.82,Discover,0,35,940,243,20,20,166.0,Citibank,Web Browser,1,0,444,0
TXN101784,CUST7118,2022-10-17,18:32:01,Contactless Payment,Entertainment,13020.0,RuPay,0,57,246,153,10,18,454.0,Yes Bank,ATM,0,0,898,0
TXN101785,CUST1913,2022-05-23,20:08:08,Mobile Payment,Fuel,976.8,Visa,0,59,2186,299,10,20,180.7,HDFC,Tablet,0,0,929,0
TXN101786,CUST5838,2021-10-10,12:29:28,Mobile Payment,Travel,6578.73,Visa,0,73,2093,351,17,12,499.8,Axis,ATM,0,0,699,0
TXN101787,CUST6234,2021-08-28,22:02:32,Online Purchase,Clothing,17856.64,Mastercard,0,19,3617,91,10,22,200.8,Barclays,ATM,0,0,163,0
TXN101788,CUST4943,2023-11-13,15:21:04,Online Purchase,Fuel,56676.5,Mastercard,0,62,2457,418,7,15,311.2,PNB,Tablet,,0,256,1
TXN101789,CUST1961,2021-04-17,20:29:43,Mobile Payment,Pharmacy,6730.99,RuPay,1,20,517,171,14,20,458.3,SBI,Tablet,3,1,682,0
TXN101790,CUST2387,2022-07-25,08:54:28,Contactless Payment,Restaurant,3305.74,Visa,0,57,297,37,6,8,90.2,PNB,ATM,0,0,508,0
TXN101791,CUST8969,2023-01-25,00:43:53,Online Purchase,Luxury,50018.87,Amex,0,22,1542,8,15,0,421.7,Kotak,ATM,0,0,,1
TXN101792,CUST7350,2021-07-08,04:31:08,POS Terminal,Fuel,8377.91,Discover,0,59,1666,199,18,4,105.1,Barclays,Mobile App,0,1,1239,0
TXN101793,CUST7613,2021-10-22,06:14:15,Bank Transfer,Clothing,9086.2,Amex,1,67,3518,449,3,6,474.4,,POS Machine,0,1,924,0
TXN101794,CUST1336,2024-11-21,06:32:53,ATM Withdrawal,Luxury,3060.46,Amex,0,68,1037,384,18,6,162.5,SBI,POS Machine,0,1,1024,0
TXN101795,CUST2906,2024-11-25,16:01:06,Contactless Payment,Luxury,10015.35,Visa,0,63,1594,267,15,16,193.8,Kotak,Tablet,0,0,1332,0
TXN101796,CUST2533,2023-11-06,21:51:25,Mobile Payment,Restaurant,23672.65,Amex,0,44,1364,199,15,21,380.0,Yes Bank,POS Machine,1,0,1159,0
TXN101797,CUST6693,2021-10-11,09:05:48,Mobile Payment,Jewellery,676.42,Discover,0,49,458,82,16,9,231.8,Kotak,Web Browser,0,0,587,0
TXN101798,CUST9224,2021-03-28,07:26:14,Contactless Payment,Clothing,2341.18,Visa,0,35,2263,3,6,7,151.4,HDFC,Mobile App,2,0,253,0
TXN101799,CUST8042,2022-08-03,01:39:24,Mobile Payment,Clothing,34046.27,Visa,0,66,382,162,3,1,231.7,,POS Machine,0,0,48,0
TXN101800,CUST2978,2022-05-10,05:32:49,Online Purchase,Fuel,22806.99,Visa,1,28,3549,269,16,5,390.6,PNB,Web Browser,0,1,299,1
TXN101801,CUST8136,2024-12-21,09:00:53,Bank Transfer,Fuel,2148.08,Mastercard,0,51,1015,67,7,9,351.0,Kotak,ATM,0,0,173,0
TXN101802,CUST3327,2024-06-10,06:01:39,Contactless Payment,Luxury,4320.56,Mastercard,1,59,2966,358,15,6,137.7,Yes Bank,POS Machine,1,0,,0
TXN101803,CUST9605,2023-11-21,00:40:23,Bank Transfer,Groceries,18959.93,RuPay,0,69,1221,287,19,0,96.6,Citibank,ATM,0,0,1347,0
TXN101804,CUST6957,2022-07-16,13:49:18,ATM Withdrawal,Luxury,50681.27,RuPay,0,47,1144,237,14,13,88.4,SBI,Web Browser,3,0,975,1
TXN101805,CUST3081,2024-03-02,09:36:36,Online Purchase,Electronics,16521.81,Visa,0,35,1664,455,15,9,204.5,Kotak,POS Machine,0,1,750,1
TXN101806,CUST2783,2022-06-08,17:54:50,Bank Transfer,Travel,15271.48,Mastercard,0,37,3279,66,14,17,116.1,Kotak,,1,0,196,0
TXN101807,CUST9924,2023-09-23,00:01:20,Online Purchase,Clothing,9306.83,Amex,0,74,823,436,14,0,69.3,HDFC,ATM,1,0,273,0
TXN101808,CUST4137,2024-05-17,16:43:08,Online Purchase,Luxury,6086.02,Mastercard,0,57,1777,104,10,16,114.8,Barclays,POS Machine,0,1,577,0
TXN101809,CUST6941,2022-06-07,10:35:15,POS Terminal,Travel,23014.34,RuPay,1,30,672,37,6,10,375.6,Axis,Tablet,1,0,560,0
TXN101810,CUST1134,2022-02-09,20:04:06,Contactless Payment,Groceries,4206.08,Mastercard,0,24,1662,411,5,20,,Barclays,POS Machine,0,0,132,0
TXN101811,CUST6726,2022-06-12,04:47:56,Bank Transfer,Groceries,40579.94,RuPay,0,44,1527,397,16,4,56.0,Yes Bank,Web Browser,2,0,1150,1
TXN101812,CUST1043,2021-05-04,06:39:04,Mobile Payment,Entertainment,2613.2,RuPay,0,44,2898,424,9,6,491.1,SBI,ATM,2,0,240,0
TXN101813,CUST1086,2021-07-26,19:42:10,Bank Transfer,Clothing,7774.99,Amex,0,53,2533,400,3,19,91.6,HSBC,ATM,1,0,556,0
TXN101814,CUST7417,2022-02-25,07:49:45,POS Terminal,Pharmacy,1958.37,Mastercard,0,55,556,48,11,7,265.3,SBI,Web Browser,1,0,110,0
TXN101815,CUST6013,2021-03-07,09:30:34,Contactless Payment,Groceries,44737.9,Mastercard,1,33,2537,316,11,9,181.4,PNB,Web Browser,1,0,258,0
TXN101816,CUST4277,2024-10-15,07:58:25,Mobile Payment,Restaurant,59088.28,RuPay,1,40,569,415,2,7,254.7,Citibank,Tablet,0,1,1029,1
TXN101817,CUST3769,2022-04-10,13:22:57,Mobile Payment,Pharmacy,12143.91,Discover,0,50,1609,446,7,13,321.1,SBI,Web Browser,0,0,297,0
TXN101818,CUST2902,2022-03-25,18:09:10,Contactless Payment,Entertainment,17459.01,Amex,0,72,2131,474,10,18,373.1,Kotak,Web Browser,,0,125,1
TXN101819,CUST8930,2022-08-05,23:50:45,Mobile Payment,Clothing,13655.44,Amex,0,63,2243,254,6,23,371.3,HSBC,Mobile App,0,0,39,0
TXN101820,CUST8428,2024-10-22,19:41:59,Bank Transfer,Clothing,148852.81,Amex,0,39,2542,248,16,19,80.3,Kotak,Web Browser,3,1,,1
TXN101821,CUST2584,2021-12-11,19:53:53,Mobile Payment,Restaurant,4744.48,Visa,1,23,3323,431,1,19,253.9,Axis,Web Browser,0,0,1353,0
TXN101822,CUST2956,2023-06-02,22:31:18,Mobile Payment,Fuel,98649.94,Visa,0,75,1241,413,10,22,155.9,Kotak,Mobile App,0,0,376,0
TXN101823,CUST6890,2022-07-20,07:04:30,Mobile Payment,Electronics,16351.62,Amex,1,28,120,303,12,7,210.6,ICICI,ATM,0,1,823,1
TXN101824,CUST8451,2021-06-12,23:22:03,ATM Withdrawal,Groceries,31614.54,Mastercard,0,60,762,104,15,23,407.6,Yes Bank,ATM,0,0,1216,0
TXN101825,CUST9827,2023-10-27,01:57:23,ATM Withdrawal,Clothing,5183.72,Visa,0,19,523,404,2,1,202.3,Kotak,POS Machine,0,0,487,0
TXN101826,CUST1002,2023-04-07,19:51:43,POS Terminal,Pharmacy,12807.63,Visa,0,,2166,349,2,19,364.2,HDFC,Web Browser,0,0,1098,0
TXN101827,CUST5402,2021-05-28,12:28:20,Bank Transfer,Groceries,31991.31,Amex,0,63,2826,324,17,12,425.1,Kotak,ATM,3,0,1184,1
TXN101828,CUST9466,2022-05-12,15:10:45,Online Purchase,Pharmacy,10380.45,Visa,1,58,2163,287,1,15,116.4,Citibank,Web Browser,1,0,384,0
TXN101829,CUST6887,2023-08-14,17:41:44,Contactless Payment,Clothing,15187.91,Discover,0,21,84,258,20,17,282.2,PNB,ATM,3,0,1100,1
TXN101830,CUST1378,2023-10-15,18:09:04,Bank Transfer,Fuel,20427.97,Mastercard,0,72,2481,94,13,18,225.3,Barclays,Tablet,1,0,1140,0
TXN101831,CUST4573,2024-03-06,20:01:37,Bank Transfer,Jewellery,5769.61,Amex,0,50,3586,18,19,20,248.8,Axis,Web Browser,0,0,564,0
TXN101832,CUST6483,2023-08-18,01:46:40,Bank Transfer,Groceries,51125.03,Visa,0,32,3052,357,4,1,155.5,Axis,POS Machine,0,0,650,1
TXN101833,CUST7926,2022-10-06,15:58:43,ATM Withdrawal,Groceries,8071.39,Mastercard,0,43,2875,180,17,15,132.6,SBI,ATM,0,0,898,0
TXN101834,CUST4479,2021-05-09,09:33:36,Contactless Payment,Groceries,26677.29,Visa,0,22,3053,450,13,9,480.5,Axis,Web Browser,2,0,1041,1
TXN101835,CUST8787,2022-07-04,21:46:15,Contactless Payment,Electronics,26658.53,RuPay,0,74,2542,336,9,21,422.7,Barclays,POS Machine,0,1,583,1
TXN101836,CUST8817,2021-10-08,01:30:49,ATM Withdrawal,Entertainment,49550.08,Discover,0,56,3456,488,20,1,452.1,Kotak,ATM,0,0,1153,1
TXN101837,CUST8880,2022-11-14,14:50:29,Mobile Payment,Fuel,15476.7,Visa,0,22,1826,312,20,14,190.2,Citibank,Web Browser,0,0,253,0
TXN101838,CUST2841,2024-02-20,13:56:16,POS Terminal,Fuel,50353.92,RuPay,0,71,3447,388,19,13,457.1,PNB,POS Machine,2,0,618,1
TXN101839,CUST7947,2021-08-17,12:01:23,ATM Withdrawal,Travel,67718.44,Visa,0,26,2652,9,11,12,274.4,Barclays,Mobile App,3,1,1189,1
TXN101840,CUST3735,2024-06-12,09:23:27,Mobile Payment,Electronics,66338.86,Discover,0,28,1464,259,11,9,400.6,Citibank,ATM,1,1,,1
TXN101841,CUST1016,2021-12-17,17:04:10,ATM Withdrawal,Restaurant,8822.82,Discover,0,72,3325,426,20,17,3.2,HSBC,POS Machine,0,0,784,0
TXN101842,CUST8633,2024-12-28,21:11:30,ATM Withdrawal,Electronics,92603.7,Mastercard,0,59,2226,448,19,21,46.5,Axis,Tablet,0,1,978,1
TXN101843,CUST2956,2022-12-08,20:29:53,POS Terminal,Electronics,7246.82,Amex,1,20,1472,182,10,20,177.3,,Web Browser,1,0,1321,0
TXN101844,CUST8531,2021-01-09,14:32:28,Bank Transfer,Clothing,31998.99,Discover,0,68,1713,63,18,14,50.4,Citibank,Tablet,2,0,1112,1
TXN101845,CUST2433,2024-05-07,01:01:12,Contactless Payment,Restaurant,2303.1,Visa,1,70,1217,130,13,1,13.7,Axis,Tablet,0,0,546,0
TXN101846,CUST2095,2024-07-12,06:56:36,POS Terminal,Clothing,60788.7,Discover,0,30,1956,486,13,6,273.4,SBI,POS Machine,,0,1346,1
TXN101847,CUST1934,2021-01-10,13:32:54,Contactless Payment,Jewellery,25555.57,Mastercard,0,42,1702,313,1,13,304.0,SBI,ATM,,0,966,1
TXN101848,CUST2510,2024-12-05,02:22:46,Mobile Payment,Electronics,13467.38,Mastercard,1,42,3263,320,4,2,444.7,HSBC,Tablet,0,0,210,0
TXN101849,CUST6371,2024-02-27,20:18:03,Mobile Payment,Travel,16494.73,Discover,1,21,159,263,6,20,256.0,PNB,Tablet,0,0,1294,0
TXN101850,CUST1108,2021-12-02,01:02:21,Contactless Payment,Luxury,16470.71,Amex,0,33,1726,150,13,1,33.3,SBI,Web Browser,0,1,387,1
TXN101851,CUST7890,2021-03-25,20:23:21,Mobile Payment,Restaurant,9573.56,RuPay,1,46,442,215,3,20,456.7,ICICI,Mobile App,0,1,1151,0
TXN101852,CUST9356,2024-05-16,22:45:12,Contactless Payment,Entertainment,949.0,RuPay,0,27,2572,389,4,22,461.4,Yes Bank,Web Browser,0,0,182,0
TXN101853,CUST4832,2024-03-23,08:25:25,Contactless Payment,Pharmacy,1435.73,Visa,0,30,1961,352,7,8,300.8,Axis,POS Machine,0,0,587,0
TXN101854,CUST1341,2023-06-16,03:58:45,POS Terminal,Pharmacy,5456.11,Discover,0,39,1938,36,18,3,376.2,ICICI,Web Browser,0,0,192,0
TXN101855,CUST2619,2023-04-02,14:09:31,Mobile Payment,Groceries,128868.7,Amex,0,43,1551,492,16,14,498.3,Barclays,Web Browser,0,1,412,1
TXN101856,CUST9778,2021-08-10,19:55:19,Mobile Payment,Electronics,500.85,Visa,0,22,2060,155,6,19,,Kotak,Mobile App,0,0,798,0
TXN101857,CUST9989,2021-04-24,10:39:42,Contactless Payment,Fuel,11820.1,Mastercard,0,52,1795,460,20,10,263.1,ICICI,POS Machine,0,0,5,1
TXN101858,CUST7627,2021-05-04,14:36:51,POS Terminal,Restaurant,20933.44,Visa,0,61,640,176,20,14,,Axis,ATM,0,0,282,0
TXN101859,CUST4075,2023-08-22,01:19:27,Bank Transfer,Clothing,3775.87,Mastercard,0,44,1450,433,4,1,436.1,HDFC,,0,0,983,0
TXN101860,CUST1146,2021-02-26,04:52:44,Online Purchase,Clothing,9119.25,Discover,0,40,1050,206,13,4,50.8,ICICI,ATM,0,0,1143,0
TXN101861,CUST5719,2022-07-23,12:46:02,Online Purchase,Luxury,17213.87,Mastercard,1,44,2566,493,20,12,358.9,PNB,Tablet,0,0,622,1
TXN101862,CUST1476,2021-08-05,22:43:39,Online Purchase,Fuel,29545.03,Mastercard,0,25,926,256,3,22,23.6,ICICI,POS Machine,5,0,47,0
TXN101863,CUST2648,2024-11-26,12:16:53,POS Terminal,Travel,34259.45,RuPay,0,32,1891,190,11,12,279.2,ICICI,Web Browser,0,1,699,1
TXN101864,CUST5307,2021-10-20,01:00:14,Bank Transfer,Clothing,81805.45,RuPay,0,26,3255,155,12,1,294.3,SBI,Web Browser,3,0,843,1
TXN101865,CUST2970,2023-08-20,20:19:00,ATM Withdrawal,Clothing,19632.04,Visa,1,,1249,43,12,20,110.4,HSBC,Web Browser,1,1,612,0
TXN101866,CUST8043,2024-10-08,15:41:29,Online Purchase,Fuel,6669.69,Amex,0,46,3621,299,10,15,477.2,HSBC,Web Browser,0,0,1125,0
TXN101867,CUST1261,2021-12-20,15:13:11,Contactless Payment,Entertainment,18593.76,RuPay,0,55,2746,426,18,15,123.4,ICICI,POS Machine,0,0,198,0
TXN101868,CUST8800,2024-09-09,22:42:35,ATM Withdrawal,Electronics,13926.75,Discover,0,54,3229,225,7,22,451.5,HDFC,ATM,0,0,149,0
TXN101869,CUST8360,2022-08-28,01:30:26,Online Purchase,Pharmacy,4392.59,RuPay,0,62,1585,42,18,1,332.2,ICICI,Tablet,,1,90,0
TXN101870,CUST7840,2024-08-23,14:22:56,POS Terminal,Travel,35929.55,Discover,0,25,2389,106,1,14,292.3,ICICI,ATM,0,1,396,0
TXN101871,CUST5876,2021-02-02,04:45:45,Mobile Payment,Groceries,326161.11,Amex,0,32,2877,407,4,4,298.3,PNB,ATM,2,1,417,1
TXN101872,CUST3965,2024-02-21,17:43:04,POS Terminal,Luxury,9325.05,Mastercard,1,24,3132,376,19,17,424.1,HDFC,Tablet,0,0,1220,0
TXN101873,CUST4546,2023-09-13,12:40:24,POS Terminal,Pharmacy,673.86,Mastercard,0,18,957,432,3,12,331.1,PNB,Mobile App,0,0,1436,0
TXN101874,CUST1728,2021-01-01,14:03:12,ATM Withdrawal,Fuel,3715.46,Amex,1,69,2818,356,15,14,492.5,Kotak,Web Browser,0,0,41,0
TXN101875,CUST3216,2024-07-06,07:22:46,Online Purchase,Restaurant,15958.77,RuPay,0,34,334,405,5,7,38.0,SBI,POS Machine,2,0,902,0
TXN101876,CUST7036,2022-08-26,16:42:35,ATM Withdrawal,Luxury,102966.82,RuPay,0,28,2093,368,20,16,208.2,Citibank,POS Machine,2,0,789,1
TXN101877,CUST2073,2023-06-24,23:52:33,ATM Withdrawal,Travel,8480.8,Mastercard,0,72,2316,201,8,23,484.7,Axis,Web Browser,4,0,904,0
TXN101878,CUST3795,2024-08-21,01:58:51,Mobile Payment,Pharmacy,5642.49,Discover,0,56,2857,316,5,1,460.4,,ATM,1,0,1415,0
TXN101879,CUST1830,2022-10-12,14:44:05,Mobile Payment,Pharmacy,6243.76,Discover,0,24,2785,10,13,14,153.0,ICICI,,0,0,1085,0
TXN101880,CUST6912,2023-07-13,05:50:44,Bank Transfer,Entertainment,6817.16,Visa,1,56,778,409,8,5,35.4,HDFC,ATM,0,0,798,0
TXN101881,CUST8977,2022-02-26,17:21:40,Bank Transfer,Restaurant,77509.39,Discover,0,43,2710,42,9,17,24.0,Yes Bank,Web Browser,0,0,838,0
TXN101882,CUST2275,2024-01-06,11:03:32,ATM Withdrawal,Restaurant,60400.37,Visa,0,71,141,57,4,11,422.0,Citibank,Mobile App,1,0,760,0
TXN101883,CUST9482,2023-01-26,20:35:33,ATM Withdrawal,Electronics,7661.34,RuPay,0,59,718,26,9,20,23.3,Axis,Mobile App,0,0,283,0
TXN101884,CUST3510,2022-10-15,05:47:36,ATM Withdrawal,Travel,26815.61,RuPay,0,36,498,273,18,5,442.6,SBI,ATM,,0,923,0
TXN101885,CUST1883,2021-09-20,12:17:31,Online Purchase,Fuel,6672.16,Amex,0,18,2989,248,20,12,451.7,Barclays,ATM,0,0,437,0
TXN101886,CUST5577,2024-04-02,06:07:06,ATM Withdrawal,Entertainment,12022.09,RuPay,1,65,3491,423,13,6,192.3,ICICI,Mobile App,0,0,384,0
TXN101887,CUST2894,2023-01-13,04:34:23,Bank Transfer,Fuel,156885.17,RuPay,0,,3625,404,17,4,394.2,Kotak,ATM,2,0,930,1
TXN101888,CUST8700,2021-08-26,21:46:49,Mobile Payment,Clothing,24544.4,Discover,0,38,390,328,13,21,303.5,SBI,Tablet,1,1,1185,1
TXN101889,CUST6584,2022-07-24,13:56:34,Contactless Payment,Fuel,11382.49,Discover,0,33,2651,57,15,13,293.8,Barclays,Tablet,0,1,913,0
TXN101890,CUST3196,2024-01-17,22:50:09,Mobile Payment,Groceries,52339.84,Mastercard,1,75,1967,30,11,22,202.1,Citibank,POS Machine,0,1,1273,1
TXN101891,CUST9209,2023-11-21,20:02:13,Online Purchase,Clothing,19019.03,Mastercard,1,55,1020,259,17,20,86.1,PNB,POS Machine,0,1,252,1
TXN101892,CUST1925,2023-07-18,07:06:55,Bank Transfer,Entertainment,5560.81,Amex,1,45,2340,65,16,7,179.0,SBI,Tablet,0,1,91,0
TXN101893,CUST8583,2022-08-13,00:28:09,Bank Transfer,Pharmacy,82292.64,RuPay,1,35,2065,215,13,0,295.2,Barclays,ATM,0,1,496,1
TXN101894,CUST8862,2022-03-27,22:27:42,ATM Withdrawal,Electronics,949.14,RuPay,0,68,2892,100,3,22,117.9,PNB,Tablet,1,0,564,0
TXN101895,CUST7159,2021-07-24,02:54:05,Mobile Payment,Restaurant,11079.42,Discover,0,,1354,415,6,2,169.6,Citibank,POS Machine,0,0,537,0
TXN101896,CUST7343,2023-06-01,18:34:07,ATM Withdrawal,Fuel,1916.59,Discover,1,29,2794,71,8,18,59.9,ICICI,ATM,0,0,792,0
TXN101897,CUST2798,2021-10-18,09:01:17,Online Purchase,Electronics,37779.62,Amex,1,19,713,440,1,9,214.0,Axis,Web Browser,5,0,395,1
TXN101898,CUST4425,2022-11-17,21:55:28,Contactless Payment,Fuel,20715.61,Amex,0,58,3347,128,1,21,441.5,HDFC,Mobile App,2,0,750,1
TXN101899,CUST8676,2022-02-15,18:43:19,ATM Withdrawal,Electronics,68373.18,RuPay,1,21,3327,354,6,18,161.8,HSBC,POS Machine,0,0,1315,0
TXN101900,CUST8028,2022-11-28,11:49:40,Bank Transfer,Pharmacy,8898.42,Mastercard,1,67,1450,232,1,11,408.2,Citibank,ATM,0,1,1100,0
TXN101901,CUST3246,2024-02-21,14:56:43,Online Purchase,Pharmacy,12617.84,Visa,1,47,1826,452,12,14,377.1,Axis,Mobile App,0,0,756,0
TXN101902,CUST7686,2023-08-02,18:13:19,ATM Withdrawal,Clothing,26971.81,RuPay,0,45,1987,391,9,18,468.9,PNB,Tablet,0,0,781,0
TXN101903,CUST1634,2021-07-20,01:24:32,Contactless Payment,Restaurant,58111.94,Visa,0,34,1923,236,19,1,79.2,Axis,Web Browser,2,0,556,1
TXN101904,CUST8877,2021-02-19,04:46:15,Online Purchase,Pharmacy,13274.96,Discover,0,24,3107,40,6,4,283.1,HDFC,Web Browser,0,0,,0
TXN101905,CUST8434,2021-09-25,01:21:43,Mobile Payment,Pharmacy,33936.48,Discover,1,,73,62,6,1,343.9,HSBC,POS Machine,0,1,1294,0
TXN101906,CUST9578,2024-07-22,18:36:04,Online Purchase,Electronics,24793.76,RuPay,0,39,3009,146,5,18,220.8,Axis,Web Browser,1,0,465,0
TXN101907,CUST4085,2024-04-20,05:38:33,POS Terminal,Electronics,10574.8,Visa,0,31,1678,18,5,5,414.0,Kotak,Tablet,0,0,1380,0
TXN101908,CUST5740,2024-10-28,08:30:38,POS Terminal,Jewellery,59795.98,Amex,0,18,3447,399,12,8,435.5,HSBC,ATM,2,1,1153,1
TXN101909,CUST4208,2023-07-08,05:10:49,Contactless Payment,Entertainment,14678.37,Visa,0,21,2149,130,3,5,164.7,Barclays,Tablet,1,0,105,0
TXN101910,CUST4958,2022-03-25,02:51:01,Contactless Payment,Electronics,35603.8,Discover,0,69,888,180,15,2,55.2,Axis,Web Browser,0,0,983,1
TXN101911,CUST5149,2021-03-16,19:44:43,Contactless Payment,Entertainment,4134.93,Visa,0,63,3012,231,15,19,203.2,Citibank,POS Machine,4,0,1188,0
TXN101912,CUST6904,2022-09-08,00:40:04,POS Terminal,Clothing,61708.84,Visa,1,57,2507,488,19,0,260.5,Barclays,POS Machine,1,0,151,1
TXN101913,CUST6766,2023-04-24,19:25:13,POS Terminal,Pharmacy,229594.29,Visa,0,31,3184,451,18,19,,Citibank,Web Browser,3,0,361,1
TXN101914,CUST4114,2022-12-27,06:33:58,Bank Transfer,Luxury,5745.62,Mastercard,1,29,2398,392,1,6,,SBI,Tablet,1,0,252,0
TXN101915,CUST3100,2023-10-09,23:03:39,ATM Withdrawal,Entertainment,49410.55,Mastercard,1,27,1332,186,19,23,454.9,Kotak,POS Machine,0,0,1242,0
TXN101916,CUST9236,2024-09-04,09:35:10,ATM Withdrawal,Travel,48916.99,Mastercard,0,75,1233,452,7,9,435.7,PNB,POS Machine,0,0,1397,0
TXN101917,CUST3797,2024-12-27,21:52:37,Mobile Payment,Travel,642.31,Amex,0,26,524,156,2,21,21.5,Citibank,POS Machine,2,0,1236,0
TXN101918,CUST8552,2022-08-23,00:23:38,Bank Transfer,Clothing,15419.38,Discover,0,75,613,80,4,0,320.5,SBI,POS Machine,0,0,768,0
TXN101919,CUST2335,2022-06-17,02:35:03,ATM Withdrawal,Entertainment,355602.82,Mastercard,0,48,1806,20,18,2,204.4,HDFC,Web Browser,0,0,458,1
TXN101920,CUST6586,2021-10-02,04:02:54,POS Terminal,Electronics,5217.84,Discover,0,65,937,222,17,4,53.6,Barclays,ATM,0,0,1149,0
TXN101921,CUST2500,2021-01-02,13:07:48,Bank Transfer,Electronics,21187.99,Visa,0,18,3549,415,8,13,177.2,SBI,POS Machine,2,1,1332,0
TXN101922,CUST7981,2022-06-07,06:26:07,POS Terminal,Luxury,6079.36,Visa,0,55,1276,476,2,6,61.5,Axis,POS Machine,0,0,352,0
TXN101923,CUST5507,2024-02-24,10:10:21,POS Terminal,Restaurant,75508.51,Discover,1,52,647,332,6,10,339.1,Barclays,Web Browser,0,0,180,0
TXN101924,CUST2696,2022-03-07,01:33:54,Bank Transfer,Luxury,174280.52,RuPay,1,29,2670,432,6,1,251.7,Kotak,Tablet,3,0,140,1
TXN101925,CUST9124,2024-11-16,09:09:20,ATM Withdrawal,Clothing,7670.73,Amex,0,61,513,357,20,9,460.5,SBI,ATM,0,0,569,0
TXN101926,CUST9918,2021-09-25,18:38:39,Contactless Payment,Electronics,135088.57,Amex,0,64,3058,352,11,18,158.2,ICICI,Mobile App,0,0,725,1
TXN101927,CUST1682,2024-06-21,09:36:57,Bank Transfer,Restaurant,17926.87,RuPay,0,33,2035,327,9,9,186.2,SBI,Mobile App,4,1,,1
TXN101928,CUST2183,2022-10-08,08:52:06,Contactless Payment,Restaurant,15389.65,Amex,0,44,2336,269,3,8,201.2,Barclays,Tablet,1,0,554,0
TXN101929,CUST7568,2021-12-26,04:55:31,Contactless Payment,Electronics,32675.49,RuPay,1,42,2102,13,14,4,268.8,SBI,Mobile App,0,0,340,0
TXN101930,CUST1868,2024-07-05,00:12:22,POS Terminal,Entertainment,9843.92,Discover,1,70,724,465,7,0,438.6,HSBC,Web Browser,0,0,663,0
TXN101931,CUST6207,2021-07-17,08:02:52,Bank Transfer,Pharmacy,6925.0,Visa,0,25,624,7,9,8,298.9,SBI,Tablet,0,0,765,0
TXN101932,CUST4191,2021-03-11,12:45:45,ATM Withdrawal,Entertainment,12859.24,RuPay,0,52,563,228,12,12,387.5,HSBC,Tablet,0,0,550,0
TXN101933,CUST2115,2024-10-03,09:07:58,POS Terminal,Groceries,7247.57,Mastercard,0,63,1722,276,13,9,207.3,ICICI,Mobile App,0,0,1112,0
TXN101934,CUST1517,2024-06-23,19:44:53,Mobile Payment,Jewellery,10916.5,Visa,1,47,2796,54,20,19,166.6,SBI,ATM,0,0,1112,0
TXN101935,CUST7641,2022-08-28,07:26:59,Contactless Payment,Entertainment,10407.96,Visa,0,19,3071,289,4,7,428.9,Citibank,Tablet,2,0,781,0
TXN101936,CUST6400,2021-12-16,04:59:13,Contactless Payment,Restaurant,52313.34,Discover,0,74,2466,278,16,4,34.0,ICICI,Tablet,1,1,515,1
TXN101937,CUST8773,2024-12-08,05:53:09,Contactless Payment,Fuel,12150.14,Visa,0,46,2490,132,14,5,254.6,Kotak,Mobile App,0,0,1064,0
TXN101938,CUST5459,2022-07-20,23:37:01,Online Purchase,Clothing,39139.82,Mastercard,1,74,2870,382,19,23,71.9,Yes Bank,Web Browser,0,1,1167,1
TXN101939,CUST6552,2023-08-06,07:23:05,ATM Withdrawal,Luxury,6837.34,Mastercard,0,55,2527,231,7,7,289.3,Axis,Tablet,1,0,247,0
TXN101940,CUST4195,2021-07-17,16:57:27,Contactless Payment,Entertainment,46682.07,RuPay,0,33,89,297,7,16,367.6,Kotak,Web Browser,,0,678,0
TXN101941,CUST5540,2023-01-03,21:12:47,Mobile Payment,Fuel,20779.26,Discover,0,45,2881,28,17,21,48.4,PNB,POS Machine,0,0,753,0
TXN101942,CUST8550,2022-04-18,10:02:31,Online Purchase,Groceries,8520.25,Visa,0,66,284,408,13,10,207.3,Yes Bank,Mobile App,1,1,448,0
TXN101943,CUST4219,2023-10-24,17:05:24,ATM Withdrawal,Travel,7877.55,Discover,0,31,338,453,19,17,201.2,Yes Bank,POS Machine,0,0,854,0
TXN101944,CUST3101,2022-07-02,16:58:40,Contactless Payment,Luxury,52182.96,Amex,1,74,2687,237,12,16,88.2,HDFC,Tablet,0,0,106,1
TXN101945,CUST6045,2022-02-03,00:33:14,Bank Transfer,Pharmacy,3645.75,Mastercard,1,42,751,312,10,0,80.1,Kotak,Web Browser,0,0,954,0
TXN101946,CUST8796,2021-01-15,00:25:48,Online Purchase,Fuel,12663.5,Discover,0,47,505,64,2,0,304.2,Barclays,Mobile App,0,0,169,0
TXN101947,CUST4180,2024-02-13,09:43:30,Bank Transfer,Entertainment,33461.28,Visa,1,61,2211,209,6,9,81.3,Kotak,Web Browser,0,0,811,0
TXN101948,CUST6371,2024-04-22,15:27:29,ATM Withdrawal,Fuel,1311.87,RuPay,0,23,3495,498,11,15,275.4,Kotak,Web Browser,0,0,574,0
TXN101949,CUST4884,2023-01-24,23:37:08,POS Terminal,Fuel,32464.23,Visa,1,60,1106,206,7,23,496.0,SBI,Mobile App,0,0,214,0
TXN101950,CUST5607,2022-01-22,22:30:17,Bank Transfer,Fuel,23609.03,Visa,0,67,1352,479,4,22,486.4,Kotak,Mobile App,0,1,831,0
TXN101951,CUST1498,2024-01-14,23:21:17,POS Terminal,Fuel,36466.03,RuPay,0,33,2775,191,14,23,219.7,Yes Bank,POS Machine,5,0,484,1
TXN101952,CUST3531,2021-02-12,06:30:04,POS Terminal,Travel,11053.51,Discover,0,,203,397,18,6,338.9,SBI,POS Machine,0,0,750,0
TXN101953,CUST5864,2021-12-07,00:18:04,ATM Withdrawal,Groceries,40139.93,Discover,1,72,725,220,12,0,137.4,ICICI,POS Machine,4,0,915,1
TXN101954,CUST1044,2022-09-16,10:40:13,Online Purchase,Jewellery,41167.46,Discover,1,23,2168,292,19,10,404.3,Kotak,POS Machine,2,0,1067,1
TXN101955,CUST5655,2023-11-07,04:43:32,Online Purchase,Fuel,6890.03,Visa,0,43,1693,163,4,4,424.1,Kotak,Web Browser,0,0,84,0
TXN101956,CUST5945,2021-09-11,17:24:06,ATM Withdrawal,Restaurant,10018.83,Amex,0,21,1348,386,15,17,101.3,HDFC,ATM,,0,,0
TXN101957,CUST4208,2024-10-26,12:08:26,Contactless Payment,Luxury,16114.3,Discover,0,58,1303,319,2,12,383.9,HDFC,ATM,2,0,427,1
TXN101958,CUST3705,2024-08-26,09:00:55,ATM Withdrawal,Luxury,59298.29,Visa,1,56,3188,423,18,9,418.7,HSBC,Web Browser,0,0,400,1
TXN101959,CUST9356,2024-09-28,03:17:07,Bank Transfer,Restaurant,52375.59,Visa,1,38,2177,3,18,3,19.4,SBI,POS Machine,0,0,1170,0
TXN101960,CUST8762,2024-01-10,18:17:51,Online Purchase,Electronics,6091.61,Visa,0,74,3498,371,13,18,122.3,Barclays,ATM,0,0,575,0
TXN101961,CUST9255,2024-11-16,00:07:36,Online Purchase,Entertainment,1887.67,RuPay,0,71,1782,362,12,0,167.5,SBI,Mobile App,0,0,1200,0
TXN101962,CUST2653,2023-08-27,22:15:22,POS Terminal,Travel,18014.44,Amex,0,74,1546,313,7,22,205.1,Kotak,ATM,1,0,1394,1
TXN101963,CUST2455,2024-03-28,02:06:27,POS Terminal,Restaurant,88865.81,Mastercard,0,39,339,425,5,2,427.0,HDFC,POS Machine,0,1,265,1
TXN101964,CUST9312,2024-08-12,13:09:07,Bank Transfer,Groceries,1427.82,Discover,1,20,3411,46,20,13,30.0,Barclays,Web Browser,0,0,248,0
TXN101965,CUST2916,2021-09-22,00:05:25,ATM Withdrawal,Electronics,37807.39,RuPay,1,75,790,418,19,0,154.1,ICICI,Mobile App,0,0,385,1
TXN101966,CUST1198,2022-12-19,20:01:01,Contactless Payment,Travel,2763.34,Discover,0,67,918,17,5,20,474.0,SBI,ATM,1,1,1216,0
TXN101967,CUST3593,2021-07-07,02:00:56,Online Purchase,Jewellery,50110.78,Amex,0,50,516,253,6,2,368.3,Citibank,Mobile App,0,0,292,1
TXN101968,CUST9925,2021-04-14,11:15:29,POS Terminal,Travel,28471.57,Amex,0,60,1413,243,6,11,66.3,Yes Bank,Mobile App,0,0,539,1
TXN101969,CUST2278,2024-03-02,10:14:59,ATM Withdrawal,Groceries,12795.76,Discover,0,22,2006,133,14,10,342.8,Kotak,Tablet,1,0,292,0
TXN101970,CUST1030,2024-03-09,11:26:09,POS Terminal,Jewellery,4996.49,Discover,0,63,1675,236,11,11,300.8,ICICI,Web Browser,0,0,224,0
TXN101971,CUST6756,2024-01-08,05:38:56,Bank Transfer,Restaurant,7147.04,Amex,0,30,2239,67,3,5,312.6,Kotak,,0,0,932,0
TXN101972,CUST2508,2021-08-06,18:43:08,Online Purchase,Entertainment,59198.67,Mastercard,1,63,1650,341,9,18,269.0,Barclays,ATM,0,1,970,1
TXN101973,CUST3650,2021-07-12,17:18:02,Online Purchase,Pharmacy,24003.45,RuPay,0,58,180,80,3,17,286.1,Axis,ATM,,0,287,0
TXN101974,CUST7199,2023-06-04,00:12:03,Mobile Payment,Fuel,15019.41,Discover,0,49,250,146,14,0,185.0,Yes Bank,POS Machine,5,0,,1
TXN101975,CUST5428,2023-12-12,02:41:07,Contactless Payment,Jewellery,62952.77,Visa,1,55,1742,94,8,2,355.3,Citibank,ATM,0,1,160,1
TXN101976,CUST5332,2021-06-09,05:14:57,Bank Transfer,Clothing,27533.61,Visa,0,67,3449,27,19,5,431.7,HSBC,Mobile App,0,0,904,0
TXN101977,CUST3129,2021-04-19,10:25:45,POS Terminal,Jewellery,1841.85,Visa,0,37,1596,144,8,10,309.4,SBI,Web Browser,1,0,826,0
TXN101978,CUST8871,2023-09-12,19:18:43,POS Terminal,Jewellery,26651.43,Visa,0,39,3575,199,10,19,,HSBC,Mobile App,4,0,660,0
TXN101979,CUST9473,2022-12-27,06:00:01,Online Purchase,Entertainment,3918.6,Visa,0,46,216,396,1,6,478.4,Citibank,Web Browser,0,0,1343,0
TXN101980,CUST5747,2023-09-28,20:01:41,POS Terminal,Luxury,58202.12,Amex,0,71,540,435,14,20,430.3,Kotak,Tablet,0,1,243,1
TXN101981,CUST9895,2023-10-22,14:35:55,Online Purchase,Entertainment,16469.68,Visa,0,41,835,481,2,14,329.8,Axis,Web Browser,0,1,1175,0
TXN101982,CUST6914,2021-10-13,00:58:13,POS Terminal,Groceries,27240.78,RuPay,0,63,1263,434,2,0,378.6,Yes Bank,Mobile App,0,1,1202,0
TXN101983,CUST4521,2023-08-03,18:47:58,Online Purchase,Restaurant,92659.91,Amex,1,40,1404,157,3,18,415.7,,Web Browser,0,0,1007,0
TXN101984,CUST2605,2022-08-02,14:15:24,Contactless Payment,Entertainment,106012.78,Discover,1,30,2832,292,16,14,466.9,Barclays,,0,1,649,1
TXN101985,CUST6959,2021-01-17,11:14:50,POS Terminal,Groceries,4962.17,Discover,0,41,903,60,12,11,408.9,HSBC,Web Browser,0,1,175,0
TXN101986,CUST6884,2021-06-06,01:30:56,Online Purchase,Luxury,7556.53,Mastercard,0,33,1854,319,1,1,138.2,,Tablet,1,0,712,0
TXN101987,CUST2197,2021-08-08,06:16:29,Bank Transfer,Clothing,25541.53,Discover,0,32,2393,291,5,6,126.7,Barclays,Web Browser,4,0,1391,0
TXN101988,CUST5403,2023-10-28,02:53:53,Bank Transfer,Restaurant,49225.38,Visa,0,35,2352,52,18,2,312.2,ICICI,Mobile App,1,0,403,0
TXN101989,CUST3292,2023-05-25,04:02:30,Mobile Payment,Electronics,36853.62,RuPay,0,41,3483,109,10,4,261.0,Kotak,Mobile App,0,0,132,0
TXN101990,CUST7200,2023-10-08,00:54:55,ATM Withdrawal,Pharmacy,36186.66,Amex,1,53,3410,456,18,0,92.2,Kotak,Tablet,2,0,105,1
TXN101991,CUST9503,2023-10-22,20:37:42,ATM Withdrawal,Fuel,6525.8,Visa,0,72,2739,95,11,20,456.0,SBI,ATM,0,0,1293,0
TXN101992,CUST5257,2024-05-10,02:47:40,Online Purchase,Travel,1653.7,Amex,0,41,3455,381,15,2,363.0,ICICI,Web Browser,1,0,476,0
TXN101993,CUST5616,2021-07-12,04:17:31,Contactless Payment,Clothing,11602.84,Amex,1,49,2607,191,6,4,361.4,ICICI,Web Browser,0,1,817,1
TXN101994,CUST8783,2023-12-12,00:07:00,Contactless Payment,Entertainment,7085.08,RuPay,0,32,2634,305,3,0,8.8,SBI,ATM,0,1,549,0
TXN101995,CUST6900,2022-08-26,16:04:02,Bank Transfer,Pharmacy,41321.7,Amex,1,57,511,114,5,16,92.5,Yes Bank,POS Machine,2,0,805,1
TXN101996,CUST6517,2022-04-22,13:17:31,ATM Withdrawal,Travel,6895.13,Visa,0,61,2510,7,1,13,,ICICI,Tablet,0,0,1150,0
TXN101997,CUST8735,2021-04-24,12:12:38,Online Purchase,Restaurant,12381.66,RuPay,0,55,1726,318,10,12,9.6,HSBC,Mobile App,0,0,1386,0
TXN101998,CUST6682,2022-04-07,22:33:45,ATM Withdrawal,Entertainment,8006.94,Visa,0,53,3285,361,4,22,299.1,Yes Bank,ATM,0,0,776,0
TXN101999,CUST3676,2024-08-04,10:40:52,ATM Withdrawal,Restaurant,965.95,Visa,0,56,3220,317,2,10,413.7,HSBC,Mobile App,2,0,1119,0
TXN101986,CUST6884,2021-06-06,01:30:56,Online Purchase,Luxury,7556.53,Mastercard,0,33,1854,319,1,1,138.2,,Tablet,1,0,712,0
TXN101709,CUST2811,2021-11-26,14:30:00,ATM Withdrawal,Restaurant,2865.23,RuPay,0,18,900,477,3,14,201.7,PNB,Mobile App,,1,647,0
TXN100160,CUST7852,2023-04-03,20:57:21,POS Terminal,Travel,10813.36,Mastercard,0,73,387,187,7,20,207.8,Citibank,Mobile App,0,1,998,0
TXN100181,CUST7793,2021-11-14,00:39:54,POS Terminal,Luxury,79042.76,Discover,0,34,3586,329,17,0,409.3,Barclays,POS Machine,0,0,817,1
TXN101450,CUST6484,2022-03-13,21:12:14,POS Terminal,Entertainment,2273.06,Mastercard,0,74,1289,221,20,21,151.9,ICICI,Tablet,0,0,618,0
TXN101349,CUST6386,2021-11-13,08:30:20,Mobile Payment,Fuel,20031.99,Mastercard,1,53,1933,105,19,8,126.6,Kotak,Tablet,0,0,1155,0
TXN100898,CUST4352,2023-04-11,14:04:02,POS Terminal,Clothing,5385.46,Visa,1,33,2430,83,20,14,105.7,Kotak,POS Machine,0,0,1304,0
TXN101619,CUST4484,2021-11-06,07:00:19,Online Purchase,Fuel,20998.62,Discover,0,40,1589,97,15,7,296.7,Citibank,ATM,0,1,882,0
TXN100014,CUST1151,2021-11-03,05:32:06,Contactless Payment,Restaurant,9845.91,RuPay,0,20,2427,254,9,5,340.4,Kotak,ATM,1,0,214,0
TXN101087,CUST4793,2021-06-03,02:39:39,POS Terminal,Electronics,99050.87,Mastercard,0,54,189,274,16,2,215.7,Kotak,ATM,1,0,853,1
TXN100052,CUST4775,2024-06-06,15:18:04,POS Terminal,Fuel,4735.21,Amex,0,19,2709,445,9,15,396.4,ICICI,POS Machine,0,0,788,0
TXN100259,CUST7472,2024-04-23,08:23:06,ATM Withdrawal,Jewellery,15593.59,Discover,0,61,2920,248,18,8,279.2,ICICI,POS Machine,0,0,662,0
TXN101524,CUST5496,2024-03-23,16:04:14,Contactless Payment,Travel,5492.9,RuPay,0,26,2894,487,18,16,44.1,Citibank,Mobile App,2,0,1052,0
TXN101907,CUST4085,2024-04-20,05:38:33,POS Terminal,Electronics,10574.8,Visa,0,31,1678,18,5,5,414.0,Kotak,Tablet,0,0,1380,0
TXN101221,CUST4648,2021-03-20,11:24:40,POS Terminal,Jewellery,24853.54,Visa,1,34,1026,103,12,11,93.0,PNB,Tablet,1,0,521,0
TXN100172,CUST5678,2024-11-21,23:05:05,Online Purchase,Entertainment,7222.52,RuPay,0,34,84,299,20,23,25.8,Axis,Mobile App,0,0,967,0
TXN101330,CUST1340,2021-05-01,23:08:04,Online Purchase,Entertainment,11580.69,Mastercard,1,58,3483,172,4,23,461.7,ICICI,POS Machine,0,0,1050,0
TXN100773,CUST1025,2021-10-15,10:56:01,Mobile Payment,Pharmacy,19227.92,Visa,0,22,2657,265,18,10,216.3,,Tablet,0,0,113,0
TXN101399,CUST4305,2022-07-24,18:05:41,ATM Withdrawal,Electronics,15216.38,Visa,0,26,2303,244,9,18,456.0,Kotak,Mobile App,2,0,1317,0
TXN100784,CUST9099,2022-06-04,10:59:25,ATM Withdrawal,Restaurant,2197.89,Visa,1,35,1316,71,3,10,249.3,Axis,,0,0,692,0
TXN101439,CUST7927,2024-04-13,15:45:38,Contactless Payment,Electronics,2345.24,Discover,0,21,1272,75,4,15,461.9,Axis,ATM,0,1,683,0
TXN101409,CUST9773,2024-02-21,08:07:53,ATM Withdrawal,Clothing,83354.38,Amex,1,56,1256,27,16,8,288.9,Yes Bank,Mobile App,0,1,333,1
TXN100191,CUST2327,2021-11-17,21:27:54,Bank Transfer,Fuel,54261.99,Amex,0,46,2412,289,13,21,427.5,Axis,Web Browser,0,0,627,0
TXN100693,CUST7335,2023-05-10,04:49:35,Online Purchase,Entertainment,42335.58,RuPay,0,22,580,106,17,4,169.2,Barclays,Tablet,0,0,1341,0
TXN101068,CUST3329,2023-01-19,10:27:41,POS Terminal,Pharmacy,6967.3,Amex,0,46,2292,121,3,10,432.3,Kotak,Web Browser,0,1,1008,0
TXN101332,CUST1270,2021-01-22,04:10:38,Online Purchase,Clothing,7972.89,Visa,0,31,1680,169,4,4,242.2,SBI,Tablet,0,0,335,0
TXN101981,CUST9895,2023-10-22,14:35:55,Online Purchase,Entertainment,16469.68,Visa,0,41,835,481,2,14,329.8,Axis,Web Browser,0,1,1175,0
TXN100403,CUST5607,2021-04-27,02:03:07,Contactless Payment,Clothing,5907.93,Visa,0,46,2064,241,12,2,78.6,PNB,ATM,1,0,473,0
TXN101244,CUST1265,2021-07-20,09:56:05,Mobile Payment,Jewellery,58649.72,Amex,0,23,1521,254,11,9,111.9,Kotak,ATM,0,1,1362,1
TXN100565,CUST3279,2023-12-25,17:17:02,ATM Withdrawal,Travel,8579.7,RuPay,0,57,2126,348,19,17,41.1,HSBC,Tablet,0,0,936,0
TXN100312,CUST4899,2024-04-02,03:20:20,ATM Withdrawal,Travel,17534.75,Amex,0,29,2097,169,13,3,474.4,Citibank,Tablet,1,0,1408,0
TXN101137,CUST6468,2024-08-06,02:30:40,Contactless Payment,Entertainment,44050.51,Discover,0,29,1400,330,2,2,417.0,Citibank,ATM,5,0,1363,1
TXN101476,CUST4584,2023-04-16,12:43:17,Bank Transfer,Travel,9993.43,Discover,0,70,88,315,16,12,409.2,Yes Bank,Tablet,0,1,,0
TXN101569,CUST2851,2023-02-23,22:16:49,POS Terminal,Pharmacy,25750.2,Amex,0,45,2554,270,15,22,469.7,SBI,,2,0,9,1
TXN100587,CUST3398,2021-03-22,12:09:20,Contactless Payment,Clothing,7358.05,Mastercard,0,23,302,368,11,12,294.8,Yes Bank,Mobile App,0,0,1176,0
TXN101224,CUST9601,2024-05-03,02:31:05,Online Purchase,Jewellery,991.18,Visa,0,55,3531,31,9,2,304.7,HSBC,POS Machine,1,0,715,0
TXN100755,CUST6266,2024-08-25,20:16:26,POS Terminal,Pharmacy,58305.06,Discover,0,49,1984,364,3,20,313.7,PNB,Mobile App,3,0,1388,1
TXN100984,CUST5954,2024-03-01,20:43:44,ATM Withdrawal,Electronics,48189.23,Amex,0,35,932,210,19,20,186.0,Axis,Web Browser,3,0,815,1
TXN100679,CUST7998,2021-05-14,19:14:44,Online Purchase,Clothing,34972.59,Visa,1,58,3507,132,14,19,240.6,Barclays,Web Browser,0,0,629,1
TXN100455,CUST1173,2021-10-24,01:06:50,ATM Withdrawal,Fuel,8865.93,Mastercard,0,27,765,267,2,1,278.5,HSBC,Tablet,0,0,146,0
