MovieID,Title,Year,Genre,Director,Cast,Language,Country,Runtime(min),Rating,Votes,Budget(million$),Revenue(million$),Keywords,Overview,Popularity
MV1000,The Shawshank Redemption,2010,Action,Sofia Coppola,Ryan Gosling|Scarlett Johansson|Jeremy Renner,French,Australia,96,7.7,143306,13.8,29.5,love|loss|dystopia|freedom|robot,A action film featuring Ryan Gosling.,63.03
MV1001,The Godfather,2021,Biography,Alfonso Cuaron,Saoirse Ronan|Benedict Cumberbatch|Margot Robbie|Morgan Freeman|Emma Stone,Italian,UK,96,6.9,1515668,255.0,1282.1,alien|mystery|coming of age,A biography film featuring Saoirse Ronan.,17.09
MV1002,The Dark Knight,1988,Crime|Horror|History,Guillermo del Toro,Cate Blanchett|Meryl Streep|Robert Downey Jr|Ryan Gosling|Tom Hardy,French,South Korea,195,5.9,1175905,138.8,937.7,supernatural|conspiracy|identity,A crime film featuring Cate Blanchett.,70.32
MV1003,Schindler's List,2014,Mystery|Drama|Crime,Alfonso Cuaron,Paul Rudd|Viola Davis|Christian Bale|Florence Pugh|Jessica Chastain,Japanese,Australia,113,8.1,244620,72.6,53.8,based on true story|danger|family|identity,A mystery film featuring Paul Rudd.,92.18
MV1004,Pulp Fiction,2006,Horror|Thriller|Mystery,Ryan Coogler,Chris Hemsworth|Florence Pugh|Morgan Freeman|Idris Elba,Spanish,South Korea,180,7.6,1112018,225.4,837.0,based on true story|supernatural|freedom|friendship|detective,A horror film featuring Chris Hemsworth.,54.42
MV1005,Forrest Gump,2018,History,Denis Villeneuve,Chris Evans|Christian Bale|Chadwick Boseman,German,UK,134,7.0,1973143,161.1,1253.9,mystery|danger|heist,A history film featuring Chris Evans.,20.04
MV1006,Inception,1997,Animation,Christopher Nolan,Paul Rudd|Idris Elba|Denzel Washington|Amy Adams|Natalie Portman,Japanese,Australia,162,6.3,1578308,229.9,1045.0,revenge|time travel|kingdom|love|mystery,A animation film featuring Paul Rudd.,93.62
MV1007,The Matrix,2023,Thriller|Action,Ron Howard,Robert De Niro|Paul Rudd|Daniel Craig|Cate Blanchett|Dustin Hoffman,Spanish,France,169,7.3,2316043,53.7,239.4,superhero|identity|loss|discovery|based on true story,A thriller film featuring Robert De Niro.,99.56
MV1008,Goodfellas,2011,Animation|Adventure,Hayao Miyazaki,Viola Davis|Ryan Gosling|Cate Blanchett,Italian,USA,160,7.6,2478096,70.0,72.3,war|freedom|family|survival|heist,A animation film featuring Viola Davis.,16.38
MV1009,Fight Club,1985,Mystery|Animation,Tim Burton,Scarlett Johansson|Paul Rudd|Gene Hackman|Zendaya|Viola Davis,Hindi,Germany,109,5.9,1817959,109.5,392.4,war|redemption|based on true story|heist|sacrifice,A mystery film featuring Scarlett Johansson.,27.24
MV1010,Interstellar,2004,Comedy|Sci-Fi,Bong Joon-ho,Florence Pugh|Viola Davis|Cate Blanchett|Timothée Chalamet,French,USA,168,9.3,71898,290.9,2166.6,corruption|dystopia|kingdom,A comedy film featuring Florence Pugh.,53.32
MV1011,The Silence of the Lambs,1995,Comedy,Ingmar Bergman,Jessica Chastain|Idris Elba|Florence Pugh,Japanese,Germany,174,9.1,2341061,200.3,831.3,escape|identity|war,A comedy film featuring Jessica Chastain.,62.13
MV1012,Saving Private Ryan,2004,Fantasy,Stanley Kubrick,Brad Pitt|Tom Cruise|Zendaya,Spanish,USA,150,5.8,789406,25.2,25.4,based on true story|mystery|sacrifice,A fantasy film featuring Brad Pitt.,62.1
MV1013,The Green Mile,1972,Drama|Sci-Fi|Mystery,Stanley Kubrick,Emma Stone|Robert Downey Jr|Brie Larson|Jennifer Lawrence,Korean,Japan,135,6.0,1268278,139.9,1044.7,revenge|alien|redemption,A drama film featuring Emma Stone.,16.59
MV1014,Se7en,1983,Romance|Comedy|Horror,James Cameron,Mark Ruffalo|Tom Hardy|Christian Bale,Hindi,Australia,175,6.6,2228538,7.3,48.4,redemption|friendship|ambition|mystery,A romance film featuring Mark Ruffalo.,90.07
MV1015,American Beauty,2017,Comedy|Romance|Biography,Tim Burton,Benedict Cumberbatch|Emma Stone|Chadwick Boseman|Chris Evans|Idris Elba,Hindi,Japan,200,9.0,223066,32.2,118.4,survival|revenge|heist|friendship,A comedy film featuring Benedict Cumberbatch.,67.34
MV1016,A Beautiful Mind,1986,Fantasy,Hayao Miyazaki,Brie Larson|Saoirse Ronan|Jack Nicholson|Leonardo DiCaprio|Matt Damon,French,France,154,5.6,1558604,176.8,284.8,survival|discovery|supernatural,A fantasy film featuring Brie Larson.,90.91
MV1017,Gladiator,2020,Horror,Tim Burton,Viola Davis|Robert Downey Jr|Natalie Portman|Charlize Theron|Jack Nicholson,German,France,115,8.8,752611,265.0,181.8,heist|dystopia|sacrifice|danger|corruption,A horror film featuring Viola Davis.,80.86
MV1018,Braveheart,1976,History|Action,Greta Gerwig,Jake Gyllenhaal|Florence Pugh|Charlize Theron,Japanese,South Korea,113,5.6,820045,122.5,317.2,danger|conspiracy|detective,A history film featuring Jake Gyllenhaal.,45.97
MV1019,The Departed,2023,Horror|Action|Drama,Ang Lee,Tom Cruise|Idris Elba|Meryl Streep,French,Germany,129,8.3,1325658,133.7,1053.8,coming of age|loss|ambition,A horror film featuring Tom Cruise.,13.99
MV1020,No Country for Old Men,1997,Adventure,Guillermo del Toro,Saoirse Ronan|Cate Blanchett|Robert Downey Jr|Benedict Cumberbatch,Italian,UK,177,8.9,2137025,96.2,342.8,escape|friendship|loss|dystopia,A adventure film featuring Saoirse Ronan.,69.84
MV1021,There Will Be Blood,1994,Fantasy|Comedy|Crime,Francis Ford Coppola,Jack Nicholson|Leonardo DiCaprio|Joaquin Phoenix|Tom Hardy,Korean,Germany,185,7.7,1361611,142.2,542.7,detective|magic|corruption,A fantasy film featuring Jack Nicholson.,69.3
MV1022,Whiplash,1988,Mystery|History|Crime,Woody Allen,Viola Davis|Chadwick Boseman|Joaquin Phoenix,Korean,South Korea,103,5.6,1036944,295.3,1501.5,alien|dystopia|loss,A mystery film featuring Viola Davis.,74.65
MV1023,Birdman,1994,Sci-Fi|Thriller,Wes Anderson,Gal Gadot|Leonardo DiCaprio|Natalie Portman|Saoirse Ronan|Ryan Gosling,Spanish,Australia,144,5.7,1055213,275.7,388.8,alien|serial killer|time travel,A sci-fi film featuring Gal Gadot.,95.5
MV1024,Parasite,1998,History|Fantasy|Adventure,Park Chan-wook,Timothée Chalamet|Christian Bale|Jeremy Renner|Zendaya|Idris Elba,Korean,Japan,183,8.5,2042547,189.9,486.0,escape|sacrifice|danger,A history film featuring Timothée Chalamet.,40.23
MV1025,1917,2004,Comedy,Wes Anderson,Jessica Chastain|Gal Gadot|Morgan Freeman,Korean,UK,138,7.0,2285876,142.4,137.7,coming of age|love|magic|revenge,A comedy film featuring Jessica Chastain.,94.85
MV1026,Joker,1989,History|Sci-Fi,Clint Eastwood,Ryan Gosling|Margot Robbie|Saoirse Ronan|Daniel Craig,English,Germany,128,8.0,1705827,218.6,1487.3,love|based on true story|betrayal,A history film featuring Ryan Gosling.,67.85
MV1027,Once Upon a Time in Hollywood,1978,Comedy|Action,Ang Lee,Jennifer Lawrence|Emma Stone|Florence Pugh|Benedict Cumberbatch,German,Japan,181,9.1,1778171,79.4,88.5,war|conspiracy|freedom,A comedy film featuring Jennifer Lawrence.,68.51
MV1028,Marriage Story,2019,Action|Biography|History,Ron Howard,Tom Hanks|Will Smith|Morgan Freeman,Korean,France,145,8.0,2375459,284.6,1134.9,supernatural|corruption|mystery|discovery,A action film featuring Tom Hanks.,19.73
MV1029,The Irishman,1971,Crime|Mystery,Ingmar Bergman,Brie Larson|Jake Gyllenhaal|Cate Blanchett|Tom Cruise,Korean,UK,174,8.4,517741,239.9,1138.2,conspiracy|superhero|supernatural,A crime film featuring Brie Larson.,16.21
MV1030,Ford v Ferrari,2011,Action|Sci-Fi,Ryan Coogler,Saoirse Ronan|Mark Ruffalo|Chris Evans,Hindi,France,140,6.2,2198364,289.8,731.9,magic|alien|superhero|danger|time travel,A action film featuring Saoirse Ronan.,86.65
MV1031,Little Women,2023,Romance,Hayao Miyazaki,Florence Pugh|Gene Hackman|Will Smith,German,Italy,88,7.4,1373208,58.6,122.5,heist|danger|revenge|serial killer,A romance film featuring Florence Pugh.,95.33
MV1032,Knives Out,1975,Fantasy,Wong Kar-wai,Jack Nicholson|Viola Davis|Gal Gadot|Zendaya,Hindi,India,186,5.6,1244113,70.4,400.5,supernatural|magic|serial killer|conspiracy,A fantasy film featuring Jack Nicholson.,48.3
MV1033,Uncut Gems,2017,Horror|History|Fantasy,Jordan Peele,Joaquin Phoenix|Idris Elba|Ryan Gosling|Matt Damon,Korean,Italy,100,8.3,786574,61.5,371.4,serial killer|escape|redemption|loss,A horror film featuring Joaquin Phoenix.,36.66
MV1034,Tenet,1993,Romance,Christopher Nolan,Dustin Hoffman|Scarlett Johansson|Margot Robbie|Meryl Streep|Brad Pitt,Japanese,France,166,8.8,2068894,35.3,20.9,magic|robot|heist|justice,A romance film featuring Dustin Hoffman.,96.89
MV1035,Dune,1986,Drama|History,Federico Fellini,Cate Blanchett|Gene Hackman|Chris Evans|Chadwick Boseman,English,France,104,8.6,1284378,30.1,71.1,dystopia|freedom|serial killer|coming of age|robot,A drama film featuring Cate Blanchett.,91.77
MV1036,The Power of the Dog,1989,Sci-Fi|Romance|Crime,Quentin Tarantino,Jeremy Renner|Natalie Portman|Emma Stone|Chris Evans|Idris Elba,French,France,115,6.2,324844,51.2,182.5,magic|escape|survival|freedom|alien,A sci-fi film featuring Jeremy Renner.,16.41
MV1037,Spencer,1984,Biography|History,Guillermo del Toro,Matt Damon|Dustin Hoffman|Ryan Gosling|Chris Hemsworth,Spanish,Japan,190,6.0,260140,53.9,151.3,escape|robot|mystery|alien|discovery,A biography film featuring Matt Damon.,72.98
MV1038,Belfast,1987,Adventure|Animation|Biography,Ridley Scott,Meryl Streep|Saoirse Ronan|Jeremy Renner|Jennifer Lawrence|Keanu Reeves,Japanese,USA,96,6.4,2422559,178.2,116.8,danger|survival|justice|magic|serial killer,A adventure film featuring Meryl Streep.,68.64
MV1039,CODA,1987,Crime,Park Chan-wook,Daniel Craig|Robert De Niro|Zendaya|Charlize Theron|Adam Driver,Italian,Italy,170,5.9,684548,102.3,583.4,based on true story|survival|alien|betrayal,A crime film featuring Daniel Craig.,38.31
MV1040,Oppenheimer,1990,Biography,Federico Fellini,Leonardo DiCaprio|Robert Downey Jr|Dustin Hoffman|Florence Pugh|Adam Driver,English,South Korea,151,6.9,2100831,189.5,1174.9,danger|friendship|escape,A biography film featuring Leonardo DiCaprio.,49.43
MV1041,Barbie,2014,Drama|Action,Ron Howard,Christian Bale|Joaquin Phoenix|Jack Nicholson|Leonardo DiCaprio|Adam Driver,French,South Korea,192,9.0,1945452,284.4,1523.8,kingdom|escape|detective,A drama film featuring Christian Bale.,73.49
MV1042,Killers of the Flower Moon,1996,Animation|Thriller,Jordan Peele,Morgan Freeman|Jessica Chastain|Jake Gyllenhaal|Keanu Reeves|Denzel Washington,Spanish,UK,120,8.4,1750394,105.3,674.7,revenge|escape|discovery|kingdom,A animation film featuring Morgan Freeman.,87.87
MV1043,Poor Things,1998,Animation|Horror|Biography,Ingmar Bergman,Jennifer Lawrence|Jake Gyllenhaal|Gal Gadot|Viola Davis,German,South Korea,194,8.4,193070,98.9,400.3,coming of age|power|kingdom|survival,A animation film featuring Jennifer Lawrence.,21.36
MV1044,American Fiction,2007,History|Drama,Hayao Miyazaki,Al Pacino|Florence Pugh|Leonardo DiCaprio,Spanish,Germany,196,8.0,657437,27.1,172.4,heist|based on true story|betrayal|coming of age,A history film featuring Al Pacino.,95.87
MV1045,The Zone of Interest,2010,Biography|Animation|Adventure,Martin Scorsese,Cate Blanchett|Viola Davis|Chris Evans|Chadwick Boseman|Tom Hardy,Korean,UK,140,9.2,431557,135.9,775.3,survival|time travel|war,A biography film featuring Cate Blanchett.,36.4
MV1046,Saltburn,1993,Comedy|Thriller,Wong Kar-wai,Chadwick Boseman|Amy Adams|Christian Bale|Robert De Niro|Will Smith,German,South Korea,148,9.0,610279,73.5,388.4,ambition|revenge|alien|escape,A comedy film featuring Chadwick Boseman.,70.98
MV1047,Past Lives,1980,Animation,Billy Wilder,Joaquin Phoenix|Chris Evans|Saoirse Ronan|Gal Gadot|Idris Elba,Hindi,Japan,110,9.3,2036721,36.5,122.6,escape|love|based on true story|danger,A animation film featuring Joaquin Phoenix.,10.73
MV1048,May December,2013,Action|Crime|Fantasy,Ryan Coogler,Ryan Gosling|Keanu Reeves|Charlize Theron|Chris Evans,Korean,Japan,171,8.4,583693,190.3,1384.5,survival|discovery|robot|supernatural|friendship,A action film featuring Ryan Gosling.,18.11
MV1049,Priscilla,1988,Fantasy|Sci-Fi,Bong Joon-ho,Scarlett Johansson|Dustin Hoffman|Mark Ruffalo,Japanese,France,117,9.0,2031016,290.4,788.0,mystery|alien|family|power,A fantasy film featuring Scarlett Johansson.,77.87
MV1050,The Holdovers,1984,Fantasy|Mystery|Sci-Fi,Akira Kurosawa,Michael Fassbender|Leonardo DiCaprio|Idris Elba,French,India,132,8.1,1109584,177.4,1182.9,redemption|freedom|magic|love,A fantasy film featuring Michael Fassbender.,65.76
MV1051,Everything Everywhere All at Once,2005,Crime|Thriller,James Cameron,Florence Pugh|Gal Gadot|Joaquin Phoenix|Chris Hemsworth|Adam Driver,French,France,90,9.1,1286597,298.8,409.6,friendship|coming of age|alien,A crime film featuring Florence Pugh.,43.39
MV1052,The Banshees of Inisherin,2017,Adventure|Sci-Fi|Crime,Wes Anderson,Chris Hemsworth|Natalie Portman|Daniel Craig|Will Smith,German,Japan,89,8.1,921295,135.8,1036.0,redemption|supernatural|conspiracy|war,A adventure film featuring Chris Hemsworth.,45.83
MV1053,Tár,1982,History,Jordan Peele,Robert Downey Jr|Emma Stone|Chris Hemsworth,English,USA,185,6.8,538163,237.2,483.7,identity|freedom|heist|power|revenge,A history film featuring Robert Downey Jr.,34.95
MV1054,The Fabelmans,1979,Adventure,Ang Lee,Matt Damon|Robert Downey Jr|Tom Hanks,Spanish,USA,130,8.5,1007957,178.7,110.5,war|friendship|dystopia|serial killer,A adventure film featuring Matt Damon.,20.23
MV1055,Aftersun,1974,Animation|Biography,Akira Kurosawa,Tom Cruise|Natalie Portman|Timothée Chalamet|Denzel Washington|Ryan Gosling,English,Australia,123,7.2,140655,22.9,93.7,superhero|redemption|kingdom|robot,A animation film featuring Tom Cruise.,16.61
MV1056,The Menu,1975,Crime|Comedy,James Cameron,Margot Robbie|Will Smith|Chris Evans,Italian,Germany,161,7.5,1913020,154.1,574.3,mystery|identity|superhero|robot|freedom,A crime film featuring Margot Robbie.,47.24
MV1057,Glass Onion,2022,Sci-Fi|History,David Fincher,Saoirse Ronan|Jennifer Lawrence|Robert Downey Jr|Idris Elba,Italian,France,172,9.0,291577,31.9,36.4,redemption|supernatural|friendship|war,A sci-fi film featuring Saoirse Ronan.,62.78
MV1058,Nope,2005,Horror|Mystery|Drama,Wong Kar-wai,Robert Downey Jr|Saoirse Ronan|Paul Rudd|Brad Pitt,Japanese,Japan,130,5.9,2138242,67.8,367.9,redemption|conspiracy|supernatural,A horror film featuring Robert Downey Jr.,20.34
MV1059,Bones and All,1987,Thriller|Biography|Sci-Fi,Steven Spielberg,Robert Downey Jr|Gal Gadot|Margot Robbie|Tom Hanks|Amy Adams,Japanese,Japan,128,6.8,770870,261.6,1241.9,family|power|love|betrayal,A thriller film featuring Robert Downey Jr.,77.15
MV1060,Barbarian,1983,Sci-Fi|Animation,Woody Allen,Mark Ruffalo|Joaquin Phoenix|Paul Rudd,Italian,UK,198,5.7,670224,227.6,198.7,danger|robot|superhero,A sci-fi film featuring Mark Ruffalo.,53.71
MV1061,Dune Part Two,1998,Romance|Thriller,Denis Villeneuve,Saoirse Ronan|Matt Damon|Tom Hardy|Chadwick Boseman,Hindi,Australia,170,6.7,934921,121.6,607.4,identity|discovery|friendship,A romance film featuring Saoirse Ronan.,78.77
MV1062,Civil War,1988,Drama|Action,Ryan Coogler,Saoirse Ronan|Amy Adams|Scarlett Johansson|Jessica Chastain|Dustin Hoffman,Korean,Australia,156,8.7,1495484,26.3,183.1,superhero|love|alien,A drama film featuring Saoirse Ronan.,92.9
MV1063,Love Lies Bleeding,1990,Sci-Fi|Crime|History,Wong Kar-wai,Matt Damon|Michael Fassbender|Tom Hanks|Jennifer Lawrence,Spanish,India,191,8.1,1527720,31.0,211.8,superhero|based on true story|serial killer,A sci-fi film featuring Matt Damon.,17.08
MV1064,The Substance,1989,Horror|Thriller|History,Alfonso Cuaron,Denzel Washington|Chris Evans|Matt Damon,Korean,Italy,129,8.3,629456,74.7,119.4,justice|power|family,A horror film featuring Denzel Washington.,25.94
MV1065,Alien Romulus,2019,Animation|History|Crime,Hayao Miyazaki,Gene Hackman|Chris Hemsworth|Chris Evans|Will Smith|Jennifer Lawrence,Italian,France,141,5.8,1864755,191.3,1238.2,war|conspiracy|detective|family|discovery,A animation film featuring Gene Hackman.,51.56
MV1066,Longlegs,1972,Horror,Kathryn Bigelow,Chris Hemsworth|Robert De Niro|Will Smith,German,India,159,7.6,182061,137.7,905.2,loss|time travel|magic|detective|power,A horror film featuring Chris Hemsworth.,96.2
MV1067,Furiosa,1998,Biography,Woody Allen,Robert De Niro|Denzel Washington|Chris Hemsworth|Amy Adams|Meryl Streep,Korean,India,141,7.5,675829,112.3,829.3,dystopia|heist|war|family,A biography film featuring Robert De Niro.,39.67
MV1068,Deadpool and Wolverine,2005,Sci-Fi|Romance|Biography,Wes Anderson,Robert De Niro|Tom Cruise|Robert Downey Jr|Morgan Freeman,Italian,Japan,168,8.2,1653990,43.0,250.1,discovery|coming of age|heist,A sci-fi film featuring Robert De Niro.,83.19
MV1069,Inside Out 2,2012,History|Fantasy|Mystery,Ridley Scott,Robert Downey Jr|Saoirse Ronan|Denzel Washington|Mark Ruffalo|Tom Hanks,Italian,Japan,108,9.1,1443329,284.6,1180.2,friendship|power|family,A history film featuring Robert Downey Jr.,36.62
MV1070,A Quiet Place,2020,Adventure,Martin Scorsese,Benedict Cumberbatch|Will Smith|Scarlett Johansson|Keanu Reeves|Jessica Chastain,Spanish,France,108,8.7,704321,217.7,180.2,sacrifice|robot|escape|freedom,A adventure film featuring Benedict Cumberbatch.,58.06
MV1071,A Quiet Place Part II,1989,History|Thriller,Akira Kurosawa,Gene Hackman|Timothée Chalamet|Florence Pugh|Tom Hardy|Jessica Chastain,German,France,189,6.3,590485,262.5,234.0,supernatural|redemption|serial killer|mystery,A history film featuring Gene Hackman.,35.66
MV1072,Bird Box,2018,Romance,Hayao Miyazaki,Morgan Freeman|Saoirse Ronan|Robert De Niro|Ryan Gosling|Timothée Chalamet,Italian,USA,138,5.7,2115570,115.3,391.6,supernatural|freedom|love,A romance film featuring Morgan Freeman.,38.68
MV1073,Don't Look Up,1976,Mystery|Horror|Comedy,Peter Jackson,Tom Hardy|Zendaya|Gal Gadot,Spanish,India,142,7.8,342296,10.6,22.4,serial killer|superhero|mystery,A mystery film featuring Tom Hardy.,79.86
MV1074,The Trial of the Chicago 7,1985,Drama|Action,Ron Howard,Chris Evans|Will Smith|Florence Pugh|Cate Blanchett,French,India,161,7.5,2171642,174.6,1028.2,superhero|revenge|conspiracy|sacrifice,A drama film featuring Chris Evans.,61.36
MV1075,Mank,1981,Mystery|Drama|Adventure,Akira Kurosawa,Al Pacino|Dustin Hoffman|Denzel Washington,English,Germany,196,7.3,1632697,294.4,707.3,conspiracy|family|sacrifice,A mystery film featuring Al Pacino.,75.96
MV1076,Judas and the Black Messiah,2010,Biography,Woody Allen,Meryl Streep|Charlize Theron|Dustin Hoffman,Italian,France,191,8.5,1958769,294.3,1203.4,friendship|family|alien,A biography film featuring Meryl Streep.,13.33
MV1077,Minari,1982,Biography,Guillermo del Toro,Jennifer Lawrence|Joaquin Phoenix|Denzel Washington,German,Australia,145,6.5,811545,89.4,622.8,heist|danger|mystery,A biography film featuring Jennifer Lawrence.,81.94
MV1078,Promising Young Woman,1997,Fantasy|Animation,Ingmar Bergman,Amy Adams|Daniel Craig|Gal Gadot|Mark Ruffalo,Japanese,UK,178,7.1,1816097,182.7,1218.2,escape|time travel|redemption|betrayal|discovery,A fantasy film featuring Amy Adams.,50.13
MV1079,Women Talking,2015,Comedy|Fantasy,Hayao Miyazaki,Timothée Chalamet|Meryl Streep|Paul Rudd|Charlize Theron,German,Japan,166,9.2,250577,27.1,143.1,detective|corruption|love|power,A comedy film featuring Timothée Chalamet.,86.38
MV1080,Causeway,2013,Action|Comedy,James Cameron,Chris Hemsworth|Mark Ruffalo|Jessica Chastain,English,France,171,7.2,1565937,114.7,713.8,friendship|serial killer|supernatural|based on true story|time travel,A action film featuring Chris Hemsworth.,68.46
MV1081,Decision to Leave,1985,Action,Bong Joon-ho,Al Pacino|Jessica Chastain|Jack Nicholson|Matt Damon,Japanese,Japan,175,7.2,1207796,209.7,1675.4,mystery|friendship|family,A action film featuring Al Pacino.,50.68
MV1082,Drive My Car,2015,Drama|Biography,Stanley Kubrick,Charlize Theron|Brie Larson|Cate Blanchett|Jack Nicholson|Dustin Hoffman,Japanese,Japan,193,6.1,740190,239.1,1031.9,loss|friendship|sacrifice,A drama film featuring Charlize Theron.,81.13
MV1083,Memoria,1971,Adventure|Crime,Akira Kurosawa,Jack Nicholson|Scarlett Johansson|Will Smith|Robert De Niro,French,Japan,135,9.3,2017666,160.1,1003.6,family|friendship|time travel|robot|alien,A adventure film featuring Jack Nicholson.,71.21
MV1084,Titane,1992,History,Bong Joon-ho,Saoirse Ronan|Denzel Washington|Brad Pitt,French,Australia,104,6.7,689338,100.2,583.2,serial killer|escape|betrayal|ambition,A history film featuring Saoirse Ronan.,27.67
MV1085,Avatar,2005,Comedy|Mystery,Francis Ford Coppola,Dustin Hoffman|Robert De Niro|Denzel Washington|Chris Hemsworth|Christian Bale,Spanish,France,169,7.9,1426079,253.5,1198.3,betrayal|survival|ambition,A comedy film featuring Dustin Hoffman.,68.6
MV1086,Avatar The Way of Water,2019,Sci-Fi|Crime|Mystery,Steven Spielberg,Chris Evans|Dustin Hoffman|Tom Hardy|Chris Hemsworth,Japanese,India,116,8.6,1713275,92.7,97.1,corruption|robot|dystopia,A sci-fi film featuring Chris Evans.,53.58
MV1087,Top Gun Maverick,1983,Crime|Comedy,Stanley Kubrick,Jennifer Lawrence|Paul Rudd|Charlize Theron|Michael Fassbender|Scarlett Johansson,Italian,Australia,156,5.9,1023922,142.6,357.4,power|redemption|war,A crime film featuring Jennifer Lawrence.,36.12
MV1088,Black Panther,1994,Sci-Fi|Thriller|Comedy,Stanley Kubrick,Paul Rudd|Jennifer Lawrence|Jake Gyllenhaal|Christian Bale|Daniel Craig,Hindi,India,197,6.7,107208,31.6,109.0,sacrifice|identity|conspiracy|war,A sci-fi film featuring Paul Rudd.,14.55
MV1089,Avengers Endgame,2001,History|Mystery|Biography,Greta Gerwig,Dustin Hoffman|Leonardo DiCaprio|Natalie Portman|Saoirse Ronan,Spanish,Japan,178,6.9,1701370,113.0,396.0,loss|supernatural|escape|family|coming of age,A history film featuring Dustin Hoffman.,55.38
MV1090,Avengers Infinity War,2018,Romance|Crime|Mystery,Denis Villeneuve,Natalie Portman|Michael Fassbender|Mark Ruffalo,Italian,Australia,131,8.4,844909,182.7,641.4,survival|friendship|heist,A romance film featuring Natalie Portman.,82.36
MV1091,Spider-Man No Way Home,2003,Comedy|Crime,Peter Jackson,Will Smith|Jennifer Lawrence|Christian Bale|Michael Fassbender,Japanese,Italy,149,8.6,2242795,149.5,705.9,love|supernatural|heist|mystery,A comedy film featuring Will Smith.,98.19
MV1092,The Batman,2007,Biography|Fantasy,Steven Spielberg,Zendaya|Idris Elba|Chris Hemsworth|Tom Cruise|Gene Hackman,Korean,USA,159,7.3,2208789,190.6,981.2,power|sacrifice|survival|mystery,A biography film featuring Zendaya.,27.17
MV1093,Doctor Strange in the Multiverse of Madness,1998,Sci-Fi|Comedy,Wong Kar-wai,Emma Stone|Adam Driver|Denzel Washington|Will Smith|Zendaya,English,France,151,6.3,1373356,299.4,1223.9,time travel|justice|alien|heist,A sci-fi film featuring Emma Stone.,59.16
MV1094,Thor Love and Thunder,2013,Mystery|History|Fantasy,Ang Lee,Zendaya|Jake Gyllenhaal|Viola Davis|Margot Robbie|Jack Nicholson,Japanese,South Korea,123,8.4,879386,208.6,869.3,conspiracy|danger|escape|mystery,A mystery film featuring Zendaya.,61.61
MV1095,Black Adam,2004,Sci-Fi|Horror,Wes Anderson,Meryl Streep|Tom Hardy|Brie Larson|Robert De Niro,Italian,India,168,6.5,2019404,68.1,456.9,danger|friendship|redemption|sacrifice,A sci-fi film featuring Meryl Streep.,31.82
MV1096,Shazam,2012,Thriller|Mystery|History,Quentin Tarantino,Adam Driver|Benedict Cumberbatch|Brie Larson,Hindi,UK,172,8.4,31732,289.5,2268.0,dystopia|magic|loss,A thriller film featuring Adam Driver.,78.03
MV1097,Aquaman,1988,Romance|Mystery,Quentin Tarantino,Chris Hemsworth|Gene Hackman|Ryan Gosling,English,France,138,8.9,747311,280.5,216.7,kingdom|justice|escape|survival,A romance film featuring Chris Hemsworth.,10.83
MV1098,Wonder Woman,2006,Drama|Horror|Romance,Jordan Peele,Dustin Hoffman|Al Pacino|Daniel Craig|Scarlett Johansson|Denzel Washington,Hindi,Japan,109,8.6,1396989,52.9,208.5,justice|revenge|heist|escape,A drama film featuring Dustin Hoffman.,61.1
MV1099,Justice League,2018,Comedy,Federico Fellini,Denzel Washington|Jennifer Lawrence|Robert De Niro|Michael Fassbender,French,France,102,7.3,1050384,7.0,23.6,danger|heist|discovery|revenge,A comedy film featuring Denzel Washington.,33.54
MV1100,Captain America Civil War,1993,Thriller|Action|Mystery,Denis Villeneuve,Joaquin Phoenix|Christian Bale|Michael Fassbender|Chadwick Boseman,Japanese,UK,166,9.0,1247477,113.4,244.5,magic|power|alien,A thriller film featuring Joaquin Phoenix.,77.3
MV1101,Captain America The Winter Soldier,2008,Sci-Fi|Fantasy,Greta Gerwig,Robert Downey Jr|Emma Stone|Viola Davis|Chadwick Boseman|Keanu Reeves,French,Australia,142,7.5,1527435,28.0,132.5,detective|loss|power,A sci-fi film featuring Robert Downey Jr.,24.81
MV1102,Iron Man,2024,Animation|Drama|Mystery,Tim Burton,Tom Cruise|Daniel Craig|Robert De Niro|Denzel Washington|Timothée Chalamet,English,India,101,7.5,1925951,171.4,804.0,discovery|love|based on true story|ambition|revenge,A animation film featuring Tom Cruise.,77.12
MV1103,Iron Man 2,2007,Action,Park Chan-wook,Gal Gadot|Cate Blanchett|Dustin Hoffman|Brad Pitt,French,India,89,6.6,764896,231.8,1447.3,dystopia|supernatural|coming of age|robot|betrayal,A action film featuring Gal Gadot.,71.45
MV1104,Iron Man 3,2012,Comedy|Mystery|Horror,Denis Villeneuve,Dustin Hoffman|Michael Fassbender|Al Pacino,Spanish,South Korea,191,5.5,105358,293.7,1166.7,superhero|coming of age|freedom|sacrifice|alien,A comedy film featuring Dustin Hoffman.,41.15
MV1105,Thor,1987,Fantasy,Denis Villeneuve,Robert Downey Jr|Adam Driver|Will Smith,English,South Korea,111,5.8,150829,136.7,757.3,sacrifice|survival|based on true story,A fantasy film featuring Robert Downey Jr.,49.51
MV1106,Thor The Dark World,2004,Biography,Quentin Tarantino,Denzel Washington|Tom Hardy|Ryan Gosling,Italian,Italy,115,6.6,610877,295.8,1304.3,discovery|danger|war|justice,A biography film featuring Denzel Washington.,66.34
MV1107,Guardians of the Galaxy,1997,Animation|Action|Horror,Ingmar Bergman,Jennifer Lawrence|Gal Gadot|Adam Driver|Morgan Freeman|Joaquin Phoenix,German,France,181,7.5,1020693,255.6,704.3,power|alien|war|dystopia|serial killer,A animation film featuring Jennifer Lawrence.,22.07
MV1108,Guardians of the Galaxy Vol 2,1985,Thriller|Horror,Ridley Scott,Mark Ruffalo|Robert De Niro|Dustin Hoffman|Paul Rudd,Korean,USA,119,6.9,175874,262.7,502.1,identity|magic|heist|discovery|revenge,A thriller film featuring Mark Ruffalo.,29.06
MV1109,Ant-Man,1982,Drama|Fantasy|Animation,Ron Howard,Keanu Reeves|Brie Larson|Emma Stone|Michael Fassbender|Viola Davis,Italian,Japan,133,7.3,1516843,96.0,306.9,alien|redemption|magic|time travel,A drama film featuring Keanu Reeves.,92.29
MV1110,Ant-Man and the Wasp,1993,Sci-Fi|Action,Clint Eastwood,Morgan Freeman|Tom Hanks|Idris Elba|Jack Nicholson|Tom Cruise,German,Japan,104,6.2,974768,117.1,790.5,heist|ambition|kingdom|alien,A sci-fi film featuring Morgan Freeman.,25.14
MV1111,Black Panther Wakanda Forever,2020,Comedy|History,Ryan Coogler,Dustin Hoffman|Chris Hemsworth|Brad Pitt,English,UK,189,8.0,36775,126.7,864.0,family|power|revenge,A comedy film featuring Dustin Hoffman.,29.68
MV1112,Doctor Strange,1999,Action|Crime,Greta Gerwig,Daniel Craig|Tom Hanks|Leonardo DiCaprio|Dustin Hoffman|Jack Nicholson,German,USA,87,7.5,1162346,163.0,432.0,superhero|justice|redemption|serial killer|power,A action film featuring Daniel Craig.,31.69
MV1113,The Avengers,2009,Romance|Horror|History,Federico Fellini,Mark Ruffalo|Michael Fassbender|Florence Pugh,Korean,South Korea,123,8.1,348131,197.9,1372.8,betrayal|based on true story|coming of age,A romance film featuring Mark Ruffalo.,43.95
MV1114,Age of Ultron,2000,Mystery,Christopher Nolan,Christian Bale|Robert De Niro|Daniel Craig|Saoirse Ronan|Chris Hemsworth,Italian,UK,199,7.5,188475,72.8,528.5,magic|danger|survival|family|justice,A mystery film featuring Christian Bale.,93.59
MV1115,Captain Marvel,1990,Thriller,Wes Anderson,Michael Fassbender|Cate Blanchett|Joaquin Phoenix|Christian Bale|Gene Hackman,Korean,Germany,171,8.9,1401375,118.2,714.9,betrayal|detective|conspiracy|war|redemption,A thriller film featuring Michael Fassbender.,49.34
MV1116,Eternals,2023,Horror,Federico Fellini,Tom Hanks|Chris Evans|Margot Robbie|Timothée Chalamet,Hindi,South Korea,130,7.6,1584654,132.4,741.1,coming of age|betrayal|escape|sacrifice|family,A horror film featuring Tom Hanks.,17.38
MV1117,Shang-Chi,1979,Fantasy|Biography,Wes Anderson,Jessica Chastain|Jennifer Lawrence|Mark Ruffalo|Natalie Portman|Robert De Niro,English,Japan,141,6.9,1141482,35.2,40.6,robot|detective|dystopia|redemption,A fantasy film featuring Jessica Chastain.,12.36
MV1118,Spider-Man Homecoming,1992,Drama|Crime|Biography,Stanley Kubrick,Leonardo DiCaprio|Tom Hardy|Adam Driver|Jessica Chastain,French,Australia,200,9.3,1028135,173.7,307.8,corruption|friendship|danger|discovery,A drama film featuring Leonardo DiCaprio.,34.16
MV1119,Spider-Man Far From Home,1979,Comedy,Park Chan-wook,Adam Driver|Joaquin Phoenix|Zendaya|Cate Blanchett,Italian,Japan,116,8.2,2089546,180.2,354.4,friendship|discovery|revenge,A comedy film featuring Adam Driver.,95.39
MV1120,Venom,1991,Sci-Fi|Biography|Horror,Hayao Miyazaki,Saoirse Ronan|Chris Hemsworth|Keanu Reeves|Scarlett Johansson,Japanese,Italy,162,9.1,852432,146.3,268.1,time travel|escape|kingdom|sacrifice,A sci-fi film featuring Saoirse Ronan.,39.33
MV1121,Venom Let There Be Carnage,1987,Horror|Drama,Guillermo del Toro,Dustin Hoffman|Amy Adams|Chadwick Boseman|Jack Nicholson|Tom Hanks,Hindi,South Korea,141,8.5,300072,246.6,1594.9,kingdom|friendship|discovery|sacrifice,A horror film featuring Dustin Hoffman.,32.74
MV1122,Morbius,1979,Sci-Fi|Biography|History,James Cameron,Keanu Reeves|Zendaya|Tom Cruise|Michael Fassbender,German,Australia,89,8.5,1517975,212.0,1397.6,betrayal|redemption|sacrifice|conspiracy|corruption,A sci-fi film featuring Keanu Reeves.,68.23
MV1123,Uncharted,1972,Mystery|History|Biography,Federico Fellini,Saoirse Ronan|Natalie Portman|Leonardo DiCaprio|Idris Elba,Korean,Australia,180,7.5,2444870,207.9,448.6,based on true story|alien|detective|power,A mystery film featuring Saoirse Ronan.,41.05
MV1124,The Gray Man,1971,Drama|Romance,Wong Kar-wai,Matt Damon|Paul Rudd|Morgan Freeman,Italian,Japan,128,7.2,877664,158.7,493.9,robot|time travel|family,A drama film featuring Matt Damon.,37.02
MV1125,Extraction,2021,Drama|Action|Horror,David Fincher,Christian Bale|Jeremy Renner|Viola Davis|Al Pacino|Amy Adams,Spanish,Italy,156,7.1,1947995,73.4,259.7,justice|superhero|based on true story,A drama film featuring Christian Bale.,12.63
MV1126,Extraction 2,2009,Animation,Park Chan-wook,Leonardo DiCaprio|Brie Larson|Emma Stone|Margot Robbie,French,UK,187,8.8,794166,112.9,223.3,ambition|kingdom|serial killer,A animation film featuring Leonardo DiCaprio.,96.93
MV1127,Red Notice,1990,Sci-Fi|Crime|History,Denis Villeneuve,Charlize Theron|Florence Pugh|Will Smith|Amy Adams,Japanese,UK,171,6.0,504347,75.4,103.8,power|detective|coming of age|dystopia,A sci-fi film featuring Charlize Theron.,63.68
MV1128,6 Underground,2006,Sci-Fi|Comedy,Ryan Coogler,Dustin Hoffman|Gal Gadot|Chris Hemsworth|Amy Adams|Jack Nicholson,Spanish,India,121,6.0,1329444,253.4,1303.9,revenge|kingdom|friendship|loss,A sci-fi film featuring Dustin Hoffman.,83.37
MV1129,Ambulance,2005,Mystery|Animation|Sci-Fi,Ryan Coogler,Brie Larson|Timothée Chalamet|Daniel Craig|Christian Bale,French,USA,186,8.4,1235113,14.6,31.9,corruption|alien|kingdom|detective,A mystery film featuring Brie Larson.,20.19
MV1130,The Northman,1977,Biography|Adventure,Akira Kurosawa,Meryl Streep|Paul Rudd|Timothée Chalamet|Dustin Hoffman|Emma Stone,German,UK,179,8.7,1048222,92.8,741.9,ambition|conspiracy|betrayal|robot,A biography film featuring Meryl Streep.,87.88
MV1131,The Raid,1977,Thriller,Billy Wilder,Will Smith|Chris Evans|Saoirse Ronan|Christian Bale|Scarlett Johansson,Korean,South Korea,188,5.7,1481426,162.0,806.2,time travel|escape|danger,A thriller film featuring Will Smith.,95.72
MV1132,The Raid 2,2002,History|Drama|Comedy,Wong Kar-wai,Margot Robbie|Chris Hemsworth|Scarlett Johansson,Spanish,South Korea,103,8.2,1048319,229.6,1279.3,power|danger|dystopia|coming of age,A history film featuring Margot Robbie.,50.68
MV1133,John Wick,2010,Sci-Fi,Sofia Coppola,Mark Ruffalo|Florence Pugh|Daniel Craig|Jennifer Lawrence|Tom Cruise,English,UK,178,9.2,1512495,255.8,1654.4,identity|superhero|kingdom|danger,A sci-fi film featuring Mark Ruffalo.,39.06
MV1134,John Wick Chapter 2,1988,Adventure|Crime,Peter Jackson,Daniel Craig|Benedict Cumberbatch|Chadwick Boseman|Brad Pitt|Meryl Streep,French,India,87,6.0,672630,135.2,68.3,loss|friendship|discovery|corruption,A adventure film featuring Daniel Craig.,88.7
MV1135,John Wick Chapter 3,1987,Mystery,Akira Kurosawa,Robert De Niro|Mark Ruffalo|Robert Downey Jr|Chris Hemsworth,Spanish,USA,135,7.9,992070,131.6,155.8,revenge|identity|magic,A mystery film featuring Robert De Niro.,17.01
MV1136,John Wick Chapter 4,2007,Adventure,Hayao Miyazaki,Leonardo DiCaprio|Gal Gadot|Benedict Cumberbatch,French,Germany,173,6.0,307075,72.5,84.8,redemption|time travel|supernatural,A adventure film featuring Leonardo DiCaprio.,89.29
MV1137,Mission Impossible Fallout,1978,Biography|History,Peter Jackson,Chadwick Boseman|Morgan Freeman|Cate Blanchett|Al Pacino|Gene Hackman,English,France,141,6.8,903619,190.3,311.2,robot|identity|betrayal|redemption,A biography film featuring Chadwick Boseman.,22.6
MV1138,Mission Impossible Rogue Nation,1977,Fantasy|Sci-Fi|Horror,Park Chan-wook,Scarlett Johansson|Viola Davis|Margot Robbie|Chris Hemsworth,French,South Korea,155,7.8,1205044,234.8,1333.3,discovery|identity|serial killer|detective|loss,A fantasy film featuring Scarlett Johansson.,77.31
MV1139,Mission Impossible Ghost Protocol,1988,Action|Biography|Thriller,Ryan Coogler,Matt Damon|Viola Davis|Daniel Craig|Chris Evans,French,Australia,198,9.2,1524555,280.5,417.9,dystopia|supernatural|justice|magic|family,A action film featuring Matt Damon.,11.5
MV1140,Mission Impossible Dead Reckoning,1974,Romance,Tim Burton,Brad Pitt|Michael Fassbender|Denzel Washington,Japanese,Australia,183,7.1,1697273,29.3,132.6,power|danger|betrayal|discovery|detective,A romance film featuring Brad Pitt.,92.88
MV1141,Fast and Furious,2021,Adventure,Stanley Kubrick,Tom Cruise|Chris Evans|Chris Hemsworth|Chadwick Boseman,French,Japan,174,7.2,1010917,22.1,25.3,mystery|alien|war|discovery,A adventure film featuring Tom Cruise.,69.95
MV1142,Fast Five,2012,Comedy|Drama|Action,Peter Jackson,Leonardo DiCaprio|Christian Bale|Daniel Craig|Charlize Theron|Al Pacino,Japanese,France,132,6.0,1137279,221.2,306.5,heist|superhero|danger,A comedy film featuring Leonardo DiCaprio.,57.15
MV1143,Furious 7,1986,Crime|Mystery|Drama,Ryan Coogler,Denzel Washington|Mark Ruffalo|Brad Pitt|Daniel Craig,Spanish,Italy,105,6.5,441614,268.8,1493.4,freedom|detective|revenge,A crime film featuring Denzel Washington.,13.96
MV1144,The Fate of the Furious,1970,Action,Greta Gerwig,Jessica Chastain|Morgan Freeman|Amy Adams|Meryl Streep,German,South Korea,126,6.4,1351905,85.0,92.2,mystery|detective|war|justice,A action film featuring Jessica Chastain.,30.09
MV1145,F9,2003,Sci-Fi,James Cameron,Tom Hardy|Joaquin Phoenix|Jennifer Lawrence|Robert De Niro,Hindi,USA,132,6.3,2374776,236.4,1429.5,alien|supernatural|kingdom,A sci-fi film featuring Tom Hardy.,99.8
MV1146,Fast X,2019,Fantasy,Ron Howard,Leonardo DiCaprio|Adam Driver|Tom Hanks,Korean,Australia,129,7.9,50243,285.5,145.9,coming of age|discovery|redemption|identity|serial killer,A fantasy film featuring Leonardo DiCaprio.,98.48
MV1147,Casino Royale,1996,Action|Comedy,Sofia Coppola,Meryl Streep|Ryan Gosling|Al Pacino,German,Italy,143,9.2,366106,176.3,756.5,based on true story|family|war|superhero|friendship,A action film featuring Meryl Streep.,31.31
MV1148,Skyfall,1986,Biography|Sci-Fi,Stanley Kubrick,Timothée Chalamet|Margot Robbie|Ryan Gosling|Cate Blanchett,Korean,France,184,8.4,467065,50.8,88.0,time travel|dystopia|mystery|conspiracy,A biography film featuring Timothée Chalamet.,96.82
MV1149,Spectre,1983,Romance|Animation,Ang Lee,Robert De Niro|Christian Bale|Chadwick Boseman,Japanese,USA,112,8.7,1384866,48.8,284.7,based on true story|detective|war|discovery,A romance film featuring Robert De Niro.,33.42
MV1150,No Time to Die,1981,Sci-Fi,Hayao Miyazaki,Jeremy Renner|Jack Nicholson|Viola Davis|Natalie Portman|Florence Pugh,French,France,100,5.5,942344,43.6,291.1,betrayal|ambition|family|love,A sci-fi film featuring Jeremy Renner.,99.74
MV1151,The Dark Knight Rises,1982,Animation|Biography|Comedy,Ridley Scott,Matt Damon|Meryl Streep|Florence Pugh|Brad Pitt,Spanish,Germany,190,8.3,2090904,13.7,77.1,conspiracy|identity|justice,A animation film featuring Matt Damon.,34.75
MV1152,Batman Begins,1998,Action,Ron Howard,Tom Hardy|Daniel Craig|Adam Driver|Jack Nicholson|Zendaya,English,UK,120,7.0,1768398,63.8,455.2,sacrifice|love|coming of age|conspiracy|magic,A action film featuring Tom Hardy.,59.01
MV1153,Man of Steel,2001,Crime|Adventure,Stanley Kubrick,Margot Robbie|Amy Adams|Tom Hanks|Jennifer Lawrence,Korean,USA,199,8.6,1188317,22.3,177.0,conspiracy|freedom|corruption|redemption|sacrifice,A crime film featuring Margot Robbie.,69.12
MV1154,Batman v Superman,1987,History|Biography|Fantasy,Quentin Tarantino,Gene Hackman|Jessica Chastain|Charlize Theron,Spanish,France,115,7.8,1514845,274.6,195.4,conspiracy|power|loss|kingdom|discovery,A history film featuring Gene Hackman.,25.8
MV1155,Die Hard,1972,Action,Clint Eastwood,Ryan Gosling|Tom Hanks|Al Pacino|Zendaya|Leonardo DiCaprio,Italian,South Korea,188,6.0,754320,276.0,1885.7,war|love|power|mystery,A action film featuring Ryan Gosling.,86.18
MV1156,Terminator 2,1993,Horror,Federico Fellini,Natalie Portman|Benedict Cumberbatch|Joaquin Phoenix|Jennifer Lawrence|Scarlett Johansson,Spanish,Germany,186,7.9,2053464,196.5,355.0,conspiracy|freedom|justice|coming of age|discovery,A horror film featuring Natalie Portman.,76.06
MV1157,Predator,1988,Comedy,Christopher Nolan,Gene Hackman|Michael Fassbender|Meryl Streep|Amy Adams|Keanu Reeves,Italian,South Korea,166,7.6,2091150,46.5,283.2,conspiracy|time travel|corruption,A comedy film featuring Gene Hackman.,67.26
MV1158,Aliens,1975,Mystery|History|Fantasy,Woody Allen,Leonardo DiCaprio|Idris Elba|Emma Stone|Viola Davis,French,Italy,117,8.5,15373,19.2,72.7,corruption|dystopia|kingdom|coming of age,A mystery film featuring Leonardo DiCaprio.,41.61
MV1159,Total Recall,1994,History,Greta Gerwig,Chris Hemsworth|Chadwick Boseman|Ryan Gosling|Christian Bale|Timothée Chalamet,French,USA,122,5.6,1105248,285.7,301.8,coming of age|corruption|family,A history film featuring Chris Hemsworth.,59.23
MV1160,The Rock,1975,Crime|History,Greta Gerwig,Tom Hanks|Saoirse Ronan|Chris Hemsworth|Christian Bale|Keanu Reeves,German,France,91,5.9,872141,292.4,1043.8,ambition|escape|discovery|sacrifice|redemption,A crime film featuring Tom Hanks.,14.47
MV1161,Con Air,2006,History|Animation|Comedy,Quentin Tarantino,Leonardo DiCaprio|Saoirse Ronan|Robert De Niro|Tom Hardy,Hindi,South Korea,97,5.6,726522,193.3,1513.1,mystery|discovery|based on true story|magic,A history film featuring Leonardo DiCaprio.,54.02
MV1162,Face Off,2012,Drama|Mystery,Ingmar Bergman,Mark Ruffalo|Jessica Chastain|Amy Adams,Hindi,USA,118,7.2,1114783,71.7,180.3,power|redemption|betrayal,A drama film featuring Mark Ruffalo.,70.13
MV1163,Speed,2021,Sci-Fi|Biography|Crime,Clint Eastwood,Brad Pitt|Jessica Chastain|Al Pacino|Adam Driver|Dustin Hoffman,Hindi,South Korea,145,6.6,1665929,271.3,1589.1,serial killer|power|mystery|robot|justice,A sci-fi film featuring Brad Pitt.,95.42
MV1164,Point Break,1980,Biography,Guillermo del Toro,Meryl Streep|Saoirse Ronan|Robert De Niro,German,South Korea,190,7.9,1091653,99.3,591.2,betrayal|coming of age|based on true story,A biography film featuring Meryl Streep.,59.68
MV1165,Heat,2024,Adventure|Animation,Christopher Nolan,Will Smith|Tom Cruise|Al Pacino|Adam Driver|Matt Damon,German,France,103,7.7,2453924,228.7,1726.1,redemption|escape|conspiracy,A adventure film featuring Will Smith.,89.01
MV1166,Collateral,1986,Mystery|Animation,Greta Gerwig,Amy Adams|Margot Robbie|Michael Fassbender,Spanish,Germany,89,7.0,1400386,208.7,181.5,danger|supernatural|love|heist,A mystery film featuring Amy Adams.,83.56
MV1167,Mad Max Fury Road,1989,Romance|Animation,David Fincher,Scarlett Johansson|Joaquin Phoenix|Jeremy Renner,Hindi,Italy,119,8.3,384496,60.4,126.0,kingdom|serial killer|supernatural|war,A romance film featuring Scarlett Johansson.,56.37
MV1168,Fury,1980,Romance,Federico Fellini,Al Pacino|Gene Hackman|Tom Hanks,Spanish,South Korea,197,8.7,251707,78.6,308.4,loss|danger|supernatural|alien,A romance film featuring Al Pacino.,55.46
MV1169,Dunkirk,2010,Mystery,Steven Spielberg,Mark Ruffalo|Daniel Craig|Keanu Reeves,Hindi,France,196,7.3,2322461,108.2,186.8,betrayal|escape|love|coming of age,A mystery film featuring Mark Ruffalo.,14.47
MV1170,Hacksaw Ridge,2024,Biography|Thriller|History,Clint Eastwood,Emma Stone|Margot Robbie|Chris Hemsworth|Adam Driver|Denzel Washington,English,USA,145,9.0,736456,182.3,102.7,discovery|danger|superhero|coming of age,A biography film featuring Emma Stone.,86.64
MV1171,Midway,1999,Thriller|Animation,Francis Ford Coppola,Al Pacino|Will Smith|Michael Fassbender|Tom Cruise|Natalie Portman,English,Australia,169,9.2,1579633,170.6,845.0,discovery|redemption|magic|family,A thriller film featuring Al Pacino.,40.27
MV1172,13 Hours,1987,Horror|Romance|Biography,Francis Ford Coppola,Morgan Freeman|Al Pacino|Viola Davis,English,Germany,169,6.7,596906,217.8,1179.5,ambition|dystopia|based on true story|coming of age,A horror film featuring Morgan Freeman.,76.31
MV1173,Zero Dark Thirty,2007,Crime|Thriller|Horror,Clint Eastwood,Dustin Hoffman|Chris Evans|Zendaya|Robert Downey Jr|Charlize Theron,Japanese,France,192,8.0,2351462,58.4,72.0,ambition|justice|heist,A crime film featuring Dustin Hoffman.,68.9
MV1174,American Sniper,1984,Thriller|Fantasy,Francis Ford Coppola,Benedict Cumberbatch|Mark Ruffalo|Idris Elba|Tom Cruise,Japanese,India,193,5.9,235137,260.6,1270.9,family|magic|loss|detective|mystery,A thriller film featuring Benedict Cumberbatch.,88.07
MV1175,Lone Survivor,1994,Romance|Sci-Fi|Action,Wes Anderson,Jake Gyllenhaal|Benedict Cumberbatch|Adam Driver,Hindi,France,125,8.8,766471,234.8,976.0,justice|time travel|war|revenge|robot,A romance film featuring Jake Gyllenhaal.,34.62
MV1176,Black Hawk Down,2018,Crime,Alfonso Cuaron,Robert De Niro|Scarlett Johansson|Will Smith|Saoirse Ronan,German,Germany,139,9.2,1617745,6.4,28.8,supernatural|revenge|time travel|serial killer|loss,A crime film featuring Robert De Niro.,11.61
MV1177,We Were Soldiers,1970,Fantasy|Thriller|Biography,Billy Wilder,Scarlett Johansson|Natalie Portman|Jessica Chastain|Denzel Washington,Japanese,France,93,8.6,1260750,284.8,1116.3,serial killer|heist|superhero|friendship|kingdom,A fantasy film featuring Scarlett Johansson.,42.33
MV1178,Full Metal Jacket,1982,Biography,Federico Fellini,Ryan Gosling|Paul Rudd|Scarlett Johansson,Korean,USA,160,7.4,526578,113.1,608.4,coming of age|ambition|war,A biography film featuring Ryan Gosling.,63.45
MV1179,Apocalypse Now,1973,Drama|Mystery|Action,Quentin Tarantino,Matt Damon|Adam Driver|Timothée Chalamet|Jessica Chastain|Jack Nicholson,Japanese,India,174,6.1,49026,93.8,512.4,serial killer|danger|friendship|dystopia|redemption,A drama film featuring Matt Damon.,56.04
MV1180,Platoon,2009,Romance,Denis Villeneuve,Daniel Craig|Jake Gyllenhaal|Keanu Reeves,Korean,Japan,191,7.5,855878,110.6,395.2,survival|kingdom|identity,A romance film featuring Daniel Craig.,71.94
MV1181,The Hurt Locker,2000,Thriller|Action,Christopher Nolan,Robert De Niro|Matt Damon|Gene Hackman|Robert Downey Jr|Daniel Craig,Spanish,UK,184,7.4,434843,271.9,1449.9,escape|ambition|alien|war,A thriller film featuring Robert De Niro.,18.98
MV1182,Jarhead,1981,History,Kathryn Bigelow,Chadwick Boseman|Jennifer Lawrence|Saoirse Ronan|Jeremy Renner,French,UK,193,8.4,202472,7.9,12.1,corruption|heist|conspiracy|robot|danger,A history film featuring Chadwick Boseman.,89.06
MV1183,Tropic Thunder,1975,History|Horror,Bong Joon-ho,Michael Fassbender|Florence Pugh|Margot Robbie,German,India,187,7.1,709520,38.4,219.7,corruption|redemption|dystopia,A history film featuring Michael Fassbender.,92.01
MV1184,Star Wars A New Hope,2000,Mystery|Animation|Comedy,Ingmar Bergman,Will Smith|Tom Hanks|Chadwick Boseman|Paul Rudd,Spanish,India,147,5.9,1735051,135.0,131.6,time travel|revenge|serial killer|freedom|heist,A mystery film featuring Will Smith.,56.72
MV1185,The Empire Strikes Back,2014,Crime|Drama|Sci-Fi,Ron Howard,Charlize Theron|Robert Downey Jr|Chadwick Boseman|Chris Hemsworth,German,France,192,8.6,238866,8.4,63.1,magic|kingdom|corruption|family|time travel,A crime film featuring Charlize Theron.,31.68
MV1186,Return of the Jedi,1987,Adventure,Clint Eastwood,Chris Hemsworth|Jessica Chastain|Michael Fassbender|Viola Davis|Robert De Niro,Hindi,India,187,7.7,379182,257.7,992.9,kingdom|love|redemption,A adventure film featuring Chris Hemsworth.,46.31
MV1187,Star Wars The Force Awakens,1972,Adventure|Action|Drama,Francis Ford Coppola,Jack Nicholson|Emma Stone|Chris Hemsworth|Robert Downey Jr|Florence Pugh,Italian,Italy,190,5.7,944986,254.1,759.7,magic|supernatural|robot|mystery|redemption,A adventure film featuring Jack Nicholson.,78.34
MV1188,The Last Jedi,1984,Horror,Billy Wilder,Tom Hardy|Jack Nicholson|Al Pacino|Mark Ruffalo|Gal Gadot,French,USA,199,6.1,599086,247.4,1501.4,redemption|ambition|loss|mystery,A horror film featuring Tom Hardy.,93.72
MV1189,The Rise of Skywalker,1995,Animation,Guillermo del Toro,Benedict Cumberbatch|Natalie Portman|Adam Driver|Meryl Streep|Chris Evans,French,India,143,8.0,2124757,44.7,189.6,war|superhero|magic|detective|justice,A animation film featuring Benedict Cumberbatch.,72.26
MV1190,Rogue One,1981,History|Comedy|Drama,Ingmar Bergman,Keanu Reeves|Jennifer Lawrence|Denzel Washington|Jessica Chastain|Adam Driver,Korean,Japan,135,9.2,1243853,138.6,207.9,detective|discovery|time travel|identity,A history film featuring Keanu Reeves.,28.08
MV1191,Solo,2009,Romance|Mystery|Horror,Peter Jackson,Chris Hemsworth|Amy Adams|Denzel Washington|Dustin Hoffman|Gal Gadot,Italian,UK,182,6.8,2024817,176.9,1339.1,dystopia|escape|superhero|revenge|serial killer,A romance film featuring Chris Hemsworth.,19.58
MV1192,Blade Runner,1994,Action,Quentin Tarantino,Margot Robbie|Christian Bale|Tom Hardy,Japanese,France,192,5.7,1247909,65.2,297.2,robot|redemption|freedom|coming of age,A action film featuring Margot Robbie.,31.38
MV1193,Blade Runner 2049,2020,Romance|Fantasy|Mystery,Quentin Tarantino,Jessica Chastain|Adam Driver|Chadwick Boseman|Jennifer Lawrence,English,USA,180,6.5,1868344,249.8,1832.6,supernatural|loss|escape|robot|justice,A romance film featuring Jessica Chastain.,98.51
MV1194,Arrival,1974,Comedy,Denis Villeneuve,Meryl Streep|Saoirse Ronan|Margot Robbie|Jack Nicholson,Japanese,France,105,7.7,1079615,6.7,26.8,survival|power|time travel,A comedy film featuring Meryl Streep.,63.72
MV1195,Ex Machina,2019,Crime|Mystery|Romance,Ryan Coogler,Jack Nicholson|Charlize Theron|Cate Blanchett|Brie Larson|Jennifer Lawrence,Korean,France,151,5.8,2128712,52.0,237.8,betrayal|conspiracy|freedom|identity,A crime film featuring Jack Nicholson.,69.7
MV1196,The Martian,1991,Romance|Thriller,Greta Gerwig,Chris Hemsworth|Leonardo DiCaprio|Matt Damon|Robert Downey Jr|Charlize Theron,Hindi,South Korea,200,7.9,1032685,287.9,1617.7,coming of age|mystery|ambition|escape,A romance film featuring Chris Hemsworth.,12.22
MV1197,Gravity,2003,Adventure|Biography,Hayao Miyazaki,Meryl Streep|Tom Hardy|Chris Hemsworth|Jake Gyllenhaal,Italian,Australia,95,9.1,712104,291.6,1837.0,revenge|family|identity|superhero|redemption,A adventure film featuring Meryl Streep.,28.5
MV1198,Annihilation,2023,Fantasy|Biography|Sci-Fi,James Cameron,Chadwick Boseman|Morgan Freeman|Tom Hanks|Florence Pugh|Brie Larson,Italian,USA,96,5.8,756553,239.3,1121.3,freedom|ambition|dystopia|coming of age|robot,A fantasy film featuring Chadwick Boseman.,66.72
MV1199,Edge of Tomorrow,1997,Action|Sci-Fi,Denis Villeneuve,Leonardo DiCaprio|Chris Hemsworth|Paul Rudd|Will Smith|Cate Blanchett,English,UK,130,9.0,455164,90.5,510.8,betrayal|escape|robot|coming of age|based on true story,A action film featuring Leonardo DiCaprio.,83.99
MV1200,Oblivion,1971,Comedy|Adventure,Clint Eastwood,Jeremy Renner|Michael Fassbender|Dustin Hoffman,Japanese,France,123,8.1,1575022,287.4,167.7,power|mystery|survival|revenge|based on true story,A comedy film featuring Jeremy Renner.,58.34
MV1201,Elysium,1975,Thriller|Fantasy,Billy Wilder,Adam Driver|Chris Hemsworth|Denzel Washington,Spanish,France,108,6.3,1070075,62.3,115.9,war|alien|family|escape|ambition,A thriller film featuring Adam Driver.,18.84
MV1202,District 9,2016,Animation|Horror|Biography,Peter Jackson,Chris Hemsworth|Viola Davis|Natalie Portman|Tom Hardy|Will Smith,French,South Korea,125,7.3,1387183,186.8,521.7,power|supernatural|time travel|superhero|corruption,A animation film featuring Chris Hemsworth.,10.43
MV1203,Moon,1985,Fantasy,Park Chan-wook,Mark Ruffalo|Scarlett Johansson|Chadwick Boseman|Paul Rudd,Italian,India,144,7.2,1291241,148.7,195.7,betrayal|danger|friendship|loss|ambition,A fantasy film featuring Mark Ruffalo.,76.02
MV1204,2001 A Space Odyssey,2010,Fantasy,James Cameron,Denzel Washington|Chris Evans|Tom Hanks,German,South Korea,89,7.6,2289475,268.7,1221.9,power|supernatural|based on true story|freedom|escape,A fantasy film featuring Denzel Washington.,22.05
MV1205,Contact,2002,Drama|Sci-Fi|Horror,Christopher Nolan,Viola Davis|Will Smith|Chadwick Boseman|Christian Bale|Denzel Washington,Spanish,India,105,6.2,2383189,199.5,1547.7,magic|conspiracy|survival|freedom|kingdom,A drama film featuring Viola Davis.,30.86
MV1206,Gattaca,1986,Thriller|Action,Tim Burton,Mark Ruffalo|Jessica Chastain|Zendaya|Florence Pugh|Meryl Streep,English,Italy,98,8.2,2196796,191.9,489.6,ambition|justice|coming of age|supernatural|family,A thriller film featuring Mark Ruffalo.,56.5
MV1207,The Fifth Element,1994,Adventure,Federico Fellini,Charlize Theron|Daniel Craig|Zendaya|Keanu Reeves,English,Australia,197,6.0,704601,72.8,317.3,identity|power|justice|corruption,A adventure film featuring Charlize Theron.,42.6
MV1208,RoboCop,2015,Mystery,Clint Eastwood,Benedict Cumberbatch|Paul Rudd|Matt Damon|Zendaya,Hindi,India,111,7.7,1733436,11.6,9.6,corruption|friendship|detective|survival|power,A mystery film featuring Benedict Cumberbatch.,15.03
MV1209,Minority Report,1986,Adventure,Federico Fellini,Gene Hackman|Chris Evans|Tom Hanks|Paul Rudd|Robert Downey Jr,Japanese,UK,112,7.2,1987251,260.9,464.2,power|justice|detective|ambition,A adventure film featuring Gene Hackman.,25.09
MV1210,A.I. Artificial Intelligence,2013,Animation|Crime,James Cameron,Jessica Chastain|Scarlett Johansson|Natalie Portman,English,South Korea,151,8.8,2125437,206.9,1386.0,redemption|justice|magic|survival|detective,A animation film featuring Jessica Chastain.,77.71
MV1211,I Robot,1975,Mystery|Comedy,Christopher Nolan,Chris Hemsworth|Saoirse Ronan|Al Pacino|Adam Driver|Mark Ruffalo,English,Australia,139,6.4,2032172,237.9,799.2,redemption|superhero|friendship|ambition|magic,A mystery film featuring Chris Hemsworth.,78.93
MV1212,Transcendence,2024,Romance,Wong Kar-wai,Jake Gyllenhaal|Leonardo DiCaprio|Brie Larson|Jeremy Renner,English,Australia,100,7.5,1582989,198.1,1120.9,dystopia|supernatural|redemption|power,A romance film featuring Jake Gyllenhaal.,48.35
MV1213,Lucy,2007,Romance|Adventure,Park Chan-wook,Mark Ruffalo|Will Smith|Margot Robbie|Chadwick Boseman|Michael Fassbender,Korean,Germany,155,8.5,2033616,57.7,270.8,ambition|discovery|conspiracy|based on true story,A romance film featuring Mark Ruffalo.,76.22
MV1214,Her,2024,Drama|Fantasy|Thriller,Hayao Miyazaki,Christian Bale|Natalie Portman|Emma Stone|Denzel Washington|Michael Fassbender,Italian,Australia,163,8.1,228325,52.4,405.3,betrayal|power|magic,A drama film featuring Christian Bale.,93.33
MV1215,Passengers,1997,Drama,Ang Lee,Mark Ruffalo|Robert De Niro|Keanu Reeves,English,Germany,136,7.8,2195255,89.5,691.5,justice|kingdom|robot,A drama film featuring Mark Ruffalo.,10.96
MV1216,Life,2024,Biography|Adventure|Romance,Guillermo del Toro,Keanu Reeves|Denzel Washington|Al Pacino,Korean,France,171,5.6,1013515,198.2,1549.4,danger|based on true story|conspiracy,A biography film featuring Keanu Reeves.,70.27
MV1217,Ad Astra,1995,Thriller|Adventure|Action,James Cameron,Jack Nicholson|Tom Hardy|Paul Rudd,Italian,Italy,189,6.6,825897,139.2,491.3,ambition|justice|dystopia,A thriller film featuring Jack Nicholson.,55.56
MV1218,Proxima,2005,Adventure,Kathryn Bigelow,Matt Damon|Denzel Washington|Idris Elba|Dustin Hoffman,Japanese,India,133,7.6,1030361,228.5,1761.6,alien|love|magic|mystery,A adventure film featuring Matt Damon.,33.2
MV1219,Melancholia,1994,Biography|Thriller|Mystery,Clint Eastwood,Adam Driver|Charlize Theron|Al Pacino|Dustin Hoffman,English,Japan,116,6.6,1683236,203.7,1356.2,justice|magic|time travel,A biography film featuring Adam Driver.,41.82
MV1220,Sunshine,2006,Comedy|Fantasy,Guillermo del Toro,Jeremy Renner|Jake Gyllenhaal|Viola Davis|Idris Elba,Korean,South Korea,110,8.7,1503287,51.0,66.3,kingdom|revenge|survival,A comedy film featuring Jeremy Renner.,86.32
MV1221,Event Horizon,1993,Horror|Animation|Crime,Sofia Coppola,Amy Adams|Denzel Washington|Margot Robbie|Michael Fassbender,Korean,France,91,7.5,1784928,146.1,665.6,conspiracy|based on true story|justice|alien|mystery,A horror film featuring Amy Adams.,72.84
MV1222,The Lord of the Rings The Fellowship of the Ring,1999,Fantasy|Action,Christopher Nolan,Emma Stone|Jessica Chastain|Tom Cruise|Natalie Portman|Jennifer Lawrence,Italian,Japan,108,7.6,1004633,84.5,649.7,supernatural|justice|kingdom|superhero,A fantasy film featuring Emma Stone.,28.95
MV1223,The Lord of the Rings The Two Towers,2014,Horror|Sci-Fi,Sofia Coppola,Amy Adams|Gene Hackman|Scarlett Johansson|Chadwick Boseman,Korean,UK,177,6.5,999038,168.8,1168.5,power|magic|revenge,A horror film featuring Amy Adams.,25.89
MV1224,The Lord of the Rings The Return of the King,2001,History,Stanley Kubrick,Joaquin Phoenix|Idris Elba|Jack Nicholson|Gene Hackman,English,Germany,97,8.1,261810,68.6,165.1,redemption|robot|heist|ambition|supernatural,A history film featuring Joaquin Phoenix.,42.43
MV1225,The Hobbit An Unexpected Journey,2005,Horror|Action,Wong Kar-wai,Charlize Theron|Chadwick Boseman|Keanu Reeves,Korean,Australia,107,9.2,1203735,109.8,609.3,robot|betrayal|coming of age|escape,A horror film featuring Charlize Theron.,51.74
MV1226,The Hobbit The Desolation of Smaug,1979,Mystery,Woody Allen,Chris Evans|Will Smith|Gene Hackman|Michael Fassbender,French,UK,105,6.8,1324839,98.5,264.5,based on true story|danger|robot|supernatural,A mystery film featuring Chris Evans.,77.31
MV1227,Harry Potter and the Sorcerers Stone,2003,Sci-Fi|Comedy,Bong Joon-ho,Scarlett Johansson|Paul Rudd|Viola Davis,Japanese,UK,111,6.1,442052,33.2,249.9,war|love|based on true story|serial killer,A sci-fi film featuring Scarlett Johansson.,78.85
MV1228,Harry Potter and the Chamber of Secrets,1975,Romance,Wes Anderson,Chris Hemsworth|Jessica Chastain|Joaquin Phoenix,Korean,South Korea,179,6.6,540209,43.7,296.7,survival|conspiracy|time travel,A romance film featuring Chris Hemsworth.,87.78
MV1229,Harry Potter and the Prisoner of Azkaban,1999,Romance|Adventure|Animation,Peter Jackson,Dustin Hoffman|Amy Adams|Tom Cruise|Keanu Reeves|Florence Pugh,German,Australia,166,7.9,1308813,273.1,1123.1,betrayal|robot|discovery,A romance film featuring Dustin Hoffman.,42.92
MV1230,Harry Potter and the Goblet of Fire,1986,Romance,Christopher Nolan,Al Pacino|Scarlett Johansson|Charlize Theron,Japanese,India,153,5.5,2073310,284.4,1159.8,superhero|escape|freedom,A romance film featuring Al Pacino.,81.71
MV1231,Harry Potter and the Order of the Phoenix,2005,Thriller|Sci-Fi,Park Chan-wook,Viola Davis|Christian Bale|Brie Larson|Jeremy Renner,German,Germany,113,6.5,1781000,189.5,829.0,danger|escape|dystopia|loss|family,A thriller film featuring Viola Davis.,26.42
MV1232,Harry Potter and the Half-Blood Prince,1988,Mystery,Jordan Peele,Timothée Chalamet|Margot Robbie|Gal Gadot|Will Smith|Daniel Craig,Korean,Italy,87,6.1,2253829,11.5,89.6,danger|friendship|robot|revenge,A mystery film featuring Timothée Chalamet.,30.95
MV1233,Harry Potter and the Deathly Hallows Part 1,1979,Animation,Tim Burton,Adam Driver|Joaquin Phoenix|Daniel Craig|Mark Ruffalo,Hindi,USA,127,5.8,622736,21.5,135.8,magic|justice|loss,A animation film featuring Adam Driver.,90.61
MV1234,Harry Potter and the Deathly Hallows Part 2,1986,History|Action,Denis Villeneuve,Viola Davis|Jessica Chastain|Timothée Chalamet|Jeremy Renner|Meryl Streep,Korean,India,179,8.4,2195815,201.5,415.8,discovery|time travel|corruption|survival,A history film featuring Viola Davis.,77.03
MV1235,Fantastic Beasts and Where to Find Them,2005,Drama|Romance|Animation,Francis Ford Coppola,Mark Ruffalo|Brad Pitt|Robert Downey Jr,Korean,UK,115,7.9,1371108,9.4,60.7,mystery|based on true story|sacrifice|revenge|survival,A drama film featuring Mark Ruffalo.,62.3
MV1236,The Chronicles of Narnia The Lion the Witch and the Wardrobe,2014,Fantasy|Crime,Wes Anderson,Robert De Niro|Viola Davis|Christian Bale|Daniel Craig,French,Italy,182,7.9,260715,109.9,181.8,redemption|friendship|kingdom|freedom|time travel,A fantasy film featuring Robert De Niro.,98.35
MV1237,Willow,2020,Biography|Horror|Animation,Guillermo del Toro,Gal Gadot|Jessica Chastain|Charlize Theron,Spanish,Japan,200,5.7,1845008,169.9,776.5,loss|justice|conspiracy|time travel,A biography film featuring Gal Gadot.,75.92
MV1238,Labyrinth,1987,History|Adventure|Comedy,James Cameron,Morgan Freeman|Timothée Chalamet|Tom Hardy|Idris Elba|Dustin Hoffman,Italian,India,85,8.4,2132140,116.8,220.9,supernatural|sacrifice|time travel,A history film featuring Morgan Freeman.,74.89
MV1239,The Princess Bride,2012,History|Sci-Fi|Thriller,Ryan Coogler,Morgan Freeman|Will Smith|Tom Hardy|Jennifer Lawrence|Adam Driver,Italian,UK,97,7.5,289675,17.9,134.8,survival|loss|redemption,A history film featuring Morgan Freeman.,53.68
MV1240,Excalibur,1976,Crime,Ingmar Bergman,Daniel Craig|Al Pacino|Will Smith|Gal Gadot|Tom Cruise,Japanese,USA,131,6.3,307266,8.9,65.9,kingdom|betrayal|alien|war|supernatural,A crime film featuring Daniel Craig.,60.22
MV1241,Merlin,1996,Biography|Fantasy,Quentin Tarantino,Margot Robbie|Al Pacino|Meryl Streep|Paul Rudd|Cate Blanchett,Japanese,UK,112,9.2,417347,34.9,77.9,loss|serial killer|sacrifice|justice,A biography film featuring Margot Robbie.,60.26
MV1242,Dragonheart,2005,Fantasy|Drama,Billy Wilder,Florence Pugh|Gal Gadot|Robert Downey Jr|Saoirse Ronan|Natalie Portman,Spanish,France,155,7.0,1425631,199.0,896.3,robot|conspiracy|time travel|supernatural|dystopia,A fantasy film featuring Florence Pugh.,78.78
MV1243,Eragon,1997,Horror|Crime|Thriller,Tim Burton,Jack Nicholson|Jeremy Renner|Idris Elba|Mark Ruffalo,Hindi,India,135,5.5,155386,295.0,1465.6,friendship|discovery|revenge|freedom|identity,A horror film featuring Jack Nicholson.,87.01
MV1244,Stardust,1971,History|Romance|Adventure,Wes Anderson,Meryl Streep|Florence Pugh|Charlize Theron,Spanish,France,118,6.9,2451738,78.7,190.6,betrayal|based on true story|identity|family,A history film featuring Meryl Streep.,75.12
MV1245,The Golden Compass,2020,Comedy|Animation,David Fincher,Chris Hemsworth|Joaquin Phoenix|Meryl Streep|Paul Rudd|Gene Hackman,German,UK,184,5.7,1412531,107.6,713.2,mystery|freedom|revenge|coming of age,A comedy film featuring Chris Hemsworth.,14.87
MV1246,Percy Jackson,2003,Horror,Wes Anderson,Denzel Washington|Gal Gadot|Ryan Gosling|Morgan Freeman,English,Germany,142,8.4,2422793,153.9,333.3,based on true story|power|friendship|heist,A horror film featuring Denzel Washington.,17.43
MV1247,The Godfather Part II,2006,Action|Adventure|Sci-Fi,Ang Lee,Michael Fassbender|Denzel Washington|Saoirse Ronan,Spanish,France,146,7.6,2056237,121.6,581.9,serial killer|sacrifice|family|danger|superhero,A action film featuring Michael Fassbender.,39.11
MV1248,Taxi Driver,2006,Drama,Wong Kar-wai,Mark Ruffalo|Charlize Theron|Jake Gyllenhaal|Jennifer Lawrence,Italian,USA,183,6.7,1476816,186.8,1480.6,power|robot|survival|freedom,A drama film featuring Mark Ruffalo.,27.97
MV1249,Raging Bull,1993,Biography,Ridley Scott,Jeremy Renner|Brad Pitt|Viola Davis,Spanish,Japan,86,6.8,476733,95.0,383.2,identity|serial killer|ambition|magic,A biography film featuring Jeremy Renner.,66.07
MV1250,Chinatown,1979,Fantasy|Mystery|Action,Ingmar Bergman,Robert Downey Jr|Al Pacino|Meryl Streep|Idris Elba|Christian Bale,English,Japan,110,8.5,1147836,20.7,112.0,family|coming of age|danger,A fantasy film featuring Robert Downey Jr.,69.67
MV1251,One Flew Over the Cuckoo's Nest,2012,History|Drama,Steven Spielberg,Chris Hemsworth|Jessica Chastain|Ryan Gosling|Denzel Washington,French,Italy,147,8.8,2239526,31.0,61.7,love|survival|sacrifice|serial killer,A history film featuring Chris Hemsworth.,37.44
MV1252,Rear Window,2001,Fantasy|Comedy,Steven Spielberg,Chadwick Boseman|Charlize Theron|Chris Evans|Joaquin Phoenix,Korean,Australia,120,8.6,1090785,264.2,1896.4,danger|freedom|power,A fantasy film featuring Chadwick Boseman.,40.76
MV1253,Vertigo,1995,Comedy|Drama|Fantasy,Ingmar Bergman,Chadwick Boseman|Will Smith|Chris Evans|Ryan Gosling|Adam Driver,Korean,France,139,9.2,1391120,137.5,204.6,friendship|loss|discovery|serial killer|superhero,A comedy film featuring Chadwick Boseman.,99.61
MV1254,Psycho,2019,Mystery,Alfonso Cuaron,Cate Blanchett|Jack Nicholson|Dustin Hoffman|Paul Rudd,French,France,125,8.7,620366,219.5,1369.8,dystopia|discovery|robot|danger,A mystery film featuring Cate Blanchett.,23.68
MV1255,North by Northwest,1982,Comedy,Bong Joon-ho,Will Smith|Margot Robbie|Keanu Reeves,Korean,South Korea,114,8.1,1516851,28.4,180.3,detective|magic|supernatural,A comedy film featuring Will Smith.,26.56
MV1256,Citizen Kane,1994,Animation|Comedy,Alfonso Cuaron,Ryan Gosling|Meryl Streep|Adam Driver,English,Japan,137,6.3,860745,228.5,227.6,kingdom|time travel|alien|sacrifice,A animation film featuring Ryan Gosling.,48.48
MV1257,Casablanca,2019,Crime,Ingmar Bergman,Jennifer Lawrence|Michael Fassbender|Will Smith|Jeremy Renner|Gene Hackman,English,Australia,98,7.2,187905,263.9,618.3,based on true story|survival|coming of age|serial killer|war,A crime film featuring Jennifer Lawrence.,27.09
MV1258,Sunset Boulevard,1998,Romance|Biography,Kathryn Bigelow,Christian Bale|Saoirse Ronan|Tom Hardy|Will Smith,English,Australia,200,6.0,1904559,31.7,134.9,friendship|based on true story|dystopia,A romance film featuring Christian Bale.,39.11
MV1259,All About Eve,1971,Animation,Guillermo del Toro,Robert De Niro|Idris Elba|Jennifer Lawrence|Gal Gadot,Spanish,UK,96,5.9,1894913,192.1,219.0,coming of age|detective|corruption|survival|heist,A animation film featuring Robert De Niro.,60.89
MV1260,Double Indemnity,2012,Comedy,Wes Anderson,Brie Larson|Brad Pitt|Adam Driver,Japanese,Japan,178,8.4,1881742,90.2,167.3,loss|revenge|ambition,A comedy film featuring Brie Larson.,11.1
MV1261,The Maltese Falcon,2001,Adventure|Biography,Christopher Nolan,Daniel Craig|Viola Davis|Emma Stone|Tom Cruise|Robert Downey Jr,Hindi,India,137,7.2,37569,77.2,355.5,identity|war|justice|power|conspiracy,A adventure film featuring Daniel Craig.,13.3
MV1262,Singin in the Rain,2024,Mystery,Francis Ford Coppola,Robert De Niro|Brad Pitt|Natalie Portman|Adam Driver,Spanish,France,171,6.6,2410327,237.3,434.4,supernatural|survival|betrayal|discovery,A mystery film featuring Robert De Niro.,39.05
MV1263,On the Waterfront,1994,Biography,Park Chan-wook,Cate Blanchett|Tom Hardy|Zendaya|Scarlett Johansson|Matt Damon,Japanese,Italy,152,7.1,890155,210.3,1070.5,serial killer|betrayal|magic,A biography film featuring Cate Blanchett.,75.17
MV1264,Some Like It Hot,2008,Romance|Sci-Fi|Crime,Stanley Kubrick,Al Pacino|Gene Hackman|Will Smith|Charlize Theron,Spanish,India,151,8.3,2097677,150.3,278.0,freedom|escape|loss|revenge|mystery,A romance film featuring Al Pacino.,12.16
MV1265,Midnight Cowboy,2010,Fantasy,Tim Burton,Adam Driver|Meryl Streep|Benedict Cumberbatch|Charlize Theron|Jack Nicholson,Korean,USA,166,6.3,1191228,80.1,80.8,detective|time travel|revenge|mystery,A fantasy film featuring Adam Driver.,71.73
MV1266,The Graduate,1991,Fantasy|Crime,Steven Spielberg,Jake Gyllenhaal|Benedict Cumberbatch|Chadwick Boseman,Hindi,India,187,5.6,579393,147.0,765.0,heist|alien|dystopia|war|serial killer,A fantasy film featuring Jake Gyllenhaal.,36.94
MV1267,Kramer vs Kramer,2016,Horror|Adventure|Biography,Steven Spielberg,Gene Hackman|Chadwick Boseman|Benedict Cumberbatch,Italian,UK,104,6.6,140749,105.0,348.0,corruption|coming of age|justice|mystery|discovery,A horror film featuring Gene Hackman.,73.47
MV1268,Rain Man,1990,Action|Romance|Sci-Fi,Ridley Scott,Viola Davis|Mark Ruffalo|Timothée Chalamet|Joaquin Phoenix,Korean,Australia,123,6.2,1579574,236.6,1498.5,robot|detective|love,A action film featuring Viola Davis.,81.91
MV1269,Philadelphia,2002,Thriller,Woody Allen,Paul Rudd|Al Pacino|Joaquin Phoenix|Jennifer Lawrence,Spanish,UK,190,9.2,2174875,204.6,306.0,survival|alien|coming of age|serial killer|mystery,A thriller film featuring Paul Rudd.,10.37
MV1270,The English Patient,1972,History|Crime|Drama,Woody Allen,Meryl Streep|Natalie Portman|Al Pacino|Robert Downey Jr,Japanese,USA,158,8.4,890156,99.7,193.8,time travel|robot|mystery|danger,A history film featuring Meryl Streep.,23.44
MV1271,American History X,1987,Action,David Fincher,Dustin Hoffman|Charlize Theron|Jack Nicholson,Italian,Japan,103,9.1,1198110,174.4,311.2,heist|robot|war|friendship,A action film featuring Dustin Hoffman.,12.61
MV1272,Requiem for a Dream,2013,Drama,Ingmar Bergman,Robert De Niro|Saoirse Ronan|Michael Fassbender,Spanish,India,163,6.9,1403901,246.1,1438.9,betrayal|alien|friendship|redemption|discovery,A drama film featuring Robert De Niro.,71.6
MV1273,Eternal Sunshine of the Spotless Mind,2015,Animation|Thriller,Clint Eastwood,Will Smith|Idris Elba|Mark Ruffalo,German,France,174,9.0,1395495,237.7,1692.0,kingdom|love|family|magic,A animation film featuring Will Smith.,20.16
MV1274,Lost in Translation,2000,History|Comedy,Kathryn Bigelow,Keanu Reeves|Gene Hackman|Scarlett Johansson|Denzel Washington,French,Germany,189,8.2,458712,101.1,543.0,alien|based on true story|dystopia|sacrifice,A history film featuring Keanu Reeves.,65.88
MV1275,The Tree of Life,2005,Animation,Ingmar Bergman,Benedict Cumberbatch|Emma Stone|Gal Gadot,German,Germany,157,8.5,2293911,209.8,377.2,family|kingdom|mystery|alien|time travel,A animation film featuring Benedict Cumberbatch.,59.96
MV1276,Boyhood,2022,Comedy|Romance,Federico Fellini,Keanu Reeves|Natalie Portman|Chadwick Boseman,German,Italy,148,8.0,267875,31.7,210.1,revenge|power|robot|escape|coming of age,A comedy film featuring Keanu Reeves.,65.4
MV1277,Moonlight,1998,Thriller,Stanley Kubrick,Gene Hackman|Chadwick Boseman|Joaquin Phoenix|Saoirse Ronan,Italian,UK,159,5.5,2150872,124.2,180.9,war|supernatural|revenge|conspiracy,A thriller film featuring Gene Hackman.,19.87
MV1278,Manchester by the Sea,1988,Thriller,Park Chan-wook,Tom Cruise|Michael Fassbender|Chris Evans|Jennifer Lawrence|Brie Larson,German,Germany,133,7.2,895904,200.4,813.9,coming of age|supernatural|dystopia,A thriller film featuring Tom Cruise.,23.88
MV1279,Lady Bird,2012,Comedy,Christopher Nolan,Chris Hemsworth|Tom Hanks|Morgan Freeman,Hindi,Germany,102,5.8,1754224,258.7,1863.1,superhero|justice|alien|detective|robot,A comedy film featuring Chris Hemsworth.,44.62
MV1280,Call Me by Your Name,1984,Sci-Fi,Christopher Nolan,Daniel Craig|Paul Rudd|Viola Davis|Brie Larson|Denzel Washington,Japanese,Germany,154,7.7,150349,293.6,1397.9,supernatural|mystery|magic|betrayal|power,A sci-fi film featuring Daniel Craig.,75.72
MV1281,Roma,2003,Animation|Adventure,Ridley Scott,Will Smith|Robert De Niro|Viola Davis|Zendaya|Chris Evans,French,Australia,187,7.7,231351,271.6,1225.7,magic|alien|detective,A animation film featuring Will Smith.,91.54
MV1282,The Favourite,2006,Horror|Sci-Fi|History,Kathryn Bigelow,Christian Bale|Meryl Streep|Gal Gadot|Keanu Reeves,Japanese,Japan,92,7.9,2434899,54.9,48.7,love|escape|kingdom|betrayal,A horror film featuring Christian Bale.,21.41
MV1283,Portrait of a Lady on Fire,1974,Romance|Comedy,Sofia Coppola,Idris Elba|Leonardo DiCaprio|Jeremy Renner|Matt Damon,Spanish,France,169,7.2,745678,82.1,472.6,justice|serial killer|survival|heist,A romance film featuring Idris Elba.,98.57
MV1284,Nomadland,1979,History|Comedy|Animation,Wong Kar-wai,Viola Davis|Robert Downey Jr|Timothée Chalamet|Paul Rudd,Spanish,South Korea,158,8.3,1457352,21.0,52.1,war|corruption|alien,A history film featuring Viola Davis.,45.89
MV1285,The Father,1989,Fantasy|Biography,Clint Eastwood,Chadwick Boseman|Brie Larson|Jessica Chastain|Zendaya,Japanese,France,152,8.8,59757,90.2,584.5,time travel|serial killer|survival|redemption,A fantasy film featuring Chadwick Boseman.,92.59
MV1286,Sound of Metal,2010,History|Sci-Fi,Sofia Coppola,Margot Robbie|Natalie Portman|Idris Elba|Chris Hemsworth,German,India,183,8.1,1024169,221.6,1089.3,serial killer|heist|justice,A history film featuring Margot Robbie.,38.19
MV1287,Ma Rainey's Black Bottom,1970,Action|Drama|History,Wong Kar-wai,Al Pacino|Natalie Portman|Chadwick Boseman,Hindi,Italy,113,8.3,1066528,62.0,42.0,war|identity|mystery,A action film featuring Al Pacino.,73.73
MV1288,Hillbilly Elegy,1977,History,Peter Jackson,Robert Downey Jr|Chris Hemsworth|Gene Hackman|Amy Adams,French,France,117,6.6,327568,193.4,1435.1,superhero|time travel|ambition|corruption,A history film featuring Robert Downey Jr.,80.27
MV1289,News of the World,1987,Sci-Fi,Ingmar Bergman,Brad Pitt|Idris Elba|Amy Adams|Timothée Chalamet,French,India,110,7.8,758440,195.4,256.6,superhero|identity|redemption|robot|ambition,A sci-fi film featuring Brad Pitt.,19.3
MV1290,One Night in Miami,1974,Crime,Ang Lee,Tom Hanks|Daniel Craig|Morgan Freeman|Chris Hemsworth,English,USA,170,7.0,645887,211.5,1540.7,revenge|detective|kingdom|magic|superhero,A crime film featuring Tom Hanks.,46.35
MV1291,Pieces of a Woman,2016,Adventure,Clint Eastwood,Jessica Chastain|Gal Gadot|Zendaya,French,Australia,130,6.8,1280153,123.2,645.8,betrayal|supernatural|heist|alien|escape,A adventure film featuring Jessica Chastain.,68.3
MV1292,The United States vs Billie Holiday,1981,Action|Sci-Fi|Mystery,Guillermo del Toro,Gal Gadot|Jessica Chastain|Natalie Portman|Chris Evans,Italian,India,95,8.9,1847036,221.9,343.9,love|sacrifice|kingdom,A action film featuring Gal Gadot.,44.99
MV1293,In the Heights,2020,Mystery|Romance|Animation,Hayao Miyazaki,Meryl Streep|Benedict Cumberbatch|Brad Pitt,Italian,USA,136,5.9,2204122,140.2,783.1,power|freedom|family|survival|kingdom,A mystery film featuring Meryl Streep.,68.84
MV1294,tick tick Boom,2000,Action|Thriller|Fantasy,Peter Jackson,Amy Adams|Chris Evans|Brad Pitt,Japanese,UK,143,7.8,2489011,23.9,158.5,kingdom|freedom|family,A action film featuring Amy Adams.,82.4
MV1295,King Richard,1997,Biography|Fantasy,Federico Fellini,Matt Damon|Chadwick Boseman|Gene Hackman|Dustin Hoffman,Spanish,Italy,192,9.2,904359,230.4,1140.1,family|mystery|danger|power,A biography film featuring Matt Damon.,78.18
MV1296,The Lost Daughter,1980,Horror|Adventure|Comedy,Hayao Miyazaki,Tom Cruise|Meryl Streep|Scarlett Johansson,French,Germany,184,6.1,2052489,28.8,16.0,escape|dystopia|magic,A horror film featuring Tom Cruise.,72.31
MV1297,The Hand of God,1983,Mystery,Sofia Coppola,Timothée Chalamet|Adam Driver|Viola Davis|Amy Adams|Will Smith,English,France,176,7.4,379187,190.0,1210.2,dystopia|revenge|sacrifice|loss,A mystery film featuring Timothée Chalamet.,20.58
MV1298,Petite Maman,2003,Crime,Akira Kurosawa,Denzel Washington|Ryan Gosling|Florence Pugh|Chris Evans|Robert Downey Jr,Korean,Japan,91,6.2,635863,207.1,1608.0,kingdom|justice|corruption|survival,A crime film featuring Denzel Washington.,14.86
MV1299,Licorice Pizza,1993,Thriller|Sci-Fi,Ang Lee,Will Smith|Florence Pugh|Meryl Streep|Natalie Portman,English,Australia,107,6.1,131908,148.1,203.0,robot|time travel|dystopia,A thriller film featuring Will Smith.,27.89
MV1300,C'mon C'mon,2013,Thriller|Biography,Denis Villeneuve,Ryan Gosling|Natalie Portman|Viola Davis|Jeremy Renner,German,South Korea,133,8.9,318405,143.9,594.7,power|identity|alien|justice,A thriller film featuring Ryan Gosling.,44.86
MV1301,The Usual Suspects,1978,Fantasy|Thriller,Billy Wilder,Jake Gyllenhaal|Benedict Cumberbatch|Scarlett Johansson|Meryl Streep,English,Japan,102,5.9,1962592,140.3,250.3,freedom|escape|corruption|betrayal,A fantasy film featuring Jake Gyllenhaal.,47.05
MV1302,Memento,2003,History|Thriller,Greta Gerwig,Margot Robbie|Leonardo DiCaprio|Paul Rudd|Saoirse Ronan,Korean,South Korea,126,7.2,942840,268.1,1324.0,revenge|dystopia|survival,A history film featuring Margot Robbie.,13.61
MV1303,Shutter Island,2000,Biography|Adventure|Action,Park Chan-wook,Michael Fassbender|Zendaya|Gal Gadot|Natalie Portman|Timothée Chalamet,Hindi,South Korea,95,7.6,62105,209.5,743.6,friendship|conspiracy|escape,A biography film featuring Michael Fassbender.,31.52
MV1304,Gone Girl,1975,Animation,Francis Ford Coppola,Brie Larson|Florence Pugh|Gene Hackman,English,India,144,8.4,1710204,59.6,419.4,alien|revenge|family|coming of age|heist,A animation film featuring Brie Larson.,57.78
MV1305,Zodiac,1988,Biography|Romance,Tim Burton,Robert De Niro|Will Smith|Benedict Cumberbatch|Jeremy Renner|Brad Pitt,Italian,USA,99,7.0,1961831,187.6,608.2,family|identity|friendship,A biography film featuring Robert De Niro.,98.31
MV1306,Prisoners,1985,Drama|Mystery|Animation,Tim Burton,Ryan Gosling|Jennifer Lawrence|Charlize Theron|Margot Robbie|Denzel Washington,German,Japan,91,5.7,1457985,138.5,590.1,magic|escape|robot,A drama film featuring Ryan Gosling.,65.89
MV1307,Sicario,2021,Fantasy|Biography|Drama,Guillermo del Toro,Robert De Niro|Michael Fassbender|Amy Adams|Tom Hardy,French,UK,106,6.5,630564,151.4,1069.3,love|escape|dystopia|friendship|magic,A fantasy film featuring Robert De Niro.,41.2
MV1308,Sicario Day of the Soldado,1998,Mystery|Action|Romance,Guillermo del Toro,Tom Hanks|Ryan Gosling|Al Pacino,Italian,Germany,159,6.8,1378628,148.4,815.3,robot|alien|discovery|friendship|corruption,A mystery film featuring Tom Hanks.,81.03
MV1309,Wind River,1984,Horror|Romance,Quentin Tarantino,Charlize Theron|Tom Hardy|Florence Pugh,Spanish,France,176,7.5,774539,292.1,1984.8,power|corruption|sacrifice|mystery|survival,A horror film featuring Charlize Theron.,99.44
MV1310,Hell or High Water,2006,Animation,Ang Lee,Amy Adams|Emma Stone|Jack Nicholson|Brie Larson,English,Italy,129,6.1,1890847,164.3,282.5,mystery|love|based on true story|kingdom,A animation film featuring Amy Adams.,79.17
MV1311,Nightcrawler,1999,Comedy|Action,Woody Allen,Brie Larson|Tom Hardy|Zendaya|Gene Hackman|Robert Downey Jr,Spanish,India,128,8.1,2018992,270.6,418.3,mystery|discovery|love|based on true story|freedom,A comedy film featuring Brie Larson.,50.14
MV1312,Drive,1975,Action|Crime,Guillermo del Toro,Al Pacino|Ryan Gosling|Margot Robbie|Jake Gyllenhaal|Tom Hanks,French,Australia,193,7.2,376485,292.9,1012.9,time travel|detective|war|supernatural,A action film featuring Al Pacino.,45.78
MV1313,Only God Forgives,2015,Horror|Sci-Fi,Akira Kurosawa,Tom Hardy|Charlize Theron|Joaquin Phoenix,Hindi,Australia,96,6.3,1873195,223.8,809.5,escape|corruption|superhero|dystopia,A horror film featuring Tom Hardy.,22.56
MV1314,Killing Them Softly,2007,Drama|Comedy|Thriller,Francis Ford Coppola,Al Pacino|Benedict Cumberbatch|Cate Blanchett|Tom Cruise,German,UK,85,7.1,1156424,127.3,594.3,friendship|loss|justice|coming of age|escape,A drama film featuring Al Pacino.,59.85
MV1315,A Most Violent Year,1972,History|Crime,Francis Ford Coppola,Jack Nicholson|Jeremy Renner|Florence Pugh|Ryan Gosling,English,USA,104,6.5,1991981,41.6,228.6,dystopia|justice|kingdom|sacrifice,A history film featuring Jack Nicholson.,12.56
MV1316,The Place Beyond the Pines,2018,Animation|Drama,Akira Kurosawa,Zendaya|Gene Hackman|Saoirse Ronan|Idris Elba|Chris Evans,Hindi,UK,132,7.4,2422830,10.2,25.0,war|power|time travel|alien|friendship,A animation film featuring Zendaya.,42.16
MV1317,Blue Ruin,1973,Horror|Sci-Fi,Billy Wilder,Tom Hardy|Al Pacino|Chris Evans,French,Australia,109,8.4,778595,230.6,1150.9,time travel|discovery|danger,A horror film featuring Tom Hardy.,71.69
MV1318,Green Room,2014,Drama|Adventure,Billy Wilder,Leonardo DiCaprio|Scarlett Johansson|Al Pacino,Japanese,Italy,184,7.3,1437376,276.7,476.7,power|detective|freedom,A drama film featuring Leonardo DiCaprio.,84.84
MV1319,Bone Tomahawk,2020,Crime|Fantasy|Adventure,Denis Villeneuve,Florence Pugh|Cate Blanchett|Matt Damon|Scarlett Johansson,English,India,129,6.7,1530722,46.0,175.5,serial killer|heist|justice|discovery|love,A crime film featuring Florence Pugh.,77.0
MV1320,The Witch,1977,Comedy,Wes Anderson,Ryan Gosling|Joaquin Phoenix|Scarlett Johansson|Emma Stone|Robert De Niro,German,UK,94,5.6,2041112,228.4,187.0,survival|detective|war,A comedy film featuring Ryan Gosling.,52.22
MV1321,Hereditary,1986,Drama,Francis Ford Coppola,Leonardo DiCaprio|Natalie Portman|Matt Damon|Keanu Reeves|Emma Stone,Korean,France,170,6.8,390756,47.9,292.0,conspiracy|corruption|detective|sacrifice,A drama film featuring Leonardo DiCaprio.,55.44
MV1322,Midsommar,1974,History,Christopher Nolan,Emma Stone|Brie Larson|Jake Gyllenhaal|Tom Hardy|Christian Bale,English,UK,112,9.0,2001101,113.1,556.5,redemption|justice|conspiracy|coming of age,A history film featuring Emma Stone.,48.17
MV1323,Us,2002,Sci-Fi,Denis Villeneuve,Matt Damon|Florence Pugh|Al Pacino|Scarlett Johansson,Hindi,Italy,175,6.6,180324,29.3,123.1,escape|alien|discovery|robot,A sci-fi film featuring Matt Damon.,30.33
MV1324,Get Out,1996,History|Sci-Fi,Guillermo del Toro,Zendaya|Chadwick Boseman|Mark Ruffalo,Spanish,USA,171,7.4,451122,121.9,538.8,betrayal|mystery|power|based on true story|redemption,A history film featuring Zendaya.,76.73
MV1325,It,1980,Horror,Guillermo del Toro,Jake Gyllenhaal|Keanu Reeves|Michael Fassbender|Matt Damon,Korean,Germany,177,7.4,2450743,180.1,1111.6,based on true story|conspiracy|magic|kingdom|detective,A horror film featuring Jake Gyllenhaal.,35.1
MV1326,It Chapter Two,2019,Drama|History,Ang Lee,Daniel Craig|Ryan Gosling|Chris Evans|Scarlett Johansson,English,UK,179,5.7,296171,151.9,106.4,coming of age|time travel|power,A drama film featuring Daniel Craig.,37.25
MV1327,Doctor Sleep,2009,Biography,James Cameron,Al Pacino|Daniel Craig|Florence Pugh|Jake Gyllenhaal|Tom Hardy,Hindi,India,149,6.5,1451228,243.8,1110.3,survival|superhero|mystery,A biography film featuring Al Pacino.,44.53
MV1328,The Conjuring,1990,Animation|History,Martin Scorsese,Amy Adams|Jack Nicholson|Robert Downey Jr,Japanese,France,147,7.1,1320550,216.1,898.1,kingdom|magic|corruption,A animation film featuring Amy Adams.,55.6
MV1329,The Conjuring 2,1995,Animation|Crime,Ingmar Bergman,Chadwick Boseman|Charlize Theron|Tom Hardy|Jennifer Lawrence|Brad Pitt,English,USA,101,8.7,1473295,243.8,1189.7,heist|coming of age|redemption|superhero|conspiracy,A animation film featuring Chadwick Boseman.,99.28
MV1330,Insidious,1996,Action|Mystery,Ron Howard,Viola Davis|Chris Hemsworth|Joaquin Phoenix,French,UK,196,6.7,1425972,55.1,250.1,alien|superhero|detective,A action film featuring Viola Davis.,91.13
MV1331,Insidious Chapter 2,1987,Fantasy,Greta Gerwig,Tom Hanks|Jennifer Lawrence|Jessica Chastain|Gene Hackman|Natalie Portman,Hindi,UK,173,8.1,1419149,151.5,997.8,heist|corruption|discovery|supernatural|superhero,A fantasy film featuring Tom Hanks.,28.16
MV1332,Paranormal Activity,2010,History,Tim Burton,Idris Elba|Brad Pitt|Joaquin Phoenix|Gene Hackman,German,South Korea,164,8.3,395699,216.7,1048.1,heist|danger|family|serial killer|magic,A history film featuring Idris Elba.,48.44
MV1333,The Grudge,1992,Mystery,Francis Ford Coppola,Joaquin Phoenix|Saoirse Ronan|Robert Downey Jr|Dustin Hoffman|Jennifer Lawrence,Korean,Germany,136,6.5,2171615,138.7,863.5,love|serial killer|justice,A mystery film featuring Joaquin Phoenix.,61.92
MV1334,The Ring,1983,History|Fantasy|Animation,Sofia Coppola,Dustin Hoffman|Will Smith|Saoirse Ronan|Gene Hackman|Paul Rudd,English,Australia,110,6.9,629681,75.9,462.9,superhero|dystopia|time travel|family,A history film featuring Dustin Hoffman.,67.05
MV1335,A Nightmare on Elm Street,2024,Romance|History,Alfonso Cuaron,Chadwick Boseman|Keanu Reeves|Viola Davis|Michael Fassbender,Korean,UK,104,6.2,1040064,240.1,679.3,superhero|survival|loss|corruption,A romance film featuring Chadwick Boseman.,34.54
MV1336,Halloween,1971,Biography|History,Sofia Coppola,Jack Nicholson|Amy Adams|Chris Hemsworth|Meryl Streep|Paul Rudd,Hindi,USA,92,8.8,362026,97.6,266.9,dystopia|supernatural|betrayal,A biography film featuring Jack Nicholson.,45.72
MV1337,Halloween Kills,2023,History|Comedy|Thriller,Denis Villeneuve,Jeremy Renner|Denzel Washington|Matt Damon|Al Pacino|Robert Downey Jr,Japanese,India,198,5.8,522866,233.1,664.5,coming of age|sacrifice|superhero|identity|power,A history film featuring Jeremy Renner.,19.61
MV1338,Halloween Ends,1983,Animation|Sci-Fi,Ang Lee,Brad Pitt|Daniel Craig|Dustin Hoffman|Mark Ruffalo|Gal Gadot,French,Italy,154,7.1,1043252,289.2,2052.1,supernatural|magic|discovery,A animation film featuring Brad Pitt.,11.9
MV1339,Scream,2008,History,Quentin Tarantino,Robert Downey Jr|Viola Davis|Idris Elba|Jack Nicholson|Jessica Chastain,Japanese,Italy,200,8.6,521930,162.8,370.0,coming of age|revenge|based on true story|ambition,A history film featuring Robert Downey Jr.,37.08
MV1340,Scream 2,2022,Romance,Tim Burton,Timothée Chalamet|Chris Evans|Jennifer Lawrence,German,USA,120,8.8,2072305,144.0,518.0,superhero|redemption|corruption|ambition,A romance film featuring Timothée Chalamet.,55.57
MV1341,Scream 3,1992,Crime|Fantasy,Stanley Kubrick,Gal Gadot|Tom Hanks|Brad Pitt|Chris Hemsworth,Spanish,India,186,7.9,22900,123.2,642.1,betrayal|mystery|corruption|sacrifice,A crime film featuring Gal Gadot.,56.47
MV1342,Scream 4,2019,Biography|Comedy|Crime,Wong Kar-wai,Timothée Chalamet|Zendaya|Jeremy Renner|Scarlett Johansson,Japanese,France,172,7.8,1383971,240.9,479.4,supernatural|justice|based on true story|coming of age,A biography film featuring Timothée Chalamet.,95.03
MV1343,Scream 2022,2006,Action,Steven Spielberg,Chris Hemsworth|Will Smith|Chris Evans|Ryan Gosling|Robert De Niro,Hindi,South Korea,118,8.2,717813,19.7,101.2,ambition|power|betrayal|supernatural|corruption,A action film featuring Chris Hemsworth.,95.25
MV1344,Friday the 13th,1977,Fantasy,Park Chan-wook,Chadwick Boseman|Daniel Craig|Matt Damon|Ryan Gosling,Korean,South Korea,195,8.6,1126535,89.9,378.1,superhero|identity|escape,A fantasy film featuring Chadwick Boseman.,75.4
MV1345,Saw,1982,Comedy|Sci-Fi,Wes Anderson,Tom Hardy|Idris Elba|Viola Davis,Hindi,South Korea,132,7.7,1931679,30.3,121.7,based on true story|identity|coming of age|superhero,A comedy film featuring Tom Hardy.,76.25
MV1346,Saw II,1986,Drama,Quentin Tarantino,Benedict Cumberbatch|Viola Davis|Zendaya,Italian,USA,85,6.5,1607768,94.2,326.0,friendship|survival|justice|ambition,A drama film featuring Benedict Cumberbatch.,25.29
MV1347,Saw III,2001,Animation|Comedy,Ridley Scott,Brie Larson|Al Pacino|Saoirse Ronan|Morgan Freeman,Japanese,UK,125,5.7,546331,152.3,1188.0,supernatural|superhero|escape|ambition,A animation film featuring Brie Larson.,65.16
MV1348,Hostel,2018,Adventure|Horror,Park Chan-wook,Jennifer Lawrence|Jeremy Renner|Daniel Craig,Spanish,Australia,194,9.0,1855450,20.7,33.4,justice|survival|magic,A adventure film featuring Jennifer Lawrence.,33.42
MV1349,The Texas Chain Saw Massacre,2015,Sci-Fi|Drama,Ryan Coogler,Timothée Chalamet|Charlize Theron|Brie Larson,Hindi,India,148,5.9,630982,41.5,49.9,justice|corruption|detective|danger,A sci-fi film featuring Timothée Chalamet.,60.69
MV1350,Suspiria,2012,Thriller|Crime|Action,Bong Joon-ho,Cate Blanchett|Viola Davis|Daniel Craig|Chadwick Boseman,French,Italy,88,6.6,521667,121.3,597.7,time travel|power|love,A thriller film featuring Cate Blanchett.,17.3
MV1351,Raw,2023,Mystery|Animation|Biography,Sofia Coppola,Robert Downey Jr|Leonardo DiCaprio|Benedict Cumberbatch|Meryl Streep|Chris Hemsworth,Hindi,Italy,178,9.3,2397223,43.1,300.6,escape|time travel|war|family|coming of age,A mystery film featuring Robert Downey Jr.,18.33
MV1352,Climax,1986,Thriller,Federico Fellini,Tom Hanks|Emma Stone|Christian Bale,German,Germany,121,8.0,656487,40.6,169.8,discovery|friendship|conspiracy|redemption,A thriller film featuring Tom Hanks.,84.88
MV1353,Saint Maud,2002,Animation,Hayao Miyazaki,Zendaya|Margot Robbie|Gene Hackman|Keanu Reeves,German,UK,181,7.1,1554493,186.1,699.0,betrayal|survival|detective|heist,A animation film featuring Zendaya.,97.59
MV1354,His House,2013,Mystery,Wes Anderson,Al Pacino|Chris Evans|Chris Hemsworth|Robert De Niro,Japanese,India,140,5.8,2013247,93.6,737.7,discovery|sacrifice|serial killer|superhero|escape,A mystery film featuring Al Pacino.,61.17
MV1355,The Night Eats the World,2005,Action,David Fincher,Saoirse Ronan|Adam Driver|Natalie Portman|Florence Pugh|Robert Downey Jr,Japanese,Italy,117,7.7,2121599,9.8,59.3,justice|based on true story|survival|betrayal,A action film featuring Saoirse Ronan.,47.46
MV1356,Train to Busan,2015,Horror|Crime,Jordan Peele,Timothée Chalamet|Will Smith|Idris Elba|Benedict Cumberbatch|Amy Adams,Korean,France,95,8.3,1097657,262.1,340.1,love|revenge|based on true story|mystery|corruption,A horror film featuring Timothée Chalamet.,69.02
MV1357,Peninsula,1999,Sci-Fi|Mystery|Fantasy,Ryan Coogler,Will Smith|Mark Ruffalo|Gal Gadot|Chadwick Boseman,German,Japan,96,6.0,68199,61.3,405.8,loss|love|identity|magic|power,A sci-fi film featuring Will Smith.,68.48
MV1358,#Alive,1997,History|Biography|Adventure,Guillermo del Toro,Joaquin Phoenix|Florence Pugh|Morgan Freeman,Hindi,Germany,87,5.9,649305,222.9,855.8,magic|love|robot|sacrifice,A history film featuring Joaquin Phoenix.,28.12
MV1359,The Platform,2006,Action|Horror,Christopher Nolan,Chris Evans|Brie Larson|Saoirse Ronan,German,India,179,7.7,2334921,299.7,233.1,kingdom|detective|freedom|war,A action film featuring Chris Evans.,57.55
MV1360,Vivarium,1997,Horror|Adventure|Drama,Sofia Coppola,Adam Driver|Zendaya|Matt Damon|Daniel Craig|Will Smith,Italian,India,174,7.2,686681,90.0,174.7,robot|freedom|detective|heist,A horror film featuring Adam Driver.,92.96
MV1361,The Grand Budapest Hotel,2024,Mystery|Animation|Comedy,Kathryn Bigelow,Brie Larson|Jessica Chastain|Adam Driver|Chadwick Boseman|Chris Hemsworth,Italian,India,187,9.2,689585,188.4,493.3,betrayal|magic|friendship|justice|loss,A mystery film featuring Brie Larson.,24.07
MV1362,Moonrise Kingdom,2001,Biography,Wong Kar-wai,Joaquin Phoenix|Viola Davis|Emma Stone|Jack Nicholson,English,USA,130,8.8,1507550,204.7,370.6,survival|family|heist|superhero|mystery,A biography film featuring Joaquin Phoenix.,65.58
MV1363,The Royal Tenenbaums,1977,Thriller|Animation|Romance,Woody Allen,Meryl Streep|Jack Nicholson|Margot Robbie|Morgan Freeman,French,USA,141,8.5,475277,292.5,1861.0,redemption|survival|detective|corruption|mystery,A thriller film featuring Meryl Streep.,88.38
MV1364,Rushmore,1993,Fantasy,Kathryn Bigelow,Timothée Chalamet|Denzel Washington|Daniel Craig|Paul Rudd|Natalie Portman,Spanish,Italy,127,8.6,525830,255.3,968.4,revenge|sacrifice|magic|heist,A fantasy film featuring Timothée Chalamet.,35.81
MV1365,Adaptation,1980,Romance,Akira Kurosawa,Adam Driver|Mark Ruffalo|Chris Evans|Robert Downey Jr|Viola Davis,Spanish,Australia,138,8.5,588790,241.5,869.5,alien|serial killer|supernatural|love,A romance film featuring Adam Driver.,49.83
MV1366,Synecdoche New York,2019,Fantasy,James Cameron,Benedict Cumberbatch|Jennifer Lawrence|Michael Fassbender,Spanish,Germany,92,7.0,165582,199.8,1061.1,war|serial killer|escape|dystopia|based on true story,A fantasy film featuring Benedict Cumberbatch.,89.72
MV1367,Anomalisa,2014,History|Romance|Fantasy,Stanley Kubrick,Leonardo DiCaprio|Margot Robbie|Al Pacino|Will Smith,Spanish,Germany,142,7.9,2293485,189.2,971.8,conspiracy|based on true story|loss|discovery,A history film featuring Leonardo DiCaprio.,17.59
MV1368,Isle of Dogs,2004,Sci-Fi|Fantasy,Peter Jackson,Dustin Hoffman|Tom Hardy|Emma Stone|Robert De Niro|Denzel Washington,Japanese,Australia,128,8.4,681203,11.9,85.4,ambition|sacrifice|discovery|superhero|detective,A sci-fi film featuring Dustin Hoffman.,19.94
MV1369,French Dispatch,1973,Romance|Mystery,Billy Wilder,Brad Pitt|Chris Hemsworth|Matt Damon,Hindi,Japan,158,8.3,1910636,105.0,238.4,freedom|conspiracy|discovery|escape|friendship,A romance film featuring Brad Pitt.,74.29
MV1370,Asteroid City,2003,Thriller|Drama|Horror,Guillermo del Toro,Florence Pugh|Natalie Portman|Morgan Freeman|Brie Larson,German,Germany,95,5.9,1792104,267.1,1087.6,family|supernatural|serial killer|based on true story,A thriller film featuring Florence Pugh.,62.94
MV1371,The Life Aquatic,2003,History|Romance,Ryan Coogler,Saoirse Ronan|Timothée Chalamet|Gal Gadot|Daniel Craig|Paul Rudd,German,France,103,7.4,2043249,214.8,315.8,detective|serial killer|mystery|identity|alien,A history film featuring Saoirse Ronan.,52.6
MV1372,Darjeeling Limited,2017,Adventure,Akira Kurosawa,Keanu Reeves|Adam Driver|Matt Damon,French,Italy,158,6.6,2202687,50.2,165.0,discovery|escape|kingdom|love,A adventure film featuring Keanu Reeves.,81.21
MV1373,Superbad,1979,Sci-Fi|Action|Romance,Kathryn Bigelow,Amy Adams|Jeremy Renner|Daniel Craig,English,UK,155,6.8,197411,128.2,615.1,robot|heist|coming of age|magic|friendship,A sci-fi film featuring Amy Adams.,78.58
MV1374,The 40 Year Old Virgin,2002,Animation|Biography|History,Hayao Miyazaki,Paul Rudd|Jennifer Lawrence|Robert De Niro,German,Germany,114,8.9,1431860,164.6,1265.0,danger|betrayal|corruption|love,A animation film featuring Paul Rudd.,61.48
MV1375,Knocked Up,2020,Romance|Adventure|Mystery,Denis Villeneuve,Jack Nicholson|Robert De Niro|Jake Gyllenhaal|Will Smith|Dustin Hoffman,English,Australia,109,8.4,2118219,269.6,378.0,justice|love|danger|identity|sacrifice,A romance film featuring Jack Nicholson.,84.67
MV1376,Pineapple Express,2023,Animation|Drama|Adventure,Stanley Kubrick,Tom Cruise|Meryl Streep|Daniel Craig|Tom Hanks,Italian,Germany,108,7.1,2224180,98.6,239.5,redemption|corruption|escape,A animation film featuring Tom Cruise.,22.96
MV1377,This Is the End,1986,Comedy,Francis Ford Coppola,Chadwick Boseman|Christian Bale|Brad Pitt|Will Smith,Italian,France,88,8.2,1260004,120.0,348.0,time travel|ambition|coming of age|mystery,A comedy film featuring Chadwick Boseman.,14.67
MV1378,Neighbors,1985,Crime|Thriller|Animation,Ingmar Bergman,Margot Robbie|Brad Pitt|Jennifer Lawrence,Hindi,Australia,137,5.7,131242,125.2,282.1,danger|redemption|sacrifice,A crime film featuring Margot Robbie.,78.67
MV1379,Bad Neighbours 2,2011,Romance,Wong Kar-wai,Robert De Niro|Chris Evans|Denzel Washington|Emma Stone,Spanish,Italy,154,9.2,1038281,163.6,601.7,robot|survival|revenge|alien|escape,A romance film featuring Robert De Niro.,68.78
MV1380,Bridesmaids,1980,Action,Greta Gerwig,Keanu Reeves|Idris Elba|Chadwick Boseman|Jessica Chastain,Italian,South Korea,159,8.7,1189905,18.4,111.2,family|discovery|betrayal|based on true story|mystery,A action film featuring Keanu Reeves.,84.74
MV1381,The Heat,2016,Romance|Sci-Fi|Thriller,Stanley Kubrick,Benedict Cumberbatch|Chris Evans|Idris Elba|Brie Larson|Timothée Chalamet,Japanese,South Korea,169,9.2,1442899,67.1,516.2,love|friendship|revenge|magic,A romance film featuring Benedict Cumberbatch.,10.39
MV1382,Spy,1970,Comedy|Sci-Fi|Adventure,Ryan Coogler,Dustin Hoffman|Robert De Niro|Chris Hemsworth|Cate Blanchett,English,India,171,6.0,1588637,249.1,793.3,revenge|mystery|alien,A comedy film featuring Dustin Hoffman.,43.34
MV1383,Ghostbusters,1982,Action|Thriller,Steven Spielberg,Chadwick Boseman|Brie Larson|Charlize Theron|Jake Gyllenhaal,French,Japan,188,8.2,992549,294.1,2280.7,danger|kingdom|identity,A action film featuring Chadwick Boseman.,10.64
MV1384,Game Night,2022,Sci-Fi|Drama|Romance,Ryan Coogler,Jack Nicholson|Jake Gyllenhaal|Robert Downey Jr,Spanish,UK,160,6.0,282836,42.6,319.6,serial killer|danger|loss,A sci-fi film featuring Jack Nicholson.,86.29
MV1385,Happy Death Day,1971,Mystery|Adventure|Crime,Ang Lee,Jack Nicholson|Florence Pugh|Leonardo DiCaprio|Saoirse Ronan|Chris Hemsworth,English,Italy,140,8.7,1716561,85.8,480.6,kingdom|supernatural|serial killer|survival,A mystery film featuring Jack Nicholson.,89.54
MV1386,The Nice Guys,1984,Romance,Wong Kar-wai,Timothée Chalamet|Jennifer Lawrence|Leonardo DiCaprio|Michael Fassbender|Jake Gyllenhaal,Italian,UK,197,7.7,116417,297.1,651.3,superhero|family|sacrifice|loss|corruption,A romance film featuring Timothée Chalamet.,39.63
MV1387,Kiss Kiss Bang Bang,1974,Mystery|Drama|Action,Greta Gerwig,Tom Hanks|Tom Cruise|Chris Evans|Benedict Cumberbatch,Japanese,South Korea,98,7.3,1439427,250.6,1669.6,sacrifice|family|robot|redemption|mystery,A mystery film featuring Tom Hanks.,17.7
MV1388,In Bruges,1973,Sci-Fi,Stanley Kubrick,Cate Blanchett|Scarlett Johansson|Brad Pitt|Timothée Chalamet|Joaquin Phoenix,German,UK,98,8.1,2355698,20.4,140.2,redemption|dystopia|freedom|revenge,A sci-fi film featuring Cate Blanchett.,50.81
MV1389,Seven Psychopaths,1999,Crime|History,David Fincher,Chris Hemsworth|Chadwick Boseman|Tom Hanks|Florence Pugh,Italian,South Korea,98,5.9,293302,179.9,1224.4,friendship|detective|ambition|conspiracy|dystopia,A crime film featuring Chris Hemsworth.,53.33
MV1390,Three Billboards Outside Ebbing Missouri,2009,Comedy|Thriller,Peter Jackson,Brad Pitt|Scarlett Johansson|Joaquin Phoenix,German,Australia,168,8.4,1315218,177.2,807.8,power|magic|discovery,A comedy film featuring Brad Pitt.,64.3
MV1391,Martin McDonagh,1988,Action|Adventure,Wes Anderson,Viola Davis|Denzel Washington|Jack Nicholson,English,Germany,129,6.2,850420,194.0,389.8,heist|loss|magic,A action film featuring Viola Davis.,72.53
MV1392,Bruges,1999,Fantasy|Horror|Crime,Woody Allen,Joaquin Phoenix|Adam Driver|Benedict Cumberbatch|Christian Bale|Natalie Portman,Hindi,USA,148,6.3,25506,193.4,1102.2,identity|sacrifice|magic|heist,A fantasy film featuring Joaquin Phoenix.,82.65
MV1393,About Time,1994,Sci-Fi,Bong Joon-ho,Mark Ruffalo|Leonardo DiCaprio|Cate Blanchett,Italian,USA,156,5.9,1228764,134.9,706.2,survival|love|loss|escape,A sci-fi film featuring Mark Ruffalo.,25.67
MV1394,Love Actually,1986,Comedy|Horror|Adventure,Ron Howard,Jake Gyllenhaal|Tom Hanks|Amy Adams,Japanese,UK,87,8.7,585641,116.8,748.2,heist|identity|discovery,A comedy film featuring Jake Gyllenhaal.,51.06
MV1395,Four Weddings and a Funeral,1993,Mystery|Comedy,Park Chan-wook,Cate Blanchett|Matt Damon|Morgan Freeman|Scarlett Johansson|Jake Gyllenhaal,Korean,Australia,133,8.1,1343585,181.9,1423.8,survival|loss|escape,A mystery film featuring Cate Blanchett.,81.06
MV1396,Notting Hill,1990,Action,Sofia Coppola,Denzel Washington|Tom Cruise|Daniel Craig,Korean,UK,185,7.3,282097,54.4,185.6,detective|supernatural|kingdom|serial killer|alien,A action film featuring Denzel Washington.,26.11
MV1397,Bridget Jones Diary,2015,Adventure|Fantasy,Greta Gerwig,Daniel Craig|Zendaya|Margot Robbie|Tom Cruise|Michael Fassbender,English,South Korea,113,8.9,1906161,259.6,900.6,superhero|coming of age|corruption|supernatural,A adventure film featuring Daniel Craig.,32.91
MV1398,When Harry Met Sally,1975,Biography,Ridley Scott,Timothée Chalamet|Al Pacino|Charlize Theron|Ryan Gosling,English,India,150,7.9,1797202,138.1,517.0,kingdom|time travel|danger|coming of age,A biography film featuring Timothée Chalamet.,12.22
MV1399,Sleepless in Seattle,1998,Romance,James Cameron,Robert De Niro|Tom Hardy|Denzel Washington|Dustin Hoffman,French,Japan,114,5.9,309258,111.3,511.4,loss|heist|ambition|discovery,A romance film featuring Robert De Niro.,77.07
MV1400,You've Got Mail,2019,History|Romance|Thriller,Peter Jackson,Jeremy Renner|Dustin Hoffman|Idris Elba|Leonardo DiCaprio|Joaquin Phoenix,Japanese,Italy,185,9.3,1711874,247.4,1529.8,magic|detective|power,A history film featuring Jeremy Renner.,87.89
MV1401,Pretty Woman,1984,Fantasy,Tim Burton,Ryan Gosling|Al Pacino|Tom Cruise|Jack Nicholson,Hindi,India,128,8.5,1323131,254.5,945.7,dystopia|identity|robot|love|supernatural,A fantasy film featuring Ryan Gosling.,22.51
MV1402,My Best Friend's Wedding,1978,Fantasy|Action,Ryan Coogler,Charlize Theron|Benedict Cumberbatch|Ryan Gosling|Adam Driver|Saoirse Ronan,German,Australia,123,6.7,107474,172.4,127.8,power|heist|based on true story,A fantasy film featuring Charlize Theron.,98.22
MV1403,Hitch,1983,Drama|Adventure,Ingmar Bergman,Zendaya|Natalie Portman|Benedict Cumberbatch,Hindi,Japan,96,6.2,2329059,57.4,384.5,kingdom|love|justice|loss|family,A drama film featuring Zendaya.,92.02
MV1404,Crazy Stupid Love,1994,Thriller|History,Kathryn Bigelow,Al Pacino|Cate Blanchett|Florence Pugh|Brad Pitt|Mark Ruffalo,English,France,126,8.8,1733276,120.4,953.8,dystopia|magic|family,A thriller film featuring Al Pacino.,45.01
MV1405,The Proposal,1983,History,Tim Burton,Saoirse Ronan|Brie Larson|Robert Downey Jr|Zendaya,Spanish,Japan,160,6.3,1935002,86.3,48.0,robot|family|based on true story,A history film featuring Saoirse Ronan.,64.44
MV1406,No Strings Attached,1985,Horror|Crime|Animation,Jordan Peele,Gene Hackman|Meryl Streep|Jeremy Renner|Robert De Niro,Japanese,India,129,8.2,1257590,120.4,803.8,dystopia|sacrifice|justice,A horror film featuring Gene Hackman.,91.0
MV1407,Friends with Benefits,2016,Animation|Sci-Fi,Bong Joon-ho,Gene Hackman|Natalie Portman|Michael Fassbender|Gal Gadot|Meryl Streep,Korean,France,120,8.9,2265434,91.1,671.6,identity|kingdom|dystopia|mystery|supernatural,A animation film featuring Gene Hackman.,16.89
MV1408,Trainwreck,1976,Biography|History|Horror,Wong Kar-wai,Christian Bale|Idris Elba|Emma Stone|Denzel Washington,English,India,88,5.8,1947365,117.4,715.5,based on true story|survival|revenge,A biography film featuring Christian Bale.,32.55
MV1409,Snatched,2015,Horror,Jordan Peele,Florence Pugh|Cate Blanchett|Robert De Niro|Jack Nicholson,Korean,India,102,7.3,1180805,253.3,450.7,redemption|justice|escape,A horror film featuring Florence Pugh.,21.17
MV1410,Life of the Party,2017,Comedy|Drama,Christopher Nolan,Margot Robbie|Morgan Freeman|Timothée Chalamet|Charlize Theron|Amy Adams,Korean,USA,199,8.1,916668,135.4,116.2,serial killer|redemption|coming of age|discovery|robot,A comedy film featuring Margot Robbie.,14.72
MV1411,The Boss,1970,Biography,Ingmar Bergman,Viola Davis|Mark Ruffalo|Jake Gyllenhaal,French,USA,138,5.6,71068,104.4,202.7,family|freedom|redemption|corruption|survival,A biography film featuring Viola Davis.,47.41
MV1412,Identity Thief,1976,Horror|Adventure,Guillermo del Toro,Emma Stone|Dustin Hoffman|Michael Fassbender|Saoirse Ronan|Matt Damon,Korean,South Korea,98,6.9,738221,9.4,50.8,coming of age|identity|alien,A horror film featuring Emma Stone.,29.81
MV1413,Toy Story,2012,Mystery|Crime,Akira Kurosawa,Cate Blanchett|Emma Stone|Adam Driver,Japanese,India,98,8.2,2397419,55.6,427.7,time travel|coming of age|friendship|heist|justice,A mystery film featuring Cate Blanchett.,67.18
MV1414,Toy Story 2,2014,History|Mystery,Greta Gerwig,Benedict Cumberbatch|Tom Hanks|Keanu Reeves,Hindi,Germany,150,7.9,984863,153.5,888.0,freedom|love|mystery,A history film featuring Benedict Cumberbatch.,37.8
MV1415,Toy Story 3,2017,Biography|Thriller,Ridley Scott,Scarlett Johansson|Mark Ruffalo|Daniel Craig,Japanese,South Korea,104,6.9,168992,75.2,446.7,heist|friendship|danger|time travel,A biography film featuring Scarlett Johansson.,67.92
MV1416,Toy Story 4,2018,Adventure,Wong Kar-wai,Tom Hardy|Tom Hanks|Ryan Gosling|Paul Rudd|Benedict Cumberbatch,Italian,South Korea,111,7.5,1051605,241.4,1381.3,coming of age|serial killer|time travel,A adventure film featuring Tom Hardy.,26.52
MV1417,The Lion King,2010,Drama,Ryan Coogler,Jake Gyllenhaal|Brad Pitt|Chris Evans,Spanish,South Korea,101,5.8,2495673,166.9,1078.9,sacrifice|detective|betrayal,A drama film featuring Jake Gyllenhaal.,48.36
MV1418,Aladdin,1999,Comedy|Fantasy,Guillermo del Toro,Saoirse Ronan|Amy Adams|Keanu Reeves,Korean,Japan,121,7.7,854737,85.2,541.8,supernatural|based on true story|coming of age,A comedy film featuring Saoirse Ronan.,25.1
MV1419,The Little Mermaid,1998,Adventure|Crime,Park Chan-wook,Zendaya|Tom Hanks|Jessica Chastain,German,UK,182,8.9,1269262,180.6,297.3,justice|ambition|coming of age|alien|discovery,A adventure film featuring Zendaya.,50.82
MV1420,Beauty and the Beast,1994,Crime|Animation|Drama,Woody Allen,Brie Larson|Zendaya|Jake Gyllenhaal,Spanish,South Korea,85,5.5,2110087,220.5,729.2,dystopia|based on true story|supernatural|coming of age,A crime film featuring Brie Larson.,54.06
MV1421,Mulan,2011,Drama|Sci-Fi|Action,Denis Villeneuve,Gene Hackman|Christian Bale|Jake Gyllenhaal|Saoirse Ronan,Japanese,Italy,150,8.2,1554261,210.5,1132.9,sacrifice|magic|survival|supernatural,A drama film featuring Gene Hackman.,66.79
MV1422,Tarzan,2013,Fantasy,Wes Anderson,Keanu Reeves|Florence Pugh|Chadwick Boseman|Morgan Freeman,Japanese,South Korea,162,7.7,687075,8.6,54.0,coming of age|based on true story|betrayal|serial killer|loss,A fantasy film featuring Keanu Reeves.,88.84
MV1423,Hercules,1980,Romance|Fantasy,Francis Ford Coppola,Dustin Hoffman|Robert Downey Jr|Jessica Chastain|Tom Cruise|Joaquin Phoenix,German,UK,98,7.9,1454488,245.2,617.3,based on true story|discovery|revenge,A romance film featuring Dustin Hoffman.,98.83
MV1424,Pocahontas,2022,Action|Drama,James Cameron,Adam Driver|Al Pacino|Chris Hemsworth|Tom Hardy|Paul Rudd,German,France,107,6.9,573429,63.4,118.2,robot|identity|justice,A action film featuring Adam Driver.,28.08
MV1425,The Hunchback of Notre Dame,2017,Biography,Guillermo del Toro,Adam Driver|Timothée Chalamet|Chris Evans|Will Smith,French,France,95,6.6,1594308,41.8,41.0,sacrifice|magic|kingdom,A biography film featuring Adam Driver.,70.55
MV1426,Finding Nemo,1976,Action,Sofia Coppola,Robert Downey Jr|Tom Cruise|Meryl Streep,French,South Korea,151,8.5,1585656,182.9,1445.2,kingdom|magic|heist|superhero,A action film featuring Robert Downey Jr.,40.29
MV1427,Finding Dory,2013,Horror|Thriller,Akira Kurosawa,Michael Fassbender|Jessica Chastain|Will Smith|Brad Pitt|Charlize Theron,Italian,UK,85,7.2,1695306,218.9,1567.3,love|mystery|serial killer,A horror film featuring Michael Fassbender.,35.15
MV1428,WALL-E,2014,Horror,Hayao Miyazaki,Chadwick Boseman|Robert Downey Jr|Zendaya|Denzel Washington|Adam Driver,Korean,USA,166,9.1,1361335,9.9,31.7,time travel|robot|freedom,A horror film featuring Chadwick Boseman.,64.61
MV1429,Up,1995,Crime|Biography|Drama,Billy Wilder,Zendaya|Robert Downey Jr|Gal Gadot|Natalie Portman,German,Japan,162,6.2,610462,261.6,1850.0,detective|survival|friendship|kingdom|betrayal,A crime film featuring Zendaya.,37.12
MV1430,Inside Out,2013,History|Animation|Comedy,Hayao Miyazaki,Zendaya|Robert Downey Jr|Dustin Hoffman,Korean,South Korea,112,6.1,385104,36.1,287.0,corruption|time travel|coming of age,A history film featuring Zendaya.,78.97
MV1431,Brave,1984,Romance|Mystery|Animation,Denis Villeneuve,Scarlett Johansson|Dustin Hoffman|Chris Evans|Paul Rudd|Daniel Craig,French,Italy,196,6.4,2425802,231.1,1156.7,heist|coming of age|superhero|freedom|ambition,A romance film featuring Scarlett Johansson.,20.41
MV1432,Frozen,1975,Drama,Woody Allen,Tom Cruise|Jake Gyllenhaal|Jeremy Renner|Matt Damon|Gene Hackman,Italian,France,194,6.7,1604653,175.2,89.8,loss|coming of age|superhero,A drama film featuring Tom Cruise.,38.77
MV1433,Frozen II,1993,Biography|Comedy|Adventure,Clint Eastwood,Michael Fassbender|Leonardo DiCaprio|Dustin Hoffman,Hindi,Italy,103,8.6,1254968,252.0,1070.7,power|escape|survival|time travel,A biography film featuring Michael Fassbender.,37.8
MV1434,Encanto,2014,Romance,Greta Gerwig,Emma Stone|Daniel Craig|Tom Hardy|Brie Larson|Jessica Chastain,English,Italy,104,8.6,893375,255.2,1916.1,war|justice|kingdom,A romance film featuring Emma Stone.,75.47
MV1435,Moana,1989,History|Comedy|Action,Federico Fellini,Saoirse Ronan|Chadwick Boseman|Zendaya|Charlize Theron,German,Germany,94,7.5,1197155,88.3,655.4,based on true story|redemption|friendship|time travel|war,A history film featuring Saoirse Ronan.,86.48
MV1436,Raya and the Last Dragon,2015,Animation|Mystery,Alfonso Cuaron,Scarlett Johansson|Timothée Chalamet|Gal Gadot|Zendaya|Tom Hardy,Spanish,South Korea,112,8.6,830636,221.9,126.1,redemption|power|coming of age|superhero|corruption,A animation film featuring Scarlett Johansson.,93.34
MV1437,Shrek,1976,Animation|Comedy,Quentin Tarantino,Denzel Washington|Chris Hemsworth|Benedict Cumberbatch,German,France,165,8.2,1037608,15.0,34.6,discovery|justice|coming of age|betrayal,A animation film featuring Denzel Washington.,80.0
MV1438,Shrek 2,2022,Sci-Fi|Romance|Mystery,Hayao Miyazaki,Leonardo DiCaprio|Matt Damon|Robert De Niro|Daniel Craig,Korean,USA,160,7.7,2411786,146.5,835.5,justice|coming of age|magic,A sci-fi film featuring Leonardo DiCaprio.,100.0
MV1439,Shrek the Third,2014,Romance|Crime,Peter Jackson,Jennifer Lawrence|Cate Blanchett|Brie Larson,Spanish,Germany,189,8.2,1661702,169.0,764.4,kingdom|family|serial killer|mystery|identity,A romance film featuring Jennifer Lawrence.,96.91
MV1440,Shrek Forever After,1977,History,Bong Joon-ho,Jack Nicholson|Timothée Chalamet|Jennifer Lawrence,French,USA,101,7.7,686164,30.9,75.0,betrayal|mystery|detective,A history film featuring Jack Nicholson.,36.87
MV1441,Puss in Boots,2004,Sci-Fi,Christopher Nolan,Joaquin Phoenix|Meryl Streep|Al Pacino,Japanese,Australia,141,6.0,2067066,210.1,928.6,detective|identity|redemption|survival,A sci-fi film featuring Joaquin Phoenix.,31.34
MV1442,Puss in Boots The Last Wish,1982,Romance,Tim Burton,Keanu Reeves|Jack Nicholson|Emma Stone,Italian,Japan,101,8.3,1780059,26.9,64.9,corruption|based on true story|alien|betrayal,A romance film featuring Keanu Reeves.,95.03
MV1443,Madagascar,2013,Fantasy|Comedy,Tim Burton,Chris Evans|Paul Rudd|Margot Robbie,Korean,Italy,157,8.0,2155082,183.5,669.3,time travel|superhero|coming of age,A fantasy film featuring Chris Evans.,12.33
MV1444,Madagascar 2,2008,Drama,Sofia Coppola,Dustin Hoffman|Matt Damon|Chadwick Boseman,German,UK,127,7.9,1531775,273.2,1730.9,freedom|danger|revenge,A drama film featuring Dustin Hoffman.,18.82
MV1445,Madagascar 3,1984,Drama|Biography,Denis Villeneuve,Al Pacino|Paul Rudd|Joaquin Phoenix,Hindi,UK,152,6.8,2409804,260.3,1206.9,redemption|war|corruption|time travel|coming of age,A drama film featuring Al Pacino.,26.26
MV1446,Kung Fu Panda,2021,Mystery|Biography|Adventure,Federico Fellini,Tom Cruise|Scarlett Johansson|Idris Elba|Leonardo DiCaprio,Spanish,France,103,6.9,1131430,20.6,122.4,sacrifice|dystopia|alien|justice,A mystery film featuring Tom Cruise.,49.51
MV1447,Kung Fu Panda 2,1992,Adventure|Romance,Sofia Coppola,Al Pacino|Brie Larson|Ryan Gosling|Joaquin Phoenix,French,Japan,137,8.4,388077,192.2,206.7,betrayal|corruption|war,A adventure film featuring Al Pacino.,17.61
MV1448,Kung Fu Panda 3,1988,Animation|Biography|Action,Park Chan-wook,Denzel Washington|Paul Rudd|Scarlett Johansson|Zendaya|Daniel Craig,French,Germany,86,7.8,40577,215.7,1244.5,conspiracy|sacrifice|serial killer|survival|robot,A animation film featuring Denzel Washington.,96.82
MV1449,The Croods,2013,Thriller|Comedy|Drama,Akira Kurosawa,Denzel Washington|Charlize Theron|Brad Pitt,German,India,133,6.1,484935,104.7,585.6,mystery|escape|discovery|magic|ambition,A thriller film featuring Denzel Washington.,29.18
MV1450,How to Train Your Dragon,2017,Crime|Sci-Fi|Thriller,Francis Ford Coppola,Denzel Washington|Meryl Streep|Florence Pugh|Will Smith|Daniel Craig,English,Italy,85,7.8,1388046,93.0,121.2,justice|based on true story|conspiracy|revenge,A crime film featuring Denzel Washington.,19.12
MV1451,How to Train Your Dragon 2,2001,Drama,Wes Anderson,Matt Damon|Daniel Craig|Leonardo DiCaprio|Morgan Freeman,Japanese,South Korea,145,7.0,1265292,112.5,809.0,danger|redemption|robot|corruption|friendship,A drama film featuring Matt Damon.,41.84
MV1452,How to Train Your Dragon The Hidden World,1997,Horror,Guillermo del Toro,Jake Gyllenhaal|Tom Hardy|Meryl Streep,Spanish,Germany,138,8.3,142567,52.3,104.2,danger|mystery|dystopia|kingdom,A horror film featuring Jake Gyllenhaal.,59.51
MV1453,Megamind,2021,Fantasy|Comedy|Horror,Federico Fellini,Paul Rudd|Jeremy Renner|Jessica Chastain|Scarlett Johansson|Matt Damon,French,USA,101,6.1,2107155,9.0,50.7,heist|superhero|revenge,A fantasy film featuring Paul Rudd.,49.09
MV1454,Boss Baby,1988,Animation|Drama,Park Chan-wook,Will Smith|Morgan Freeman|Paul Rudd,Spanish,South Korea,120,8.4,1115327,298.3,702.5,loss|magic|redemption|detective,A animation film featuring Will Smith.,65.0
MV1455,Spider-Man Into the Spider-Verse,1982,Mystery|History|Comedy,Clint Eastwood,Scarlett Johansson|Michael Fassbender|Meryl Streep,Japanese,South Korea,103,7.1,847365,31.8,28.1,serial killer|discovery|freedom|heist,A mystery film featuring Scarlett Johansson.,48.35
MV1456,Spider-Man Across the Spider-Verse,1973,Sci-Fi|Mystery|Action,Francis Ford Coppola,Margot Robbie|Mark Ruffalo|Charlize Theron,German,South Korea,125,8.9,772321,17.1,15.2,time travel|identity|escape|magic|danger,A sci-fi film featuring Margot Robbie.,91.76
MV1457,Turning Red,1976,Comedy|Romance,Ryan Coogler,Benedict Cumberbatch|Joaquin Phoenix|Matt Damon|Natalie Portman,English,Australia,183,8.8,1399202,111.4,732.5,serial killer|supernatural|sacrifice|danger|identity,A comedy film featuring Benedict Cumberbatch.,62.59
MV1458,Lightyear,1975,Comedy,Denis Villeneuve,Tom Cruise|Chris Hemsworth|Jake Gyllenhaal,Korean,India,97,5.8,2302518,187.6,518.0,loss|power|survival|friendship,A comedy film featuring Tom Cruise.,27.25
MV1459,Luca,2005,Romance|Biography|Adventure,Billy Wilder,Timothée Chalamet|Chris Evans|Brie Larson|Matt Damon,German,UK,146,7.1,2123381,238.3,417.5,friendship|escape|survival|war,A romance film featuring Timothée Chalamet.,81.5
MV1460,Soul,2014,Fantasy,Federico Fellini,Chadwick Boseman|Dustin Hoffman|Denzel Washington|Cate Blanchett,Spanish,India,181,7.4,2369290,234.9,823.6,identity|justice|revenge|corruption,A fantasy film featuring Chadwick Boseman.,61.47
MV1461,Onward,2007,Action|Biography|Adventure,Jordan Peele,Brie Larson|Paul Rudd|Al Pacino|Idris Elba|Joaquin Phoenix,Korean,Japan,175,6.5,509555,55.5,46.7,escape|survival|power,A action film featuring Brie Larson.,94.78
MV1462,Coco,1987,Romance,Quentin Tarantino,Viola Davis|Emma Stone|Dustin Hoffman|Matt Damon|Leonardo DiCaprio,Italian,Italy,126,5.8,2313826,82.9,124.5,escape|time travel|war|revenge|conspiracy,A romance film featuring Viola Davis.,29.74
MV1463,The Incredibles,1987,Romance,Steven Spielberg,Robert Downey Jr|Tom Cruise|Natalie Portman|Paul Rudd|Jeremy Renner,German,Japan,196,7.9,2320548,65.8,251.1,danger|identity|based on true story|power,A romance film featuring Robert Downey Jr.,50.15
MV1464,The Incredibles 2,2016,Sci-Fi|Horror|Comedy,Greta Gerwig,Daniel Craig|Amy Adams|Florence Pugh,Spanish,France,109,7.7,766680,196.0,128.9,justice|based on true story|loss,A sci-fi film featuring Daniel Craig.,16.25
MV1465,Cars,1974,Thriller|Animation,Federico Fellini,Paul Rudd|Al Pacino|Scarlett Johansson,English,UK,133,7.0,471522,248.8,1549.0,survival|friendship|sacrifice|betrayal|danger,A thriller film featuring Paul Rudd.,22.84
MV1466,Cars 2,2010,Action|Biography|History,David Fincher,Jeremy Renner|Benedict Cumberbatch|Brie Larson|Robert De Niro|Jake Gyllenhaal,Spanish,India,182,7.6,1873639,245.6,689.0,power|sacrifice|war|danger,A action film featuring Jeremy Renner.,66.47
MV1467,Cars 3,1977,History,Martin Scorsese,Dustin Hoffman|Tom Hardy|Natalie Portman,German,France,85,9.0,110666,71.9,243.8,escape|freedom|coming of age|mystery,A history film featuring Dustin Hoffman.,54.26
MV1468,A Bug's Life,1977,Drama,Kathryn Bigelow,Cate Blanchett|Will Smith|Benedict Cumberbatch|Matt Damon,Italian,UK,199,5.7,643771,57.5,257.5,justice|superhero|power|discovery|escape,A drama film featuring Cate Blanchett.,41.35
MV1469,Monsters Inc,1976,Animation|Mystery,Akira Kurosawa,Brie Larson|Cate Blanchett|Leonardo DiCaprio|Morgan Freeman,Spanish,Italy,103,7.0,2016689,245.3,330.8,danger|power|betrayal|time travel,A animation film featuring Brie Larson.,99.53
MV1470,Monsters University,1981,Horror|History,Ryan Coogler,Zendaya|Gal Gadot|Adam Driver|Keanu Reeves,Italian,France,187,9.1,1041413,118.0,545.2,kingdom|freedom|coming of age|betrayal|dystopia,A horror film featuring Zendaya.,57.43
MV1471,Ratatouille,2019,Biography|Fantasy|Thriller,Ridley Scott,Mark Ruffalo|Leonardo DiCaprio|Emma Stone,English,Italy,156,7.3,570328,276.7,262.0,supernatural|friendship|escape|alien,A biography film featuring Mark Ruffalo.,22.97
MV1472,La La Land,2024,Sci-Fi|Thriller|Biography,Clint Eastwood,Jeremy Renner|Scarlett Johansson|Matt Damon,Spanish,Germany,178,5.6,1791357,114.6,660.2,family|magic|corruption|love|power,A sci-fi film featuring Jeremy Renner.,42.87
MV1473,Titanic,1975,Drama,Christopher Nolan,Adam Driver|Morgan Freeman|Amy Adams|Zendaya|Jeremy Renner,Spanish,Australia,174,9.1,1982096,126.4,383.0,revenge|escape|mystery|power|war,A drama film featuring Adam Driver.,89.3
MV1474,The Notebook,1972,Biography|Comedy|Adventure,Alfonso Cuaron,Michael Fassbender|Saoirse Ronan|Chadwick Boseman,Hindi,Australia,176,8.7,2409415,153.1,891.1,corruption|danger|betrayal|serial killer,A biography film featuring Michael Fassbender.,43.98
MV1475,A Walk to Remember,1978,Thriller|Sci-Fi|Crime,Quentin Tarantino,Michael Fassbender|Amy Adams|Jeremy Renner,French,India,146,6.7,1709112,249.0,432.3,superhero|loss|danger|redemption,A thriller film featuring Michael Fassbender.,19.4
MV1476,Pride and Prejudice,1993,Biography|Horror|Action,Ron Howard,Christian Bale|Dustin Hoffman|Natalie Portman|Cate Blanchett,Korean,USA,181,9.0,797454,167.7,886.8,sacrifice|danger|betrayal,A biography film featuring Christian Bale.,97.9
MV1477,Sense and Sensibility,2006,Crime,Greta Gerwig,Brad Pitt|Jennifer Lawrence|Robert De Niro,Japanese,USA,130,8.4,1679905,152.6,436.2,conspiracy|friendship|redemption|heist,A crime film featuring Brad Pitt.,46.66
MV1478,Emma,2017,Drama|Adventure|Comedy,Steven Spielberg,Jessica Chastain|Zendaya|Tom Cruise|Meryl Streep|Tom Hardy,Spanish,France,172,7.3,401290,286.1,639.9,power|corruption|detective,A drama film featuring Jessica Chastain.,56.47
MV1479,Persuasion,2016,Mystery|Adventure|Horror,Hayao Miyazaki,Benedict Cumberbatch|Tom Hardy|Mark Ruffalo,German,USA,199,8.2,1635855,75.5,602.3,family|power|kingdom|redemption|revenge,A mystery film featuring Benedict Cumberbatch.,22.84
MV1480,Jane Eyre,1989,History|Biography|Drama,Ryan Coogler,Florence Pugh|Jennifer Lawrence|Christian Bale,Japanese,France,93,6.6,1533909,109.2,112.9,alien|ambition|magic|robot|friendship,A history film featuring Florence Pugh.,94.58
MV1481,Wuthering Heights,2006,Action|Horror,Kathryn Bigelow,Adam Driver|Will Smith|Chadwick Boseman|Scarlett Johansson,Hindi,Italy,150,8.7,1325524,115.2,647.0,robot|ambition|survival|war|sacrifice,A action film featuring Adam Driver.,72.98
MV1482,Rebecca,2005,Comedy,David Fincher,Jessica Chastain|Christian Bale|Gene Hackman|Michael Fassbender,French,South Korea,134,8.8,402180,107.9,433.1,alien|redemption|betrayal|justice|based on true story,A comedy film featuring Jessica Chastain.,79.14
MV1483,Gone with the Wind,1982,Horror|Drama,Stanley Kubrick,Keanu Reeves|Daniel Craig|Emma Stone|Gal Gadot,Hindi,UK,120,7.2,2296236,50.9,204.9,identity|time travel|survival|coming of age|war,A horror film featuring Keanu Reeves.,94.28
MV1484,Breakfast at Tiffany's,1993,Animation|Thriller,Quentin Tarantino,Tom Hanks|Chadwick Boseman|Saoirse Ronan,Japanese,Japan,166,6.2,604491,25.4,89.9,robot|dystopia|serial killer|identity,A animation film featuring Tom Hanks.,70.27
MV1485,Roman Holiday,1986,History,Quentin Tarantino,Saoirse Ronan|Benedict Cumberbatch|Joaquin Phoenix,Spanish,South Korea,129,9.1,2030082,145.3,823.3,superhero|conspiracy|coming of age,A history film featuring Saoirse Ronan.,84.07
MV1486,Sabrina,2005,Thriller|Drama|Fantasy,Wes Anderson,Robert Downey Jr|Paul Rudd|Jeremy Renner|Jennifer Lawrence,English,France,199,7.2,628603,152.3,437.6,dystopia|ambition|serial killer|revenge|robot,A thriller film featuring Robert Downey Jr.,94.9
MV1487,An Affair to Remember,2024,Mystery,Hayao Miyazaki,Tom Cruise|Natalie Portman|Meryl Streep|Emma Stone|Jeremy Renner,Korean,Germany,174,7.6,706678,182.3,386.7,loss|revenge|supernatural,A mystery film featuring Tom Cruise.,83.24
MV1488,Atonement,1971,Romance|Adventure,Denis Villeneuve,Daniel Craig|Chris Hemsworth|Florence Pugh|Adam Driver|Charlize Theron,Italian,Australia,139,7.5,1418558,38.4,69.8,supernatural|justice|corruption|superhero,A romance film featuring Daniel Craig.,44.34
MV1489,Never Let Me Go,2024,Fantasy|Mystery|Sci-Fi,Kathryn Bigelow,Will Smith|Natalie Portman|Robert De Niro|Chris Hemsworth|Tom Hanks,German,UK,148,8.3,2294778,34.4,131.8,survival|escape|dystopia|identity|freedom,A fantasy film featuring Will Smith.,79.92
MV1490,The Theory of Everything,2005,Drama|Thriller,Greta Gerwig,Charlize Theron|Florence Pugh|Adam Driver,German,USA,132,8.5,2138864,88.7,629.5,discovery|dystopia|sacrifice|revenge,A drama film featuring Charlize Theron.,91.02
MV1491,The Imitation Game,1996,Action,Steven Spielberg,Mark Ruffalo|Al Pacino|Jeremy Renner,Italian,Italy,106,9.1,1813633,76.3,595.2,based on true story|war|superhero,A action film featuring Mark Ruffalo.,21.6
MV1492,Eddie the Eagle,2010,Fantasy|Comedy,Federico Fellini,Al Pacino|Christian Bale|Saoirse Ronan|Ryan Gosling,French,France,149,5.9,2429835,236.4,1612.9,ambition|corruption|time travel|identity|betrayal,A fantasy film featuring Al Pacino.,18.39
MV1493,Rush,1997,Mystery,Wes Anderson,Will Smith|Brie Larson|Dustin Hoffman,French,Germany,88,8.3,557558,295.1,1551.8,justice|sacrifice|freedom|discovery,A mystery film featuring Will Smith.,27.44
MV1494,Bohemian Rhapsody,2023,Fantasy,Ingmar Bergman,Robert Downey Jr|Brad Pitt|Margot Robbie|Robert De Niro,Spanish,USA,166,9.2,443771,37.7,281.0,redemption|power|escape,A fantasy film featuring Robert Downey Jr.,33.58
MV1495,Rocketman,1981,Drama,Ryan Coogler,Emma Stone|Michael Fassbender|Natalie Portman|Daniel Craig,English,Germany,94,7.3,330078,67.0,244.5,robot|corruption|justice|discovery,A drama film featuring Emma Stone.,10.91
MV1496,Elvis,1981,Crime|Mystery|History,Martin Scorsese,Benedict Cumberbatch|Charlize Theron|Zendaya,English,France,151,8.3,520000,61.9,44.7,serial killer|detective|power,A crime film featuring Benedict Cumberbatch.,29.47
MV1497,Judy,1993,Thriller,Steven Spielberg,Scarlett Johansson|Ryan Gosling|Robert De Niro|Paul Rudd,Spanish,Japan,120,7.3,395749,107.8,499.8,alien|kingdom|superhero|detective,A thriller film featuring Scarlett Johansson.,95.17
MV1498,Judy and Punch,1982,Comedy|Thriller,Sofia Coppola,Natalie Portman|Tom Cruise|Joaquin Phoenix|Christian Bale,Korean,India,140,8.9,1787283,180.9,459.0,redemption|coming of age|superhero|loss,A comedy film featuring Natalie Portman.,61.04
MV1499,Downton Abbey,1993,History|Drama|Animation,Alfonso Cuaron,Denzel Washington|Idris Elba|Tom Cruise,German,Japan,162,8.6,2235070,108.9,78.9,time travel|superhero|justice,A history film featuring Denzel Washington.,42.2
MV1500,Downton Abbey A New Era,1974,Mystery,Akira Kurosawa,Morgan Freeman|Jennifer Lawrence|Matt Damon|Leonardo DiCaprio,Italian,USA,176,6.7,1961931,172.4,502.0,family|coming of age|escape,A mystery film featuring Morgan Freeman.,64.16
MV1501,The Crown,2003,Drama,Sofia Coppola,Keanu Reeves|Robert Downey Jr|Cate Blanchett|Gene Hackman|Chris Hemsworth,German,Germany,125,8.6,841103,63.2,412.1,survival|danger|dystopia|mystery,A drama film featuring Keanu Reeves.,21.17
MV1502,Victoria,1980,Horror|Crime|Sci-Fi,Ron Howard,Tom Hanks|Tom Hardy|Chris Hemsworth|Gene Hackman|Leonardo DiCaprio,Hindi,Japan,101,8.7,1699510,15.9,71.6,survival|heist|love|family|magic,A horror film featuring Tom Hanks.,18.56
MV1503,Outlander,2021,Fantasy|Romance,Sofia Coppola,Charlize Theron|Michael Fassbender|Robert De Niro|Jack Nicholson,Italian,India,163,5.7,1261764,210.5,822.9,mystery|supernatural|redemption|love|freedom,A fantasy film featuring Charlize Theron.,14.31
MV1504,Amélie,1970,Drama,Stanley Kubrick,Paul Rudd|Saoirse Ronan|Ryan Gosling|Christian Bale|Robert De Niro,Korean,Italy,189,8.9,30725,280.6,1967.0,survival|mystery|war|discovery,A drama film featuring Paul Rudd.,16.75
MV1505,The Intouchables,1991,Crime|Biography|Sci-Fi,Sofia Coppola,Christian Bale|Scarlett Johansson|Tom Cruise|Florence Pugh|Matt Damon,Spanish,Italy,195,6.1,2460020,266.9,2066.8,robot|mystery|serial killer|sacrifice,A crime film featuring Christian Bale.,62.01
MV1506,Midnight in Paris,2012,Romance|Horror,Greta Gerwig,Robert De Niro|Idris Elba|Tom Hardy,French,Italy,156,8.7,1026599,199.5,1199.9,family|kingdom|war,A romance film featuring Robert De Niro.,29.12
MV1507,Inglourious Basterds,2012,Animation,Ingmar Bergman,Daniel Craig|Natalie Portman|Benedict Cumberbatch,Korean,Australia,150,8.8,1317890,214.0,1158.7,redemption|friendship|freedom|supernatural|coming of age,A animation film featuring Daniel Craig.,97.76
MV1508,Django Unchained,2009,Thriller|Biography|Sci-Fi,Guillermo del Toro,Margot Robbie|Saoirse Ronan|Christian Bale,Japanese,UK,103,7.3,459517,224.8,518.0,justice|danger|love|magic,A thriller film featuring Margot Robbie.,69.57
MV1509,The Hateful Eight,1998,Romance|Drama,Ridley Scott,Saoirse Ronan|Emma Stone|Morgan Freeman|Michael Fassbender,German,Australia,127,5.7,1153320,114.1,99.1,superhero|loss|escape|based on true story,A romance film featuring Saoirse Ronan.,25.9
MV1510,Jackie Brown,1987,Crime|Animation|Adventure,Park Chan-wook,Chadwick Boseman|Brad Pitt|Chris Hemsworth,Korean,UK,113,5.9,159686,174.7,400.2,redemption|danger|freedom|based on true story|kingdom,A crime film featuring Chadwick Boseman.,28.51
MV1511,Reservoir Dogs,2020,Horror,Kathryn Bigelow,Keanu Reeves|Tom Hardy|Paul Rudd|Leonardo DiCaprio|Natalie Portman,Spanish,Australia,174,7.9,1290622,256.5,1451.7,time travel|family|corruption,A horror film featuring Keanu Reeves.,26.86
MV1512,Kill Bill,1999,Action,Greta Gerwig,Benedict Cumberbatch|Tom Hanks|Amy Adams|Idris Elba,French,France,171,8.4,50826,180.2,1400.4,revenge|kingdom|sacrifice|magic|mystery,A action film featuring Benedict Cumberbatch.,14.07
MV1513,Kill Bill Vol 2,1971,Mystery|Romance|Thriller,Alfonso Cuaron,Natalie Portman|Joaquin Phoenix|Jeremy Renner,Italian,India,147,8.3,2298894,80.9,335.6,alien|revenge|conspiracy|discovery,A mystery film featuring Natalie Portman.,73.91
MV1514,Natural Born Killers,2003,History|Crime|Animation,Denis Villeneuve,Chadwick Boseman|Al Pacino|Paul Rudd|Chris Evans,English,France,137,8.8,604052,110.4,80.8,superhero|supernatural|identity|betrayal|loss,A history film featuring Chadwick Boseman.,92.86
MV1515,True Romance,1994,Drama|Romance|Mystery,Hayao Miyazaki,Amy Adams|Idris Elba|Chadwick Boseman|Charlize Theron|Benedict Cumberbatch,German,Germany,120,6.7,182385,176.0,1014.4,mystery|superhero|alien|conspiracy|escape,A drama film featuring Amy Adams.,19.92
MV1516,Memories of Murder,1970,Mystery|Comedy,Jordan Peele,Morgan Freeman|Al Pacino|Tom Hardy|Will Smith|Jack Nicholson,Spanish,Japan,147,6.6,1246173,9.6,7.7,mystery|war|kingdom|discovery,A mystery film featuring Morgan Freeman.,10.46
MV1517,The Host,1992,History|Action|Biography,Ang Lee,Charlize Theron|Tom Hardy|Denzel Washington,Spanish,UK,176,6.5,835134,132.5,978.8,freedom|survival|magic|conspiracy,A history film featuring Charlize Theron.,32.39
MV1518,Burning,2013,Sci-Fi|History|Biography,David Fincher,Joaquin Phoenix|Keanu Reeves|Amy Adams|Gene Hackman,German,Italy,187,7.7,846791,78.8,285.4,discovery|betrayal|alien,A sci-fi film featuring Joaquin Phoenix.,59.12
MV1519,Okja,1994,Drama|Comedy,Hayao Miyazaki,Jennifer Lawrence|Denzel Washington|Chadwick Boseman|Brie Larson|Charlize Theron,Hindi,Italy,139,7.3,1730749,141.1,1036.3,dystopia|betrayal|friendship,A drama film featuring Jennifer Lawrence.,65.37
MV1520,Snowpiercer,1989,Crime,Akira Kurosawa,Will Smith|Dustin Hoffman|Gene Hackman,Japanese,USA,181,8.7,538213,123.9,67.5,alien|war|betrayal|danger|redemption,A crime film featuring Will Smith.,40.01
MV1521,I Saw the Devil,1976,Crime|Animation,Woody Allen,Matt Damon|Jeremy Renner|Tom Cruise,English,South Korea,151,6.0,2087458,45.2,326.0,power|discovery|revenge|kingdom|loss,A crime film featuring Matt Damon.,20.32
MV1522,A Tale of Two Sisters,1970,Crime,Denis Villeneuve,Natalie Portman|Viola Davis|Emma Stone|Zendaya|Tom Hanks,Hindi,Germany,92,9.0,1267971,124.3,978.3,ambition|robot|mystery,A crime film featuring Natalie Portman.,48.91
MV1523,The Wailing,2010,Comedy,Wes Anderson,Robert Downey Jr|Viola Davis|Christian Bale|Denzel Washington|Jeremy Renner,Korean,India,146,6.6,429512,287.9,1208.4,danger|based on true story|coming of age|redemption|alien,A comedy film featuring Robert Downey Jr.,47.52
MV1524,Oldboy,1997,Action,Kathryn Bigelow,Matt Damon|Gene Hackman|Jessica Chastain|Leonardo DiCaprio,Japanese,USA,167,8.0,1874281,17.6,128.5,alien|danger|revenge,A action film featuring Matt Damon.,98.36
MV1525,Mother,1992,History|Adventure|Thriller,Billy Wilder,Al Pacino|Jessica Chastain|Denzel Washington|Cate Blanchett|Amy Adams,Spanish,Italy,168,8.2,1433089,140.5,975.1,danger|discovery|based on true story,A history film featuring Al Pacino.,16.14
MV1526,Secret Sunshine,2023,Animation|Sci-Fi|History,Bong Joon-ho,Brie Larson|Denzel Washington|Robert Downey Jr|Al Pacino|Idris Elba,Spanish,Italy,160,9.1,1470017,177.4,1192.9,survival|love|corruption,A animation film featuring Brie Larson.,30.85
MV1527,Poetry,2012,Animation,Greta Gerwig,Ryan Gosling|Paul Rudd|Viola Davis|Natalie Portman,Spanish,Germany,181,9.2,279986,23.3,55.4,family|robot|supernatural,A animation film featuring Ryan Gosling.,64.59
MV1528,Pieta,2023,Comedy,Stanley Kubrick,Gal Gadot|Timothée Chalamet|Jessica Chastain,Spanish,Australia,110,6.2,2069835,134.1,354.8,corruption|superhero|serial killer,A comedy film featuring Gal Gadot.,82.78
MV1529,Oasis,1982,Crime,Steven Spielberg,Robert Downey Jr|Natalie Portman|Emma Stone|Meryl Streep|Scarlett Johansson,English,Italy,184,7.1,2302526,260.0,794.4,serial killer|kingdom|loss|identity|magic,A crime film featuring Robert Downey Jr.,55.08
MV1530,Crouching Tiger Hidden Dragon,1992,Adventure|Comedy|Drama,Hayao Miyazaki,Chris Evans|Jessica Chastain|Cate Blanchett|Gene Hackman,French,France,185,7.5,433259,39.8,88.7,heist|love|freedom|escape|ambition,A adventure film featuring Chris Evans.,45.14
MV1531,Hero,1992,History,Alfonso Cuaron,Cate Blanchett|Dustin Hoffman|Gene Hackman|Viola Davis,Japanese,Germany,164,5.7,475041,176.9,1331.5,love|survival|heist|dystopia,A history film featuring Cate Blanchett.,33.48
MV1532,House of Flying Daggers,1991,Comedy,Tim Burton,Paul Rudd|Benedict Cumberbatch|Robert Downey Jr|Brad Pitt|Viola Davis,Hindi,UK,188,9.1,158319,107.0,110.3,betrayal|magic|friendship|danger,A comedy film featuring Paul Rudd.,75.1
MV1533,Raise the Red Lantern,1976,Animation,Clint Eastwood,Charlize Theron|Saoirse Ronan|Zendaya|Joaquin Phoenix|Ryan Gosling,English,USA,88,8.4,832814,162.6,1130.4,love|magic|war|coming of age|friendship,A animation film featuring Charlize Theron.,48.67
MV1534,Farewell My Concubine,1997,Comedy|Drama|Animation,Denis Villeneuve,Mark Ruffalo|Charlize Theron|Jake Gyllenhaal|Benedict Cumberbatch|Saoirse Ronan,English,South Korea,114,5.8,52151,72.0,439.6,survival|revenge|sacrifice|war|family,A comedy film featuring Mark Ruffalo.,15.1
MV1535,In the Mood for Love,1998,Romance,Martin Scorsese,Charlize Theron|Keanu Reeves|Chris Hemsworth|Viola Davis,Japanese,France,162,7.0,523283,198.7,213.2,identity|kingdom|conspiracy|freedom|robot,A romance film featuring Charlize Theron.,74.18
MV1536,Chungking Express,1993,Romance|Mystery|Thriller,Sofia Coppola,Gal Gadot|Dustin Hoffman|Denzel Washington|Natalie Portman,English,Italy,200,7.1,2049302,87.5,177.3,serial killer|freedom|discovery,A romance film featuring Gal Gadot.,76.77
MV1537,Happy Together,1983,Horror,Wes Anderson,Viola Davis|Gal Gadot|Timothée Chalamet,Hindi,UK,87,7.4,151583,84.7,416.0,betrayal|war|danger|coming of age,A horror film featuring Viola Davis.,54.58
MV1538,2046,1994,Animation|Action,Clint Eastwood,Jessica Chastain|Amy Adams|Robert Downey Jr,German,Australia,91,8.0,141307,164.8,512.3,heist|ambition|identity,A animation film featuring Jessica Chastain.,78.15
MV1539,The Grandmaster,1991,History|Crime|Sci-Fi,Park Chan-wook,Jeremy Renner|Brad Pitt|Natalie Portman|Jack Nicholson|Jessica Chastain,Japanese,Australia,144,7.1,2393635,231.9,568.3,alien|sacrifice|friendship|revenge,A history film featuring Jeremy Renner.,35.26
MV1540,Spirited Away,2013,Drama|Thriller,Kathryn Bigelow,Gene Hackman|Michael Fassbender|Meryl Streep|Will Smith,Japanese,Italy,119,8.0,61754,41.7,198.6,ambition|justice|robot|alien,A drama film featuring Gene Hackman.,11.55
MV1541,My Neighbor Totoro,1970,Action|Horror,Greta Gerwig,Jack Nicholson|Emma Stone|Adam Driver|Brad Pitt|Tom Cruise,French,Japan,199,7.8,1327122,286.2,1088.5,danger|ambition|kingdom|friendship,A action film featuring Jack Nicholson.,30.47
MV1542,Princess Mononoke,1981,History,Quentin Tarantino,Matt Damon|Chris Hemsworth|Meryl Streep,Spanish,Australia,195,7.2,1340997,17.4,102.3,ambition|love|conspiracy,A history film featuring Matt Damon.,58.64
MV1543,Nausicaa,1972,Thriller|Horror|Drama,James Cameron,Timothée Chalamet|Matt Damon|Denzel Washington|Cate Blanchett|Viola Davis,Korean,Italy,158,6.9,1754703,26.1,96.5,power|love|time travel|supernatural,A thriller film featuring Timothée Chalamet.,40.15
MV1544,Castle in the Sky,1996,Horror|Animation|Romance,Steven Spielberg,Mark Ruffalo|Meryl Streep|Tom Hardy,Spanish,USA,98,7.8,1323260,155.7,989.7,conspiracy|identity|coming of age|survival|power,A horror film featuring Mark Ruffalo.,44.3
MV1545,Howls Moving Castle,2011,Drama,Clint Eastwood,Denzel Washington|Gene Hackman|Chris Evans|Jack Nicholson|Paul Rudd,German,Australia,178,6.0,2223570,240.5,1215.3,serial killer|robot|time travel|danger|loss,A drama film featuring Denzel Washington.,85.24
MV1546,Ponyo,1988,Horror,Ron Howard,Ryan Gosling|Florence Pugh|Jennifer Lawrence|Jeremy Renner,French,South Korea,141,8.3,1729353,111.8,351.0,family|supernatural|magic|freedom|robot,A horror film featuring Ryan Gosling.,80.77
MV1547,The Wind Rises,1984,History|Comedy|Adventure,Ron Howard,Chadwick Boseman|Tom Cruise|Robert Downey Jr|Scarlett Johansson,Japanese,Japan,128,6.7,351860,125.5,538.1,kingdom|loss|justice,A history film featuring Chadwick Boseman.,88.88
MV1548,Grave of the Fireflies,1970,Drama,Wong Kar-wai,Jack Nicholson|Brie Larson|Zendaya|Jeremy Renner,French,France,196,5.6,1819506,12.1,21.2,friendship|detective|serial killer,A drama film featuring Jack Nicholson.,92.68
MV1549,Only Yesterday,1997,Comedy|Sci-Fi,Ron Howard,Tom Hardy|Matt Damon|Benedict Cumberbatch|Tom Cruise|Keanu Reeves,French,USA,94,8.3,1498800,285.2,2090.5,robot|superhero|escape|magic|friendship,A comedy film featuring Tom Hardy.,76.01
MV1550,Pom Poko,2016,History|Adventure|Drama,Wes Anderson,Tom Cruise|Mark Ruffalo|Chadwick Boseman,Hindi,Germany,126,7.2,2143504,218.1,565.9,freedom|discovery|kingdom,A history film featuring Tom Cruise.,40.7
MV1551,Whisper of the Heart,2006,Adventure|Crime|History,Park Chan-wook,Jennifer Lawrence|Jessica Chastain|Amy Adams|Morgan Freeman,English,South Korea,140,7.5,2422302,264.5,755.9,escape|corruption|mystery|danger,A adventure film featuring Jennifer Lawrence.,53.8
MV1552,Your Name,1984,Romance,Ang Lee,Natalie Portman|Ryan Gosling|Robert Downey Jr|Margot Robbie|Morgan Freeman,French,South Korea,155,8.7,718218,13.1,95.2,loss|revenge|kingdom|love|supernatural,A romance film featuring Natalie Portman.,28.28
MV1553,A Silent Voice,2006,Fantasy|Animation,Peter Jackson,Tom Hardy|Matt Damon|Brie Larson|Timothée Chalamet,German,India,118,5.8,583856,298.0,1784.2,conspiracy|betrayal|freedom,A fantasy film featuring Tom Hardy.,75.46
MV1554,Weathering with You,1990,Adventure,Woody Allen,Florence Pugh|Chris Evans|Jeremy Renner|Denzel Washington,French,Italy,199,9.0,1827717,34.6,200.3,time travel|loss|survival|revenge|sacrifice,A adventure film featuring Florence Pugh.,22.32
MV1555,I Want to Eat Your Pancreas,1994,Mystery,Guillermo del Toro,Zendaya|Morgan Freeman|Daniel Craig|Amy Adams,Hindi,Japan,101,6.3,382083,285.5,1978.1,identity|revenge|superhero|family|kingdom,A mystery film featuring Zendaya.,60.2
MV1556,Wolf Children,1983,Comedy|Action|Sci-Fi,Ang Lee,Jessica Chastain|Chris Evans|Tom Cruise|Viola Davis|Charlize Theron,Hindi,Australia,169,9.1,1268713,253.0,1786.9,kingdom|based on true story|conspiracy|magic|escape,A comedy film featuring Jessica Chastain.,18.69
MV1557,The Girl Who Leapt Through Time,1977,Sci-Fi|Animation,Stanley Kubrick,Robert Downey Jr|Saoirse Ronan|Matt Damon,Spanish,India,125,8.0,1467850,210.6,1218.6,kingdom|dystopia|sacrifice|love,A sci-fi film featuring Robert Downey Jr.,36.18
MV1558,Summer Wars,2002,History,Wong Kar-wai,Jack Nicholson|Jennifer Lawrence|Idris Elba,Italian,Germany,135,8.6,1793415,122.6,900.2,kingdom|freedom|heist|survival,A history film featuring Jack Nicholson.,37.77
MV1560,The Lion King 2019,2011,Thriller|Crime,Bong Joon-ho,Matt Damon|Cate Blanchett|Chris Hemsworth,English,USA,96,6.5,1616701,161.6,929.8,discovery|sacrifice|redemption,A thriller film featuring Matt Damon.,47.95
MV1561,Aladdin 2019,1987,History|Sci-Fi,Tim Burton,Ryan Gosling|Keanu Reeves|Robert De Niro,English,USA,193,7.7,357982,284.3,1269.5,sacrifice|corruption|loss,A history film featuring Ryan Gosling.,13.84
MV1562,The Jungle Book,1960,Thriller|Horror,Ridley Scott,Idris Elba|Jack Nicholson|Natalie Portman|Joaquin Phoenix,English,USA,144,9.2,1509568,43.1,329.4,betrayal|supernatural|based on true story|freedom|discovery,A thriller film featuring Idris Elba.,93.24
MV1563,Cinderella,1982,Mystery|Comedy|Action,Denis Villeneuve,Robert De Niro|Viola Davis|Keanu Reeves,English,USA,189,7.1,1794341,191.4,300.8,revenge|loss|corruption|family|ambition,A mystery film featuring Robert De Niro.,46.48
MV1564,Maleficent,1967,Thriller|Animation|Romance,Greta Gerwig,Amy Adams|Will Smith|Viola Davis,English,USA,92,6.0,640991,184.4,656.9,war|family|power,A thriller film featuring Amy Adams.,25.67
MV1565,Maleficent Mistress of Evil,1982,Comedy|Thriller,Stanley Kubrick,Robert Downey Jr|Matt Damon|Al Pacino|Scarlett Johansson,English,USA,100,8.8,1527090,59.9,62.5,revenge|escape|dystopia|love,A comedy film featuring Robert Downey Jr.,40.37
MV1566,Dumbo,2008,Horror|Biography,Greta Gerwig,Emma Stone|Denzel Washington|Amy Adams|Margot Robbie,English,USA,96,6.2,167674,277.3,1639.5,coming of age|freedom|mystery|power,A horror film featuring Emma Stone.,86.82
MV1567,Christopher Robin,1988,Fantasy|Romance|Drama,Stanley Kubrick,Chris Hemsworth|Robert Downey Jr|Will Smith,English,USA,171,8.2,1618744,92.4,567.0,freedom|identity|friendship,A fantasy film featuring Chris Hemsworth.,16.27
MV1568,Pinocchio,1997,History|Horror|Animation,Peter Jackson,Emma Stone|Jack Nicholson|Morgan Freeman|Keanu Reeves,English,USA,190,7.8,1194013,116.8,652.6,heist|conspiracy|freedom|redemption|loss,A history film featuring Emma Stone.,40.32
MV1569,Peter Pan,1985,Action|Mystery,Hayao Miyazaki,Morgan Freeman|Al Pacino|Natalie Portman|Jack Nicholson|Keanu Reeves,English,USA,170,6.2,1104642,198.9,1207.8,mystery|identity|justice|heist|loss,A action film featuring Morgan Freeman.,10.33
MV1570,Alice in Wonderland,2024,Thriller|Action|Adventure,Francis Ford Coppola,Chris Evans|Robert De Niro|Idris Elba|Robert Downey Jr|Ryan Gosling,English,USA,111,6.5,1758341,143.1,641.5,coming of age|time travel|dystopia|discovery|power,A thriller film featuring Chris Evans.,28.03
MV1571,Alice Through the Looking Glass,1962,Biography,Francis Ford Coppola,Tom Hardy|Tom Hanks|Emma Stone,English,USA,123,6.9,2347186,189.8,1106.9,power|redemption|coming of age|war|based on true story,A biography film featuring Tom Hardy.,45.52
MV1572,Into the Woods,1982,Animation|Horror,Peter Jackson,Jack Nicholson|Ryan Gosling|Al Pacino,English,USA,193,8.1,1641677,128.4,983.2,justice|friendship|redemption,A animation film featuring Jack Nicholson.,34.62
MV1573,Beauty and the Beast 2017,2008,History,David Lynch,Jack Nicholson|Tom Cruise|Gene Hackman|Viola Davis|Keanu Reeves,English,USA,106,9.2,2239958,75.7,298.9,war|corruption|based on true story,A history film featuring Jack Nicholson.,54.47
MV1574,The Little Mermaid 2023,2002,Fantasy|Action|Crime,Sofia Coppola,Leonardo DiCaprio|Tom Hardy|Christian Bale|Emma Stone|Scarlett Johansson,English,USA,106,6.0,209180,122.2,104.9,mystery|danger|coming of age|power|betrayal,A fantasy film featuring Leonardo DiCaprio.,85.41
MV1575,Snow White and the Huntsman,1967,Biography|Sci-Fi|Thriller,Guillermo del Toro,Viola Davis|Robert De Niro|Scarlett Johansson,English,USA,120,8.0,306308,170.1,338.0,betrayal|conspiracy|justice|time travel|dystopia,A biography film featuring Viola Davis.,58.15
MV1576,Oz the Great and Powerful,1974,Comedy|History|Biography,Ridley Scott,Chris Hemsworth|Idris Elba|Tom Cruise,English,USA,133,6.1,981218,186.4,1156.5,betrayal|corruption|coming of age|love|based on true story,A comedy film featuring Chris Hemsworth.,66.26
MV1577,Wicked,1984,Comedy|Fantasy,Denis Villeneuve,Viola Davis|Tom Cruise|Idris Elba,English,USA,178,9.0,979279,116.2,652.6,based on true story|mystery|escape,A comedy film featuring Viola Davis.,49.95
MV1578,Les Miserables,1970,History,Alfonso Cuaron,Amy Adams|Scarlett Johansson|Christian Bale|Tom Hardy,English,USA,90,7.7,95480,93.7,158.5,power|based on true story|danger,A history film featuring Amy Adams.,36.62
MV1579,Moulin Rouge,1975,Sci-Fi|Biography,James Cameron,Amy Adams|Robert De Niro|Joaquin Phoenix,English,USA,172,6.7,1413138,200.9,1314.1,loss|dystopia|friendship,A sci-fi film featuring Amy Adams.,64.92
MV1580,Chicago,1979,Mystery|Action|Romance,Greta Gerwig,Idris Elba|Will Smith|Jack Nicholson|Chris Hemsworth,English,USA,114,6.2,1714061,297.5,622.1,friendship|betrayal|dystopia|escape|war,A mystery film featuring Idris Elba.,49.12
MV1581,Black Swan,1963,Comedy,Bong Joon-ho,Morgan Freeman|Tom Hanks|Jack Nicholson|Scarlett Johansson|Robert De Niro,English,USA,159,8.4,634307,5.9,31.4,loss|freedom|survival|betrayal|escape,A comedy film featuring Morgan Freeman.,31.0
MV1582,Taron Egerton,2015,Animation,Ridley Scott,Idris Elba|Robert De Niro|Matt Damon|Chris Evans,English,USA,158,7.3,431346,133.7,269.1,family|sacrifice|supernatural,A animation film featuring Idris Elba.,90.77
MV1583,Ray,1982,Romance|Comedy|Mystery,Coen Brothers,Meryl Streep|Matt Damon|Idris Elba|Keanu Reeves|Will Smith,English,USA,138,7.0,2364692,26.4,62.8,corruption|sacrifice|redemption|war|based on true story,A romance film featuring Meryl Streep.,66.51
MV1584,Walk the Line,1964,Action|Horror,Guillermo del Toro,Keanu Reeves|Morgan Freeman|Robert De Niro,English,USA,119,8.9,1079196,8.0,35.8,supernatural|justice|war,A action film featuring Keanu Reeves.,24.34
MV1585,Straight Outta Compton,2009,Fantasy,Francis Ford Coppola,Scarlett Johansson|Natalie Portman|Ryan Gosling|Tom Hanks|Leonardo DiCaprio,English,USA,130,6.4,338497,251.3,841.1,corruption|loss|mystery|danger,A fantasy film featuring Scarlett Johansson.,23.81
MV1586,8 Mile,1969,Action,Bong Joon-ho,Matt Damon|Christian Bale|Joaquin Phoenix,English,USA,117,8.4,305524,195.3,733.4,identity|survival|conspiracy|supernatural|justice,A action film featuring Matt Damon.,54.75
MV1587,Eminem,2008,Mystery|Romance|Horror,Hayao Miyazaki,Scarlett Johansson|Idris Elba|Matt Damon,English,USA,93,9.0,931514,83.8,432.1,power|discovery|mystery|redemption,A mystery film featuring Scarlett Johansson.,49.8
MV1588,8 Mile Road,2016,Action|Crime|Fantasy,Ang Lee,Chris Hemsworth|Jake Gyllenhaal|Brad Pitt,English,USA,179,5.6,2082765,230.5,1674.8,freedom|identity|based on true story|coming of age|corruption,A action film featuring Chris Hemsworth.,55.87
MV1589,The Social Network,1990,Fantasy|Adventure|Drama,Kathryn Bigelow,Chris Hemsworth|Natalie Portman|Meryl Streep|Tom Hardy,English,USA,120,7.2,2065559,104.9,520.8,revenge|love|escape|survival|time travel,A fantasy film featuring Chris Hemsworth.,21.67
MV1590,The Big Short,2012,Sci-Fi,Steven Spielberg,Brad Pitt|Robert Downey Jr|Christian Bale,English,USA,112,6.3,458455,8.8,32.8,betrayal|dystopia|family|coming of age,A sci-fi film featuring Brad Pitt.,72.16
MV1591,Moneyball,1982,Sci-Fi|Drama|Romance,Bong Joon-ho,Jake Gyllenhaal|Tom Cruise|Brad Pitt|Meryl Streep,English,USA,119,9.1,1284602,78.8,622.5,coming of age|friendship|supernatural,A sci-fi film featuring Jake Gyllenhaal.,21.13
MV1592,Steve Jobs,1968,Animation|Sci-Fi,Peter Jackson,Joaquin Phoenix|Viola Davis|Natalie Portman|Al Pacino,English,USA,195,8.4,1296107,249.4,596.6,time travel|betrayal|freedom|power,A animation film featuring Joaquin Phoenix.,23.41
MV1593,Jobs,2002,Comedy|Biography|Adventure,Clint Eastwood,Amy Adams|Joaquin Phoenix|Idris Elba|Meryl Streep|Matt Damon,English,USA,156,7.2,616424,174.0,527.8,loss|escape|based on true story|survival|revenge,A comedy film featuring Amy Adams.,47.99
MV1594,Pirates of Silicon Valley,2014,Drama|History,Christopher Nolan,Al Pacino|Gene Hackman|Meryl Streep,English,USA,184,6.4,813909,38.8,232.2,power|betrayal|dystopia|danger|heist,A drama film featuring Al Pacino.,67.7
MV1595,Hackers,1971,Drama|Horror|Action,Tim Burton,Jake Gyllenhaal|Christian Bale|Idris Elba|Tom Hanks,English,USA,141,8.0,1059032,146.5,750.7,justice|family|love,A drama film featuring Jake Gyllenhaal.,73.28
MV1596,The Internship,1989,Biography,Spike Lee,Viola Davis|Robert De Niro|Joaquin Phoenix|Amy Adams|Margot Robbie,English,USA,107,8.3,2249340,95.5,59.5,justice|family|identity|love|survival,A biography film featuring Viola Davis.,58.05
MV1597,Office Space,1997,Comedy|Adventure,Akira Kurosawa,Chris Hemsworth|Will Smith|Brad Pitt|Chris Evans|Margot Robbie,English,USA,122,5.6,1449330,130.0,684.8,betrayal|time travel|survival,A comedy film featuring Chris Hemsworth.,52.74
MV1598,Idiocracy,2014,Adventure|Sci-Fi|Horror,Jordan Peele,Brad Pitt|Gene Hackman|Natalie Portman|Chris Hemsworth,English,USA,130,6.0,1107790,205.9,1522.2,loss|corruption|escape|mystery,A adventure film featuring Brad Pitt.,63.42
MV1599,Mike Judge,1997,Sci-Fi|Comedy,Peter Jackson,Jack Nicholson|Denzel Washington|Cate Blanchett|Morgan Freeman|Will Smith,English,USA,169,8.5,123544,166.7,752.3,mystery|identity|ambition,A sci-fi film featuring Jack Nicholson.,59.72
MV1600,Silicon Valley,1993,Sci-Fi|Fantasy,Jordan Peele,Denzel Washington|Amy Adams|Leonardo DiCaprio,English,USA,199,7.4,2015393,197.1,837.4,mystery|coming of age|ambition|love,A sci-fi film featuring Denzel Washington.,21.42
MV1601,The Wolf of Wall Street,1968,Adventure|Comedy,Hayao Miyazaki,Margot Robbie|Tom Hanks|Meryl Streep|Leonardo DiCaprio|Denzel Washington,English,USA,112,8.3,75417,138.1,735.3,sacrifice|time travel|conspiracy|revenge,A adventure film featuring Margot Robbie.,29.5
MV1602,Margin Call,1965,Thriller|Comedy|Mystery,Spike Lee,Jack Nicholson|Cate Blanchett|Al Pacino,English,USA,188,7.6,1220112,251.1,164.8,dystopia|love|power|time travel|heist,A thriller film featuring Jack Nicholson.,32.42
MV1603,Too Big to Fail,2010,Biography|Animation,Peter Jackson,Tom Hardy|Amy Adams|Will Smith|Jack Nicholson,English,USA,104,8.1,143828,237.3,1143.8,danger|dystopia|redemption|heist,A biography film featuring Tom Hardy.,47.34
MV1604,Inside Job,1993,Adventure,Ang Lee,Denzel Washington|Meryl Streep|Jake Gyllenhaal|Will Smith,English,USA,137,8.2,1101604,287.6,798.1,danger|betrayal|coming of age,A adventure film featuring Denzel Washington.,97.8
MV1605,The Big Short,1992,Comedy,Steven Spielberg,Idris Elba|Al Pacino|Matt Damon,English,USA,123,6.5,1660113,110.7,189.3,justice|based on true story|betrayal|revenge,A comedy film featuring Idris Elba.,24.02
MV1606,Enron The Smartest Guys in the Room,2019,Romance|Fantasy,David Lynch,Christian Bale|Chris Evans|Tom Cruise|Robert De Niro|Tom Hardy,English,USA,103,8.1,212389,153.5,715.4,family|based on true story|freedom|redemption|ambition,A romance film featuring Christian Bale.,20.59
MV1607,Capitalism A Love Story,2010,Biography|Sci-Fi,Stanley Kubrick,Natalie Portman|Will Smith|Meryl Streep|Matt Damon,English,USA,165,8.4,1631883,51.2,119.5,mystery|corruption|survival|betrayal,A biography film featuring Natalie Portman.,15.36
MV1608,Michael Moore,1967,Mystery,David Lynch,Natalie Portman|Chris Evans|Scarlett Johansson|Ryan Gosling,English,USA,128,7.4,775436,197.5,1568.9,discovery|time travel|identity|corruption,A mystery film featuring Natalie Portman.,34.93
MV1609,Bowling for Columbine,1981,Comedy|Animation|Crime,Park Chan-wook,Denzel Washington|Cate Blanchett|Viola Davis|Ryan Gosling|Robert De Niro,English,USA,143,8.1,2053422,181.1,498.0,discovery|freedom|coming of age|war,A comedy film featuring Denzel Washington.,53.55
MV1610,Fahrenheit 911,2018,Drama,Hayao Miyazaki,Leonardo DiCaprio|Jake Gyllenhaal|Emma Stone|Jack Nicholson,English,USA,125,8.6,829254,42.3,269.7,identity|danger|coming of age|revenge|war,A drama film featuring Leonardo DiCaprio.,21.37
MV1611,Sicko,1984,Thriller,Ang Lee,Amy Adams|Will Smith|Tom Hanks,English,USA,90,8.4,173485,61.8,466.4,redemption|ambition|coming of age,A thriller film featuring Amy Adams.,10.58
MV1612,Super Size Me,2019,Animation|Horror,Park Chan-wook,Gene Hackman|Jack Nicholson|Christian Bale|Matt Damon,English,USA,122,5.6,1905245,35.9,174.6,dystopia|redemption|based on true story,A animation film featuring Gene Hackman.,88.74
MV1613,Food Inc,1996,Horror|Comedy,David Lynch,Tom Cruise|Morgan Freeman|Robert Downey Jr|Viola Davis,English,USA,167,7.4,1979338,13.5,61.0,corruption|war|revenge,A horror film featuring Tom Cruise.,95.68
MV1614,Blackfish,2007,Fantasy|Action|Comedy,Park Chan-wook,Amy Adams|Tom Hardy|Christian Bale|Keanu Reeves,English,USA,119,9.1,1122773,120.1,603.2,heist|power|dystopia,A fantasy film featuring Amy Adams.,92.04
MV1615,The Cove,1970,Mystery,David Lynch,Robert Downey Jr|Meryl Streep|Keanu Reeves,English,USA,110,5.9,1640592,259.3,2029.5,love|dystopia|family,A mystery film featuring Robert Downey Jr.,59.8
MV1616,Seaspiracy,2010,History,Christopher Nolan,Christian Bale|Natalie Portman|Jake Gyllenhaal|Scarlett Johansson,English,USA,148,8.3,759900,55.0,320.4,revenge|heist|love|family|power,A history film featuring Christian Bale.,98.84
MV1617,13th,2020,Action,Peter Jackson,Tom Cruise|Amy Adams|Tom Hardy|Scarlett Johansson,English,USA,116,6.7,1012998,23.4,56.2,dystopia|discovery|survival,A action film featuring Tom Cruise.,82.65
MV1618,I Am Not Your Negro,1982,Mystery,Guillermo del Toro,Viola Davis|Jake Gyllenhaal|Amy Adams|Cate Blanchett,English,USA,163,8.7,985945,68.3,253.5,freedom|friendship|identity|redemption|mystery,A mystery film featuring Viola Davis.,89.98
MV1619,MLK FBI,1996,Action|Fantasy|Thriller,Akira Kurosawa,Robert Downey Jr|Chris Evans|Natalie Portman|Brad Pitt,English,USA,155,8.2,169778,56.5,447.4,identity|revenge|survival|betrayal,A action film featuring Robert Downey Jr.,11.41
MV1620,Selma,1971,Drama,James Cameron,Leonardo DiCaprio|Chris Evans|Al Pacino,English,USA,119,8.5,1567908,234.9,424.2,discovery|love|identity|betrayal,A drama film featuring Leonardo DiCaprio.,52.22
MV1621,Malcolm X,2019,Drama|Horror,Bong Joon-ho,Morgan Freeman|Keanu Reeves|Denzel Washington|Joaquin Phoenix|Tom Hanks,English,USA,166,6.3,851045,18.1,83.9,time travel|mystery|discovery|freedom|war,A drama film featuring Morgan Freeman.,34.29
MV1622,BlacKkKlansman,2013,Thriller|Drama|Action,Alfonso Cuaron,Robert Downey Jr|Brad Pitt|Chris Hemsworth|Robert De Niro,English,USA,110,6.0,1797308,253.7,1245.6,survival|based on true story|mystery|redemption,A thriller film featuring Robert Downey Jr.,84.98
MV1623,If Beale Street Could Talk,1962,Crime|Animation|Mystery,Paul Thomas Anderson,Scarlett Johansson|Chris Evans|Tom Hardy|Idris Elba|Ryan Gosling,English,USA,101,7.6,1958980,163.5,1226.9,coming of age|mystery|based on true story|ambition,A crime film featuring Scarlett Johansson.,64.71
MV1624,Beasts of the Southern Wild,1973,Drama,James Cameron,Joaquin Phoenix|Matt Damon|Jack Nicholson,English,USA,196,7.5,2205476,177.7,1102.4,based on true story|revenge|power|loss,A drama film featuring Joaquin Phoenix.,26.72
MV1625,Fruitvale Station,2006,Action|Drama|Crime,Guillermo del Toro,Chris Evans|Scarlett Johansson|Amy Adams|Cate Blanchett|Tom Cruise,English,USA,184,7.3,2395618,256.2,1966.4,justice|heist|mystery|redemption,A action film featuring Chris Evans.,70.13
MV1626,Creed,1995,Crime,Coen Brothers,Brad Pitt|Chris Evans|Robert Downey Jr|Viola Davis|Will Smith,English,USA,158,6.0,1176944,196.2,774.0,redemption|discovery|power,A crime film featuring Brad Pitt.,77.63
MV1627,Creed II,2018,Action|Horror,Christopher Nolan,Chris Hemsworth|Cate Blanchett|Joaquin Phoenix|Margot Robbie,English,USA,119,7.6,593148,119.8,520.9,discovery|betrayal|danger|justice|redemption,A action film featuring Chris Hemsworth.,24.05
MV1628,Creed III,1963,Drama|Animation|History,Spike Lee,Keanu Reeves|Idris Elba|Gene Hackman|Jake Gyllenhaal,English,USA,184,7.7,2189731,223.9,1782.0,survival|freedom|escape|discovery|justice,A drama film featuring Keanu Reeves.,31.98
MV1629,Rocky,2001,Fantasy,Steven Spielberg,Brad Pitt|Robert Downey Jr|Robert De Niro|Chris Evans|Matt Damon,English,USA,175,6.6,2370404,66.6,147.6,based on true story|love|power|redemption,A fantasy film featuring Brad Pitt.,44.45
MV1630,Rocky II,2019,History|Fantasy,Quentin Tarantino,Natalie Portman|Tom Hardy|Meryl Streep,English,USA,95,6.9,2244999,133.9,693.1,escape|identity|power,A history film featuring Natalie Portman.,82.87
MV1631,Rocky III,1970,History,Akira Kurosawa,Cate Blanchett|Matt Damon|Denzel Washington|Idris Elba,English,USA,94,5.8,1045915,156.2,632.5,based on true story|supernatural|corruption|escape|identity,A history film featuring Cate Blanchett.,90.75
MV1632,Rocky IV,2001,Comedy|Animation|History,Clint Eastwood,Emma Stone|Ryan Gosling|Viola Davis,English,USA,117,8.9,1602055,108.4,558.9,redemption|sacrifice|ambition,A comedy film featuring Emma Stone.,71.02
MV1633,Rocky Balboa,1962,Mystery|Sci-Fi,Quentin Tarantino,Natalie Portman|Gene Hackman|Meryl Streep|Ryan Gosling|Tom Hardy,English,USA,195,7.9,2022758,10.4,22.7,danger|time travel|loss,A mystery film featuring Natalie Portman.,25.43
MV1634,The Fighter,1988,Sci-Fi|Mystery,Hayao Miyazaki,Meryl Streep|Tom Hardy|Chris Hemsworth|Tom Cruise|Viola Davis,English,USA,89,8.4,1741480,168.9,1232.2,family|revenge|corruption|danger|redemption,A sci-fi film featuring Meryl Streep.,34.26
MV1635,Warrior,1975,Animation,Kathryn Bigelow,Amy Adams|Joaquin Phoenix|Robert Downey Jr|Jake Gyllenhaal,English,USA,185,8.1,669692,280.3,198.8,ambition|love|supernatural|corruption|dystopia,A animation film featuring Amy Adams.,36.1
MV1636,Southpaw,1964,Action|Animation|Comedy,Alfonso Cuaron,Gene Hackman|Tom Cruise|Jake Gyllenhaal|Christian Bale,English,USA,89,6.2,1139277,173.7,828.5,supernatural|loss|love|redemption|discovery,A action film featuring Gene Hackman.,88.36
MV1637,Million Dollar Baby,2023,Comedy|Thriller|History,David Lynch,Brad Pitt|Viola Davis|Idris Elba|Ryan Gosling,English,USA,176,7.8,620033,22.2,99.1,mystery|dystopia|friendship|supernatural,A comedy film featuring Brad Pitt.,22.28
MV1638,Ali,1978,Romance,Sofia Coppola,Viola Davis|Robert Downey Jr|Natalie Portman|Jake Gyllenhaal,English,USA,141,7.7,1312415,33.4,141.9,supernatural|based on true story|love|heist|justice,A romance film featuring Viola Davis.,30.41
MV1639,The Greatest,1976,Action|History,Peter Jackson,Idris Elba|Leonardo DiCaprio|Christian Bale|Emma Stone,English,USA,185,8.7,1600384,217.1,1483.7,coming of age|supernatural|survival,A action film featuring Idris Elba.,41.05
MV1640,When We Were Kings,1981,Comedy|Biography|Drama,Martin Scorsese,Amy Adams|Jake Gyllenhaal|Tom Hanks|Christian Bale|Will Smith,English,USA,122,8.9,631660,219.2,512.0,power|war|danger,A comedy film featuring Amy Adams.,17.58
MV1641,Rumble in the Jungle,2015,Drama|Romance|Adventure,David Fincher,Matt Damon|Cate Blanchett|Chris Evans|Denzel Washington,English,USA,131,8.1,1376536,291.6,712.1,survival|redemption|dystopia|escape,A drama film featuring Matt Damon.,78.7
MV1642,I Tonya,1983,Mystery|Fantasy,Sofia Coppola,Al Pacino|Tom Cruise|Brad Pitt|Joaquin Phoenix,English,USA,86,6.1,176878,24.9,55.2,freedom|ambition|redemption|escape|time travel,A mystery film featuring Al Pacino.,77.08
MV1643,Battle of the Sexes,2009,Animation|Comedy|Thriller,Terry Gilliam,Christian Bale|Morgan Freeman|Denzel Washington|Robert Downey Jr|Ryan Gosling,English,USA,196,6.0,2480034,19.0,65.6,power|supernatural|survival,A animation film featuring Christian Bale.,91.12
MV1644,Moneyball,1966,Horror,Akira Kurosawa,Al Pacino|Natalie Portman|Robert De Niro|Matt Damon|Will Smith,English,USA,140,9.1,889599,19.2,16.3,corruption|revenge|identity,A horror film featuring Al Pacino.,50.28
MV1645,Draft Day,2007,Adventure,Clint Eastwood,Matt Damon|Chris Evans|Denzel Washington|Tom Hardy,English,USA,120,8.9,990596,267.4,348.4,revenge|supernatural|survival,A adventure film featuring Matt Damon.,16.77
MV1646,Invictus,1966,Sci-Fi|Comedy|Thriller,Ridley Scott,Will Smith|Jack Nicholson|Matt Damon|Amy Adams|Ryan Gosling,English,USA,198,7.7,535175,80.5,162.9,loss|freedom|coming of age|based on true story,A sci-fi film featuring Will Smith.,33.48
MV1647,The Blind Side,2022,Crime|Adventure|Thriller,Terry Gilliam,Tom Cruise|Margot Robbie|Cate Blanchett|Amy Adams|Natalie Portman,English,USA,159,8.3,2355521,128.3,702.8,freedom|ambition|power|justice,A crime film featuring Tom Cruise.,28.28
MV1648,Remember the Titans,1982,Drama|Romance,Quentin Tarantino,Emma Stone|Keanu Reeves|Tom Hardy|Natalie Portman,English,USA,183,7.2,523531,123.3,423.0,discovery|freedom|mystery|love,A drama film featuring Emma Stone.,12.46
MV1649,Friday Night Lights,2023,Adventure|Mystery|Crime,Tim Burton,Brad Pitt|Tom Hanks|Christian Bale,English,USA,147,7.5,2497738,95.7,540.1,corruption|escape|dystopia|loss|war,A adventure film featuring Brad Pitt.,18.78
MV1650,Any Given Sunday,2018,Thriller,Guillermo del Toro,Tom Cruise|Leonardo DiCaprio|Cate Blanchett|Margot Robbie|Al Pacino,English,USA,149,6.3,1456372,49.3,93.2,justice|corruption|friendship,A thriller film featuring Tom Cruise.,20.34
MV1651,Jerry Maguire,1984,Horror|Mystery|Romance,Greta Gerwig,Natalie Portman|Christian Bale|Morgan Freeman|Jake Gyllenhaal|Scarlett Johansson,English,USA,198,7.5,2413523,124.0,149.8,revenge|sacrifice|danger|war|dystopia,A horror film featuring Natalie Portman.,41.92
MV1652,A League of Their Own,1983,Animation|Horror,James Cameron,Robert De Niro|Viola Davis|Jake Gyllenhaal|Christian Bale,English,USA,142,7.8,1840987,60.5,249.3,war|escape|heist,A animation film featuring Robert De Niro.,99.01
MV1653,Major League,2023,Comedy|Biography,Oliver Stone,Jake Gyllenhaal|Brad Pitt|Leonardo DiCaprio|Joaquin Phoenix|Gene Hackman,English,USA,124,5.7,292483,176.0,156.9,dystopia|power|discovery|corruption,A comedy film featuring Jake Gyllenhaal.,69.24
MV1654,Bull Durham,1975,Mystery|Comedy|Animation,Denis Villeneuve,Ryan Gosling|Natalie Portman|Denzel Washington|Cate Blanchett,English,USA,170,5.7,2041374,5.2,12.8,love|loss|betrayal,A mystery film featuring Ryan Gosling.,12.89
MV1655,Field of Dreams,1968,Thriller|Fantasy,Clint Eastwood,Amy Adams|Keanu Reeves|Idris Elba|Chris Evans|Scarlett Johansson,English,USA,196,7.7,2172933,80.4,50.4,heist|family|justice|time travel,A thriller film featuring Amy Adams.,64.47
MV1656,The Natural,1960,Animation|Crime,Bong Joon-ho,Brad Pitt|Tom Hanks|Jake Gyllenhaal|Scarlett Johansson,English,USA,188,6.1,331728,263.8,1906.9,loss|redemption|supernatural|justice,A animation film featuring Brad Pitt.,86.5
MV1657,Bang the Drum Slowly,1963,Romance,Ron Howard,Will Smith|Jake Gyllenhaal|Robert Downey Jr|Tom Hanks|Joaquin Phoenix,English,USA,190,7.6,491921,253.8,1310.7,discovery|escape|revenge|love|family,A romance film featuring Will Smith.,43.73
MV1658,Eight Men Out,1996,Biography,Park Chan-wook,Brad Pitt|Cate Blanchett|Will Smith,English,USA,169,6.9,1157890,284.4,1598.4,friendship|sacrifice|supernatural,A biography film featuring Brad Pitt.,75.07
MV1659,61,1961,Adventure,Wes Anderson,Morgan Freeman|Will Smith|Christian Bale|Leonardo DiCaprio,English,USA,135,7.6,732256,163.1,564.3,war|family|power,A adventure film featuring Morgan Freeman.,49.11
MV1660,42,2012,Crime|Mystery|Drama,Ron Howard,Jake Gyllenhaal|Denzel Washington|Leonardo DiCaprio|Brad Pitt,English,USA,122,6.4,1010137,182.2,917.6,ambition|identity|revenge|based on true story,A crime film featuring Jake Gyllenhaal.,57.2
MV1661,The Jackie Robinson Story,1999,Fantasy,Martin Scorsese,Tom Cruise|Robert De Niro|Tom Hanks,English,USA,149,6.7,1339789,272.8,1628.3,identity|redemption|freedom|love,A fantasy film featuring Tom Cruise.,79.55
MV1662,Soul of the Game,1983,Drama|Fantasy,Guillermo del Toro,Amy Adams|Matt Damon|Tom Cruise|Emma Stone,English,USA,131,7.4,1007405,208.3,1524.6,based on true story|revenge|conspiracy,A drama film featuring Amy Adams.,35.58
MV1663,Space Jam,1992,Crime,Ron Howard,Scarlett Johansson|Gene Hackman|Tom Cruise|Chris Hemsworth|Leonardo DiCaprio,English,USA,155,8.6,1011785,122.4,741.4,freedom|redemption|ambition,A crime film featuring Scarlett Johansson.,51.83
MV1664,Space Jam A New Legacy,1974,Fantasy,Oliver Stone,Al Pacino|Jake Gyllenhaal|Natalie Portman,English,USA,157,6.9,1917616,38.1,264.4,corruption|revenge|supernatural|freedom,A fantasy film featuring Al Pacino.,50.22
MV1665,He Got Game,1989,Mystery|Sci-Fi|Thriller,Oliver Stone,Jake Gyllenhaal|Brad Pitt|Scarlett Johansson|Denzel Washington,English,USA,153,5.8,318888,24.4,134.8,corruption|conspiracy|discovery,A mystery film featuring Jake Gyllenhaal.,96.96
MV1666,Love and Basketball,2004,Horror,James Cameron,Idris Elba|Matt Damon|Leonardo DiCaprio,English,USA,90,6.5,1735767,53.5,289.0,escape|redemption|power|conspiracy,A horror film featuring Idris Elba.,68.05
MV1667,White Men Cant Jump,1996,Action,David Fincher,Chris Hemsworth|Ryan Gosling|Robert Downey Jr,English,USA,142,8.8,2420767,245.2,1201.3,corruption|revenge|time travel|supernatural|loss,A action film featuring Chris Hemsworth.,84.5
MV1668,Hoosiers,1963,History|Horror,Martin Scorsese,Ryan Gosling|Natalie Portman|Scarlett Johansson|Emma Stone,English,USA,127,5.6,1310779,270.9,1394.6,loss|family|redemption|identity,A history film featuring Ryan Gosling.,66.9
MV1669,Rudy,1968,Sci-Fi|Mystery,Oliver Stone,Margot Robbie|Amy Adams|Viola Davis,English,USA,108,8.2,632805,14.9,81.5,corruption|dystopia|mystery|loss|war,A sci-fi film featuring Margot Robbie.,81.89
MV1670,The Mighty Ducks,1969,Romance|Drama,Martin Scorsese,Jack Nicholson|Cate Blanchett|Denzel Washington|Scarlett Johansson,English,USA,164,6.5,502240,137.2,697.2,redemption|loss|danger|revenge,A romance film featuring Jack Nicholson.,88.58
MV1671,D2 The Mighty Ducks,1966,Animation|Comedy,Denis Villeneuve,Tom Hanks|Viola Davis|Leonardo DiCaprio,English,USA,151,6.2,1188956,194.5,895.7,war|corruption|dystopia,A animation film featuring Tom Hanks.,60.08
MV1672,Miracle,1981,History|Thriller|Romance,Bong Joon-ho,Tom Hardy|Brad Pitt|Scarlett Johansson|Ryan Gosling|Denzel Washington,English,USA,158,9.1,140431,62.6,266.9,based on true story|ambition|family,A history film featuring Tom Hardy.,17.47
MV1673,Cool Runnings,1965,Thriller|Drama|Sci-Fi,Steven Spielberg,Brad Pitt|Christian Bale|Robert Downey Jr|Jake Gyllenhaal|Leonardo DiCaprio,English,USA,146,5.8,410136,247.9,984.3,mystery|dystopia|heist|justice,A thriller film featuring Brad Pitt.,26.92
MV1674,I Tonya,1961,Adventure|Thriller,Bong Joon-ho,Al Pacino|Tom Cruise|Viola Davis|Joaquin Phoenix|Idris Elba,English,USA,169,9.0,515566,172.5,537.3,coming of age|redemption|justice,A adventure film featuring Al Pacino.,47.36
MV1675,Blades of Glory,1984,Action,Coen Brothers,Meryl Streep|Christian Bale|Denzel Washington|Al Pacino,English,USA,107,8.3,1581190,200.0,650.4,time travel|escape|discovery|heist,A action film featuring Meryl Streep.,90.13
MV1676,Talladega Nights,1980,Action,Guillermo del Toro,Keanu Reeves|Amy Adams|Matt Damon|Margot Robbie|Gene Hackman,English,USA,168,7.8,432321,195.3,678.9,power|ambition|based on true story|corruption,A action film featuring Keanu Reeves.,35.68
MV1677,Le Mans 66,1993,Animation|Adventure,Akira Kurosawa,Al Pacino|Scarlett Johansson|Tom Hardy|Natalie Portman|Jack Nicholson,English,USA,197,6.4,1818110,19.3,49.1,revenge|coming of age|family|sacrifice,A animation film featuring Al Pacino.,30.76
MV1678,Senna,1989,Animation|Adventure|Romance,Park Chan-wook,Jack Nicholson|Emma Stone|Gene Hackman|Scarlett Johansson,English,USA,195,9.1,1507672,284.9,557.7,dystopia|based on true story|danger,A animation film featuring Jack Nicholson.,44.16
MV1679,Borg vs McEnroe,2019,Adventure|Fantasy|Comedy,Oliver Stone,Robert Downey Jr|Robert De Niro|Margot Robbie,English,USA,141,6.6,265830,126.1,971.9,time travel|based on true story|supernatural|danger,A adventure film featuring Robert Downey Jr.,73.8
MV1680,Battle of the Sexes,2022,Crime,Bong Joon-ho,Meryl Streep|Tom Hardy|Margot Robbie|Chris Hemsworth,English,USA,103,6.7,1074786,280.5,640.9,redemption|conspiracy|family|identity|mystery,A crime film featuring Meryl Streep.,98.21
MV1681,Wimbledon,2004,Animation|Crime,Bong Joon-ho,Brad Pitt|Meryl Streep|Emma Stone|Robert Downey Jr|Al Pacino,English,USA,136,6.7,569885,5.5,16.4,friendship|corruption|redemption,A animation film featuring Brad Pitt.,11.68
MV1682,Tin Cup,1982,Animation|Crime|Horror,Bong Joon-ho,Viola Davis|Robert Downey Jr|Robert De Niro,English,USA,156,6.2,1631349,123.8,141.9,survival|sacrifice|family|freedom|ambition,A animation film featuring Viola Davis.,78.62
MV1683,Happy Gilmore,1996,History|Adventure|Biography,Ryan Coogler,Amy Adams|Emma Stone|Natalie Portman|Brad Pitt,English,USA,103,7.3,2233342,172.5,232.5,discovery|mystery|justice|power|sacrifice,A history film featuring Amy Adams.,97.46
MV1684,Billy Madison,1981,Thriller|Biography,David Lynch,Gene Hackman|Christian Bale|Tom Hanks|Scarlett Johansson,English,USA,116,5.9,451259,274.8,1431.3,betrayal|loss|based on true story|war|redemption,A thriller film featuring Gene Hackman.,51.32
MV1685,Big Daddy,1993,Action|Adventure|Thriller,David Lynch,Robert Downey Jr|Cate Blanchett|Robert De Niro,English,USA,99,7.5,895084,42.9,325.8,supernatural|discovery|corruption|love,A action film featuring Robert Downey Jr.,53.53
MV1686,Punch Drunk Love,1994,Animation|Comedy,Terry Gilliam,Jack Nicholson|Cate Blanchett|Tom Hardy|Robert De Niro|Al Pacino,English,USA,186,6.5,1828787,229.2,264.9,sacrifice|time travel|danger|based on true story|war,A animation film featuring Jack Nicholson.,71.28
MV1687,Hustle,1990,Romance|Fantasy,Kathryn Bigelow,Matt Damon|Joaquin Phoenix|Emma Stone|Tom Hanks|Viola Davis,English,USA,173,6.3,131779,170.4,145.5,dystopia|revenge|war,A romance film featuring Matt Damon.,50.74
MV1688,You Dont Mess with the Zohan,1985,History|Crime,Oliver Stone,Meryl Streep|Brad Pitt|Ryan Gosling|Joaquin Phoenix|Denzel Washington,English,USA,163,7.6,1155110,266.7,1682.3,loss|danger|friendship|heist,A history film featuring Meryl Streep.,65.13
MV1689,The Waterboy,2016,History|Action,Quentin Tarantino,Jack Nicholson|Margot Robbie|Morgan Freeman,English,USA,172,7.0,385717,213.2,1107.5,discovery|family|redemption|conspiracy|revenge,A history film featuring Jack Nicholson.,58.92
MV1690,Little Nicky,1969,Fantasy,Ryan Coogler,Brad Pitt|Tom Hardy|Christian Bale|Gene Hackman|Amy Adams,English,USA,129,7.3,580657,228.6,363.1,dystopia|justice|survival,A fantasy film featuring Brad Pitt.,82.4
MV1691,Mr Deeds,2008,Horror|Fantasy|Biography,Kathryn Bigelow,Idris Elba|Keanu Reeves|Joaquin Phoenix|Natalie Portman,English,USA,142,8.0,186059,272.4,743.3,conspiracy|time travel|family,A horror film featuring Idris Elba.,85.13
MV1692,Click,1983,Sci-Fi,Quentin Tarantino,Margot Robbie|Meryl Streep|Morgan Freeman|Jake Gyllenhaal|Viola Davis,English,USA,174,8.5,985830,197.9,1397.9,conspiracy|survival|ambition,A sci-fi film featuring Margot Robbie.,44.68
MV1693,I Now Pronounce You Chuck Larry,2005,Horror,Guillermo del Toro,Idris Elba|Amy Adams|Keanu Reeves,English,USA,131,8.8,1257139,214.8,1380.1,betrayal|escape|discovery|coming of age,A horror film featuring Idris Elba.,22.35
MV1694,Just Go with It,2015,Biography|Mystery|Action,Tim Burton,Robert Downey Jr|Brad Pitt|Tom Hanks|Christian Bale,English,USA,124,6.3,1071146,269.7,578.2,freedom|friendship|survival|identity|betrayal,A biography film featuring Robert Downey Jr.,13.4
MV1695,Grown Ups,1983,Crime|Adventure|Action,Oliver Stone,Meryl Streep|Amy Adams|Robert Downey Jr,English,USA,158,5.5,1692338,198.8,1012.4,betrayal|friendship|mystery|revenge,A crime film featuring Meryl Streep.,18.45
MV1696,Grown Ups 2,1960,Mystery|History,Peter Jackson,Ryan Gosling|Gene Hackman|Viola Davis,English,USA,200,9.2,1000682,98.1,543.1,based on true story|heist|freedom,A mystery film featuring Ryan Gosling.,26.03
MV1697,Jack and Jill,2020,Biography|Mystery|History,Quentin Tarantino,Tom Hanks|Chris Hemsworth|Morgan Freeman|Denzel Washington|Robert De Niro,English,USA,164,9.2,2402230,70.4,70.9,loss|discovery|betrayal|time travel|justice,A biography film featuring Tom Hanks.,60.28
MV1698,That's My Boy,1987,Drama|Mystery,Quentin Tarantino,Ryan Gosling|Will Smith|Margot Robbie,English,USA,171,8.6,40417,267.3,283.9,coming of age|discovery|betrayal|friendship|heist,A drama film featuring Ryan Gosling.,50.62
MV1699,Blended,1968,Crime|Romance,Wes Anderson,Robert De Niro|Tom Cruise|Will Smith,English,USA,151,7.7,1869370,232.0,375.4,redemption|freedom|mystery|power,A crime film featuring Robert De Niro.,13.81
MV1700,The Do-Over,1993,History,Quentin Tarantino,Keanu Reeves|Will Smith|Al Pacino|Chris Hemsworth,English,USA,185,7.1,2126965,101.0,171.2,survival|freedom|family|sacrifice,A history film featuring Keanu Reeves.,61.53
MV1701,Sandy Wexler,1970,Animation|Biography,Jordan Peele,Natalie Portman|Tom Hanks|Keanu Reeves|Denzel Washington,English,USA,144,8.4,953211,76.7,248.2,betrayal|mystery|identity|sacrifice|danger,A animation film featuring Natalie Portman.,27.5
MV1702,The Week Of,1967,Thriller|Romance|Adventure,Denis Villeneuve,Meryl Streep|Robert De Niro|Tom Cruise|Gene Hackman|Jake Gyllenhaal,English,USA,149,7.1,67889,279.0,1262.8,conspiracy|corruption|war|ambition|survival,A thriller film featuring Meryl Streep.,56.32
MV1703,Murder Mystery,2013,Crime,Stanley Kubrick,Keanu Reeves|Al Pacino|Chris Evans|Leonardo DiCaprio|Amy Adams,English,USA,166,8.4,2188250,195.1,558.1,supernatural|dystopia|coming of age|power|survival,A crime film featuring Keanu Reeves.,86.43
MV1704,Murder Mystery 2,1962,Adventure|Thriller|Comedy,Park Chan-wook,Tom Hanks|Leonardo DiCaprio|Al Pacino,English,USA,154,8.2,41795,271.0,262.5,identity|betrayal|revenge|time travel|justice,A adventure film featuring Tom Hanks.,38.05
MV1705,Hustle,2023,History|Action,Steven Spielberg,Morgan Freeman|Chris Evans|Natalie Portman|Matt Damon,English,USA,183,5.8,1369520,296.2,485.1,based on true story|dystopia|ambition,A history film featuring Morgan Freeman.,74.35
MV1706,You Are So Not Invited to My Bat Mitzvah,1994,Thriller,Ang Lee,Emma Stone|Robert De Niro|Viola Davis|Denzel Washington|Idris Elba,English,USA,187,6.2,858609,206.8,895.3,escape|discovery|freedom|sacrifice,A thriller film featuring Emma Stone.,91.08
MV1707,Leo,2002,Action|Fantasy|Animation,Guillermo del Toro,Jake Gyllenhaal|Brad Pitt|Tom Hanks|Will Smith,English,USA,153,5.7,2086657,216.1,487.0,loss|power|love|ambition|escape,A action film featuring Jake Gyllenhaal.,83.13
MV1708,The Out-Laws,1992,Biography,Alfonso Cuaron,Amy Adams|Natalie Portman|Al Pacino,English,USA,128,7.0,2248550,91.5,628.5,mystery|sacrifice|based on true story|ambition,A biography film featuring Amy Adams.,38.5
MV1709,Spaceman,1996,Animation,Terry Gilliam,Jake Gyllenhaal|Will Smith|Christian Bale|Tom Cruise,English,USA,106,8.8,286013,232.7,788.2,justice|love|supernatural|loss|discovery,A animation film featuring Jake Gyllenhaal.,47.17
MV1710,Lift,2000,Romance|Fantasy,Francis Ford Coppola,Ryan Gosling|Scarlett Johansson|Matt Damon|Keanu Reeves|Amy Adams,English,USA,100,5.6,1052781,70.6,65.9,identity|coming of age|sacrifice|loss,A romance film featuring Ryan Gosling.,51.41
MV1711,The Spaceman,2007,Adventure,Terry Gilliam,Matt Damon|Cate Blanchett|Will Smith|Gene Hackman,English,USA,85,7.8,1718656,42.2,211.2,discovery|redemption|time travel,A adventure film featuring Matt Damon.,85.25
MV1712,Anyone But You,1998,Romance|Sci-Fi|Crime,Quentin Tarantino,Gene Hackman|Leonardo DiCaprio|Keanu Reeves,English,USA,125,7.7,858073,250.8,1431.9,redemption|discovery|mystery|corruption,A romance film featuring Gene Hackman.,48.18
MV1713,No Hard Feelings,1971,Drama|Mystery|History,Spike Lee,Joaquin Phoenix|Chris Hemsworth|Jake Gyllenhaal,English,USA,177,6.5,1137351,283.5,2000.4,conspiracy|war|corruption,A drama film featuring Joaquin Phoenix.,80.15
MV1714,Bottoms,1971,Fantasy,Sofia Coppola,Robert Downey Jr|Gene Hackman|Emma Stone,English,USA,173,8.3,2092244,171.6,790.5,coming of age|supernatural|war|redemption|ambition,A fantasy film featuring Robert Downey Jr.,95.29
MV1715,Theater Camp,2023,Romance,Steven Spielberg,Ryan Gosling|Al Pacino|Tom Hanks|Natalie Portman,English,USA,131,8.3,201262,117.9,213.3,time travel|mystery|danger|corruption|coming of age,A romance film featuring Ryan Gosling.,70.16
MV1716,Are You There God Its Me Margaret,1997,Comedy,Denis Villeneuve,Brad Pitt|Matt Damon|Leonardo DiCaprio,English,USA,128,7.8,2430536,49.5,343.9,survival|discovery|ambition,A comedy film featuring Brad Pitt.,22.03
MV1717,Joy Ride,1997,Mystery|Comedy,Peter Jackson,Morgan Freeman|Keanu Reeves|Tom Hardy|Scarlett Johansson|Viola Davis,English,USA,97,7.0,1071732,7.7,33.3,freedom|conspiracy|dystopia,A mystery film featuring Morgan Freeman.,37.04
MV1718,The Lost City,1996,Adventure,Paul Thomas Anderson,Scarlett Johansson|Will Smith|Gene Hackman,English,USA,122,6.1,1444993,11.2,76.1,dystopia|betrayal|coming of age|love,A adventure film featuring Scarlett Johansson.,79.54
MV1719,The Bubble,1964,History,Kathryn Bigelow,Christian Bale|Natalie Portman|Meryl Streep|Morgan Freeman|Al Pacino,English,USA,125,6.0,564924,26.9,157.8,ambition|corruption|dystopia|betrayal|conspiracy,A history film featuring Christian Bale.,64.01
MV1720,Stutz,2021,Romance|Drama,Tim Burton,Amy Adams|Tom Hardy|Jack Nicholson|Robert De Niro|Will Smith,English,USA,133,7.0,1228998,216.3,742.7,supernatural|redemption|coming of age|heist|survival,A romance film featuring Amy Adams.,81.3
MV1721,My Policeman,2006,Crime|Drama,Martin Scorsese,Emma Stone|Chris Evans|Idris Elba,English,USA,105,7.7,1325602,55.8,142.7,supernatural|identity|dystopia|ambition|based on true story,A crime film featuring Emma Stone.,85.64
MV1722,All of Us Strangers,1961,Adventure|Horror,Ryan Coogler,Tom Cruise|Chris Evans|Jack Nicholson|Denzel Washington|Ryan Gosling,English,USA,152,9.2,1332125,127.8,209.5,war|survival|discovery|love,A adventure film featuring Tom Cruise.,13.06
MV1723,Rustin,2016,Comedy|Romance,Park Chan-wook,Tom Hanks|Meryl Streep|Matt Damon|Will Smith|Tom Hardy,English,USA,149,8.5,1539800,134.7,513.9,power|dystopia|escape,A comedy film featuring Tom Hanks.,46.96
MV1724,The Color Purple,1993,Animation|Biography,Clint Eastwood,Tom Cruise|Jake Gyllenhaal|Matt Damon|Idris Elba|Viola Davis,English,USA,186,8.7,683300,198.7,743.9,love|friendship|redemption|based on true story,A animation film featuring Tom Cruise.,68.95
MV1725,Origin,2021,History,Ryan Coogler,Leonardo DiCaprio|Natalie Portman|Emma Stone|Tom Hanks|Brad Pitt,English,USA,110,7.9,1824944,117.6,723.3,freedom|dystopia|corruption|supernatural,A history film featuring Leonardo DiCaprio.,88.93
MV1726,Ferrari,1992,Action|Sci-Fi,Quentin Tarantino,Chris Evans|Jack Nicholson|Al Pacino|Viola Davis,English,USA,88,8.1,2214060,294.4,1406.8,escape|mystery|love|redemption,A action film featuring Chris Evans.,44.83
MV1727,Napoleon,1987,Crime,Ang Lee,Tom Hanks|Al Pacino|Morgan Freeman,English,USA,179,6.4,438640,39.2,153.2,friendship|escape|ambition|war|time travel,A crime film featuring Tom Hanks.,17.67
MV1728,Society of the Snow,1975,Drama,Ron Howard,Keanu Reeves|Will Smith|Morgan Freeman,English,USA,135,7.4,1013501,41.8,44.4,freedom|time travel|supernatural|survival|war,A drama film featuring Keanu Reeves.,61.38
MV1729,The Swimmers,1995,Romance,Akira Kurosawa,Meryl Streep|Idris Elba|Tom Cruise|Tom Hardy|Margot Robbie,English,USA,161,8.6,44452,101.7,363.4,love|dystopia|sacrifice|time travel,A romance film featuring Meryl Streep.,46.48
MV1730,Nyad,1996,Biography|Romance|Drama,Wes Anderson,Keanu Reeves|Tom Hardy|Scarlett Johansson|Margot Robbie|Jake Gyllenhaal,English,USA,120,6.8,272989,36.3,235.2,conspiracy|betrayal|freedom,A biography film featuring Keanu Reeves.,69.87
MV1731,Radical,2006,Drama|Comedy|Adventure,Ron Howard,Brad Pitt|Scarlett Johansson|Emma Stone|Will Smith|Tom Cruise,English,USA,158,8.4,2040415,114.5,110.4,sacrifice|supernatural|betrayal|identity|redemption,A drama film featuring Brad Pitt.,64.73
MV1732,El Conde,1978,Action|Crime,Ang Lee,Viola Davis|Scarlett Johansson|Keanu Reeves,English,USA,199,8.2,2191441,26.9,93.8,based on true story|conspiracy|discovery|danger|dystopia,A action film featuring Viola Davis.,20.33
MV1733,Cassandro,1989,Sci-Fi|Comedy,Clint Eastwood,Tom Hanks|Chris Evans|Amy Adams,English,USA,102,6.7,1147424,89.1,162.3,ambition|friendship|loss|corruption,A sci-fi film featuring Tom Hanks.,74.93
MV1734,Reality,1987,Animation|Romance,Ridley Scott,Leonardo DiCaprio|Natalie Portman|Meryl Streep|Chris Evans|Jake Gyllenhaal,English,USA,91,6.7,1377507,157.9,946.1,friendship|freedom|war|justice,A animation film featuring Leonardo DiCaprio.,19.3
MV1735,Showing Up,1972,Romance,Ang Lee,Tom Hardy|Amy Adams|Jack Nicholson|Viola Davis|Matt Damon,English,USA,183,6.5,1310754,158.3,915.9,justice|escape|sacrifice|conspiracy,A romance film featuring Tom Hardy.,30.04
MV1736,Beau Is Afraid,2000,Sci-Fi|Romance|Mystery,Kathryn Bigelow,Meryl Streep|Scarlett Johansson|Ryan Gosling|Matt Damon,English,USA,139,5.6,1504324,171.1,365.1,power|betrayal|sacrifice|love,A sci-fi film featuring Meryl Streep.,62.06
MV1737,Infinity Pool,1984,History|Action,Coen Brothers,Amy Adams|Tom Hanks|Idris Elba|Jake Gyllenhaal,English,USA,164,6.0,297939,292.3,2128.7,family|heist|sacrifice,A history film featuring Amy Adams.,25.11
MV1738,Skinamarink,1962,Action|Animation|Mystery,Denis Villeneuve,Tom Hanks|Robert Downey Jr|Amy Adams,English,USA,142,7.5,2172941,237.5,849.0,supernatural|redemption|time travel|freedom,A action film featuring Tom Hanks.,64.89
MV1739,Hatching,1975,Fantasy|Action,Denis Villeneuve,Keanu Reeves|Scarlett Johansson|Chris Evans|Idris Elba,English,USA,160,7.2,1708759,60.2,36.4,friendship|revenge|redemption|justice,A fantasy film featuring Keanu Reeves.,30.98
MV1740,Men,2014,Adventure,Christopher Nolan,Morgan Freeman|Al Pacino|Tom Cruise|Jack Nicholson,English,USA,187,6.0,2223188,232.0,497.3,time travel|conspiracy|power|heist|coming of age,A adventure film featuring Morgan Freeman.,97.53
MV1741,After Yang,1993,Biography,Sofia Coppola,Christian Bale|Denzel Washington|Al Pacino,English,USA,104,8.3,70710,55.7,243.6,identity|based on true story|conspiracy|supernatural,A biography film featuring Christian Bale.,99.9
MV1742,The Worst Person in the World,1994,Adventure,James Cameron,Cate Blanchett|Jake Gyllenhaal|Idris Elba|Chris Evans|Meryl Streep,English,USA,90,6.3,951482,163.4,895.8,mystery|sacrifice|friendship,A adventure film featuring Cate Blanchett.,91.43
MV1743,Flee,1960,Horror|History|Biography,Ang Lee,Chris Hemsworth|Emma Stone|Will Smith,English,USA,133,8.6,1350678,285.9,2068.8,love|heist|power,A horror film featuring Chris Hemsworth.,76.36
MV1744,Parallel Mothers,2002,Adventure,Akira Kurosawa,Will Smith|Matt Damon|Gene Hackman|Viola Davis|Chris Evans,English,USA,144,6.9,1205366,70.2,348.3,time travel|escape|betrayal,A adventure film featuring Will Smith.,78.1
MV1745,Great Freedom,2019,Animation|History,Wes Anderson,Ryan Gosling|Keanu Reeves|Chris Hemsworth|Margot Robbie|Chris Evans,English,USA,103,7.6,1765430,53.8,265.4,escape|discovery|danger,A animation film featuring Ryan Gosling.,44.26
MV1746,A Hero,1996,Crime,James Cameron,Tom Hardy|Viola Davis|Joaquin Phoenix|Robert Downey Jr,English,USA,142,8.0,738738,290.6,188.9,loss|sacrifice|supernatural|family|heist,A crime film featuring Tom Hardy.,72.02
MV1747,Compartment No 6,1981,Romance|History,Clint Eastwood,Joaquin Phoenix|Robert Downey Jr|Cate Blanchett,English,USA,165,7.5,1086339,170.2,530.6,power|ambition|family|danger|conspiracy,A romance film featuring Joaquin Phoenix.,44.15
MV1748,Lunana A Yak in the Classroom,1961,Drama,Ryan Coogler,Christian Bale|Leonardo DiCaprio|Jack Nicholson|Tom Cruise|Chris Evans,English,USA,113,9.1,1271563,55.7,296.1,discovery|sacrifice|betrayal|war|power,A drama film featuring Christian Bale.,46.63
MV1749,Quo Vadis Aida,1992,Sci-Fi|Animation,Ridley Scott,Meryl Streep|Amy Adams|Ryan Gosling,English,USA,154,5.5,441746,277.2,980.0,mystery|redemption|love,A sci-fi film featuring Meryl Streep.,99.86
MV1750,Never Gonna Snow Again,2020,Biography,David Fincher,Tom Hanks|Idris Elba|Chris Evans,English,USA,94,6.2,1537773,277.4,1572.1,justice|redemption|power,A biography film featuring Tom Hanks.,38.12
MV1751,Two of Us,1991,Sci-Fi|Biography,David Lynch,Leonardo DiCaprio|Jack Nicholson|Al Pacino,English,USA,176,6.3,794601,42.4,137.3,ambition|danger|loss|mystery,A sci-fi film featuring Leonardo DiCaprio.,87.83
MV1752,The Disciple,2020,Thriller|Animation,Martin Scorsese,Denzel Washington|Keanu Reeves|Morgan Freeman|Cate Blanchett,English,USA,194,5.7,1116736,144.0,1104.1,time travel|freedom|betrayal,A thriller film featuring Denzel Washington.,37.81
MV1753,Night of the Kings,2011,Crime|Drama|Adventure,Christopher Nolan,Tom Hardy|Scarlett Johansson|Amy Adams|Viola Davis|Leonardo DiCaprio,English,USA,94,5.8,2102259,199.4,565.1,loss|based on true story|time travel,A crime film featuring Tom Hardy.,17.45
MV1754,Collective,2017,Comedy|Mystery|Crime,Francis Ford Coppola,Brad Pitt|Tom Hanks|Tom Cruise|Denzel Washington|Chris Hemsworth,English,USA,159,6.0,1042915,264.1,907.5,freedom|coming of age|mystery|survival|revenge,A comedy film featuring Brad Pitt.,42.58
MV1755,Another Round,1962,Drama|Thriller|Comedy,Kathryn Bigelow,Chris Evans|Denzel Washington|Gene Hackman|Christian Bale,English,USA,132,7.7,1216106,140.5,633.8,loss|friendship|betrayal,A drama film featuring Chris Evans.,23.94
MV1756,Quo Vadis Aida,1962,Horror|Action,Greta Gerwig,Amy Adams|Jack Nicholson|Matt Damon|Jake Gyllenhaal|Scarlett Johansson,English,USA,141,6.0,74967,21.4,34.5,discovery|mystery|loss|survival|betrayal,A horror film featuring Amy Adams.,29.21
MV1757,Better Days,1961,History,Peter Jackson,Amy Adams|Cate Blanchett|Natalie Portman|Idris Elba|Tom Cruise,English,USA,144,6.0,2232979,209.2,1453.9,war|escape|ambition|power,A history film featuring Amy Adams.,69.34
MV1758,The Man Who Sold His Skin,2006,Thriller|History|Romance,Hayao Miyazaki,Keanu Reeves|Meryl Streep|Matt Damon,English,USA,155,8.0,1062400,200.0,547.2,betrayal|loss|corruption|heist,A thriller film featuring Keanu Reeves.,92.48
MV1759,Charlatan,2019,Crime,David Lynch,Keanu Reeves|Matt Damon|Will Smith|Tom Hanks|Emma Stone,English,USA,102,6.3,678865,127.9,103.3,war|friendship|power,A crime film featuring Keanu Reeves.,20.36
MV1760,Pig,1976,Mystery|Animation,Oliver Stone,Brad Pitt|Denzel Washington|Idris Elba,English,USA,182,6.3,775542,299.3,1126.2,sacrifice|danger|supernatural|time travel|friendship,A mystery film featuring Brad Pitt.,66.63
MV1761,The Card Counter,2006,Romance|Sci-Fi,Peter Jackson,Jack Nicholson|Idris Elba|Emma Stone|Gene Hackman,English,USA,177,6.2,1454646,260.8,1973.7,power|identity|freedom,A romance film featuring Jack Nicholson.,52.01
MV1762,The Green Knight,1965,Thriller|Action,Bong Joon-ho,Natalie Portman|Leonardo DiCaprio|Viola Davis|Al Pacino|Joaquin Phoenix,English,USA,198,9.1,1773495,51.2,313.2,love|heist|justice,A thriller film featuring Natalie Portman.,11.86
MV1763,Last Night in Soho,2021,Fantasy|Drama,Hayao Miyazaki,Chris Hemsworth|Tom Cruise|Robert De Niro,English,USA,196,6.6,1426606,298.7,972.7,survival|identity|war|heist,A fantasy film featuring Chris Hemsworth.,83.45
MV1764,Annette,2001,Crime|Horror|Sci-Fi,Oliver Stone,Ryan Gosling|Natalie Portman|Tom Hanks,English,USA,142,8.9,2157329,84.4,596.2,friendship|sacrifice|corruption|justice,A crime film featuring Ryan Gosling.,99.53
MV1765,The Suicide Squad,2000,Thriller|Fantasy|Comedy,Jordan Peele,Natalie Portman|Denzel Washington|Ryan Gosling,English,USA,134,6.7,1027043,237.4,1211.5,loss|friendship|betrayal|revenge,A thriller film featuring Natalie Portman.,19.21
MV1766,Army of Darkness,1972,Romance|Drama|Thriller,Oliver Stone,Idris Elba|Cate Blanchett|Matt Damon,English,USA,85,8.4,624152,72.4,75.7,supernatural|survival|justice|dystopia,A romance film featuring Idris Elba.,64.31
MV1767,Evil Dead,2004,Thriller,Guillermo del Toro,Gene Hackman|Amy Adams|Leonardo DiCaprio|Robert De Niro,English,USA,90,6.6,1095202,144.0,597.4,escape|survival|sacrifice|supernatural|identity,A thriller film featuring Gene Hackman.,62.98
MV1768,Evil Dead II,2023,Mystery|Fantasy|History,Oliver Stone,Al Pacino|Amy Adams|Robert De Niro,English,USA,119,7.8,1280058,79.6,179.7,based on true story|loss|coming of age|heist|betrayal,A mystery film featuring Al Pacino.,18.01
MV1769,Evil Dead Rise,1994,Action|Romance|Biography,Clint Eastwood,Viola Davis|Matt Damon|Joaquin Phoenix|Chris Evans,English,USA,152,8.0,831968,64.8,466.3,supernatural|coming of age|survival|identity|justice,A action film featuring Viola Davis.,89.97
MV1770,Drag Me to Hell,1988,Action|Comedy,Guillermo del Toro,Emma Stone|Tom Cruise|Robert De Niro,English,USA,167,8.1,1397806,63.6,166.9,danger|heist|mystery|justice,A action film featuring Emma Stone.,35.61
MV1771,Crimson Peak,1985,Horror|Animation,Ryan Coogler,Emma Stone|Brad Pitt|Chris Evans|Scarlett Johansson|Meryl Streep,English,USA,133,6.9,897601,286.1,2015.8,conspiracy|corruption|time travel|betrayal|war,A horror film featuring Emma Stone.,84.98
MV1772,The Devils Backbone,1973,Thriller|Drama,Park Chan-wook,Scarlett Johansson|Natalie Portman|Viola Davis|Robert De Niro,English,USA,132,7.1,2127591,256.8,395.8,family|love|friendship|mystery,A thriller film featuring Scarlett Johansson.,63.82
MV1773,Pans Labyrinth,1996,Mystery|Comedy|Thriller,Christopher Nolan,Al Pacino|Cate Blanchett|Matt Damon,English,USA,117,8.6,308144,194.8,917.7,based on true story|conspiracy|identity|love,A mystery film featuring Al Pacino.,50.57
MV1774,Cronos,2018,Crime|Sci-Fi|Fantasy,Christopher Nolan,Jack Nicholson|Chris Evans|Scarlett Johansson|Al Pacino|Ryan Gosling,English,USA,97,6.5,833719,44.0,55.2,sacrifice|revenge|justice|redemption|family,A crime film featuring Jack Nicholson.,96.1
MV1775,The Others,1999,Fantasy,Wes Anderson,Meryl Streep|Will Smith|Natalie Portman,English,USA,185,8.1,1076321,98.8,447.8,mystery|dystopia|war|power,A fantasy film featuring Meryl Streep.,37.26
MV1776,The Orphanage,1982,Drama,Peter Jackson,Tom Cruise|Emma Stone|Natalie Portman|Scarlett Johansson|Brad Pitt,English,USA,131,8.5,1412250,23.6,67.2,redemption|betrayal|supernatural,A drama film featuring Tom Cruise.,93.93
MV1777,REC,2011,Action|Drama,Tim Burton,Cate Blanchett|Scarlett Johansson|Viola Davis,English,USA,86,6.4,2131227,104.4,235.4,corruption|dystopia|redemption|ambition|time travel,A action film featuring Cate Blanchett.,38.36
MV1778,Martyrs,1981,History|Biography|Mystery,Coen Brothers,Viola Davis|Morgan Freeman|Margot Robbie|Tom Hardy|Natalie Portman,English,USA,142,6.1,1370774,160.9,946.3,dystopia|based on true story|revenge|identity,A history film featuring Viola Davis.,88.31
MV1779,Inside,2001,Biography|Animation,Quentin Tarantino,Leonardo DiCaprio|Morgan Freeman|Robert De Niro|Chris Evans|Viola Davis,English,USA,122,8.2,490561,295.3,884.5,justice|freedom|supernatural,A biography film featuring Leonardo DiCaprio.,30.38
MV1780,Frontiers,2003,Adventure|Comedy|Thriller,Ridley Scott,Keanu Reeves|Tom Hardy|Leonardo DiCaprio|Robert De Niro,English,USA,177,7.9,2325536,205.0,717.0,discovery|freedom|conspiracy|heist|betrayal,A adventure film featuring Keanu Reeves.,63.12
MV1781,High Tension,1981,Crime,Sofia Coppola,Robert Downey Jr|Tom Hardy|Natalie Portman|Denzel Washington,English,USA,91,6.3,2359131,160.7,693.9,coming of age|based on true story|heist|power,A crime film featuring Robert Downey Jr.,20.18
MV1782,Haute Tension,2016,Crime,Stanley Kubrick,Will Smith|Matt Damon|Chris Evans|Leonardo DiCaprio|Chris Hemsworth,English,USA,141,7.3,885020,66.1,303.0,corruption|loss|heist,A crime film featuring Will Smith.,58.27
MV1783,Funny Games,2013,Comedy,James Cameron,Robert Downey Jr|Morgan Freeman|Denzel Washington,English,USA,98,6.5,1741420,212.8,233.3,war|identity|ambition|betrayal,A comedy film featuring Robert Downey Jr.,12.25
MV1784,Cache,1974,Mystery|Animation|Comedy,Hayao Miyazaki,Chris Hemsworth|Amy Adams|Denzel Washington|Joaquin Phoenix|Chris Evans,English,USA,193,6.0,643765,173.0,999.4,loss|friendship|conspiracy|ambition|identity,A mystery film featuring Chris Hemsworth.,99.76
MV1785,Hidden,1992,Biography,Kathryn Bigelow,Jack Nicholson|Amy Adams|Tom Hardy,English,USA,188,6.9,1143385,165.9,509.1,friendship|justice|dystopia,A biography film featuring Jack Nicholson.,79.86
MV1786,The White Ribbon,1974,Mystery|Horror,Steven Spielberg,Amy Adams|Margot Robbie|Jake Gyllenhaal|Brad Pitt,English,USA,153,9.0,879189,14.0,105.0,justice|time travel|redemption|supernatural,A mystery film featuring Amy Adams.,10.03
MV1787,Amour,1999,Biography|History,Akira Kurosawa,Idris Elba|Robert Downey Jr|Jake Gyllenhaal|Morgan Freeman,English,USA,161,7.6,1076780,10.1,25.7,discovery|dystopia|friendship|family,A biography film featuring Idris Elba.,80.96
MV1788,Cache,1979,History|Sci-Fi,Jordan Peele,Chris Hemsworth|Emma Stone|Brad Pitt,English,USA,141,6.8,2034844,221.0,225.1,redemption|power|justice|ambition,A history film featuring Chris Hemsworth.,59.43
MV1789,Code Unknown,2019,Thriller|Action|Animation,Alfonso Cuaron,Scarlett Johansson|Tom Hanks|Joaquin Phoenix|Denzel Washington,English,USA,113,8.1,1394652,5.6,3.8,friendship|based on true story|escape,A thriller film featuring Scarlett Johansson.,95.17
MV1790,The Piano Teacher,2009,Biography|Horror,Tim Burton,Chris Evans|Tom Cruise|Chris Hemsworth|Viola Davis|Cate Blanchett,English,USA,199,7.2,2212236,104.7,175.5,friendship|loss|justice,A biography film featuring Chris Evans.,99.91
MV1791,Time of the Wolf,1988,Drama,Alfonso Cuaron,Christian Bale|Robert De Niro|Ryan Gosling,English,USA,143,6.6,1353821,58.4,390.8,escape|dystopia|danger,A drama film featuring Christian Bale.,74.22
MV1792,71 Fragments of a Chronology of Chance,2003,Fantasy|Biography,Sofia Coppola,Jack Nicholson|Robert Downey Jr|Tom Hanks|Tom Cruise|Morgan Freeman,English,USA,111,7.7,2231664,15.5,117.0,identity|betrayal|revenge|war,A fantasy film featuring Jack Nicholson.,43.61
MV1793,Benny's Video,1990,Crime|Comedy|Fantasy,Francis Ford Coppola,Morgan Freeman|Keanu Reeves|Chris Evans,English,USA,108,6.2,1162685,31.2,153.8,family|conspiracy|power|mystery,A crime film featuring Morgan Freeman.,28.7
MV1794,The Seventh Continent,1974,Biography,Ridley Scott,Al Pacino|Gene Hackman|Ryan Gosling|Scarlett Johansson,English,USA,98,5.8,2233757,122.0,82.0,war|discovery|love|corruption,A biography film featuring Al Pacino.,39.42
MV1795,Nostalghia,1978,Comedy,Sofia Coppola,Joaquin Phoenix|Amy Adams|Chris Evans,English,USA,153,5.9,76588,157.0,1175.0,corruption|redemption|war,A comedy film featuring Joaquin Phoenix.,14.72
MV1796,The Sacrifice,2014,Animation,Denis Villeneuve,Meryl Streep|Ryan Gosling|Margot Robbie|Chris Evans|Matt Damon,English,USA,154,6.6,1737517,64.3,183.0,loss|coming of age|redemption,A animation film featuring Meryl Streep.,26.02
MV1797,Andrei Rublev,1963,Biography,Christopher Nolan,Scarlett Johansson|Gene Hackman|Margot Robbie|Brad Pitt|Joaquin Phoenix,English,USA,85,6.7,2306752,274.6,406.8,conspiracy|war|coming of age|discovery|supernatural,A biography film featuring Scarlett Johansson.,60.21
MV1798,Stalker,1987,Action|Romance,Alfonso Cuaron,Keanu Reeves|Jack Nicholson|Tom Hardy|Margot Robbie,English,USA,163,5.6,1536347,186.6,464.8,based on true story|corruption|time travel|family,A action film featuring Keanu Reeves.,76.98
MV1799,Solaris,2009,Biography|Fantasy,James Cameron,Will Smith|Gene Hackman|Scarlett Johansson|Christian Bale,English,USA,109,7.6,895239,270.2,872.6,ambition|coming of age|redemption|family|heist,A biography film featuring Will Smith.,31.65
MV1800,Mirror,1995,Horror|Mystery|Thriller,Christopher Nolan,Al Pacino|Margot Robbie|Brad Pitt|Matt Damon,English,USA,150,6.3,1968586,106.6,777.8,danger|friendship|freedom|identity|escape,A horror film featuring Al Pacino.,27.01
MV1801,Persona,1996,Horror|History,Bong Joon-ho,Will Smith|Tom Cruise|Chris Hemsworth,English,USA,162,6.7,742169,46.4,313.1,betrayal|war|redemption|loss,A horror film featuring Will Smith.,31.51
MV1802,Scenes from a Marriage,2015,Animation|Comedy,David Fincher,Brad Pitt|Chris Hemsworth|Tom Hanks|Matt Damon,English,USA,114,6.4,384362,89.5,249.8,mystery|loss|family|time travel,A animation film featuring Brad Pitt.,42.95
MV1803,Cries and Whispers,1974,Horror|Romance|Drama,Denis Villeneuve,Meryl Streep|Keanu Reeves|Amy Adams|Margot Robbie,English,USA,149,7.2,1168649,266.7,329.2,justice|escape|war|time travel|supernatural,A horror film featuring Meryl Streep.,64.31
MV1804,Wild Strawberries,1984,Crime|Animation|Horror,Greta Gerwig,Ryan Gosling|Amy Adams|Denzel Washington|Matt Damon,English,USA,174,8.6,1678357,5.4,42.9,time travel|war|freedom|corruption,A crime film featuring Ryan Gosling.,21.64
MV1805,The Seventh Seal,1987,Animation|Thriller|Horror,Spike Lee,Christian Bale|Margot Robbie|Gene Hackman,English,USA,177,8.8,832313,90.7,630.6,redemption|identity|corruption|based on true story,A animation film featuring Christian Bale.,41.28
MV1806,Winter Light,1978,Animation|Horror,Sofia Coppola,Keanu Reeves|Will Smith|Robert De Niro,English,USA,199,7.3,2212764,261.4,1027.0,revenge|war|coming of age|based on true story,A animation film featuring Keanu Reeves.,78.16
MV1807,Through a Glass Darkly,1990,Horror|Crime|Romance,Tim Burton,Emma Stone|Idris Elba|Gene Hackman|Jack Nicholson,English,USA,97,7.9,1302941,211.7,1077.7,coming of age|war|ambition|survival,A horror film featuring Emma Stone.,36.35
MV1808,The Virgin Spring,2011,Drama|Sci-Fi|Horror,David Fincher,Scarlett Johansson|Robert De Niro|Christian Bale|Viola Davis,English,USA,125,9.3,1415356,78.6,67.3,revenge|time travel|betrayal|friendship|justice,A drama film featuring Scarlett Johansson.,81.59
MV1809,Smiles of a Summer Night,1984,Biography,David Lynch,Viola Davis|Cate Blanchett|Joaquin Phoenix|Gene Hackman|Tom Hardy,English,USA,109,9.0,1161472,74.8,536.9,love|family|corruption|friendship,A biography film featuring Viola Davis.,11.4
MV1810,The Magician,2004,History|Adventure,Hayao Miyazaki,Tom Cruise|Gene Hackman|Brad Pitt|Morgan Freeman|Amy Adams,English,USA,101,7.7,1437308,18.8,140.0,heist|time travel|ambition|revenge,A history film featuring Tom Cruise.,16.55
MV1811,Rashomon,1972,Biography|Romance|Comedy,Park Chan-wook,Ryan Gosling|Viola Davis|Christian Bale|Scarlett Johansson,English,USA,109,9.1,1985854,83.9,660.1,based on true story|danger|identity|coming of age|survival,A biography film featuring Ryan Gosling.,43.96
MV1812,Ikiru,1995,Action|History,David Fincher,Emma Stone|Gene Hackman|Chris Evans|Chris Hemsworth|Tom Hanks,English,USA,105,6.6,1279090,25.9,60.8,heist|betrayal|sacrifice|identity|justice,A action film featuring Emma Stone.,41.56
MV1813,Seven Samurai,2008,History|Romance|Mystery,Ang Lee,Robert Downey Jr|Will Smith|Christian Bale|Meryl Streep,English,USA,169,7.2,1010626,116.0,511.5,supernatural|coming of age|dystopia,A history film featuring Robert Downey Jr.,31.01
MV1814,Yojimbo,1999,Mystery|Romance,David Fincher,Meryl Streep|Robert Downey Jr|Chris Evans|Morgan Freeman|Tom Hanks,English,USA,88,9.1,2119541,100.5,335.4,dystopia|power|mystery|justice,A mystery film featuring Meryl Streep.,27.3
MV1815,Sanjuro,1961,Mystery|Animation,Peter Jackson,Tom Hardy|Emma Stone|Matt Damon|Natalie Portman,English,USA,104,6.7,626723,97.4,669.5,ambition|coming of age|corruption,A mystery film featuring Tom Hardy.,30.43
MV1816,Ran,1978,History|Biography|Action,Spike Lee,Gene Hackman|Tom Hanks|Denzel Washington|Robert Downey Jr,English,USA,175,6.5,1292894,240.1,169.6,justice|time travel|dystopia|supernatural,A history film featuring Gene Hackman.,57.78
MV1817,Kagemusha,2001,Mystery|Horror,Paul Thomas Anderson,Joaquin Phoenix|Leonardo DiCaprio|Tom Cruise|Cate Blanchett|Keanu Reeves,English,USA,94,6.6,1883119,241.8,1217.8,ambition|discovery|freedom,A mystery film featuring Joaquin Phoenix.,14.91
MV1818,Dersu Uzala,2006,Thriller|Drama|History,Wes Anderson,Natalie Portman|Al Pacino|Robert Downey Jr|Cate Blanchett|Emma Stone,English,USA,151,8.2,516032,201.3,651.8,sacrifice|family|identity|time travel|loss,A thriller film featuring Natalie Portman.,23.82
MV1819,High and Low,1983,Biography|Crime,Tim Burton,Christian Bale|Robert Downey Jr|Amy Adams,English,USA,145,9.3,410862,237.1,1418.6,redemption|escape|family,A biography film featuring Christian Bale.,33.02
MV1820,Stray Dog,2011,Drama,Stanley Kubrick,Cate Blanchett|Amy Adams|Natalie Portman|Leonardo DiCaprio|Viola Davis,English,USA,138,6.5,244304,105.6,149.9,mystery|discovery|love,A drama film featuring Cate Blanchett.,47.2
MV1821,The Bad Sleep Well,1972,Action,Wes Anderson,Scarlett Johansson|Margot Robbie|Viola Davis|Tom Cruise|Will Smith,English,USA,131,7.2,1270395,81.1,637.8,coming of age|supernatural|power|mystery,A action film featuring Scarlett Johansson.,49.64
MV1822,Tokyo Story,1997,Fantasy|Thriller,Sofia Coppola,Brad Pitt|Amy Adams|Idris Elba|Scarlett Johansson,English,USA,127,6.7,1050908,254.8,741.2,betrayal|family|war,A fantasy film featuring Brad Pitt.,72.26
MV1823,Late Spring,1976,Thriller,David Lynch,Tom Cruise|Robert De Niro|Chris Evans|Al Pacino,English,USA,105,7.0,110714,118.2,77.3,loss|time travel|corruption|love|justice,A thriller film featuring Tom Cruise.,38.43
MV1824,Early Summer,1971,Action|Crime,Ridley Scott,Keanu Reeves|Christian Bale|Cate Blanchett|Leonardo DiCaprio|Emma Stone,English,USA,135,6.4,1776514,73.0,156.1,coming of age|ambition|danger,A action film featuring Keanu Reeves.,82.81
MV1825,An Autumn Afternoon,1972,Action,Steven Spielberg,Idris Elba|Amy Adams|Meryl Streep|Scarlett Johansson,English,USA,139,7.8,1958440,104.4,714.7,family|coming of age|revenge,A action film featuring Idris Elba.,79.17
MV1826,Floating Weeds,1969,Drama|Mystery,Jordan Peele,Robert De Niro|Will Smith|Viola Davis|Matt Damon,English,USA,174,8.0,275439,27.3,81.1,time travel|survival|betrayal|identity,A drama film featuring Robert De Niro.,26.38
MV1827,Good Morning,2003,Animation|History|Crime,Bong Joon-ho,Robert Downey Jr|Chris Hemsworth|Jake Gyllenhaal|Robert De Niro|Christian Bale,English,USA,152,7.2,2234578,236.8,1669.2,based on true story|family|mystery|coming of age|danger,A animation film featuring Robert Downey Jr.,90.89
MV1828,Record of a Tenement Gentleman,2016,Sci-Fi,Peter Jackson,Jake Gyllenhaal|Jack Nicholson|Keanu Reeves|Tom Hanks|Margot Robbie,English,USA,197,6.5,1705906,74.1,228.6,conspiracy|mystery|escape|friendship,A sci-fi film featuring Jake Gyllenhaal.,65.1
MV1829,Ugetsu,1985,Fantasy|Romance|Comedy,Wes Anderson,Will Smith|Gene Hackman|Idris Elba|Joaquin Phoenix,English,USA,194,6.3,1304347,71.4,173.8,ambition|revenge|power|war|freedom,A fantasy film featuring Will Smith.,98.9
MV1830,Sansho the Bailiff,1996,Animation,Peter Jackson,Morgan Freeman|Idris Elba|Will Smith,English,USA,193,9.3,1170445,201.8,1479.3,survival|escape|heist|coming of age|love,A animation film featuring Morgan Freeman.,26.97
MV1831,Oharu,2009,Biography|Thriller|Sci-Fi,Jordan Peele,Scarlett Johansson|Natalie Portman|Cate Blanchett,English,USA,169,5.9,100785,101.4,513.8,heist|justice|love,A biography film featuring Scarlett Johansson.,52.88
MV1832,Shin Heike Monogatari,1963,Drama|Biography|Crime,Quentin Tarantino,Christian Bale|Jack Nicholson|Keanu Reeves|Denzel Washington,English,USA,177,8.9,2388484,199.6,385.6,love|escape|heist|revenge,A drama film featuring Christian Bale.,24.6
MV1833,The Life of Oharu,1986,Crime|Biography,Kathryn Bigelow,Joaquin Phoenix|Keanu Reeves|Gene Hackman|Tom Hardy|Christian Bale,English,USA,90,6.7,472455,28.7,203.6,heist|discovery|sacrifice|friendship|mystery,A crime film featuring Joaquin Phoenix.,43.37
MV1834,Floating Weeds 1959,1994,History|Comedy,Oliver Stone,Keanu Reeves|Robert De Niro|Joaquin Phoenix|Al Pacino|Cate Blanchett,English,USA,131,8.7,74674,122.6,192.2,based on true story|power|identity|love,A history film featuring Keanu Reeves.,12.46
MV1835,An Inn in Tokyo,2009,Comedy,Peter Jackson,Ryan Gosling|Chris Hemsworth|Robert Downey Jr,English,USA,89,7.0,1163370,271.1,717.2,mystery|identity|heist,A comedy film featuring Ryan Gosling.,28.7
MV1836,I Was Born But,2001,Mystery,Ridley Scott,Amy Adams|Gene Hackman|Natalie Portman|Meryl Streep,English,USA,92,6.9,1632938,15.8,98.4,justice|freedom|mystery|betrayal,A mystery film featuring Amy Adams.,52.15
MV1837,Where Now Are the Dreams of Youth,1966,Fantasy|Animation,Francis Ford Coppola,Leonardo DiCaprio|Will Smith|Morgan Freeman|Chris Evans,English,USA,169,6.4,1311389,67.9,426.2,war|friendship|identity|freedom|dystopia,A fantasy film featuring Leonardo DiCaprio.,18.69
MV1838,Woman of Tokyo,1980,History|Crime,Coen Brothers,Tom Hardy|Matt Damon|Cate Blanchett|Morgan Freeman,English,USA,87,6.9,1517821,203.6,720.7,love|coming of age|betrayal|corruption|friendship,A history film featuring Tom Hardy.,73.57
MV1839,Dragnet Girl,2004,History,Martin Scorsese,Gene Hackman|Margot Robbie|Keanu Reeves,English,USA,135,6.3,2214870,102.7,522.3,sacrifice|identity|justice|corruption|time travel,A history film featuring Gene Hackman.,97.46
MV1840,Passing Fancy,1960,Animation|Horror,Stanley Kubrick,Tom Cruise|Christian Bale|Will Smith|Robert De Niro|Idris Elba,English,USA,196,7.8,2296538,122.2,761.0,mystery|identity|coming of age|revenge|friendship,A animation film featuring Tom Cruise.,45.21
MV1841,Story of Floating Weeds,1986,Crime|Romance|Horror,Ron Howard,Tom Cruise|Cate Blanchett|Leonardo DiCaprio|Emma Stone,English,USA,115,6.1,1918023,182.1,1415.0,betrayal|identity|based on true story,A crime film featuring Tom Cruise.,72.97
MV1842,A Story of Floating Weeds,1992,Fantasy,Jordan Peele,Al Pacino|Ryan Gosling|Brad Pitt|Margot Robbie,English,USA,88,5.6,59230,167.3,856.0,loss|mystery|betrayal|friendship|sacrifice,A fantasy film featuring Al Pacino.,53.52
MV1843,8 and a Half,1964,Biography,Christopher Nolan,Meryl Streep|Leonardo DiCaprio|Al Pacino|Robert Downey Jr,English,USA,143,6.8,2068352,227.1,961.9,ambition|survival|heist|coming of age|justice,A biography film featuring Meryl Streep.,67.28
MV1844,La Dolce Vita,1988,Comedy|Romance,Tim Burton,Gene Hackman|Jake Gyllenhaal|Leonardo DiCaprio,English,USA,195,9.2,1219230,161.9,611.4,revenge|discovery|dystopia,A comedy film featuring Gene Hackman.,13.56
MV1845,Amarcord,1979,Action,Steven Spielberg,Viola Davis|Denzel Washington|Cate Blanchett,English,USA,109,7.6,1681863,121.8,310.9,supernatural|discovery|sacrifice|freedom,A action film featuring Viola Davis.,93.16
MV1846,Roma Fellini,1993,History|Thriller,Martin Scorsese,Idris Elba|Keanu Reeves|Tom Cruise|Brad Pitt,English,USA,125,9.1,2094592,70.3,203.9,escape|discovery|war,A history film featuring Idris Elba.,21.86
MV1847,Satyricon,1971,Action,Sofia Coppola,Gene Hackman|Idris Elba|Joaquin Phoenix,English,USA,176,6.5,413596,93.1,153.5,freedom|dystopia|friendship,A action film featuring Gene Hackman.,41.16
MV1848,Juliet of the Spirits,2008,Horror|Mystery,Paul Thomas Anderson,Meryl Streep|Robert Downey Jr|Chris Evans|Morgan Freeman|Margot Robbie,English,USA,178,7.1,2192481,5.9,15.0,friendship|freedom|corruption,A horror film featuring Meryl Streep.,32.54
MV1849,Nights of Cabiria,2017,Sci-Fi|Animation|Thriller,Martin Scorsese,Chris Hemsworth|Amy Adams|Meryl Streep|Leonardo DiCaprio,English,USA,119,9.0,566946,67.7,474.3,mystery|conspiracy|corruption,A sci-fi film featuring Chris Hemsworth.,67.89
MV1850,La Strada,1984,Animation|Crime,Paul Thomas Anderson,Joaquin Phoenix|Jack Nicholson|Emma Stone|Matt Damon,English,USA,190,8.4,789839,144.6,1119.0,friendship|time travel|love|ambition|supernatural,A animation film featuring Joaquin Phoenix.,61.17
MV1851,Il Bidone,1968,Thriller|Comedy,Spike Lee,Keanu Reeves|Tom Cruise|Idris Elba,English,USA,136,9.2,950326,166.6,921.7,danger|family|escape|sacrifice|time travel,A thriller film featuring Keanu Reeves.,15.92
MV1852,The White Sheik,2016,Crime|Fantasy|Romance,Ridley Scott,Cate Blanchett|Al Pacino|Meryl Streep|Joaquin Phoenix,English,USA,120,7.0,1482331,276.3,269.3,war|redemption|conspiracy|sacrifice|friendship,A crime film featuring Cate Blanchett.,33.0
MV1853,Variety Lights,2023,Adventure|Horror|Fantasy,Sofia Coppola,Christian Bale|Keanu Reeves|Meryl Streep|Leonardo DiCaprio,English,USA,171,8.3,1853172,73.6,413.9,redemption|freedom|war|corruption,A adventure film featuring Christian Bale.,27.37
MV1854,Open City,1988,Mystery|Fantasy,Bong Joon-ho,Joaquin Phoenix|Robert De Niro|Keanu Reeves,English,USA,154,8.7,988977,283.3,656.2,supernatural|based on true story|discovery|redemption,A mystery film featuring Joaquin Phoenix.,18.67
MV1855,Paisa,2017,Mystery,Denis Villeneuve,Ryan Gosling|Matt Damon|Will Smith|Meryl Streep|Brad Pitt,English,USA,147,6.6,824960,183.9,1216.6,supernatural|time travel|danger,A mystery film featuring Ryan Gosling.,57.36
MV1856,Germany Year Zero,2011,Crime|Comedy,Steven Spielberg,Chris Hemsworth|Brad Pitt|Robert Downey Jr,English,USA,174,7.5,1373587,223.7,608.4,redemption|survival|freedom|family|ambition,A crime film featuring Chris Hemsworth.,40.93
MV1857,Bicycle Thieves,2000,Comedy,Bong Joon-ho,Denzel Washington|Margot Robbie|Brad Pitt|Tom Hanks|Tom Cruise,English,USA,117,7.2,2358979,195.9,205.7,justice|corruption|sacrifice|based on true story|discovery,A comedy film featuring Denzel Washington.,53.26
MV1858,Umberto D,1983,Fantasy|Action,Akira Kurosawa,Tom Hardy|Keanu Reeves|Margot Robbie,English,USA,89,8.9,2045733,72.2,148.7,discovery|family|corruption,A fantasy film featuring Tom Hardy.,83.78
MV1859,Miracle in Milan,2019,Thriller|Romance,Akira Kurosawa,Idris Elba|Brad Pitt|Natalie Portman|Tom Hanks|Tom Hardy,English,USA,174,5.7,289116,197.0,752.7,identity|discovery|loss|escape|conspiracy,A thriller film featuring Idris Elba.,45.51
MV1860,Shoeshine,2022,Sci-Fi|History,Sofia Coppola,Jake Gyllenhaal|Al Pacino|Tom Hardy|Jack Nicholson|Margot Robbie,English,USA,193,9.0,743911,129.2,872.2,ambition|danger|loss|redemption,A sci-fi film featuring Jake Gyllenhaal.,70.34
MV1861,La Terra Trema,1987,Crime|Biography|Drama,Christopher Nolan,Emma Stone|Jake Gyllenhaal|Tom Cruise|Chris Evans|Tom Hardy,English,USA,171,5.5,593121,282.4,1285.3,sacrifice|power|coming of age|heist,A crime film featuring Emma Stone.,66.15
MV1862,Rocco and His Brothers,2001,Drama|Sci-Fi,Hayao Miyazaki,Robert Downey Jr|Meryl Streep|Margot Robbie,English,USA,102,8.6,1895833,99.2,199.2,corruption|freedom|mystery|heist|identity,A drama film featuring Robert Downey Jr.,16.46
MV1863,Visconti,2015,History|Sci-Fi,Greta Gerwig,Natalie Portman|Viola Davis|Chris Evans|Leonardo DiCaprio,English,USA,90,8.5,2260473,170.1,1095.1,loss|dystopia|ambition,A history film featuring Natalie Portman.,34.92
MV1864,The Leopard,2024,Drama|Romance|Comedy,Park Chan-wook,Will Smith|Leonardo DiCaprio|Tom Hardy|Jake Gyllenhaal,English,USA,87,5.9,1012876,91.3,133.1,corruption|sacrifice|survival,A drama film featuring Will Smith.,92.54
MV1865,Death in Venice,1996,Sci-Fi|Adventure,Greta Gerwig,Jake Gyllenhaal|Denzel Washington|Emma Stone|Joaquin Phoenix|Tom Cruise,English,USA,138,9.1,2028834,133.3,216.8,betrayal|dystopia|discovery,A sci-fi film featuring Jake Gyllenhaal.,30.48
MV1866,Ludwig,2017,Romance|Animation|Thriller,Spike Lee,Morgan Freeman|Emma Stone|Chris Hemsworth,English,USA,96,6.7,470103,138.8,363.3,redemption|family|freedom|heist,A romance film featuring Morgan Freeman.,46.47
MV1867,Conversation Piece,2015,Horror|Comedy|History,Wes Anderson,Will Smith|Morgan Freeman|Denzel Washington|Tom Hanks,English,USA,194,6.7,1324858,97.0,708.5,coming of age|heist|mystery|betrayal,A horror film featuring Will Smith.,73.94
MV1868,L'Avventura,2012,Mystery,Paul Thomas Anderson,Joaquin Phoenix|Meryl Streep|Tom Cruise|Keanu Reeves,English,USA,129,5.6,696673,147.0,602.8,conspiracy|revenge|danger|identity|heist,A mystery film featuring Joaquin Phoenix.,33.16
MV1869,La Notte,2001,Crime|Romance,Ridley Scott,Amy Adams|Robert De Niro|Tom Hanks|Chris Hemsworth,English,USA,128,7.5,2169391,88.1,325.8,betrayal|family|heist|supernatural,A crime film featuring Amy Adams.,20.04
MV1870,The Eclipse,1986,History|Crime|Thriller,Stanley Kubrick,Chris Evans|Tom Hardy|Keanu Reeves|Al Pacino|Chris Hemsworth,English,USA,98,8.5,299372,117.3,172.2,dystopia|revenge|freedom|danger,A history film featuring Chris Evans.,22.3
MV1871,Red Desert,2000,Horror|Adventure|Thriller,Paul Thomas Anderson,Will Smith|Cate Blanchett|Brad Pitt|Morgan Freeman,English,USA,196,5.7,104309,273.8,1550.7,discovery|corruption|justice|danger,A horror film featuring Will Smith.,34.21
MV1872,Blow-Up,1990,Action|Thriller,Denis Villeneuve,Morgan Freeman|Robert De Niro|Chris Evans|Gene Hackman|Idris Elba,English,USA,170,8.6,2488239,145.4,354.0,justice|based on true story|sacrifice|corruption,A action film featuring Morgan Freeman.,60.4
MV1873,Zabriskie Point,2019,Fantasy|Crime,Christopher Nolan,Keanu Reeves|Leonardo DiCaprio|Morgan Freeman|Idris Elba,English,USA,120,5.8,294956,161.2,767.0,war|danger|family|supernatural,A fantasy film featuring Keanu Reeves.,45.53
MV1874,The Passenger,2020,Crime,Akira Kurosawa,Robert Downey Jr|Gene Hackman|Chris Evans|Tom Hanks,English,USA,108,6.5,1433093,15.5,43.8,survival|war|freedom|heist|mystery,A crime film featuring Robert Downey Jr.,43.19
MV1875,Identification of a Woman,2003,Fantasy|Thriller,Paul Thomas Anderson,Meryl Streep|Jake Gyllenhaal|Robert De Niro|Denzel Washington|Will Smith,English,USA,178,7.8,2426714,167.4,1268.3,conspiracy|revenge|power|dystopia|betrayal,A fantasy film featuring Meryl Streep.,76.18
MV1876,Beyond the Clouds,2014,Adventure,Alfonso Cuaron,Tom Hanks|Tom Cruise|Joaquin Phoenix,English,USA,99,9.1,300321,156.1,849.5,based on true story|survival|discovery,A adventure film featuring Tom Hanks.,43.15
MV1877,The Story of a Love Affair,1991,Sci-Fi|Drama|Crime,Clint Eastwood,Viola Davis|Natalie Portman|Scarlett Johansson|Emma Stone|Cate Blanchett,English,USA,140,6.7,646757,61.3,244.6,sacrifice|identity|discovery|ambition|war,A sci-fi film featuring Viola Davis.,43.04
MV1878,Chronicle of a Love,1968,Animation,Peter Jackson,Gene Hackman|Morgan Freeman|Jake Gyllenhaal|Amy Adams,English,USA,147,9.2,927826,231.1,1176.6,conspiracy|supernatural|mystery|time travel|revenge,A animation film featuring Gene Hackman.,53.66
MV1879,Le Amiche,2008,Fantasy|Romance|Mystery,Terry Gilliam,Will Smith|Robert Downey Jr|Matt Damon|Natalie Portman|Robert De Niro,English,USA,132,6.6,187097,133.4,420.9,identity|survival|coming of age,A fantasy film featuring Will Smith.,81.88
MV1880,Il Grido,2014,Mystery|Fantasy|Action,Tim Burton,Viola Davis|Leonardo DiCaprio|Tom Cruise,English,USA,168,9.2,1139734,24.5,136.3,loss|dystopia|freedom|war,A mystery film featuring Viola Davis.,64.12
MV1881,Breathless,2001,Action,Paul Thomas Anderson,Natalie Portman|Gene Hackman|Meryl Streep,English,USA,92,8.4,1562111,28.9,139.2,corruption|freedom|ambition,A action film featuring Natalie Portman.,57.92
MV1882,Contempt,2007,Mystery|Drama,Stanley Kubrick,Robert De Niro|Jack Nicholson|Robert Downey Jr|Chris Hemsworth,English,USA,185,8.6,2212121,150.7,1039.7,survival|identity|sacrifice|corruption|escape,A mystery film featuring Robert De Niro.,33.38
MV1883,Pierrot le Fou,1978,Mystery,Kathryn Bigelow,Amy Adams|Cate Blanchett|Brad Pitt|Chris Hemsworth,English,USA,184,7.4,1656368,75.1,340.3,mystery|love|power|conspiracy|coming of age,A mystery film featuring Amy Adams.,29.07
MV1884,Band of Outsiders,1999,Action|Romance|Comedy,David Lynch,Margot Robbie|Jack Nicholson|Gene Hackman|Chris Hemsworth,English,USA,147,8.0,1641949,107.1,268.6,escape|war|based on true story|justice|sacrifice,A action film featuring Margot Robbie.,48.92
MV1885,Masculin Feminin,1983,Thriller|Fantasy|Action,Martin Scorsese,Matt Damon|Robert De Niro|Christian Bale,English,USA,99,6.1,2276864,167.8,1243.4,heist|supernatural|dystopia|loss,A thriller film featuring Matt Damon.,59.85
MV1886,Made in USA,1987,Sci-Fi,Greta Gerwig,Robert Downey Jr|Natalie Portman|Christian Bale|Amy Adams,English,USA,135,7.3,638269,105.3,464.4,loss|discovery|war|identity|heist,A sci-fi film featuring Robert Downey Jr.,97.02
MV1887,Week End,2004,Crime|Animation,Christopher Nolan,Emma Stone|Christian Bale|Tom Hardy|Idris Elba,English,USA,186,7.6,2413011,256.0,1859.3,loss|coming of age|time travel|justice|love,A crime film featuring Emma Stone.,87.41
MV1888,La Chinoise,1972,Fantasy|Adventure,Sofia Coppola,Joaquin Phoenix|Natalie Portman|Emma Stone,English,USA,183,6.6,305466,112.9,365.0,redemption|conspiracy|heist|family,A fantasy film featuring Joaquin Phoenix.,70.53
MV1889,Two or Three Things I Know About Her,2007,Drama|Mystery|History,James Cameron,Tom Hardy|Scarlett Johansson|Keanu Reeves|Idris Elba,English,USA,86,6.0,143627,74.1,390.4,family|corruption|ambition|based on true story|justice,A drama film featuring Tom Hardy.,68.49
MV1890,Alphaville,2016,Horror|Animation,Steven Spielberg,Brad Pitt|Emma Stone|Natalie Portman|Jake Gyllenhaal,English,USA,96,8.5,1428021,68.2,451.6,loss|ambition|identity,A horror film featuring Brad Pitt.,47.74
MV1891,Vivre sa Vie,2011,Adventure|Crime|History,Denis Villeneuve,Cate Blanchett|Chris Evans|Denzel Washington,English,USA,157,5.7,554158,18.1,139.2,time travel|power|supernatural,A adventure film featuring Cate Blanchett.,30.66
MV1892,My Life to Live,2009,Horror|Comedy|Sci-Fi,Ron Howard,Denzel Washington|Viola Davis|Will Smith|Ryan Gosling|Meryl Streep,English,USA,115,8.6,1410426,268.6,1868.0,friendship|betrayal|survival|power|ambition,A horror film featuring Denzel Washington.,75.13
MV1893,A Woman Is a Woman,1986,Drama|Horror,Jordan Peele,Gene Hackman|Natalie Portman|Matt Damon|Keanu Reeves,English,USA,145,5.8,1204559,162.2,1264.0,ambition|survival|identity,A drama film featuring Gene Hackman.,12.38
MV1894,The Little Soldier,2003,Drama|Thriller|Romance,Alfonso Cuaron,Robert De Niro|Natalie Portman|Jack Nicholson|Margot Robbie|Gene Hackman,English,USA,175,7.9,1808016,263.4,1621.7,love|based on true story|war,A drama film featuring Robert De Niro.,68.69
MV1895,Les Carabiniers,2019,Fantasy|Biography,Clint Eastwood,Will Smith|Denzel Washington|Tom Hanks|Meryl Streep,English,USA,130,7.8,923892,25.6,176.9,family|revenge|betrayal,A fantasy film featuring Will Smith.,59.16
MV1896,Une Femme Mariee,1978,Adventure,Akira Kurosawa,Robert Downey Jr|Denzel Washington|Tom Hardy|Matt Damon|Idris Elba,English,USA,162,6.1,1170836,66.5,411.7,power|survival|escape|mystery|discovery,A adventure film featuring Robert Downey Jr.,62.5
MV1897,Numero Deux,1976,Action,Denis Villeneuve,Al Pacino|Margot Robbie|Matt Damon|Christian Bale|Emma Stone,English,USA,178,5.6,2379554,295.1,675.9,heist|based on true story|ambition|corruption,A action film featuring Al Pacino.,45.06
MV1898,Sauve Qui Peut,1979,Comedy,Stanley Kubrick,Tom Hanks|Joaquin Phoenix|Cate Blanchett|Will Smith,English,USA,113,6.1,15410,171.4,953.4,friendship|dystopia|war|escape|identity,A comedy film featuring Tom Hanks.,96.83
MV1899,Passion Godard,1965,Thriller,Sofia Coppola,Will Smith|Natalie Portman|Amy Adams|Emma Stone,English,USA,87,7.2,2090056,82.5,340.3,danger|corruption|loss|time travel,A thriller film featuring Will Smith.,99.1
MV1900,First Name Carmen,1972,History|Adventure|Drama,Peter Jackson,Denzel Washington|Tom Hardy|Brad Pitt|Natalie Portman|Emma Stone,English,USA,162,5.5,2478372,182.5,1066.4,sacrifice|survival|based on true story|love|power,A history film featuring Denzel Washington.,26.61
MV1901,Detective,1998,Animation|History|Mystery,Sofia Coppola,Matt Damon|Scarlett Johansson|Brad Pitt|Leonardo DiCaprio|Denzel Washington,English,USA,87,8.9,492564,170.6,754.3,coming of age|time travel|love|escape,A animation film featuring Matt Damon.,43.54
MV1902,Hail Mary,1989,Horror|Biography,Kathryn Bigelow,Christian Bale|Chris Hemsworth|Meryl Streep,English,USA,159,8.3,2069501,283.7,310.9,love|betrayal|danger|freedom|friendship,A horror film featuring Christian Bale.,86.0
MV1903,King Lear,2000,Thriller|Biography,Martin Scorsese,Gene Hackman|Leonardo DiCaprio|Chris Hemsworth|Tom Hardy|Brad Pitt,English,USA,89,6.5,1056434,205.9,991.4,redemption|freedom|friendship|war,A thriller film featuring Gene Hackman.,90.6
MV1904,Film Socialisme,2007,Thriller,Ryan Coogler,Will Smith|Robert De Niro|Christian Bale|Chris Hemsworth,English,USA,189,6.7,1315462,288.7,1577.9,war|sacrifice|escape|time travel,A thriller film featuring Will Smith.,80.43
MV1905,Goodbye to Language,2012,Animation,Oliver Stone,Chris Hemsworth|Robert Downey Jr|Leonardo DiCaprio,English,USA,199,7.5,226348,250.5,1081.4,redemption|time travel|friendship,A animation film featuring Chris Hemsworth.,66.55
MV1906,The Image Book,1979,Fantasy,Spike Lee,Morgan Freeman|Jake Gyllenhaal|Matt Damon,English,USA,126,6.4,100228,241.9,1850.5,dystopia|betrayal|revenge|ambition,A fantasy film featuring Morgan Freeman.,65.19
MV1907,400 Blows,1969,Action|Thriller,Hayao Miyazaki,Emma Stone|Amy Adams|Brad Pitt,English,USA,114,8.3,2033939,170.4,1004.0,coming of age|war|sacrifice,A action film featuring Emma Stone.,99.06
MV1908,Jules and Jim,2009,Crime|Drama|Biography,Park Chan-wook,Brad Pitt|Natalie Portman|Robert De Niro|Emma Stone,English,USA,132,7.3,725010,283.2,1997.3,escape|coming of age|freedom|war,A crime film featuring Brad Pitt.,10.47
MV1909,Stolen Kisses,1976,Adventure,Quentin Tarantino,Brad Pitt|Will Smith|Al Pacino|Emma Stone|Natalie Portman,English,USA,129,8.2,1673191,39.2,117.4,power|heist|family,A adventure film featuring Brad Pitt.,68.12
MV1910,Bed and Board,2001,Comedy|History,Alfonso Cuaron,Will Smith|Ryan Gosling|Jake Gyllenhaal|Cate Blanchett,English,USA,192,8.8,1000669,22.7,23.8,revenge|loss|coming of age|identity|ambition,A comedy film featuring Will Smith.,18.27
MV1911,Love on the Run,1969,Biography,David Fincher,Morgan Freeman|Robert De Niro|Leonardo DiCaprio,English,USA,156,6.9,1696526,242.7,477.8,coming of age|war|corruption,A biography film featuring Morgan Freeman.,10.97
MV1912,Small Change,2006,Adventure,Ron Howard,Tom Cruise|Margot Robbie|Viola Davis,English,USA,164,5.6,876239,297.7,1854.7,family|love|freedom|sacrifice|discovery,A adventure film featuring Tom Cruise.,32.83
MV1913,The Wild Child,2024,History|Drama,Bong Joon-ho,Robert De Niro|Will Smith|Brad Pitt,English,USA,161,9.0,1557923,185.1,177.2,dystopia|mystery|justice|conspiracy|coming of age,A history film featuring Robert De Niro.,14.04
MV1914,Day for Night,1969,Crime,Oliver Stone,Gene Hackman|Brad Pitt|Tom Cruise,English,USA,122,8.2,21046,196.7,531.3,revenge|conspiracy|survival|mystery,A crime film featuring Gene Hackman.,68.09
MV1915,Two English Girls,2015,Animation|Comedy,Francis Ford Coppola,Scarlett Johansson|Cate Blanchett|Keanu Reeves|Amy Adams,English,USA,156,7.2,2267258,115.1,323.7,escape|ambition|identity,A animation film featuring Scarlett Johansson.,61.06
MV1916,Anne and Muriel,2014,Horror|History,Alfonso Cuaron,Robert De Niro|Keanu Reeves|Margot Robbie|Cate Blanchett|Idris Elba,English,USA,120,8.5,1403578,30.9,228.1,betrayal|revenge|sacrifice,A horror film featuring Robert De Niro.,59.38
MV1917,Soft Skin,2014,Comedy,James Cameron,Gene Hackman|Al Pacino|Morgan Freeman,English,USA,192,9.1,1685694,134.8,697.6,family|ambition|heist|identity|corruption,A comedy film featuring Gene Hackman.,73.32
MV1918,Shoot the Piano Player,1965,Romance|Biography|Drama,James Cameron,Denzel Washington|Matt Damon|Natalie Portman,English,USA,200,5.5,1520798,188.8,143.9,justice|supernatural|war|betrayal|conspiracy,A romance film featuring Denzel Washington.,73.56
MV1919,Belle de Jour,2016,Crime,Peter Jackson,Tom Hardy|Gene Hackman|Margot Robbie,English,USA,153,8.6,1622441,222.5,995.3,escape|mystery|heist|power,A crime film featuring Tom Hardy.,30.53
MV1920,The Discreet Charm of the Bourgeoisie,1986,Mystery|Adventure|History,David Fincher,Gene Hackman|Brad Pitt|Amy Adams,English,USA,130,7.6,1351116,299.4,2056.5,redemption|mystery|discovery,A mystery film featuring Gene Hackman.,58.54
MV1921,The Exterminating Angel,2018,Fantasy,Francis Ford Coppola,Chris Hemsworth|Brad Pitt|Idris Elba|Meryl Streep|Will Smith,English,USA,165,5.6,1634630,262.6,477.2,loss|justice|betrayal,A fantasy film featuring Chris Hemsworth.,62.65
MV1922,Viridiana,2022,History|Comedy|Sci-Fi,Akira Kurosawa,Cate Blanchett|Robert Downey Jr|Robert De Niro|Al Pacino,English,USA,110,6.8,1313899,236.9,897.2,identity|revenge|power|survival|family,A history film featuring Cate Blanchett.,42.0
MV1923,Los Olvidados,1967,Romance|Animation|Crime,Martin Scorsese,Idris Elba|Viola Davis|Margot Robbie|Tom Cruise,English,USA,133,8.5,584860,48.8,143.9,corruption|family|heist|time travel,A romance film featuring Idris Elba.,25.06
MV1924,El,2024,Action|Biography,James Cameron,Will Smith|Amy Adams|Al Pacino|Cate Blanchett|Matt Damon,English,USA,141,9.2,20848,6.6,50.8,discovery|friendship|survival|danger,A action film featuring Will Smith.,17.1
MV1925,Nazarin,2004,Horror|Mystery|Adventure,Quentin Tarantino,Keanu Reeves|Natalie Portman|Viola Davis|Emma Stone,English,USA,156,8.9,1050963,84.2,169.5,danger|loss|love,A horror film featuring Keanu Reeves.,87.34
MV1926,Simon of the Desert,2018,Action|Horror|Comedy,Quentin Tarantino,Jack Nicholson|Viola Davis|Amy Adams|Emma Stone|Tom Cruise,English,USA,96,6.1,711568,30.4,91.0,loss|danger|time travel|conspiracy|mystery,A action film featuring Jack Nicholson.,20.77
MV1927,The Milky Way,2019,Biography|History|Comedy,James Cameron,Will Smith|Morgan Freeman|Scarlett Johansson,English,USA,187,8.5,1232681,240.9,1743.9,discovery|escape|identity|redemption|supernatural,A biography film featuring Will Smith.,25.39
MV1928,The Phantom of Liberty,2000,Mystery|Adventure|Crime,Terry Gilliam,Joaquin Phoenix|Matt Damon|Emma Stone|Natalie Portman,English,USA,123,8.0,1628131,53.0,174.0,coming of age|based on true story|family|corruption,A mystery film featuring Joaquin Phoenix.,54.06
MV1929,That Obscure Object of Desire,1967,Animation|History,Francis Ford Coppola,Matt Damon|Amy Adams|Jack Nicholson|Cate Blanchett|Christian Bale,English,USA,176,8.7,1028630,149.3,571.2,discovery|corruption|friendship|loss|mystery,A animation film featuring Matt Damon.,52.71
MV1930,Un Chien Andalou,1964,Adventure|Biography|Fantasy,Denis Villeneuve,Amy Adams|Scarlett Johansson|Keanu Reeves|Cate Blanchett|Tom Hardy,English,USA,126,5.9,660555,206.1,201.3,freedom|discovery|betrayal,A adventure film featuring Amy Adams.,15.67
MV1931,L Age d Or,2002,Horror|Animation|Drama,Park Chan-wook,Idris Elba|Tom Hardy|Keanu Reeves|Matt Damon,English,USA,87,8.7,2198217,293.4,2094.3,discovery|heist|time travel|war|conspiracy,A horror film featuring Idris Elba.,65.84
MV1932,Land Without Bread,2007,Adventure|Romance,David Lynch,Natalie Portman|Tom Cruise|Robert Downey Jr,English,USA,86,6.8,1649140,214.9,1278.0,ambition|escape|friendship|power|survival,A adventure film featuring Natalie Portman.,16.37
