RecordID,City,Date,Season,Temperature(C),Humidity(%),WindSpeed(km/h),WindDirection,Rainfall(mm),PM2.5,PM10,NO2,SO2,CO,O3,LandUseType,TrafficDensityIndex,NearbyFactories,VisibilityKm,PreviousDayAQI,AQI
REC1000,Kolkata,2020-03-24,Summer,19.9,43.5,10.9,NE,3.7,60.5,88.0,27.4,20.4,1.19,29.3,Commercial,0.98,29,11.0,152,132
REC1001,Ahmedabad,2020-04-14,Summer,29.3,48.9,6.4,SW,4.1,89.6,117.6,21.5,10.4,1.24,19.1,Industrial,8.28,13,5.0,195,189
REC1002,Kanpur,2021-06-09,Monsoon,25.0,80.1,4.8,W,39.5,32.2,53.1,23.6,10.8,0.38,15.6,Mixed,4.92,15,4.3,91,86
REC1003,Jaipur,2022-09-10,Monsoon,23.2,99.8,33.2,W,13.4,9.2,15.1,8.6,4.6,0.29,10.0,Mixed,2.17,30,13.0,20,20
REC1004,Chandigarh,2019-12-21,Winter,26.3,14.9,8.1,NW,3.1,44.2,78.8,30.9,23.9,2.0,12.4,Residential,7.86,0,5.8,114,120
REC1005,Kolkata,2022-09-24,Monsoon,31.8,78.9,8.9,N,25.3,25.7,35.0,17.8,6.1,0.23,16.4,Industrial,0.47,13,10.4,20,50
REC1006,Chennai,2024-10-02,Post-Monsoon,29.4,55.8,22.4,S,0.4,59.3,84.9,43.3,6.5,1.67,43.7,Residential,8.67,28,1.8,165,148
REC1007,Patna,2020-10-13,Post-Monsoon,20.0,42.5,25.6,E,0.7,123.7,174.2,57.7,34.2,4.22,16.8,Commercial,4.88,11,7.4,203,227
REC1008,Lucknow,2019-12-20,Winter,19.5,,3.8,SW,0.0,,232.0,37.5,50.1,4.6,18.5,Mixed,5.28,5,9.6,266,293
REC1009,Chandigarh,2021-09-03,Monsoon,32.3,78.3,19.6,SW,37.3,8.2,12.8,10.0,4.7,0.34,7.9,Mixed,5.15,19,4.1,20,20
REC1010,Bangalore,2021-08-10,Monsoon,23.9,67.4,8.2,W,26.5,8.0,11.7,9.0,4.4,0.18,9.7,Commercial,2.78,24,9.8,20,20
REC1011,Chandigarh,2019-09-25,Monsoon,30.1,93.2,3.1,SE,20.5,37.3,65.5,20.9,14.8,0.7,19.1,Commercial,4.92,28,9.0,84,90
REC1012,Mumbai,2023-04-04,Summer,21.2,56.9,13.2,NE,3.1,55.5,93.8,27.8,14.3,1.33,27.4,Industrial,1.78,22,14.7,98,111
REC1013,Jaipur,2024-03-08,Summer,22.2,35.4,34.0,W,2.7,40.1,56.6,19.0,8.9,0.4,22.6,Residential,7.96,11,9.7,67,84
REC1014,Kolkata,2023-07-07,Monsoon,29.5,81.7,33.2,SW,31.5,9.4,12.3,9.5,4.4,0.13,8.8,Commercial,8.33,8,14.8,20,20
REC1015,Surat,2022-08-03,Monsoon,21.6,77.2,17.4,NE,11.7,16.4,23.6,11.3,5.5,0.58,13.8,Mixed,1.02,3,7.7,22,41
REC1016,Hyderabad,2021-08-12,Monsoon,18.9,67.2,23.4,N,24.1,10.7,15.8,10.9,5.6,0.12,9.8,Commercial,7.92,30,6.7,48,28
REC1017,Bhopal,2019-08-15,Monsoon,20.0,78.0,12.4,SE,42.4,10.0,15.2,9.7,4.1,0.36,8.9,Industrial,7.06,27,13.2,20,20
REC1018,Delhi,2022-07-02,Monsoon,26.4,77.1,30.7,E,17.3,66.9,111.1,32.0,5.6,2.65,47.9,Industrial,9.0,16,8.5,164,172
REC1019,Jaipur,2019-08-17,Monsoon,21.4,73.7,7.4,SW,27.5,32.4,61.2,27.0,11.1,0.89,10.2,Green Zone,7.61,3,10.6,79,78
REC1020,Indore,2021-11-21,Post-Monsoon,28.4,21.3,18.2,SE,0.8,90.1,112.9,52.7,36.5,2.89,52.3,Commercial,6.06,18,3.3,197,204
REC1021,Lucknow,2024-06-06,Monsoon,29.9,86.0,3.1,NW,7.9,46.9,69.7,42.9,18.0,1.16,25.2,Industrial,4.02,2,13.6,139,114
REC1022,Kolkata,2023-10-24,Post-Monsoon,21.6,63.6,20.1,E,4.7,96.2,135.2,41.9,13.6,0.81,62.3,Industrial,3.44,11,11.6,,187
REC1023,Surat,2020-12-18,Winter,18.3,58.0,8.8,NW,4.4,44.6,92.5,11.8,20.5,1.26,22.1,Green Zone,2.32,8,6.4,149,110
REC1024,Bhopal,2022-02-11,Winter,20.6,41.6,8.5,W,2.6,108.2,189.7,98.4,7.4,2.62,28.9,Mixed,8.03,30,1.9,246,259
REC1025,Chandigarh,2020-08-10,Monsoon,24.4,66.3,17.5,E,8.0,8.5,11.4,8.8,4.3,0.21,9.5,Green Zone,4.07,15,4.4,57,20
REC1026,Chandigarh,2024-06-01,Monsoon,27.9,50.1,29.5,SE,15.0,30.2,57.3,25.7,5.4,0.84,13.3,Mixed,9.56,23,5.8,121,82
REC1027,Patna,2024-09-17,Monsoon,24.7,81.1,31.3,SE,44.8,8.8,14.9,10.0,4.8,0.36,8.8,Industrial,6.51,1,7.5,20,20
REC1028,Ahmedabad,2021-11-10,Post-Monsoon,20.4,93.9,25.7,SW,0.8,75.7,,35.4,17.4,1.88,16.4,Mixed,2.61,16,7.7,141,163
REC1029,Patna,2022-10-01,Post-Monsoon,27.6,22.5,1.6,NE,2.9,91.9,128.5,88.4,19.3,1.48,63.0,Mixed,2.23,30,12.6,244,233
REC1030,Patna,2022-01-27,Winter,13.9,60.0,28.4,W,4.5,151.7,246.3,43.6,,3.47,45.2,Green Zone,6.46,16,10.8,296,294
REC1031,Hyderabad,2020-05-23,Summer,23.2,36.3,29.3,S,3.1,67.4,84.9,38.7,10.1,1.63,27.0,Commercial,7.37,27,14.8,92,128
REC1032,Bhopal,2020-05-21,Summer,16.2,47.9,15.3,NW,3.0,59.8,105.4,14.1,5.2,2.41,20.5,Mixed,6.67,6,12.6,164,131
REC1033,Patna,2020-11-26,Post-Monsoon,29.8,47.6,34.2,NE,1.6,90.0,97.7,21.5,33.5,1.14,28.2,Mixed,0.85,27,4.5,214,176
REC1034,Jaipur,2024-01-01,Winter,18.9,38.9,23.0,NE,0.3,82.4,142.3,63.5,15.4,2.24,56.6,Residential,7.66,22,10.0,225,191
REC1035,Ahmedabad,2020-06-03,Monsoon,22.4,68.9,25.6,NE,47.2,9.6,17.7,10.0,4.6,0.24,9.6,Commercial,7.72,24,7.8,33,23
REC1036,Delhi,2023-12-03,Winter,14.5,45.1,12.7,NW,1.0,130.8,270.4,34.8,14.6,3.34,78.0,Commercial,4.71,11,13.8,367,358
REC1037,Patna,2024-03-09,Summer,23.4,50.2,28.7,NW,1.5,70.5,100.3,36.1,21.5,1.79,21.2,Green Zone,2.71,27,14.0,118,142
REC1038,Surat,2020-05-04,Summer,25.0,45.9,20.6,N,4.9,48.2,90.7,23.5,22.5,0.65,29.4,Industrial,6.37,11,8.8,141,115
REC1039,Indore,2021-07-14,Monsoon,30.3,88.6,19.2,SE,1.0,34.2,38.4,22.0,6.3,0.36,18.3,Green Zone,,16,5.2,25,65
REC1040,Bangalore,2019-03-19,Summer,37.5,39.6,27.5,NE,4.3,132.3,182.4,93.2,13.8,4.57,30.7,Industrial,9.58,24,9.1,221,245
REC1041,Hyderabad,2024-02-11,Winter,27.0,33.6,12.5,SE,3.6,79.9,161.5,34.8,9.7,,56.9,Mixed,6.72,25,8.8,182,209
REC1042,Kolkata,2024-01-06,Winter,20.2,77.9,22.1,NE,4.6,106.9,189.2,60.6,44.6,2.6,36.0,Mixed,7.65,16,3.9,261,273
REC1043,Kanpur,2023-02-15,Winter,15.5,47.3,23.1,NW,1.4,135.1,156.7,91.7,,0.54,53.6,Commercial,2.06,15,5.1,302,275
REC1044,Nagpur,2022-09-28,Monsoon,24.9,85.4,14.9,SE,17.4,38.9,46.3,21.6,11.7,0.57,17.8,Mixed,6.44,13,3.4,94,77
REC1045,Chandigarh,2022-10-19,Post-Monsoon,28.0,27.6,34.9,N,4.2,7.4,15.3,9.2,4.9,0.24,7.7,Green Zone,2.15,18,3.6,,20
REC1046,Lucknow,2019-03-22,Summer,27.2,46.0,28.8,NE,4.6,68.6,90.9,31.0,6.4,2.39,42.5,Green Zone,2.25,23,13.3,167,128
REC1047,Jaipur,2022-09-18,Monsoon,28.9,65.7,15.4,NW,18.1,13.4,17.8,11.8,6.3,0.16,10.9,Mixed,5.82,10,3.0,40,32
REC1048,Lucknow,2023-12-15,Winter,13.5,47.6,16.3,SW,3.2,111.2,,,31.3,0.69,44.9,Green Zone,2.74,9,4.9,234,216
REC1049,Pune,2023-11-20,Post-Monsoon,27.7,,19.0,W,2.7,51.7,75.3,17.2,18.7,1.19,24.8,Commercial,2.2,12,14.4,110,96
REC1050,Patna,2023-07-23,Monsoon,24.2,68.8,2.6,E,31.8,32.1,41.9,20.4,7.2,1.22,12.7,Commercial,3.99,22,4.5,89,62
REC1051,Patna,2021-08-11,Monsoon,26.9,90.6,18.7,E,20.4,38.5,68.3,10.4,19.5,0.49,18.6,Commercial,4.65,3,2.9,66,103
REC1052,Kolkata,2022-10-22,Post-Monsoon,25.0,26.2,9.3,N,2.4,102.9,138.6,71.1,19.6,0.5,34.5,Industrial,8.39,7,2.0,245,209
REC1053,Pune,2023-04-25,Summer,31.7,48.0,6.8,NW,0.6,60.4,82.5,25.2,21.8,0.33,41.9,Mixed,8.45,10,5.0,130,122
REC1054,Lucknow,2023-03-17,Summer,31.5,79.2,22.6,S,1.3,85.4,97.8,45.5,23.9,1.76,52.5,Mixed,7.48,12,11.5,127,162
REC1055,Jaipur,2023-05-27,Summer,30.2,41.9,24.8,E,3.0,75.3,98.1,36.5,16.9,1.76,32.3,Industrial,8.85,17,6.9,117,145
REC1056,Nagpur,2023-03-12,Summer,23.3,10,34.2,S,4.9,17.8,27.9,15.5,6.6,0.11,12.8,Green Zone,9.16,23,11.7,20,41
REC1057,Mumbai,2021-12-22,Winter,17.3,24.9,18.5,W,4.5,85.5,143.5,21.1,5.2,1.32,37.6,Green Zone,8.91,6,11.0,133,170
REC1058,Kanpur,2020-05-12,Summer,40.4,28.7,6.6,S,0.5,119.7,222.4,68.5,37.4,2.18,46.3,Mixed,9.25,8,5.7,305,339
REC1059,Hyderabad,2021-03-05,Summer,22.6,33.4,11.2,SE,2.4,59.0,120.7,47.2,13.3,2.03,36.5,Industrial,5.39,16,14.7,148,146
REC1060,Kolkata,2023-02-05,Winter,23.9,54.0,7.8,NW,4.3,124.0,171.0,95.3,33.1,3.98,82.1,Mixed,5.48,29,6.2,307,294
REC1061,Chennai,2023-05-21,Summer,31.3,71.2,17.7,SW,0.8,68.8,91.2,12.2,25.0,1.82,48.6,Commercial,6.15,16,10.2,129,149
REC1062,Indore,2021-12-19,Winter,20.4,20.8,13.5,W,1.0,50.0,54.6,34.1,5.2,0.36,31.8,Industrial,,7,0.9,109,91
REC1063,Mumbai,2021-12-03,Winter,20.8,71.0,20.2,NE,4.6,82.3,106.2,24.8,,2.51,32.1,Industrial,2.55,29,14.0,155,160
REC1064,Kolkata,2019-11-19,Post-Monsoon,26.2,54.7,15.5,SW,2.3,129.9,138.5,29.6,7.1,3.94,71.7,Commercial,2.57,19,9.8,237,241
REC1065,Delhi,2023-06-27,Monsoon,17.6,60.4,2.0,NE,27.1,64.7,117.0,37.5,17.4,0.55,26.3,Green Zone,5.58,24,5.5,146,172
REC1066,Chennai,2022-05-24,Summer,21.9,44.1,20.3,NE,3.6,40.6,73.2,15.5,9.1,1.71,13.0,Commercial,6.93,1,1.0,96,88
REC1067,Chandigarh,2024-11-08,Post-Monsoon,,39.1,27.2,SW,3.2,41.9,62.0,15.1,18.0,0.16,13.7,Green Zone,4.82,18,13.1,59,95
REC1068,Patna,2020-05-14,Summer,28.4,60.3,22.9,NW,0.0,97.7,156.0,47.3,26.0,1.97,43.6,Residential,5.42,13,7.5,233,204
REC1069,Mumbai,2023-09-28,Monsoon,21.1,80.1,23.9,NE,46.3,10.5,14.3,9.5,4.1,0.26,9.0,Commercial,0.51,24,6.9,20,20
REC1070,Kanpur,2022-04-23,Summer,27.3,68.2,21.2,S,2.1,117.8,168.8,87.7,5.4,0.4,34.6,Industrial,9.83,2,14.4,196,236
REC1071,Bhopal,2023-04-23,Summer,26.1,32.8,24.6,SE,3.8,10.5,13.3,9.1,4.0,0.31,8.3,Industrial,2.83,21,13.0,20,20
REC1072,Ahmedabad,2019-08-16,Monsoon,23.3,71.6,30.4,SE,11.0,8.9,16.9,9.6,4.8,0.22,8.5,Industrial,2.41,2,0.8,31,20
REC1073,Pune,2022-06-25,Monsoon,24.1,58.2,29.4,W,29.1,8.8,13.8,9.3,4.0,0.19,8.7,Commercial,3.69,8,2.3,20,20
REC1074,Chennai,2024-04-24,Summer,27.0,39.9,21.9,SE,4.6,58.8,101.4,20.7,5.9,1.08,27.8,Green Zone,5.74,12,3.3,123,132
REC1075,Bangalore,2020-03-09,Summer,30.4,53.7,28.5,SW,0.6,9.9,18.3,9.8,4.7,0.14,9.6,Residential,5.92,0,4.6,61,23
REC1076,Mumbai,2020-09-24,Monsoon,19.0,69.4,28.6,NW,15.6,20.0,25.7,11.3,6.7,0.62,10.1,Industrial,7.98,12,13.0,62,38
REC1077,Bhopal,2021-04-25,Summer,27.7,57.0,24.5,NW,0.6,35.2,38.6,19.7,5.2,0.26,12.1,Residential,1.56,2,1.3,36,65
REC1078,Ahmedabad,2023-03-28,Summer,30.4,,6.0,SE,3.7,51.1,,36.2,16.6,0.51,23.9,Mixed,1.1,6,8.1,100,104
REC1079,Kanpur,2020-12-23,Winter,,45.5,24.5,S,1.9,130.2,217.5,142.9,22.5,1.85,81.1,Mixed,9.61,25,6.7,324,364
REC1080,Indore,2022-12-15,Winter,22.1,44.5,8.6,E,0.3,57.3,91.3,20.1,16.8,1.79,29.2,Green Zone,3.96,12,3.9,,109
REC1081,Mumbai,2021-03-25,Summer,23.4,52.7,12.4,S,3.8,66.5,87.5,20.7,19.8,2.54,15.2,Commercial,1.05,30,13.7,156,142
REC1082,Pune,2023-07-13,Monsoon,15.2,73.8,22.6,SE,7.9,9.1,,9.3,4.1,0.37,9.9,Residential,9.25,11,14.2,20,20
REC1083,Kolkata,2023-10-16,Post-Monsoon,25.6,,10.5,N,4.7,154.3,215.4,111.4,29.3,1.37,13.6,Mixed,8.43,30,9.1,342,308
REC1084,Ahmedabad,2022-12-18,Winter,12.5,27.1,34.7,SE,2.5,74.9,124.3,36.9,22.9,1.9,44.5,Residential,2.6,24,4.5,211,182
REC1085,Bhopal,2021-03-06,Summer,21.7,56.0,8.1,SW,3.8,79.5,136.1,51.3,13.9,1.15,29.2,Green Zone,6.02,30,8.8,180,187
REC1086,Lucknow,2022-05-25,Summer,44.4,29.8,23.6,N,4.6,111.4,200.9,29.1,32.5,4.36,42.1,Commercial,9.66,27,14.0,232,241
REC1087,Indore,2021-11-08,Post-Monsoon,16.9,53.4,11.8,SW,0.5,17.7,32.7,16.2,5.7,0.19,12.4,Residential,0.99,2,12.2,81,45
REC1088,Pune,2021-11-28,Post-Monsoon,25.1,46.0,16.9,NW,3.2,33.0,55.6,25.7,8.1,1.07,25.9,Residential,0.69,2,4.9,74,81
REC1089,Nagpur,2021-01-13,Winter,17.2,48.0,,E,4.4,115.5,124.2,30.6,14.8,0.83,34.6,Commercial,5.77,20,,229,211
REC1090,Surat,2024-07-17,Monsoon,25.3,62.8,16.6,NE,46.6,7.7,11.6,10.0,4.2,0.21,8.4,Commercial,0.26,14,8.1,20,20
REC1091,Mumbai,2020-12-23,Winter,16.2,50.0,21.7,NE,2.8,55.0,65.5,42.8,8.1,0.77,24.5,Residential,0.97,2,0.6,84,115
REC1092,Mumbai,2021-05-17,Summer,27.6,51.6,33.0,NW,2.1,60.1,101.1,22.5,21.6,0.51,35.2,Residential,9.62,19,5.5,187,150
REC1093,Delhi,2021-12-14,Winter,14.6,26.8,16.3,SW,0.7,154.9,247.5,98.8,61.2,4.94,110.3,Green Zone,5.36,20,8.4,341,364
REC1094,Jaipur,2021-03-17,Summer,26.9,46.2,14.0,NW,4.6,32.0,60.2,14.5,6.2,0.17,11.9,Mixed,1.77,1,10.8,104,75
REC1095,Kanpur,2024-07-20,Monsoon,29.0,84.9,9.9,W,45.1,7.8,12.0,,4.8,0.29,9.7,Commercial,0.31,8,1.6,47,20
REC1096,Kanpur,2019-05-17,Summer,27.3,40.1,3.1,S,3.8,104.9,,28.8,11.7,4.18,19.0,Commercial,0.38,14,6.4,236,220
REC1097,Ahmedabad,2021-08-04,Monsoon,25.0,52.3,17.2,SW,2.5,29.0,66.7,23.8,8.5,0.27,26.7,Commercial,3.22,13,1.7,52,81
REC1098,Ahmedabad,2020-08-21,Monsoon,24.4,55.4,12.9,SW,9.6,54.7,58.4,39.4,5.7,1.29,14.8,Mixed,9.55,20,5.3,76,100
REC1099,Bhopal,2024-12-01,Winter,14.6,,22.0,NW,0.0,,,39.7,38.4,3.96,68.7,Mixed,8.52,18,6.0,188,223
REC1100,Kolkata,2023-06-24,Monsoon,27.2,60.0,14.1,NW,41.0,,12.0,9.4,4.9,0.25,8.4,Commercial,0.1,22,3.1,20,20
REC1101,Chennai,2022-12-14,Winter,19.2,33.3,28.2,SW,3.8,59.9,113.2,50.7,27.0,2.16,48.6,Industrial,7.09,28,5.0,125,157
REC1102,Kolkata,2024-09-16,Monsoon,26.6,74.4,9.5,E,45.0,11.2,13.6,9.2,4.6,0.27,9.5,Mixed,7.43,0,8.8,20,21
REC1103,Kolkata,2021-07-15,Monsoon,25.1,83.0,31.4,SW,22.4,18.6,41.8,12.2,6.8,0.88,13.7,Industrial,9.6,21,9.8,50,50
REC1104,Delhi,2019-06-27,Monsoon,19.4,67.1,15.2,S,24.9,,57.6,25.7,15.5,,21.0,Industrial,2.4,12,11.7,109,93
REC1105,Jaipur,2021-05-27,Summer,26.7,54.1,11.4,SW,1.8,,129.9,11.2,22.1,1.62,11.9,Residential,4.91,1,11.7,197,157
REC1106,Chandigarh,2024-09-06,Monsoon,25.4,54.7,28.9,E,7.3,8.5,12.2,9.0,4.2,,8.2,Residential,5.54,11,7.6,20,20
REC1107,Bhopal,2024-01-24,Winter,16.2,45.5,20.2,SW,1.1,51.4,80.9,,6.0,1.23,32.9,Green Zone,6.1,6,0.9,127,103
REC1108,Surat,2019-12-11,Winter,20.3,68.8,30.4,NW,2.5,67.5,104.1,14.3,13.8,2.41,14.6,Industrial,8.38,23,13.1,187,189
REC1109,Chennai,2020-10-08,Post-Monsoon,26.9,16.2,31.7,E,3.4,49.3,85.5,27.0,10.5,0.91,13.4,Industrial,,19,12.9,85,101
REC1110,Bhopal,2021-08-23,Monsoon,24.5,59.9,5.8,W,49.0,10.4,13.0,9.4,4.6,0.18,8.3,Mixed,4.05,7,10.9,38,20
REC1111,Kolkata,2024-11-04,Post-Monsoon,26.2,53.1,5.6,SE,2.6,74.8,151.7,36.6,30.5,0.28,26.3,Mixed,3.78,19,7.7,234,198
REC1112,Chandigarh,2023-06-10,Monsoon,18.7,92.0,31.2,S,32.6,8.2,13.4,8.4,4.2,0.14,9.4,Mixed,1.16,9,2.4,27,20
REC1113,Chennai,2019-03-09,Summer,29.0,42.6,9.2,SE,1.0,94.6,188.0,43.8,38.3,1.22,69.1,Green Zone,9.53,11,9.2,231,240
REC1114,Bangalore,2023-12-23,Winter,12.4,25.5,14.3,NW,3.1,58.4,95.1,,11.9,0.44,41.2,Industrial,2.13,24,8.5,102,119
REC1115,Kolkata,2024-08-24,Monsoon,29.8,92.9,28.7,E,16.1,25.9,52.6,23.1,5.9,0.45,12.2,Residential,9.59,19,11.6,66,66
REC1116,Ahmedabad,2023-09-10,Monsoon,28.4,46.6,1.2,W,40.9,7.5,15.8,8.8,5.0,0.32,8.8,Industrial,2.59,5,10.3,49,20
REC1117,Jaipur,2020-12-22,Winter,19.8,10,11.0,W,4.0,83.2,124.3,68.7,5.4,,31.9,Residential,5.59,9,2.4,208,197
REC1118,Chennai,2021-09-26,Monsoon,20.2,62.3,16.1,SE,30.5,22.6,38.8,19.3,9.7,0.32,17.5,Industrial,6.57,27,8.5,20,55
REC1119,Chandigarh,2021-02-06,Winter,13.6,27.6,8.7,E,0.8,74.6,81.5,38.1,10.5,1.56,12.6,Residential,0.18,11,3.3,113,141
REC1120,Hyderabad,2022-03-21,Summer,32.1,33.3,,W,2.4,18.1,34.8,15.9,6.0,0.65,13.7,Commercial,5.09,16,0.7,24,51
REC1121,Ahmedabad,2021-01-20,Winter,17.3,62.5,11.1,S,0.5,102.8,173.7,13.6,17.0,4.27,41.1,Commercial,3.36,12,4.3,268,232
REC1122,Bhopal,2023-09-28,Monsoon,28.1,73.0,22.5,W,10.8,36.2,43.5,26.5,12.3,,13.3,Commercial,9.18,24,4.6,91,67
REC1123,Kanpur,2019-09-26,Monsoon,20.6,69.3,18.2,S,49.9,,11.7,8.7,4.1,0.36,8.2,Green Zone,4.6,13,7.5,33,20
REC1124,Bangalore,2021-10-18,Post-Monsoon,22.6,40.3,5.3,NE,2.3,,27.4,10.9,5.1,0.73,12.1,Industrial,0.62,7,2.3,49,48
REC1125,Ahmedabad,2021-12-11,Winter,15.3,40.9,3.3,W,0.1,123.3,237.3,68.5,53.1,0.69,82.9,Industrial,7.64,13,6.1,327,309
REC1126,Bhopal,2024-05-24,Summer,36.6,40.9,17.7,S,2.4,40.7,82.1,21.0,13.8,1.47,13.1,Mixed,6.58,12,7.3,100,108
REC1127,Delhi,2019-05-26,Summer,21.7,58.9,,NE,3.1,119.7,174.9,,40.6,2.09,57.9,Green Zone,5.25,20,11.7,271,300
REC1128,Lucknow,2020-07-21,Monsoon,20.9,,31.9,W,16.7,11.8,25.0,11.6,5.0,0.27,10.7,Commercial,4.33,7,1.0,20,31
REC1129,Chandigarh,2019-09-01,Monsoon,30.9,75.0,14.8,SW,15.9,12.9,25.6,10.0,5.4,0.53,10.2,Industrial,4.39,13,11.2,45,31
REC1130,Delhi,2021-04-11,Summer,35.0,43.9,17.7,S,3.0,151.7,237.2,14.4,10.1,0.1,85.5,Residential,4.92,28,10.4,,280
REC1131,Ahmedabad,2024-07-23,Monsoon,27.5,87.4,32.5,W,11.6,30.5,40.4,23.9,12.6,0.41,17.5,Mixed,1.26,28,8.0,45,70
REC1132,Delhi,2022-11-22,Post-Monsoon,25.6,83.1,28.7,NW,4.6,142.5,164.4,12.7,41.5,1.46,54.5,Commercial,4.47,8,10.0,284,278
REC1133,Ahmedabad,2019-08-17,Monsoon,27.3,97.8,13.6,W,34.9,22.8,29.9,16.8,7.8,0.4,11.0,Mixed,5.13,5,7.5,,49
REC1134,Lucknow,2021-09-10,Monsoon,17.4,95.5,31.4,NW,41.9,17.7,25.1,12.2,6.9,0.66,10.1,Green Zone,9.56,27,9.9,20,35
REC1135,Surat,2020-11-20,Post-Monsoon,18.2,51.0,1.9,NE,1.4,96.0,143.9,27.5,15.3,2.5,51.0,Residential,2.81,26,5.6,138,178
REC1136,Pune,2019-01-12,Winter,18.9,45.6,1.6,SW,4.9,82.9,127.0,17.3,5.7,3.04,11.3,Green Zone,6.85,22,9.4,181,161
REC1137,Surat,2019-12-24,Winter,20.4,26.9,17.0,N,0.0,127.1,162.2,39.3,38.4,1.32,29.7,Commercial,8.92,0,2.2,255,244
REC1138,Bhopal,2023-11-21,Post-Monsoon,17.4,48.7,6.9,E,4.4,94.8,125.4,60.8,33.5,2.41,11.3,Commercial,9.45,20,2.2,200,179
REC1139,Mumbai,2022-05-23,Summer,24.6,53.8,14.4,NW,2.8,69.8,104.9,22.8,11.5,1.44,28.9,Commercial,2.55,21,1.0,125,140
REC1140,Ahmedabad,2021-10-25,Post-Monsoon,24.8,50.9,6.6,W,3.6,118.6,143.0,17.3,16.7,3.65,39.2,Industrial,9.77,19,14.3,240,230
REC1141,Delhi,2021-07-04,Monsoon,22.9,78.9,25.2,SE,12.4,68.1,148.2,18.4,13.3,2.68,13.2,Industrial,9.22,24,8.2,204,190
REC1142,Bhopal,2019-12-28,Winter,15.5,34.0,10.3,N,1.5,68.1,92.8,19.9,9.8,2.13,29.0,Mixed,6.96,10,6.5,181,167
REC1143,Indore,2021-03-11,Summer,25.0,60.9,24.1,S,2.9,15.6,22.5,14.8,7.7,0.38,11.1,Industrial,4.03,15,11.8,46,40
REC1144,Chennai,2023-02-16,Winter,19.7,63.1,25.0,SE,3.8,84.1,101.3,20.9,25.3,1.8,14.6,Industrial,3.77,20,7.1,133,153
REC1145,Surat,2019-12-21,Winter,6.4,44.1,0.8,NW,2.8,96.5,125.9,26.7,31.6,2.26,56.6,Industrial,,5,7.4,178,207
REC1146,Chandigarh,2019-08-16,Monsoon,24.0,87.8,23.6,NE,27.5,9.6,13.5,8.2,4.5,0.16,8.5,Mixed,2.62,25,4.4,20,20
REC1147,Delhi,2022-12-28,Winter,25.6,13.8,9.2,E,3.1,170.9,284.8,86.4,18.7,1.16,83.4,Commercial,3.06,26,,392,352
REC1148,Surat,2024-01-18,Winter,21.8,57.8,10.9,W,4.9,92.3,157.0,25.9,13.5,2.4,65.0,Mixed,5.21,9,5.2,227,192
REC1149,Mumbai,2024-01-14,Winter,17.8,49.7,14.5,SE,4.4,92.6,,95.5,,0.86,44.1,Mixed,1.82,18,5.9,252,242
REC1150,Kanpur,2021-04-22,Summer,26.7,44.5,18.9,S,1.2,,166.8,88.5,13.5,2.34,37.8,Residential,3.21,8,4.2,233,250
REC1151,Bhopal,2020-01-14,Winter,11.9,54.0,11.9,NW,1.5,77.0,105.9,20.3,9.4,1.59,16.6,Industrial,2.52,12,8.9,166,151
REC1152,Patna,2022-01-08,Winter,18.5,43.9,1.9,W,2.9,137.6,153.4,63.5,11.4,1.83,11.9,Green Zone,3.72,16,1.3,252,257
REC1153,Jaipur,2021-03-15,Summer,,56.5,25.0,NE,1.3,38.6,51.2,19.8,10.8,0.45,15.0,Residential,7.89,0,11.4,95,91
REC1154,Nagpur,2022-12-09,Winter,23.3,67.5,33.2,NW,3.5,42.9,61.0,15.3,5.4,1.07,20.6,Industrial,8.85,2,6.6,93,87
REC1155,Chandigarh,2019-08-24,Monsoon,27.4,82.8,29.5,SE,36.4,10.6,12.4,9.2,4.2,0.28,8.3,Industrial,2.44,11,1.7,35,20
REC1156,Bangalore,2020-04-09,Summer,29.8,55.1,28.4,W,4.8,37.8,61.1,17.4,9.6,1.55,28.6,Industrial,9.7,13,13.4,131,95
REC1157,Hyderabad,2024-01-03,Winter,16.0,39.9,7.2,S,4.8,96.1,185.3,36.5,25.1,4.04,72.9,Commercial,9.15,23,5.6,263,261
REC1158,Kanpur,2024-05-01,Summer,18.6,17.3,23.9,NW,3.6,99.5,151.5,54.9,6.6,1.55,38.5,Industrial,5.86,9,14.6,229,215
REC1159,Kolkata,2021-09-10,Monsoon,22.7,85.1,20.1,NE,39.1,7.8,14.0,9.0,4.4,0.38,8.1,Commercial,4.32,30,6.2,41,20
REC1160,Surat,2023-06-16,Monsoon,22.3,69.0,5.8,NW,21.8,13.9,25.9,10.6,5.6,0.35,10.1,Industrial,7.61,3,5.7,62,33
REC1161,Kolkata,2024-03-18,Summer,19.2,54.1,12.0,N,2.1,61.1,110.8,28.9,5.8,2.8,31.5,Industrial,4.09,29,11.5,128,147
REC1162,Surat,2021-09-01,Monsoon,19.1,80.3,5.2,SE,36.6,10.3,12.2,9.4,4.0,0.27,8.6,Residential,2.25,29,12.9,40,20
REC1163,Mumbai,2019-09-23,Monsoon,22.3,67.4,2.0,SW,19.6,53.8,75.7,37.9,13.1,0.77,31.5,Mixed,1.54,17,5.4,99,101
REC1164,Kanpur,2020-08-03,Monsoon,24.3,93.9,32.9,E,26.7,39.0,44.9,27.6,6.4,1.01,11.3,Residential,6.77,22,0.5,53,79
REC1165,Nagpur,2019-05-08,Summer,31.5,28.4,16.4,SE,4.3,48.1,83.6,11.3,8.8,1.5,27.8,Mixed,4.09,28,5.2,149,113
REC1166,Surat,2019-10-02,Post-Monsoon,22.7,36.1,12.7,S,1.5,38.8,42.0,24.4,8.7,0.71,25.2,Green Zone,1.57,0,14.1,65,73
REC1167,Pune,2019-09-24,Monsoon,23.5,74.6,25.7,NE,30.9,8.0,13.6,8.6,4.1,0.24,9.6,Industrial,5.38,17,12.8,20,20
REC1168,Mumbai,2024-07-19,Monsoon,26.1,88.6,26.8,E,0.7,21.2,40.6,15.6,7.8,0.98,15.0,Green Zone,1.23,5,9.2,50,55
REC1169,Pune,2022-07-14,Monsoon,18.2,73.1,6.4,NE,27.8,33.0,,27.1,9.8,1.53,13.2,Mixed,9.33,29,14.4,108,86
REC1170,Indore,2020-06-13,Monsoon,20.3,63.8,19.2,E,43.9,9.5,13.6,8.4,4.7,0.13,10.0,Commercial,6.83,15,11.3,20,20
REC1171,Hyderabad,2021-09-08,Monsoon,25.4,85.7,19.3,E,1.6,84.1,106.9,61.2,36.6,0.74,60.6,Mixed,5.02,30,10.5,171,185
REC1172,Chennai,2023-08-02,Monsoon,25.4,100,14.7,NE,4.7,56.9,84.6,35.8,21.1,1.73,27.9,Industrial,7.55,4,8.1,80,111
REC1173,Mumbai,2022-11-12,Post-Monsoon,20.1,44.4,11.4,W,0.8,78.1,87.6,47.4,24.5,2.95,42.0,Green Zone,3.8,13,6.8,151,158
REC1174,Bangalore,2024-02-18,Winter,17.5,39.7,28.5,NE,4.4,11.9,19.9,11.3,5.3,0.57,10.4,Residential,3.96,1,11.5,61,30
REC1175,Delhi,2024-06-24,Monsoon,27.3,71.7,11.8,E,19.1,37.1,54.0,22.3,8.7,0.57,11.1,Green Zone,0.96,16,7.2,107,68
REC1176,Jaipur,2019-03-21,Summer,28.4,38.3,14.9,SW,4.6,48.1,76.4,33.7,22.1,0.32,12.6,Mixed,5.74,17,8.8,108,135
REC1177,Jaipur,2019-01-02,Winter,17.7,22.8,18.5,S,2.1,81.1,93.8,33.7,25.7,2.3,16.8,Industrial,3.28,10,,146,164
REC1178,Indore,2021-05-06,Summer,,58.8,14.1,N,4.7,8.7,13.8,9.8,4.5,0.36,8.7,Green Zone,3.64,1,13.2,20,20
REC1179,Mumbai,2021-04-12,Summer,32.4,32.4,3.3,SE,0.3,112.9,132.7,83.7,23.0,3.57,22.7,Industrial,2.56,25,2.9,242,222
REC1180,Chennai,2020-01-24,Winter,11.4,41.0,32.4,NE,2.7,41.1,63.4,25.9,19.2,0.94,31.7,Residential,4.61,14,6.7,83,111
REC1181,Kolkata,2024-05-22,Summer,19.1,50.1,21.9,S,2.8,23.4,42.7,10.4,7.9,0.78,10.3,Industrial,0.51,5,2.7,65,57
REC1182,Pune,2019-01-07,Winter,20.7,54.4,13.4,SE,2.2,63.3,95.2,31.8,12.7,2.19,16.2,Industrial,9.8,1,10.3,119,127
REC1183,Delhi,2022-07-27,Monsoon,27.9,63.8,21.7,W,24.1,84.6,134.7,66.4,11.8,,57.0,Residential,7.59,18,9.1,146,166
REC1184,Kolkata,2022-12-28,Winter,16.8,40.0,,W,0.8,,129.3,69.6,12.6,3.29,15.0,Residential,2.15,13,13.0,209,181
REC1185,Chennai,2020-02-17,Winter,16.8,69.4,21.7,S,4.4,58.4,94.9,56.4,29.8,1.25,41.2,Mixed,1.07,21,9.9,187,158
REC1186,Patna,2021-06-13,Monsoon,26.8,46.9,8.0,NW,10.7,63.8,81.1,45.7,6.4,1.98,23.8,Industrial,0.19,19,0.7,153,130
REC1187,Bhopal,2023-10-12,Post-Monsoon,30.7,36.4,5.4,SE,2.4,46.5,98.4,27.5,20.4,0.64,41.0,Mixed,4.26,8,13.9,147,124
REC1188,Lucknow,2021-09-17,Monsoon,21.4,76.4,26.7,NW,28.9,9.7,11.9,8.4,4.0,0.25,7.9,Commercial,4.36,16,8.5,22,20
REC1189,Indore,2021-04-25,Summer,28.8,52.2,13.3,SE,3.7,71.9,93.9,11.0,12.5,1.52,22.8,Industrial,6.54,16,7.6,163,136
REC1190,Mumbai,2019-08-02,Monsoon,19.3,70.5,26.6,NW,39.1,10.2,15.0,9.3,4.2,0.11,8.8,Green Zone,0.88,25,10.4,52,20
REC1191,Surat,2022-02-20,Winter,14.5,47.4,14.9,NW,1.7,,84.1,25.0,13.6,0.41,12.3,Commercial,0.57,8,,112,117
REC1192,Surat,2022-11-27,Post-Monsoon,30.5,59.8,15.2,NE,3.3,73.8,111.1,43.4,,1.23,38.5,Industrial,3.54,15,7.8,122,143
REC1193,Ahmedabad,2021-04-10,Summer,19.2,,3.2,NE,3.9,46.6,52.2,23.7,12.0,0.7,14.9,Green Zone,1.79,17,9.0,107,93
REC1194,Chandigarh,2023-09-23,Monsoon,29.8,68.2,29.5,NW,49.1,8.9,16.8,8.5,4.3,0.2,9.6,Industrial,0.64,18,9.1,20,20
REC1195,Lucknow,2020-04-11,Summer,,35.8,8.1,W,4.1,116.7,178.2,27.1,5.4,4.31,51.1,Commercial,7.12,28,7.3,192,222
REC1196,Chandigarh,2020-07-21,Monsoon,26.1,87.3,23.9,W,35.0,7.8,15.5,8.5,4.5,0.38,9.6,Mixed,7.34,13,6.7,60,20
REC1197,Nagpur,2022-09-12,Monsoon,32.2,71.6,24.4,SW,27.4,8.6,11.9,9.8,4.6,0.16,7.5,Mixed,2.7,20,9.9,20,20
REC1198,Hyderabad,2021-07-21,Monsoon,27.1,100,9.8,NE,16.4,,40.9,28.2,10.9,0.43,16.4,Mixed,8.53,16,7.1,103,71
REC1199,Surat,2024-05-21,Summer,27.8,29.2,8.1,SE,1.9,43.7,79.9,45.0,13.3,1.11,35.9,Industrial,6.7,22,14.7,93,120
REC1200,Hyderabad,2019-12-16,Winter,15.0,53.9,24.4,N,0.9,72.2,115.7,54.1,14.5,0.59,59.6,Green Zone,7.79,4,12.3,186,188
REC1201,Hyderabad,2020-10-24,Post-Monsoon,22.3,20.4,31.3,NW,0.4,53.9,71.3,37.5,10.8,0.23,16.6,Mixed,9.5,3,12.2,84,100
REC1202,Surat,2021-05-10,Summer,23.5,29.2,16.8,SE,3.2,29.0,47.4,29.8,13.9,0.63,15.8,Green Zone,5.49,9,1.0,111,78
REC1203,Nagpur,2023-01-17,Winter,28.6,32.9,1.2,NW,1.8,104.2,163.7,66.8,30.9,0.99,44.4,Commercial,9.36,11,2.9,265,247
REC1204,Jaipur,2023-05-12,Summer,30.0,83.9,11.2,E,2.8,129.2,195.3,63.0,7.0,4.47,40.2,Industrial,9.2,29,8.8,235,255
REC1205,Delhi,2021-07-12,Monsoon,,87.7,8.7,SE,39.8,29.8,46.3,16.7,11.4,1.14,11.2,Industrial,,7,6.2,36,71
REC1206,Delhi,2022-03-07,Summer,33.7,53.3,24.5,NE,2.4,114.2,163.2,70.9,20.9,0.78,90.9,Residential,5.5,29,13.2,244,263
REC1207,Patna,2024-09-24,Monsoon,31.4,77.9,10.8,SE,3.5,96.0,206.9,100.1,29.5,1.97,51.0,Industrial,9.03,16,3.3,292,256
REC1208,Mumbai,2019-04-12,Summer,25.9,20.5,15.9,NE,2.1,27.1,53.5,10.8,5.2,1.36,19.9,Residential,2.62,2,0.9,54,75
REC1209,Chandigarh,2024-01-23,Winter,18.5,48.5,8.0,N,2.0,61.4,112.6,53.5,22.9,1.66,36.1,Mixed,2.84,23,7.5,106,146
REC1210,Nagpur,2022-04-20,Summer,23.6,52.5,9.4,N,0.9,52.8,93.5,11.5,11.1,0.25,16.7,Industrial,4.56,2,11.8,138,116
REC1211,Jaipur,2023-02-06,Winter,11.4,40.8,21.9,NE,1.2,92.6,112.3,35.7,28.4,1.98,51.3,Commercial,9.03,12,7.2,175,169
REC1212,Chandigarh,2021-04-20,Summer,23.3,45.5,26.4,E,2.5,52.9,55.7,37.1,9.5,1.25,20.9,Residential,1.89,24,5.3,65,101
REC1213,Bangalore,2024-04-20,Summer,27.7,67.6,32.2,NE,0.4,12.4,16.1,9.7,4.8,0.15,8.7,Industrial,5.63,8,12.6,35,24
REC1214,Surat,2021-02-24,Winter,15.1,18.9,9.4,NE,2.4,82.2,106.4,33.4,31.9,1.04,18.9,Commercial,0.73,2,3.7,162,161
REC1215,Bhopal,2020-01-14,Winter,20.5,78.3,15.4,SW,3.2,69.3,101.2,24.2,11.9,0.48,18.7,Residential,4.48,3,11.8,183,145
REC1216,Pune,2021-05-01,Summer,24.6,48.4,21.1,NW,4.3,47.7,81.3,21.0,8.0,0.75,18.2,Mixed,0.68,23,2.2,92,108
REC1217,Kanpur,2020-04-12,Summer,28.8,27.7,30.1,SW,3.7,76.1,131.9,33.1,7.6,1.08,54.2,Residential,4.09,28,9.3,207,194
REC1218,Pune,2021-02-04,Winter,14.2,34.5,2.2,S,0.4,89.7,167.9,14.8,7.2,,47.0,Commercial,8.09,17,7.1,246,215
REC1219,Jaipur,2021-04-02,Summer,24.7,49.2,,W,3.5,75.0,128.2,63.4,10.4,1.0,30.9,Industrial,8.27,22,8.2,182,206
REC1220,Chennai,2024-04-01,Summer,25.1,67.7,4.8,SE,3.0,73.3,91.2,24.3,27.9,1.78,18.4,Mixed,4.43,12,11.7,179,154
REC1221,Jaipur,2024-05-28,Summer,24.2,49.1,22.2,E,2.0,39.9,75.3,33.2,16.6,1.19,17.3,Industrial,4.6,3,14.0,83,96
REC1222,Delhi,2022-06-06,Monsoon,21.9,94.5,28.8,W,4.8,31.5,44.7,17.0,9.8,0.81,14.2,Commercial,5.76,7,11.4,76,58
REC1223,Chandigarh,2020-11-24,Post-Monsoon,22.5,68.6,17.5,E,3.1,52.6,75.0,32.2,23.2,0.47,43.8,Commercial,3.05,12,13.1,93,130
REC1224,Pune,2022-10-09,Post-Monsoon,14.2,49.8,19.6,S,1.3,66.6,91.1,29.2,6.4,1.35,16.4,Mixed,7.34,8,5.3,,122
REC1225,Ahmedabad,2020-03-24,Summer,25.8,68.7,2.6,SE,4.4,107.3,161.2,24.3,39.3,1.67,15.0,Mixed,6.74,0,14.2,262,226
REC1226,Lucknow,2020-07-18,Monsoon,31.0,79.9,31.4,NW,5.1,26.0,58.3,28.3,11.9,1.26,19.2,Green Zone,7.64,16,14.9,95,73
REC1227,Jaipur,2022-11-28,Post-Monsoon,24.4,50.9,19.9,SW,4.5,73.4,97.7,26.7,18.4,0.45,39.4,Commercial,3.91,23,4.6,172,150
REC1228,Delhi,2020-03-04,Summer,29.5,33.0,20.1,SE,3.8,138.1,190.1,92.5,7.1,2.61,54.6,Mixed,4.7,27,3.9,236,267
REC1229,Lucknow,2023-01-14,Winter,6.8,31.7,26.0,NW,1.2,81.4,97.8,,8.8,3.52,36.2,Residential,1.63,9,12.1,196,176
REC1230,Nagpur,2024-03-10,Summer,27.8,29.7,4.1,N,1.7,88.6,93.3,65.1,5.3,2.75,45.8,Green Zone,9.63,11,9.1,197,165
REC1231,Delhi,2022-09-01,Monsoon,23.8,93.6,24.8,SE,13.9,66.2,130.3,22.3,33.4,3.15,40.0,Green Zone,1.98,21,14.3,209,172
REC1232,Mumbai,2020-10-21,Post-Monsoon,17.3,17.7,12.0,S,1.4,87.5,165.4,80.1,32.6,2.63,32.9,Commercial,8.94,2,13.3,238,219
REC1233,Delhi,2019-11-22,Post-Monsoon,24.5,38.4,6.1,NE,4.8,116.3,,77.9,35.7,3.22,78.1,Mixed,2.59,16,8.9,290,291
REC1234,Hyderabad,2023-04-22,Summer,22.2,25.8,29.8,N,3.8,36.8,50.5,17.1,8.8,1.4,22.9,Green Zone,7.36,3,3.8,102,74
REC1235,Chandigarh,2022-01-03,Winter,,76.6,34.5,NE,0.6,25.5,45.1,11.2,6.5,0.75,13.1,Industrial,1.84,3,6.5,62,72
REC1236,Kolkata,2019-08-09,Monsoon,27.7,56.0,19.1,W,8.4,26.4,41.8,23.5,7.9,0.66,13.1,Residential,8.05,5,4.9,97,63
REC1237,Chennai,2024-03-21,Summer,25.0,19.5,34.5,W,1.6,40.6,53.3,14.4,12.9,0.45,17.5,Green Zone,8.87,0,6.7,52,78
REC1238,Patna,2022-11-27,Post-Monsoon,25.9,58.4,33.9,SW,0.1,96.2,137.1,49.9,38.5,4.29,63.4,Residential,7.97,1,5.7,212,233
REC1239,Bhopal,2024-01-15,Winter,16.8,62.2,16.3,NE,3.5,49.8,82.3,42.1,17.5,2.3,34.9,Industrial,9.58,9,4.8,159,131
REC1240,Lucknow,2023-03-01,Summer,33.6,63.2,21.2,SE,2.9,130.8,163.0,50.1,51.0,0.88,73.7,Residential,5.93,21,9.9,231,257
REC1241,Mumbai,2021-05-23,Summer,,44.5,31.8,NE,2.9,32.2,60.2,26.8,10.0,1.48,23.6,Residential,0.39,15,11.1,99,75
REC1242,Bangalore,2021-12-10,Winter,23.3,55.6,33.7,S,0.2,53.7,65.3,32.2,15.5,0.95,11.8,Commercial,2.59,18,5.2,114,101
REC1243,Patna,2023-10-15,Post-Monsoon,,50.2,2.2,E,1.5,119.5,225.9,100.0,7.2,0.43,95.3,Residential,0.63,7,8.6,307,294
REC1244,Indore,2019-02-17,Winter,22.9,43.8,19.7,NE,4.7,46.4,70.4,34.8,6.2,1.63,28.9,Mixed,3.85,13,12.3,146,125
REC1245,Kolkata,2023-09-24,Monsoon,30.7,61.1,18.3,N,32.0,9.7,15.0,9.6,4.5,0.26,8.3,Residential,5.52,23,3.8,59,22
REC1246,Bhopal,2024-11-09,Post-Monsoon,28.3,61.3,4.3,SE,4.3,85.2,91.8,57.2,20.2,2.49,33.5,Mixed,1.95,25,6.9,171,156
REC1247,Lucknow,2022-04-21,Summer,34.1,43.4,31.2,S,0.5,109.9,155.1,62.1,30.6,2.42,62.7,Industrial,,24,1.6,177,206
REC1248,Bangalore,2019-09-27,Monsoon,36.4,83.1,4.6,E,5.8,60.0,87.2,43.3,15.6,1.88,28.3,Green Zone,8.42,1,3.3,94,119
REC1249,Mumbai,2019-08-15,Monsoon,20.4,100,17.2,SW,16.1,40.9,71.3,21.0,18.6,0.15,19.4,Residential,3.46,12,8.7,133,98
REC1250,Chennai,2020-10-14,Post-Monsoon,23.4,25.5,16.8,W,3.8,68.1,107.8,47.2,26.4,0.73,51.0,Industrial,0.32,22,8.4,174,150
REC1251,Indore,2019-07-01,Monsoon,36.7,46.1,1.2,NE,47.6,7.5,15.9,9.7,4.6,0.33,8.3,Residential,2.06,0,8.2,23,20
REC1252,Patna,2020-03-20,Summer,,50.0,6.6,E,2.7,107.2,115.8,16.4,17.6,3.08,64.1,Green Zone,3.54,10,10.5,220,196
REC1253,Indore,2022-10-28,Post-Monsoon,28.7,78.0,27.0,SW,4.0,32.1,58.2,24.2,11.5,1.06,20.2,Mixed,5.26,15,6.9,52,85
REC1254,Patna,2021-01-20,Winter,16.2,52.6,19.9,SE,2.1,,190.1,45.9,7.5,6.17,40.9,Residential,8.86,17,5.9,358,324
REC1255,Kanpur,2023-06-09,Monsoon,,56.4,3.1,SW,16.7,63.1,110.1,41.1,10.3,1.54,35.7,Commercial,,0,6.7,143,132
REC1256,Kanpur,2019-07-13,Monsoon,33.2,74.6,17.9,SW,2.4,55.9,102.7,10.3,12.0,0.41,24.2,Mixed,3.24,21,0.9,131,157
REC1257,Patna,2020-03-15,Summer,31.2,51.2,8.0,S,1.3,,207.1,46.0,46.3,1.24,43.7,Mixed,6.09,28,10.5,220,255
REC1258,Delhi,2019-04-13,Summer,27.7,28.1,1.4,S,1.8,163.3,239.4,61.7,60.9,2.12,49.8,Residential,5.41,24,8.1,319,328
REC1259,Kolkata,2019-01-07,Winter,23.7,30.5,17.6,SW,0.9,85.3,189.2,43.4,27.8,4.23,75.5,Mixed,7.9,22,12.5,237,233
REC1260,Bhopal,2024-05-09,Summer,20.8,26.4,28.8,NE,4.3,,69.6,29.0,13.3,0.41,16.5,Green Zone,4.16,29,6.1,93,117
REC1261,Nagpur,2021-02-03,Winter,14.5,29.6,18.7,N,0.9,63.9,118.0,51.1,20.8,1.2,31.6,Residential,1.35,30,7.6,129,163
REC1262,Kolkata,2022-01-17,Winter,22.5,53.3,34.1,NW,2.8,84.6,180.4,17.8,19.4,1.92,34.7,Mixed,5.38,28,,236,213
REC1263,Bhopal,2023-12-27,Winter,13.4,63.5,18.0,N,4.1,65.0,92.4,28.1,22.5,2.09,29.2,Mixed,,10,5.0,137,130
REC1264,Chennai,2020-06-24,Monsoon,23.1,70.2,20.5,NW,45.7,9.6,,9.0,5.0,0.28,9.7,Commercial,7.23,21,0.8,23,20
REC1265,Nagpur,2023-11-25,Post-Monsoon,27.3,,5.3,S,3.6,60.7,126.4,22.0,27.9,2.45,49.9,Green Zone,3.81,1,7.9,140,169
REC1266,Chennai,2019-08-22,Monsoon,27.1,76.2,30.7,NE,34.3,10.3,15.6,,4.7,0.38,7.1,Mixed,2.92,1,10.5,20,20
REC1267,Jaipur,2024-12-11,Winter,16.8,33.7,34.2,NW,1.3,96.8,123.1,27.1,28.9,3.81,67.4,Green Zone,8.89,28,1.2,207,209
REC1268,Indore,2020-09-05,Monsoon,28.5,78.5,,SE,4.3,72.8,121.7,57.6,28.6,0.46,47.8,Industrial,6.91,28,3.8,215,177
REC1269,Chennai,2019-08-21,Monsoon,19.8,40.6,16.9,W,45.4,10.0,12.9,8.3,4.2,0.32,9.8,Commercial,4.4,7,9.7,20,20
REC1270,Pune,2019-07-28,Monsoon,18.7,53.5,6.9,N,16.0,24.0,32.8,15.7,8.3,0.83,12.0,Green Zone,6.67,10,9.3,82,51
REC1271,Kanpur,2024-05-06,Summer,31.8,15.1,29.8,SW,2.3,,122.6,14.5,17.5,1.25,64.7,Mixed,8.37,6,12.0,244,211
REC1272,Kanpur,2023-04-27,Summer,30.7,53.0,23.2,SW,1.8,78.9,113.5,18.8,38.2,1.06,39.5,Residential,8.72,1,8.3,228,196
REC1273,Pune,2022-12-21,Winter,18.7,23.0,,W,2.4,46.5,81.2,10.2,15.1,2.28,28.4,Commercial,4.47,1,12.9,113,119
REC1274,Chennai,2022-09-16,Monsoon,26.4,45.6,1.1,N,14.9,22.9,32.7,15.0,5.9,0.12,11.8,Mixed,7.78,7,4.6,51,51
REC1275,Jaipur,2023-10-01,Post-Monsoon,29.0,61.8,30.1,NE,3.3,20.4,35.2,13.9,5.1,0.89,14.0,Residential,0.49,1,8.3,81,54
REC1276,Kolkata,2020-04-27,Summer,36.8,68.4,11.2,NE,4.7,68.0,110.0,55.9,31.5,1.51,51.3,Green Zone,5.9,12,8.7,202,175
REC1277,Nagpur,2023-07-08,Monsoon,35.8,59.7,23.6,E,36.4,10.4,16.5,9.8,,0.34,7.1,Residential,7.84,23,11.6,20,20
REC1278,Kanpur,2021-03-24,Summer,28.1,,31.8,E,2.6,86.3,118.3,42.0,13.1,3.26,24.7,Green Zone,4.4,16,4.5,187,165
REC1279,Nagpur,2024-03-18,Summer,32.4,49.8,19.5,N,1.9,13.4,21.9,12.4,5.2,0.32,10.0,Green Zone,1.47,1,10.0,45,32
REC1280,Jaipur,2021-10-02,Post-Monsoon,26.6,59.3,24.0,W,2.7,67.1,107.0,22.5,8.0,0.46,52.0,Residential,1.85,6,10.7,132,159
REC1281,Surat,2023-02-17,Winter,28.1,66.0,25.1,SW,4.5,58.9,106.6,46.7,10.5,1.02,22.3,Green Zone,0.89,10,1.3,146,129
REC1282,Kolkata,2020-12-02,Winter,22.3,48.3,20.4,N,2.3,146.4,219.6,118.2,17.6,4.94,44.6,Mixed,9.27,16,14.5,320,297
REC1283,Jaipur,2021-06-08,Monsoon,26.0,61.2,30.8,NE,45.5,10.0,14.8,8.5,4.8,0.3,7.3,Commercial,9.57,14,7.7,20,20
REC1284,Kanpur,2019-08-20,Monsoon,25.0,84.7,25.2,NE,23.2,31.2,46.1,19.9,6.3,0.53,20.6,Green Zone,8.5,1,13.1,27,66
REC1285,Jaipur,2023-02-22,Winter,21.0,61.5,27.6,SE,3.5,75.6,106.0,25.5,12.2,2.36,13.2,Residential,5.22,28,8.1,193,156
REC1286,Chennai,2021-07-19,Monsoon,30.2,93.1,24.9,NW,31.4,7.9,11.5,8.1,4.9,0.19,8.1,Industrial,4.03,24,5.8,59,20
REC1287,Chandigarh,2019-04-04,Summer,32.8,46.5,4.5,NE,1.1,78.8,133.1,28.1,29.8,2.53,52.6,Industrial,2.53,26,7.6,170,182
REC1288,Pune,2022-02-01,Winter,23.4,49.9,3.2,S,4.1,56.2,103.3,20.6,28.0,2.31,36.9,Industrial,2.56,15,11.4,189,149
REC1289,Bangalore,2024-04-25,Summer,24.2,28.0,3.3,NW,2.4,,75.4,22.7,8.9,1.52,16.5,Industrial,5.07,15,7.8,118,110
REC1290,Patna,2024-03-15,Summer,38.3,57.7,27.0,SE,4.7,68.7,99.3,48.5,14.8,0.3,11.2,Mixed,1.39,5,9.6,167,135
REC1291,Pune,2024-10-13,Post-Monsoon,28.4,10.2,9.8,W,1.8,59.3,80.0,50.1,25.7,0.45,21.4,Mixed,0.92,26,2.5,138,136
REC1292,Lucknow,2021-10-18,Post-Monsoon,24.5,57.1,5.2,SW,1.9,111.9,156.4,41.7,27.4,0.17,79.0,Commercial,0.53,28,3.1,240,256
REC1293,Nagpur,2024-12-23,Winter,14.8,58.9,32.9,NE,1.2,28.3,50.5,24.3,13.6,0.43,19.1,Green Zone,4.81,0,6.2,56,71
REC1294,Lucknow,2022-03-25,Summer,,49.1,,NE,4.2,109.7,165.4,17.7,43.8,1.98,29.2,Industrial,9.48,9,5.4,225,231
REC1295,Hyderabad,2019-10-03,Post-Monsoon,29.9,49.8,3.5,N,3.3,67.4,100.7,12.9,7.2,0.77,46.4,Green Zone,0.22,12,7.7,104,142
REC1296,Kanpur,2021-07-15,Monsoon,30.2,92.0,2.0,E,16.9,46.4,,17.4,17.8,0.55,29.1,Mixed,3.19,2,11.6,82,96
REC1297,Lucknow,2019-10-07,Post-Monsoon,24.9,23.8,11.4,NW,3.7,110.3,187.4,30.8,41.6,0.54,45.8,Mixed,5.61,3,11.8,,241
REC1298,Hyderabad,2023-06-17,Monsoon,22.1,77.8,30.8,SE,42.7,10.8,,8.5,4.6,0.37,9.4,Green Zone,6.12,18,8.2,59,20
REC1299,Lucknow,2022-06-03,Monsoon,30.7,60.8,19.9,NE,6.8,59.6,76.4,32.8,16.7,1.73,29.5,Mixed,7.49,3,6.1,108,138
REC1300,Indore,2020-10-10,Post-Monsoon,24.0,38.3,8.6,E,1.7,50.2,101.0,28.5,17.6,0.61,21.8,Residential,2.36,7,9.7,110,128
REC1301,Kanpur,2021-11-24,Post-Monsoon,30.5,52.1,25.7,N,1.0,103.2,171.3,37.8,8.6,0.32,42.5,Green Zone,7.96,16,7.2,266,267
REC1302,Kanpur,2023-10-27,Post-Monsoon,28.0,51.5,24.3,S,4.4,98.7,118.4,49.8,35.7,0.64,10.8,Industrial,3.36,25,13.3,192,214
REC1303,Nagpur,2023-06-25,Monsoon,20.3,34.7,24.9,W,12.4,10.3,14.1,9.8,5.0,0.39,7.1,Green Zone,3.09,0,3.8,20,20
REC1304,Ahmedabad,2023-06-13,Monsoon,22.9,85.3,14.7,SE,46.8,7.3,13.4,,4.4,0.2,9.8,Mixed,1.38,18,2.6,33,20
REC1305,Mumbai,2021-01-12,Winter,24.8,46.8,,NE,2.8,64.1,120.7,28.8,28.0,0.44,42.9,Mixed,4.6,3,7.5,134,151
REC1306,Patna,2024-05-16,Summer,36.7,69.6,15.6,E,2.6,111.7,229.9,51.5,55.4,2.0,81.5,Industrial,9.33,14,8.4,262,279
REC1307,Lucknow,2021-06-13,Monsoon,21.1,68.1,14.5,E,36.2,41.6,48.9,29.4,,0.66,20.8,Commercial,9.91,28,8.6,112,85
REC1308,Bhopal,2021-06-10,Monsoon,23.8,67.1,17.1,S,9.8,11.8,20.9,11.5,5.9,0.12,10.5,Commercial,5.51,21,6.7,41,31
REC1309,Surat,2022-02-07,Winter,,42.2,26.9,SE,3.7,30.4,42.8,17.3,8.1,0.57,17.1,Commercial,3.58,8,0.6,84,64
REC1310,Bhopal,2020-02-11,Winter,,26.4,15.2,E,1.5,90.3,126.3,63.8,11.6,1.62,51.4,Green Zone,6.55,9,6.4,129,165
REC1311,Bhopal,2022-10-17,Post-Monsoon,30.4,57.5,20.7,N,3.8,56.7,92.6,32.9,10.2,0.99,25.3,Mixed,1.13,21,10.5,105,124
REC1312,Nagpur,2024-01-15,Winter,,62.9,18.5,N,0.6,78.8,99.5,45.8,12.9,2.72,48.3,Green Zone,3.28,16,5.9,183,177
REC1313,Chandigarh,2023-09-20,Monsoon,20.3,,25.2,NW,30.7,29.2,37.3,20.2,6.6,0.68,15.4,Industrial,6.69,24,1.4,56,55
REC1314,Delhi,2023-02-12,Winter,9.9,37.2,12.6,S,3.2,150.2,224.7,53.5,43.3,7.23,18.9,Green Zone,9.09,27,14.9,389,387
REC1315,Kolkata,2021-02-18,Winter,12.8,51.6,28.4,SW,3.1,,110.5,73.9,15.7,3.27,18.4,Industrial,3.02,8,6.1,164,199
REC1316,Ahmedabad,2023-03-23,Summer,29.8,44.5,23.5,W,1.9,78.2,102.9,21.7,25.5,1.85,45.1,Mixed,2.76,30,14.6,122,144
REC1317,Lucknow,2023-06-10,Monsoon,29.2,70.1,31.8,NW,10.2,27.8,52.0,21.1,7.4,0.22,11.8,Mixed,1.09,27,7.0,53,63
REC1318,Delhi,2022-10-28,Post-Monsoon,26.7,42.8,17.6,SE,1.1,144.6,242.7,98.1,10.3,4.05,44.2,Industrial,6.43,5,0.6,287,314
REC1319,Chennai,2019-04-21,Summer,30.2,13.8,2.2,W,3.7,129.5,135.1,21.6,21.6,1.71,68.0,Industrial,8.69,25,6.8,253,237
REC1320,Ahmedabad,2020-04-27,Summer,38.2,43.1,20.8,W,2.9,51.8,77.2,30.8,13.4,1.79,22.9,Industrial,6.67,5,11.4,163,127
REC1321,Chennai,2020-02-15,Winter,21.3,23.9,29.0,NW,0.1,92.9,145.6,38.9,27.2,1.7,62.5,Commercial,9.58,19,4.1,179,190
REC1322,Surat,2023-11-18,Post-Monsoon,23.4,55.7,33.9,S,0.2,30.4,40.8,13.6,9.2,1.27,20.2,Commercial,5.86,26,4.0,62,65
REC1323,Delhi,2019-08-23,Monsoon,19.5,80.3,14.0,E,39.9,20.6,30.3,20.6,8.6,0.65,17.6,Residential,2.3,25,2.6,93,53
REC1324,Bhopal,2020-08-17,Monsoon,28.3,91.6,6.3,E,44.0,10.1,16.0,9.5,4.1,0.1,9.5,Commercial,9.69,24,3.8,30,20
REC1325,Bangalore,2019-02-02,Winter,18.0,34.3,16.7,E,4.4,53.9,,39.7,18.9,2.25,39.9,Residential,4.7,24,9.5,176,140
REC1326,Patna,2021-12-06,Winter,18.9,47.8,12.1,S,0.7,131.1,195.8,16.2,14.1,0.91,26.0,Residential,2.31,18,1.8,293,283
REC1327,Hyderabad,2019-10-12,Post-Monsoon,24.8,39.8,7.9,E,0.1,47.1,80.0,33.3,10.3,0.43,26.0,Industrial,1.84,12,13.0,157,121
REC1328,Chennai,2021-04-25,Summer,19.3,70.8,17.9,NW,3.1,35.5,64.8,35.6,17.3,1.74,22.4,Mixed,4.89,7,14.1,115,101
REC1329,Patna,2020-01-28,Winter,,48.4,30.2,S,2.3,121.7,193.3,20.8,35.3,2.64,61.0,Commercial,2.3,18,3.2,212,230
REC1330,Bhopal,2022-11-17,Post-Monsoon,29.7,38.0,6.0,S,2.3,62.8,97.7,45.7,,0.98,26.1,Commercial,0.55,20,5.0,147,115
REC1331,Kolkata,2022-08-17,Monsoon,22.9,86.9,22.3,NW,31.8,24.8,27.2,19.0,9.6,0.7,16.8,Green Zone,5.88,30,3.7,86,49
REC1332,Surat,2023-04-24,Summer,34.2,48.9,2.4,E,2.4,93.8,142.0,57.3,22.4,1.53,49.3,Industrial,3.53,29,9.9,189,201
REC1333,Chandigarh,2019-10-03,Post-Monsoon,30.6,60.0,27.9,W,1.1,29.6,50.1,17.9,6.2,0.48,19.0,Residential,4.6,17,12.4,60,79
REC1334,Jaipur,2021-07-05,Monsoon,31.2,70.8,21.8,E,31.1,15.0,25.4,10.6,5.1,0.4,12.3,Industrial,5.22,27,,20,41
REC1335,Chandigarh,2023-04-07,Summer,29.0,55.7,4.3,SW,3.4,,136.1,36.4,17.9,1.67,13.4,Mixed,3.12,15,12.9,208,176
REC1336,Nagpur,2024-06-21,Monsoon,25.4,71.6,4.0,N,40.2,21.8,,11.9,11.4,1.07,15.9,Residential,9.07,13,12.3,87,59
REC1337,Lucknow,2023-05-13,Summer,29.6,51.6,15.0,SW,2.7,93.0,165.7,36.5,6.5,0.47,66.7,Mixed,5.46,19,11.3,206,213
REC1338,Patna,2022-06-05,Monsoon,24.5,94.7,34.0,SE,24.6,37.7,78.4,21.6,6.0,1.9,23.4,Residential,8.83,28,7.7,73,100
REC1339,Jaipur,2024-02-08,Winter,17.8,63.0,27.9,E,2.6,89.1,100.2,37.6,16.8,2.73,13.2,Commercial,7.48,5,3.2,157,174
REC1340,Pune,2022-03-12,Summer,,22.4,10.8,SW,4.8,21.0,29.6,15.7,5.1,0.79,12.9,Mixed,0.64,3,4.2,20,42
REC1341,Mumbai,2021-05-28,Summer,26.2,21.1,10.7,SW,1.1,81.1,137.0,33.7,12.7,1.01,39.2,Mixed,6.4,14,14.3,190,162
REC1342,Chennai,2021-09-27,Monsoon,20.8,76.0,6.4,NE,47.1,7.4,15.8,10.0,4.5,0.23,8.8,Industrial,0.29,18,1.1,,20
REC1343,Patna,2019-09-03,Monsoon,22.0,64.8,8.0,E,44.8,15.2,20.8,13.6,5.1,0.34,11.2,Industrial,7.41,19,11.2,43,36
REC1344,Delhi,2023-10-01,Post-Monsoon,20.3,43.3,12.3,W,3.5,147.7,229.6,104.2,20.9,6.36,104.9,Residential,5.07,14,7.2,337,318
REC1345,Surat,2021-07-28,Monsoon,34.5,72.9,1.7,NE,31.4,16.6,26.3,10.4,5.5,0.23,10.0,Green Zone,6.02,22,8.9,20,39
REC1346,Nagpur,2020-05-07,Summer,29.5,17.0,14.8,NW,3.1,42.7,69.1,39.4,13.8,1.76,24.1,Residential,5.97,11,3.9,86,120
REC1347,Chennai,2020-07-08,Monsoon,25.9,48.0,1.4,SW,40.2,9.9,12.7,10.0,4.1,0.1,7.8,Commercial,3.1,22,6.0,20,20
REC1348,Jaipur,2024-12-22,Winter,19.9,43.4,,NW,3.4,76.6,93.0,32.3,15.0,0.63,22.2,Green Zone,0.42,28,0.7,175,164
REC1349,Surat,2019-11-24,Post-Monsoon,28.2,49.0,33.1,SW,2.6,63.8,112.3,33.4,25.1,1.32,48.2,Mixed,7.18,26,8.8,151,154
REC1350,Patna,2023-07-09,Monsoon,21.8,86.1,3.3,SW,42.3,31.5,72.5,16.1,15.6,1.53,10.5,Commercial,9.33,17,6.3,82,87
REC1351,Indore,2022-01-24,Winter,13.8,,14.0,N,0.8,71.5,96.4,17.0,7.7,0.63,28.4,Residential,6.86,24,7.1,161,140
REC1352,Chennai,2024-09-04,Monsoon,30.8,78.4,32.1,SE,3.9,12.5,21.0,10.4,5.1,0.29,9.6,Industrial,6.91,14,12.1,20,26
REC1353,Hyderabad,2022-12-20,Winter,18.4,25.1,20.1,NE,3.6,90.8,119.8,44.3,10.1,1.38,35.0,Commercial,5.91,18,1.4,173,174
REC1354,Surat,2019-12-23,Winter,14.9,71.6,8.4,W,4.1,91.7,136.1,91.9,17.9,3.04,61.5,Commercial,8.65,27,6.3,245,243
REC1355,Surat,2019-01-04,Winter,15.7,26.3,28.5,N,4.5,31.7,64.9,17.7,5.7,1.45,22.8,Industrial,1.78,2,14.8,65,78
REC1356,Hyderabad,2022-06-03,Monsoon,29.0,87.4,21.4,N,31.8,7.5,12.4,9.9,4.5,0.16,7.5,Green Zone,7.75,16,3.1,49,20
REC1357,Mumbai,2024-12-12,Winter,11.1,46.5,15.0,W,2.4,75.9,175.0,72.2,28.3,2.93,38.8,Green Zone,6.68,1,,212,213
REC1358,Ahmedabad,2022-12-12,Winter,16.4,62.8,3.8,S,2.2,99.8,200.4,12.4,25.7,5.23,33.0,Green Zone,3.02,1,9.9,273,263
REC1359,Indore,2024-11-20,Post-Monsoon,28.5,,10.5,W,3.7,54.4,74.3,10.8,12.9,2.13,16.2,Commercial,0.6,14,7.7,146,116
REC1360,Surat,2023-03-14,Summer,35.5,39.8,1.3,S,0.8,97.3,110.2,63.3,9.1,2.43,37.6,Green Zone,0.53,27,0.8,180,178
REC1361,Bangalore,2022-10-02,Post-Monsoon,31.3,10,2.5,SW,4.0,49.2,70.3,21.6,5.2,1.54,25.6,Residential,6.36,22,9.7,118,111
REC1362,Bangalore,2022-11-28,Post-Monsoon,19.7,59.6,20.2,SE,1.2,40.3,78.2,34.2,5.3,2.23,12.0,Commercial,6.32,28,0.6,137,114
REC1363,Chandigarh,2021-05-17,Summer,29.8,39.7,11.6,SE,1.9,54.4,73.0,19.5,15.6,1.45,32.0,Commercial,3.02,13,9.5,135,122
REC1364,Chennai,2019-01-28,Winter,14.1,37.0,6.8,NW,1.4,57.0,104.3,31.2,21.5,1.72,11.5,Mixed,3.59,0,5.6,119,142
REC1365,Bhopal,2019-10-06,Post-Monsoon,23.3,64.9,25.3,N,3.1,32.9,45.3,16.5,5.5,0.92,11.2,Residential,2.48,1,5.0,,60
REC1366,Delhi,2022-11-15,Post-Monsoon,17.3,37.9,11.2,W,4.5,115.0,225.9,45.7,,1.07,58.5,Industrial,1.81,9,,288,310
REC1367,Nagpur,2024-07-01,Monsoon,37.1,99.0,30.8,NE,6.8,10.8,13.3,,4.2,0.24,9.3,Green Zone,2.2,4,6.3,20,20
REC1368,Chennai,2023-11-20,Post-Monsoon,22.8,56.9,13.8,NE,1.8,44.6,49.3,12.4,5.7,1.32,11.3,Mixed,2.37,6,12.8,63,89
REC1369,Lucknow,2024-02-22,Winter,19.6,41.3,10.8,NE,3.9,91.1,152.0,72.3,22.8,0.24,59.9,Residential,3.16,27,13.9,176,213
REC1370,Bangalore,2023-04-09,Summer,30.4,65.8,5.9,SW,2.2,40.5,51.4,32.4,16.3,1.46,28.5,Residential,1.47,2,12.4,92,90
REC1371,Ahmedabad,2022-05-28,Summer,24.9,37.3,5.0,SE,0.4,142.4,166.5,28.1,40.7,2.58,59.7,Industrial,5.45,28,14.9,251,268
REC1372,Bhopal,2019-02-24,Winter,,58.7,11.1,E,1.7,,157.4,58.9,19.1,1.27,49.2,Green Zone,6.12,12,5.8,181,192
REC1373,Pune,2024-06-04,Monsoon,22.0,92.0,13.8,NE,48.5,7.8,11.7,8.5,4.8,0.24,8.8,Industrial,1.36,7,12.0,23,20
REC1374,Hyderabad,2024-07-03,Monsoon,28.2,95.4,20.1,SW,48.2,7.3,15.8,9.5,4.4,0.27,9.9,Industrial,3.16,7,14.1,32,20
REC1375,Nagpur,2019-08-01,Monsoon,23.5,63.9,33.3,NW,4.2,24.6,37.4,17.7,10.1,0.87,19.6,Mixed,4.85,8,2.5,69,60
REC1376,Kolkata,2022-07-25,Monsoon,16.4,61.1,30.0,E,4.4,52.4,86.6,34.3,7.8,1.55,21.1,Green Zone,,4,7.1,67,104
REC1377,Patna,2019-06-06,Monsoon,27.6,89.5,20.0,S,23.5,68.2,84.9,41.0,13.1,2.59,15.0,Residential,8.65,27,13.2,130,135
REC1378,Bangalore,2022-08-08,Monsoon,16.7,82.8,13.2,SE,12.2,,39.6,18.3,5.2,1.0,23.7,Industrial,1.27,29,2.2,83,70
REC1379,Indore,2019-10-13,Post-Monsoon,28.0,48.4,5.1,W,0.8,74.0,89.9,48.3,10.1,1.79,52.8,Commercial,5.89,9,14.1,115,154
REC1380,Nagpur,2023-10-03,Post-Monsoon,19.3,19.0,5.8,W,1.2,42.8,88.5,31.5,19.7,0.68,11.1,Residential,7.82,2,3.8,152,120
REC1381,Delhi,2022-11-07,Post-Monsoon,26.3,51.9,31.1,N,2.9,88.2,126.4,26.3,18.7,1.94,61.2,Green Zone,,22,13.7,258,227
REC1382,Delhi,2024-01-27,Winter,27.2,57.8,3.2,SW,4.7,206.0,270.6,143.4,17.3,4.84,19.5,Commercial,5.12,10,5.4,433,394
REC1383,Kanpur,2023-04-10,Summer,26.2,37.7,8.0,NE,0.0,136.9,186.7,51.6,41.1,3.62,39.4,Mixed,6.2,29,5.9,305,280
REC1384,Chennai,2020-02-01,Winter,7.5,54.9,2.8,S,4.8,92.8,157.8,23.4,8.3,1.51,38.1,Industrial,3.13,22,14.1,208,199
REC1385,Indore,2019-12-07,Winter,17.7,48.9,5.4,S,3.8,116.7,201.3,27.6,33.8,4.26,42.2,Commercial,3.54,26,7.2,265,245
REC1386,Kanpur,2022-07-20,Monsoon,,,22.3,E,15.4,60.1,104.4,22.0,9.8,1.25,55.3,Residential,8.11,28,5.7,154,161
REC1387,Jaipur,2020-04-13,Summer,22.7,20.3,5.4,SE,0.4,91.5,162.5,41.6,13.7,2.5,18.7,Industrial,1.4,24,12.7,199,195
REC1388,Pune,2019-05-19,Summer,27.7,20.9,18.2,N,3.9,60.9,78.9,17.4,15.5,2.23,25.1,Mixed,8.22,30,12.0,95,122
REC1389,Patna,2019-03-10,Summer,23.9,33.9,30.0,W,4.5,38.1,70.6,28.8,13.8,1.58,26.3,Green Zone,3.61,2,4.4,99,94
REC1390,Bhopal,2022-04-06,Summer,30.5,73.6,18.1,NE,1.8,26.6,,11.1,6.1,0.74,16.9,Industrial,0.26,4,0.6,37,54
REC1391,Chennai,2020-08-15,Monsoon,22.5,71.0,15.7,W,3.0,57.5,95.6,21.9,19.7,0.65,29.1,Industrial,6.05,20,7.7,80,119
REC1392,Mumbai,2022-11-15,Post-Monsoon,23.3,24.8,3.1,W,1.3,107.7,131.7,22.5,7.7,3.54,34.0,Commercial,6.93,7,10.6,201,202
REC1393,Mumbai,2021-10-15,Post-Monsoon,20.2,50.4,25.1,N,3.6,100.2,140.4,19.3,21.7,1.63,35.0,Residential,8.67,30,5.9,206,211
REC1394,Bangalore,2024-08-21,Monsoon,15.5,72.0,24.4,NW,24.5,8.2,,8.5,4.8,0.37,7.7,Industrial,4.52,7,4.0,20,20
REC1395,Chandigarh,2021-05-05,Summer,25.9,75.7,27.1,S,1.3,23.1,33.6,16.7,7.7,0.73,12.0,Industrial,1.35,18,11.4,56,49
REC1396,Patna,2019-07-23,Monsoon,32.9,60.9,20.8,N,42.8,9.1,14.9,8.8,,0.21,8.1,Industrial,6.56,15,8.8,27,20
REC1397,Jaipur,2021-01-05,Winter,14.2,41.8,18.7,SW,3.2,76.9,110.6,61.3,32.7,2.87,10.5,Residential,1.63,21,4.5,181,191
REC1398,Ahmedabad,2021-08-17,Monsoon,24.9,62.3,13.0,S,18.0,41.8,65.8,14.3,13.1,0.73,34.3,Green Zone,9.51,27,7.2,134,98
REC1399,Bhopal,2020-02-05,Winter,18.1,53.9,34.0,SE,3.8,14.8,32.8,12.4,,0.34,11.7,Mixed,3.0,20,14.6,44,42
REC1400,Kolkata,2023-09-18,Monsoon,27.1,64.5,21.4,S,22.3,9.0,15.4,8.9,4.8,0.16,9.7,Residential,1.68,14,2.0,25,20
REC1401,Indore,2023-10-19,Post-Monsoon,22.3,38.3,9.3,SW,4.2,71.4,79.7,19.2,24.9,1.55,17.2,Residential,3.83,21,12.9,137,140
REC1402,Patna,2020-05-13,Summer,29.7,51.1,21.6,N,2.7,102.0,128.9,28.3,18.5,3.24,51.9,Industrial,9.66,18,0.8,194,194
REC1403,Nagpur,2024-03-21,Summer,,49.0,26.2,SW,3.1,81.0,95.5,47.8,16.0,0.91,36.6,Industrial,7.88,28,7.7,179,166
REC1404,Indore,2022-09-28,Monsoon,,59.5,0.8,S,43.1,9.5,13.7,9.9,5.0,0.39,7.6,Commercial,6.76,22,1.6,20,20
REC1405,Jaipur,2024-06-09,Monsoon,25.2,61.1,14.9,SE,48.4,8.2,12.1,9.8,4.8,0.15,10.0,Industrial,5.67,12,0.7,20,20
REC1406,Ahmedabad,2021-07-15,Monsoon,35.7,57.4,16.3,N,42.3,8.4,11.1,9.6,4.4,0.26,7.5,Commercial,9.73,12,8.7,20,20
REC1407,Chennai,2021-07-12,Monsoon,20.8,80.9,19.4,N,15.2,9.5,12.1,8.0,4.2,0.2,7.6,Commercial,2.39,4,8.2,20,20
REC1408,Kanpur,2019-03-13,Summer,37.8,59.7,26.3,SW,2.1,83.7,121.4,41.6,22.9,1.75,46.4,Green Zone,2.3,8,1.8,128,168
REC1409,Pune,2020-04-13,Summer,27.2,36.2,0.9,NE,1.3,81.8,151.0,19.3,25.7,2.58,43.5,Mixed,9.97,20,8.6,169,192
REC1410,Bangalore,2024-03-25,Summer,29.9,33.5,31.9,E,1.1,8.0,14.8,8.6,5.0,0.1,10.0,Commercial,5.87,1,14.6,30,20
REC1411,Kolkata,2024-01-18,Winter,17.4,50.9,17.6,W,1.5,80.2,95.4,27.3,9.5,2.22,28.0,Mixed,2.38,7,,130,155
REC1412,Hyderabad,2024-05-12,Summer,28.3,54.4,12.8,E,1.2,90.4,129.7,36.0,5.4,0.26,50.7,Mixed,7.76,28,,210,197
REC1413,Chandigarh,2023-04-28,Summer,25.7,44.5,8.9,W,3.0,9.7,16.0,8.7,4.2,0.37,9.5,Residential,2.81,9,4.7,51,20
REC1414,Jaipur,2019-06-22,Monsoon,17.7,,8.4,NE,47.9,10.1,11.1,8.4,4.1,0.27,9.9,Mixed,6.88,6,11.1,51,20
REC1415,Lucknow,2023-12-01,Winter,25.3,41.0,4.5,SW,4.2,101.2,153.7,92.1,48.9,4.37,47.1,Green Zone,1.28,7,12.5,293,268
REC1416,Lucknow,2023-07-25,Monsoon,24.5,78.0,28.2,E,19.0,44.2,48.3,16.0,14.8,0.99,28.6,Residential,6.69,12,2.9,83,86
REC1417,Hyderabad,2023-01-15,Winter,11.3,52.0,0.8,E,1.6,127.4,207.0,50.2,28.3,2.7,28.8,Residential,6.3,24,12.6,239,264
REC1418,Mumbai,2019-08-22,Monsoon,31.0,71.2,20.4,N,45.3,7.3,11.3,9.9,4.6,0.29,8.8,Commercial,9.07,17,2.1,20,20
REC1419,Nagpur,2021-02-06,Winter,,44.0,32.2,NW,1.6,36.7,54.2,17.0,11.6,1.26,21.4,Green Zone,1.34,3,,53,72
REC1420,Indore,2021-12-14,Winter,13.0,22.9,7.9,SW,0.9,,130.1,40.2,32.5,1.78,41.4,Green Zone,0.3,26,10.0,191,165
REC1421,Pune,2021-01-27,Winter,13.9,43.2,34.9,E,4.8,44.1,58.0,28.8,9.7,0.81,18.5,Industrial,5.69,22,3.1,113,88
REC1422,Indore,2019-08-14,Monsoon,23.9,79.5,28.7,S,38.7,9.0,12.8,8.7,,0.35,8.3,Green Zone,8.33,2,3.7,20,20
REC1423,Nagpur,2023-08-04,Monsoon,28.5,52.3,34.5,NE,42.7,10.7,15.6,9.7,4.1,0.24,9.7,Green Zone,3.41,21,3.7,20,20
REC1424,Surat,2022-06-20,Monsoon,24.4,,35.0,N,19.0,7.4,15.0,8.5,4.0,0.14,7.8,Commercial,5.62,18,0.7,33,20
REC1425,Pune,2022-04-22,Summer,25.0,38.1,3.1,SE,2.8,72.0,95.8,35.3,10.8,1.13,42.4,Mixed,4.66,30,8.2,155,146
REC1426,Mumbai,2023-03-25,Summer,33.6,47.1,26.1,SW,1.9,90.1,148.3,28.3,25.8,,55.1,Commercial,5.82,26,1.5,186,206
REC1427,Surat,2019-06-10,Monsoon,24.3,90.6,3.6,S,32.3,9.9,16.8,8.1,4.9,0.36,8.4,Mixed,0.35,13,7.5,20,20
REC1428,Patna,2019-01-20,Winter,16.5,40.6,0.9,S,1.0,152.5,242.8,73.2,54.2,,121.6,Commercial,9.93,6,14.0,389,376
REC1429,Kolkata,2020-05-14,Summer,28.3,39.2,17.3,S,2.2,47.0,93.7,45.0,12.0,0.4,34.0,Residential,1.61,20,8.8,82,117
REC1430,Indore,2020-07-04,Monsoon,26.9,97.3,10.9,S,34.0,8.8,11.6,9.3,4.1,0.21,8.5,Commercial,7.94,6,4.2,20,20
REC1431,Nagpur,2024-10-20,Post-Monsoon,22.5,28.4,18.9,E,4.8,49.0,79.8,26.3,8.6,1.9,33.6,Residential,0.75,16,2.3,88,101
REC1432,Pune,2023-10-18,Post-Monsoon,25.5,87.7,13.4,S,1.9,34.8,51.7,24.1,10.8,0.72,16.6,Industrial,0.32,1,7.3,78,67
REC1433,Chandigarh,2021-07-10,Monsoon,24.3,77.6,2.1,N,38.9,8.6,16.5,9.4,4.2,0.33,8.1,Green Zone,3.24,11,6.1,20,20
REC1434,Nagpur,2022-02-21,Winter,19.6,33.0,1.6,E,0.7,93.3,135.1,68.4,11.1,3.83,61.6,Mixed,4.33,16,2.7,252,235
REC1435,Hyderabad,2024-09-18,Monsoon,32.1,100,21.2,W,10.1,55.7,81.2,28.4,9.6,1.68,15.8,Commercial,5.38,7,14.7,87,103
REC1436,Kanpur,2019-06-26,Monsoon,27.4,63.3,22.0,NE,28.4,9.0,16.3,8.8,4.5,0.29,7.0,Commercial,1.37,5,3.0,20,20
REC1437,Lucknow,2020-11-25,Post-Monsoon,30.6,33.3,2.5,SW,3.8,142.5,155.1,54.2,7.0,2.03,85.6,Residential,,24,14.3,239,267
REC1438,Kolkata,2024-01-20,Winter,19.3,31.7,14.2,NE,2.3,125.9,167.2,68.0,15.7,0.88,36.6,Mixed,3.87,29,,264,270
REC1439,Kanpur,2022-02-09,Winter,27.1,58.2,18.1,S,3.1,147.2,238.3,,41.7,4.15,29.7,Industrial,3.05,10,,286,294
REC1440,Surat,2024-03-20,Summer,31.8,60.4,22.2,W,3.9,10.9,16.5,9.4,,0.27,7.3,Commercial,3.18,2,1.0,20,20
REC1441,Pune,2020-05-09,Summer,25.9,,,SW,3.7,47.8,115.2,39.9,26.3,2.32,36.6,Green Zone,9.0,29,0.5,111,136
REC1442,Patna,2019-11-15,Post-Monsoon,22.9,58.5,18.4,SE,1.6,117.4,166.3,18.4,28.4,1.73,65.8,Mixed,5.24,27,1.7,271,232
REC1443,Mumbai,2023-12-08,Winter,14.1,56.2,4.4,SE,3.2,109.8,221.1,27.9,28.9,5.84,26.5,Industrial,8.99,29,5.5,323,301
REC1444,Pune,2024-10-09,Post-Monsoon,27.6,44.6,14.2,NW,1.0,31.1,73.4,27.3,,0.9,23.9,Mixed,3.26,9,9.8,91,88
REC1445,Kolkata,2022-04-07,Summer,28.3,64.6,,N,3.2,44.8,83.7,10.7,16.1,0.26,21.9,Industrial,5.88,1,4.6,86,108
REC1446,Kolkata,2021-02-12,Winter,23.8,52.7,24.4,W,0.8,135.2,166.5,86.6,29.6,1.19,65.8,Mixed,4.64,5,7.0,221,252
REC1447,Surat,2019-11-15,Post-Monsoon,29.7,45.7,,SE,4.9,34.8,56.9,14.2,9.2,0.34,26.1,Industrial,1.6,5,10.3,108,77
REC1448,Mumbai,2019-04-28,Summer,27.0,54.7,31.0,S,4.6,,106.2,44.9,21.8,1.08,30.6,Mixed,9.69,20,12.7,125,132
REC1449,Patna,2019-01-02,Winter,24.6,64.0,3.6,N,1.8,150.2,203.9,118.4,52.6,3.79,35.7,Industrial,,5,1.7,293,298
REC1450,Lucknow,2021-01-05,Winter,20.0,40.3,2.0,W,3.7,,218.2,116.6,19.2,4.25,53.2,Mixed,2.22,26,4.3,344,323
REC1451,Delhi,2021-07-05,Monsoon,28.3,66.3,22.9,NE,18.9,46.9,69.5,26.8,6.9,1.65,20.7,Commercial,2.19,22,3.6,86,90
REC1452,Jaipur,2022-01-28,Winter,11.2,80.4,9.6,W,0.4,119.9,218.9,49.6,5.9,4.99,35.5,Residential,9.42,19,5.3,325,297
REC1453,Hyderabad,2021-09-25,Monsoon,25.8,78.0,19.7,E,34.2,7.2,13.7,9.5,4.7,0.23,9.5,Green Zone,4.18,5,8.1,20,20
REC1454,Kanpur,2021-06-17,Monsoon,29.6,85.6,25.3,NE,28.6,28.2,64.1,20.2,13.5,1.04,13.6,Commercial,7.96,27,13.4,82,78
REC1455,Patna,2024-10-16,Post-Monsoon,13.4,56.0,17.5,N,3.2,104.2,168.4,45.2,14.6,4.49,14.7,Green Zone,,9,13.1,276,241
REC1456,Surat,2022-05-13,Summer,25.3,37.1,32.2,SE,0.1,30.2,47.6,15.2,14.0,1.43,13.8,Industrial,6.52,27,14.4,70,72
REC1457,Delhi,2022-09-19,Monsoon,25.1,68.8,6.8,SW,37.6,18.0,26.4,11.0,6.1,0.39,10.4,Industrial,3.8,16,8.9,61,40
REC1458,Chennai,2020-11-20,Post-Monsoon,23.8,66.1,25.2,SW,2.7,37.5,83.2,19.1,11.6,0.58,26.2,Green Zone,1.63,29,10.9,119,107
REC1459,Indore,2021-04-09,Summer,34.9,39.0,9.3,W,3.5,68.5,117.4,11.9,24.7,1.92,10.8,Commercial,2.79,8,9.4,169,160
REC1460,Kanpur,2019-03-06,Summer,33.0,55.4,25.1,S,5.0,126.9,202.6,14.5,33.4,1.17,17.5,Mixed,8.85,13,3.5,276,244
REC1461,Jaipur,2024-04-08,Summer,23.5,58.0,15.1,NE,0.3,64.2,96.8,13.2,24.3,1.92,35.2,Mixed,4.09,10,1.9,101,130
REC1462,Kolkata,2023-04-17,Summer,30.9,54.4,10.6,NE,2.1,73.3,112.8,39.2,15.7,1.04,46.4,Green Zone,3.35,0,11.0,164,150
REC1463,Bangalore,2023-10-01,Post-Monsoon,23.5,47.0,13.7,S,1.4,24.1,53.0,26.0,11.3,0.93,19.0,Commercial,1.55,15,13.6,58,66
REC1464,Bangalore,2019-07-20,Monsoon,26.8,54.2,13.4,S,33.6,8.1,16.2,9.1,4.3,0.12,8.6,Green Zone,5.61,12,13.9,60,20
REC1465,Mumbai,2022-04-05,Summer,29.8,58.1,,NE,1.2,59.8,103.2,28.3,26.6,1.54,34.6,Commercial,4.08,0,8.9,107,134
REC1466,Bhopal,2019-01-28,Winter,18.7,56.8,1.5,SE,5.0,23.2,36.0,16.6,5.6,0.43,14.6,Commercial,1.86,2,11.1,25,47
REC1467,Chandigarh,2020-08-20,Monsoon,20.0,65.4,27.3,E,22.8,10.8,15.6,9.5,4.5,0.19,8.5,Mixed,4.88,22,13.8,33,20
REC1468,Bangalore,2022-06-16,Monsoon,28.2,64.3,18.4,NW,15.1,21.5,37.9,12.1,7.6,0.17,14.6,Mixed,3.15,29,12.1,,45
REC1469,Mumbai,2021-01-26,Winter,22.6,52.0,10.5,SW,1.2,142.1,242.8,55.6,62.0,0.77,105.3,Green Zone,7.13,8,7.7,277,313
REC1470,Nagpur,2020-07-06,Monsoon,25.2,77.3,20.4,NW,15.7,8.4,11.6,9.6,4.5,0.31,7.5,Industrial,5.09,12,6.5,33,20
REC1471,Chennai,2021-04-07,Summer,37.9,64.0,19.3,SW,4.6,67.1,89.5,40.3,14.4,0.5,16.8,Green Zone,7.1,17,3.5,172,149
REC1472,Ahmedabad,2024-01-24,Winter,20.3,59.4,14.3,NW,4.1,129.7,187.9,68.6,23.8,3.91,54.3,Mixed,7.68,14,7.4,240,264
REC1473,Patna,2023-12-15,Winter,26.3,50.4,28.3,S,3.4,78.7,166.5,76.0,8.2,4.15,18.1,Residential,0.44,20,,193,224
REC1474,Chandigarh,2021-11-05,Post-Monsoon,21.0,85.3,27.9,NE,3.5,52.8,92.3,42.7,22.1,0.51,33.2,Residential,8.91,26,14.1,127,118
REC1475,Patna,2019-07-04,Monsoon,26.0,,16.5,W,41.1,9.0,13.3,9.8,4.9,0.31,8.2,Commercial,5.79,8,8.6,28,20
REC1476,Surat,2024-07-01,Monsoon,,97.2,12.4,N,37.9,15.0,21.9,11.9,6.3,0.25,10.6,Mixed,3.42,22,14.6,20,36
REC1477,Jaipur,2020-09-02,Monsoon,26.3,74.9,32.7,N,48.9,9.3,17.0,8.8,4.1,0.11,8.7,Residential,8.84,19,14.9,21,20
REC1478,Bhopal,2021-02-01,Winter,22.6,39.2,27.2,E,1.6,56.1,115.2,54.0,13.3,,31.3,Commercial,7.76,12,11.1,175,143
REC1479,Mumbai,2021-11-08,Post-Monsoon,25.7,36.2,33.4,E,4.8,67.7,,10.3,16.7,1.66,35.4,Commercial,3.05,30,13.4,141,129
REC1480,Chennai,2021-11-03,Post-Monsoon,37.1,65.8,34.2,SE,1.9,55.9,115.6,28.0,6.0,0.67,34.8,Commercial,8.51,22,3.3,133,137
REC1481,Bhopal,2020-09-27,Monsoon,28.1,48.7,22.3,SW,0.1,16.8,29.4,12.0,5.2,0.75,13.5,Commercial,6.56,28,5.6,53,39
REC1482,Kolkata,2024-07-13,Monsoon,22.0,77.9,18.4,E,17.5,8.7,14.3,8.8,4.6,0.35,9.3,Industrial,1.66,12,3.7,59,20
REC1483,Mumbai,2024-10-14,Post-Monsoon,29.0,,14.3,E,4.7,86.8,170.2,26.4,16.6,1.18,71.1,Residential,8.94,5,2.6,176,207
REC1484,Hyderabad,2024-08-04,Monsoon,28.5,83.3,24.5,SE,1.0,52.1,75.7,19.6,5.6,1.83,27.9,Green Zone,9.73,19,13.8,86,116
REC1485,Bangalore,2023-02-06,Winter,22.8,46.9,4.5,NW,2.8,80.5,143.8,10.7,11.2,0.59,42.8,Residential,6.08,13,10.2,207,199
REC1486,Bangalore,2023-09-21,Monsoon,25.2,95.3,1.7,NE,16.7,24.3,42.2,18.2,7.8,0.36,11.2,Commercial,4.16,7,2.4,59,51
REC1487,Lucknow,2020-10-18,Post-Monsoon,18.1,34.4,31.5,NW,4.9,94.5,143.3,,23.0,3.55,65.3,Commercial,3.92,16,7.0,164,190
REC1488,Surat,2019-10-17,Post-Monsoon,17.0,36.8,3.4,NE,1.4,75.0,127.8,46.4,6.3,0.82,16.1,Green Zone,1.28,20,1.3,227,201
REC1489,Kanpur,2020-11-22,Post-Monsoon,28.0,32.1,12.4,E,4.6,105.8,234.4,15.3,10.6,4.11,99.7,Industrial,1.17,10,11.2,265,287
REC1490,Delhi,2020-06-09,Monsoon,34.1,69.6,29.8,SW,13.0,54.3,103.3,24.7,17.5,1.75,28.4,Green Zone,8.83,10,9.7,127,150
REC1491,Bhopal,2023-01-03,Winter,16.5,56.2,18.9,NE,1.8,70.4,115.7,44.0,15.4,0.34,34.7,Residential,5.0,9,,164,147
REC1492,Lucknow,2023-07-09,Monsoon,26.6,54.0,8.0,N,37.5,9.9,13.7,8.9,4.1,0.18,7.2,Industrial,4.23,12,14.3,23,20
REC1493,Kolkata,2022-02-24,Winter,16.4,56.0,,N,4.1,114.9,217.4,101.8,55.8,5.05,34.6,Mixed,,19,3.7,313,314
REC1494,Lucknow,2020-05-24,Summer,27.9,49.1,1.8,SE,0.1,105.6,219.9,74.5,,4.39,95.0,Mixed,8.76,28,13.2,298,298
REC1495,Jaipur,2019-12-02,Winter,12.4,63.6,12.4,S,3.1,93.7,135.3,50.3,17.2,2.13,18.6,Commercial,2.96,12,11.8,154,193
REC1496,Bangalore,2021-02-05,Winter,28.1,43.2,33.6,NE,1.3,86.6,95.2,32.1,5.0,1.06,32.9,Residential,6.04,28,1.6,159,164
REC1497,Lucknow,2023-07-22,Monsoon,18.2,84.4,19.4,N,32.2,8.0,11.4,8.8,5.0,0.23,8.9,Commercial,4.18,4,3.3,20,20
REC1498,Nagpur,2021-11-22,Post-Monsoon,30.2,38.1,21.2,SW,4.9,38.8,53.2,12.8,15.0,0.7,25.5,Industrial,0.24,20,4.1,92,94
REC1499,Jaipur,2021-04-01,Summer,28.7,45.3,33.6,E,2.2,54.9,,23.7,7.8,1.59,19.0,Residential,6.8,13,7.0,81,107
REC1500,Indore,2021-09-19,Monsoon,27.4,73.6,17.4,SW,14.9,7.3,,9.9,4.6,0.36,7.2,Commercial,3.67,6,5.6,20,20
REC1501,Delhi,2023-04-22,Summer,20.5,41.9,1.9,SE,1.5,108.0,153.4,69.3,19.6,0.89,77.9,Commercial,0.69,6,11.0,227,251
REC1502,Jaipur,2019-08-10,Monsoon,27.6,86.0,0.5,NW,18.5,8.5,15.4,9.7,4.3,0.25,8.5,Mixed,0.19,8,3.4,49,20
REC1503,Chandigarh,2020-10-04,Post-Monsoon,22.8,38.2,34.8,E,2.3,7.4,15.1,9.2,4.3,0.25,9.2,Industrial,1.16,1,1.6,20,20
REC1504,Jaipur,2023-08-24,Monsoon,28.5,76.3,30.1,NW,47.8,7.8,12.8,8.3,4.6,0.16,7.1,Industrial,9.11,17,9.3,,20
REC1505,Kolkata,2019-06-17,Monsoon,30.9,85.1,15.3,E,35.2,,13.8,8.9,,0.39,7.8,Green Zone,7.13,1,14.5,25,20
REC1506,Delhi,2022-11-08,Post-Monsoon,15.0,56.4,12.7,W,4.9,125.8,204.5,28.0,37.4,5.14,66.6,Industrial,4.25,10,6.5,238,264
REC1507,Hyderabad,2019-06-25,Monsoon,21.9,79.3,27.0,W,29.1,9.6,15.4,9.5,4.2,0.36,7.7,Green Zone,6.29,4,0.5,28,20
REC1508,Hyderabad,2019-08-14,Monsoon,19.2,85.3,2.0,SE,8.7,53.3,94.6,24.0,16.9,1.98,37.7,Mixed,4.16,4,13.9,94,123
REC1509,Delhi,2019-01-26,Winter,17.7,39.1,34.7,NE,3.6,149.2,233.3,62.9,43.3,2.54,62.6,Residential,6.52,30,12.3,253,291
REC1510,Jaipur,2020-05-05,Summer,26.7,59.1,4.2,S,4.9,93.0,119.6,11.8,18.2,3.06,30.1,Industrial,4.11,10,3.9,190,178
REC1511,Mumbai,2023-02-02,Winter,28.4,26.5,13.3,NW,1.9,110.9,166.0,36.7,31.2,4.37,43.7,Industrial,3.74,25,8.6,276,242
REC1512,Indore,2021-04-01,Summer,23.1,27.5,3.7,S,1.5,44.9,72.2,35.8,10.7,1.05,10.5,Industrial,0.43,16,6.2,65,93
REC1513,Surat,2024-03-13,Summer,26.2,,5.5,S,4.1,116.2,190.5,40.6,25.9,1.34,69.7,Mixed,2.76,24,1.5,253,240
REC1514,Mumbai,2022-04-22,Summer,32.9,37.8,10.6,N,3.8,62.4,89.8,20.1,28.4,0.65,45.1,Green Zone,6.16,1,12.4,154,147
REC1515,Hyderabad,2020-12-08,Winter,26.3,61.0,22.6,N,3.6,68.6,86.4,53.3,6.6,2.8,43.8,Commercial,4.56,2,9.9,110,149
REC1516,Bangalore,2022-09-11,Monsoon,20.9,46.5,15.9,NW,23.3,9.4,11.1,8.1,4.5,0.38,7.3,Green Zone,6.6,29,12.8,20,20
REC1517,Chandigarh,2019-07-26,Monsoon,26.7,79.5,32.8,SW,44.7,9.1,11.4,9.0,4.0,0.19,9.3,Commercial,5.79,10,11.8,20,20
REC1518,Lucknow,2022-08-19,Monsoon,17.5,71.2,6.4,N,29.5,43.3,59.1,,9.9,0.93,11.7,Mixed,9.96,26,2.5,72,104
REC1519,Bhopal,2021-08-20,Monsoon,16.2,78.7,23.6,N,1.3,11.9,20.8,11.7,5.9,0.38,10.3,Green Zone,0.84,6,12.7,20,32
REC1520,Lucknow,2024-10-23,Post-Monsoon,15.0,16.4,0.6,NW,4.8,139.0,195.8,22.2,16.3,3.78,15.5,Residential,6.92,25,5.2,253,271
REC1521,Indore,2023-10-14,Post-Monsoon,,58.9,20.2,NE,0.8,56.8,88.6,58.0,27.3,2.63,41.1,Mixed,1.57,29,7.7,135,151
REC1522,Kanpur,2020-10-08,Post-Monsoon,20.5,45.3,23.0,E,4.1,137.2,237.4,82.6,,6.03,21.7,Industrial,8.56,30,12.7,343,304
REC1523,Hyderabad,2019-11-15,Post-Monsoon,24.7,51.0,32.1,SW,4.9,36.2,41.2,16.6,11.8,0.18,18.1,Commercial,7.1,1,2.4,49,72
REC1524,Indore,2019-08-14,Monsoon,23.8,59.5,15.5,N,37.8,9.1,14.1,8.9,4.4,0.36,9.0,Residential,,11,10.4,35,20
REC1525,Kanpur,2024-11-24,Post-Monsoon,32.2,34.1,5.9,N,1.6,169.9,210.7,112.2,7.9,6.07,102.8,Green Zone,8.18,17,4.2,323,334
REC1526,Hyderabad,2019-08-27,Monsoon,29.0,87.5,32.6,SW,27.4,10.1,17.0,9.5,4.7,0.19,7.1,Industrial,7.48,20,11.7,34,20
REC1527,Surat,2023-11-07,Post-Monsoon,32.7,64.2,8.6,W,3.5,88.4,104.9,40.9,20.8,,26.7,Commercial,1.49,14,9.5,176,180
REC1528,Kolkata,2019-05-21,Summer,27.3,44.2,15.7,N,3.8,68.6,131.8,34.7,26.5,1.5,28.3,Commercial,0.77,27,2.1,135,157
REC1529,Mumbai,2019-08-04,Monsoon,24.9,73.5,30.6,W,3.1,10.1,14.8,8.4,4.2,0.26,7.9,Green Zone,1.63,6,9.2,45,20
REC1530,Patna,2023-10-19,Post-Monsoon,30.0,44.9,17.3,N,4.7,84.9,168.5,69.2,34.3,3.02,64.6,Green Zone,4.13,11,4.3,172,212
REC1531,Chennai,2023-06-11,Monsoon,22.8,97.3,32.5,SW,14.1,22.5,27.4,13.1,7.4,0.36,11.3,Residential,9.05,6,5.3,21,41
REC1532,Kanpur,2023-08-02,Monsoon,29.2,65.8,16.0,SE,24.6,85.1,112.6,12.9,11.0,1.79,34.9,Industrial,,25,10.8,204,167
REC1533,Nagpur,2022-11-26,Post-Monsoon,27.3,45.6,33.0,S,2.8,39.0,60.5,29.2,12.8,0.17,22.5,Commercial,8.3,27,13.9,89,75
REC1534,Patna,2022-09-11,Monsoon,,66.5,9.2,W,45.2,25.5,42.0,17.3,10.5,0.88,17.6,Commercial,9.27,30,3.0,70,60
REC1535,Kanpur,2024-09-22,Monsoon,33.3,100,5.7,W,7.2,64.6,118.6,58.8,23.2,3.12,40.1,Commercial,8.94,2,4.2,154,156
REC1536,Surat,2024-06-07,Monsoon,24.0,94.8,32.2,W,11.6,10.7,17.6,10.3,5.6,0.38,10.0,Industrial,8.3,18,13.2,20,29
REC1537,Surat,2021-02-11,Winter,15.6,35.6,16.8,NW,3.9,59.6,70.3,46.9,14.4,1.63,19.9,Industrial,2.87,27,9.6,130,120
REC1538,Nagpur,2023-11-19,Post-Monsoon,25.9,27.7,11.8,SW,4.5,103.6,143.2,56.2,17.5,1.13,38.6,Mixed,8.67,22,11.6,178,201
REC1539,Pune,2022-07-10,Monsoon,22.5,,3.2,NW,42.0,7.3,14.7,8.3,4.9,0.26,8.6,Residential,0.63,4,2.2,34,20
REC1540,Chandigarh,2021-11-13,Post-Monsoon,25.2,39.0,18.7,S,3.3,15.3,27.4,15.0,5.0,0.54,12.8,Industrial,3.65,0,13.5,20,38
REC1541,Kanpur,2021-05-08,Summer,26.5,33.9,20.3,N,1.4,103.4,170.4,,43.1,0.86,84.0,Residential,6.14,30,1.2,239,272
REC1542,Surat,2023-12-22,Winter,13.2,68.9,6.1,SW,0.3,88.8,113.0,22.5,13.1,2.18,51.6,Green Zone,6.3,1,3.0,163,191
REC1543,Kanpur,2019-09-15,Monsoon,26.5,100,26.4,NE,26.9,8.2,11.8,9.3,5.0,0.3,9.9,Residential,2.03,18,8.0,20,20
REC1544,Kolkata,2020-11-17,Post-Monsoon,29.6,46.2,17.0,N,4.0,84.7,132.6,66.2,23.0,0.57,33.5,Residential,6.88,14,1.4,173,191
REC1545,Surat,2024-08-20,Monsoon,25.3,,3.6,SW,33.9,8.0,11.6,9.7,4.5,0.15,9.0,Green Zone,1.62,8,13.8,28,20
REC1546,Bangalore,2023-05-10,Summer,25.8,58.8,31.2,W,3.8,,16.1,8.0,4.3,0.28,7.9,Residential,2.2,21,9.4,20,20
REC1547,Mumbai,2024-01-14,Winter,19.7,56.5,2.1,S,3.6,145.2,177.4,103.7,57.3,1.06,10.0,Industrial,3.42,29,3.5,295,310
REC1548,Hyderabad,2019-01-04,Winter,19.6,39.6,29.2,E,1.8,105.5,147.4,28.8,,2.06,78.4,Mixed,5.12,14,13.8,236,238
REC1549,Hyderabad,2024-07-22,Monsoon,26.5,74.4,20.1,E,18.6,10.8,12.1,8.8,4.7,0.4,9.2,Mixed,1.39,1,12.0,21,20
REC1550,Bhopal,2024-01-14,Winter,21.1,55.6,6.7,S,4.4,88.8,122.6,24.5,20.2,1.48,55.8,Industrial,4.28,19,10.6,228,211
REC1551,Ahmedabad,2022-12-09,Winter,18.9,,10.0,SE,3.5,111.4,198.9,49.7,30.0,0.9,81.7,Industrial,5.91,0,13.5,266,274
REC1552,Bhopal,2021-07-11,Monsoon,21.1,64.7,7.5,NE,45.8,7.7,11.2,8.1,4.4,0.19,8.1,Residential,1.44,25,8.0,46,20
REC1553,Delhi,2019-07-14,Monsoon,21.9,82.7,29.2,W,40.3,9.4,13.2,8.1,4.8,0.27,9.7,Mixed,8.16,5,10.2,20,20
REC1554,Mumbai,2020-02-19,Winter,26.8,48.9,30.7,N,1.3,85.5,121.6,39.8,7.4,1.21,13.9,Industrial,4.54,6,7.1,196,205
REC1555,Lucknow,2023-05-09,Summer,35.3,22.4,10.6,E,1.3,83.8,127.4,54.8,13.8,1.03,28.4,Commercial,6.74,5,13.5,236,219
REC1556,Indore,2024-05-28,Summer,34.0,17.5,10.2,SE,0.5,65.3,121.3,23.0,15.1,2.02,51.4,Residential,8.41,22,13.8,183,169
REC1557,Chennai,2023-06-01,Monsoon,21.2,67.3,9.6,SW,48.1,7.8,13.4,8.8,4.9,0.11,8.9,Residential,4.93,25,2.3,36,20
REC1558,Jaipur,2019-10-14,Post-Monsoon,17.7,54.8,2.8,S,3.1,74.7,125.0,31.3,22.5,2.86,52.5,Mixed,3.88,3,10.1,171,152
REC1559,Indore,2019-08-02,Monsoon,30.3,86.3,29.3,NW,35.3,9.1,11.0,8.3,4.5,,9.1,Commercial,6.64,20,5.0,52,20
REC1560,Indore,2023-08-08,Monsoon,23.2,89.0,33.3,NE,38.1,10.8,13.2,9.5,4.7,0.37,7.4,Green Zone,7.74,15,12.3,43,20
REC1561,Kolkata,2022-05-24,Summer,32.9,47.0,22.2,SE,0.5,79.9,133.6,38.5,13.0,1.92,54.9,Residential,1.92,28,13.5,187,188
REC1562,Patna,2019-04-06,Summer,24.5,43.4,8.4,NE,0.3,74.3,157.8,77.4,21.4,3.0,11.5,Industrial,7.54,6,14.3,206,211
REC1563,Kanpur,2023-01-09,Winter,17.2,28.7,33.5,SE,1.2,113.8,210.7,14.7,55.8,2.79,16.5,Industrial,3.02,10,7.4,312,281
REC1564,Chandigarh,2024-04-02,Summer,23.9,32.6,,NW,3.5,58.3,80.5,41.3,11.0,0.33,26.6,Mixed,9.41,0,8.0,68,106
REC1565,Chandigarh,2021-10-05,Post-Monsoon,30.6,42.0,27.6,NW,2.0,51.3,87.9,25.4,18.2,1.22,21.0,Residential,9.93,25,14.7,144,114
REC1566,Bhopal,2024-04-12,Summer,33.3,24.3,1.7,NE,4.9,129.2,194.2,86.1,27.3,2.68,65.4,Green Zone,5.06,29,3.7,215,235
REC1567,Delhi,2022-04-03,Summer,29.7,37.8,25.9,S,4.9,119.2,200.8,43.9,7.4,4.36,13.9,Commercial,7.9,5,5.3,305,274
REC1568,Lucknow,2019-11-25,Post-Monsoon,23.6,56.5,4.1,S,3.3,86.3,156.5,48.9,35.6,2.12,65.3,Commercial,4.52,6,9.9,229,219
REC1569,Ahmedabad,2020-02-10,Winter,18.6,26.4,7.4,S,1.3,147.3,192.3,104.5,30.8,4.99,16.9,Mixed,4.91,24,7.7,315,303
REC1570,Ahmedabad,2022-02-15,Winter,15.0,42.6,21.5,N,4.2,73.8,109.9,38.7,5.4,3.29,45.3,Industrial,4.31,8,13.2,210,180
REC1571,Delhi,2024-08-04,Monsoon,22.3,61.4,15.9,NE,22.3,52.6,85.7,16.5,5.4,1.63,10.9,Residential,7.91,25,2.4,65,104
REC1572,Kolkata,2022-12-04,Winter,24.5,11.5,3.1,SW,0.9,144.8,261.4,125.0,19.9,0.99,73.9,Residential,7.8,20,10.2,346,348
REC1573,Chandigarh,2023-01-13,Winter,22.3,35.1,34.4,N,0.4,37.2,53.3,,8.8,0.12,20.3,Green Zone,6.62,30,6.1,72,70
REC1574,Jaipur,2024-08-19,Monsoon,24.6,55.9,13.7,NW,20.2,8.5,16.8,8.2,4.4,0.24,7.4,Mixed,7.66,3,14.2,26,20
REC1575,Mumbai,2022-12-11,Winter,14.7,43.9,22.5,NW,2.9,92.6,145.4,84.5,42.4,0.36,60.9,Mixed,6.02,4,0.9,245,217
REC1576,Ahmedabad,2024-10-20,Post-Monsoon,27.5,48.0,20.9,NW,2.6,95.4,,58.1,,3.64,33.4,Green Zone,6.92,23,7.0,190,189
REC1577,Lucknow,2024-03-21,Summer,25.4,71.6,23.6,W,0.9,73.8,149.9,42.0,11.7,1.56,59.9,Industrial,5.95,1,6.8,172,181
REC1578,Lucknow,2022-06-19,Monsoon,23.5,71.4,1.3,N,40.0,45.7,58.5,28.0,13.9,0.2,15.3,Mixed,5.66,24,2.9,74,100
REC1579,Indore,2020-01-20,Winter,9.8,61.9,4.4,S,1.5,104.9,116.0,80.9,10.2,1.28,63.2,Residential,4.1,28,5.3,237,208
REC1580,Jaipur,2024-07-17,Monsoon,28.7,81.5,28.6,SE,5.4,45.9,77.0,20.5,7.6,0.78,13.4,Mixed,6.8,30,11.4,100,101
REC1581,Surat,2023-11-17,Post-Monsoon,20.2,52.9,21.7,SW,0.9,104.0,188.5,44.3,,4.44,42.3,Residential,8.91,23,11.5,196,227
REC1582,Lucknow,2022-03-09,Summer,29.0,27.8,7.0,NE,0.6,57.6,92.5,36.4,14.0,2.48,20.8,Commercial,2.53,2,4.9,179,156
REC1583,Jaipur,2024-12-03,Winter,25.0,48.4,31.9,SW,1.2,34.9,,12.7,17.6,1.44,30.4,Residential,5.79,15,5.2,92,93
REC1584,Nagpur,2021-01-03,Winter,10.3,50.9,27.2,S,2.1,45.2,69.8,20.3,8.2,2.25,15.6,Industrial,,16,6.1,143,117
REC1585,Patna,2024-01-05,Winter,5.4,45.5,33.4,SE,2.5,106.0,189.3,44.9,23.7,1.63,31.5,Residential,0.41,12,15.0,219,228
REC1586,Ahmedabad,2023-06-11,Monsoon,20.9,54.1,29.7,NW,30.5,9.2,16.1,9.4,5.0,0.2,9.4,Commercial,8.72,19,7.0,20,20
REC1587,Nagpur,2019-07-01,Monsoon,27.7,92.8,17.0,SW,11.6,10.9,24.6,,5.1,0.12,10.3,Commercial,5.23,6,8.5,20,31
REC1588,Jaipur,2023-11-08,Post-Monsoon,27.9,55.9,6.7,W,4.4,88.7,169.0,61.6,34.4,2.24,42.3,Commercial,7.12,21,7.6,217,208
REC1589,Surat,2023-12-01,Winter,3.3,28.2,20.3,E,0.9,50.4,97.0,27.5,23.5,1.74,10.7,Industrial,3.72,5,12.2,128,133
REC1590,Ahmedabad,2021-09-24,Monsoon,21.3,100,3.4,NW,12.0,63.9,117.6,58.2,27.2,0.35,39.4,Commercial,7.62,11,10.3,150,146
REC1591,Delhi,2024-08-01,Monsoon,19.7,100,,E,9.1,117.7,173.6,14.6,22.5,1.46,69.7,Green Zone,5.96,22,14.8,240,228
REC1592,Nagpur,2022-05-13,Summer,27.7,50.9,32.3,W,2.3,57.3,99.3,50.7,25.8,1.74,28.4,Green Zone,9.18,6,10.0,153,153
REC1593,Nagpur,2019-03-16,Summer,20.2,51.5,1.8,SW,1.2,59.0,99.5,45.0,15.1,2.38,17.1,Mixed,8.57,2,14.9,179,167
REC1594,Kanpur,2021-10-01,Post-Monsoon,20.5,57.1,26.0,SE,0.0,133.2,168.0,37.2,10.9,2.86,48.5,Industrial,4.23,14,3.9,214,253
REC1595,Kanpur,2022-03-28,Summer,37.1,60.7,13.3,NW,3.9,114.2,137.5,66.3,16.2,3.88,15.0,Residential,7.98,2,8.2,263,232
REC1596,Delhi,2020-11-03,Post-Monsoon,29.9,,29.0,N,3.7,165.9,243.1,48.5,19.1,4.14,98.3,Industrial,2.35,24,10.9,384,351
REC1597,Hyderabad,2023-08-02,Monsoon,28.0,64.7,4.8,SW,45.4,9.0,11.5,9.4,4.1,0.23,9.1,Industrial,4.74,10,10.1,33,20
REC1598,Kolkata,2021-12-26,Winter,13.9,63.8,19.7,SW,3.7,73.4,126.1,52.2,14.3,1.69,16.8,Mixed,0.37,29,1.1,192,204
REC1599,Chandigarh,2021-04-16,Summer,29.6,42.2,9.6,S,3.8,26.6,50.8,23.0,5.9,0.1,16.3,Green Zone,0.67,20,4.3,38,64
REC1600,Indore,2022-02-11,Winter,17.4,65.5,31.2,SW,1.0,54.1,92.1,29.9,13.9,1.63,33.8,Industrial,6.68,22,3.0,126,112
REC1601,Pune,2022-06-02,Monsoon,25.2,58.5,30.8,W,18.8,8.4,14.8,9.6,4.2,0.37,7.2,Residential,4.49,14,14.0,60,20
REC1602,Kolkata,2022-05-26,Summer,35.7,12.2,17.7,E,4.0,74.4,95.4,51.9,12.3,,24.9,Industrial,5.12,15,10.2,140,145
REC1603,Indore,2020-07-17,Monsoon,14.4,85.5,18.2,NE,24.9,8.1,15.4,9.8,4.3,0.33,7.1,Mixed,8.6,16,1.1,20,20
REC1604,Chandigarh,2022-07-22,Monsoon,28.4,97.3,25.7,SW,44.4,9.5,11.7,8.3,4.5,0.21,8.7,Industrial,9.42,4,4.1,24,20
REC1605,Bangalore,2019-02-28,Winter,13.3,74.6,30.6,E,4.0,16.9,28.9,14.8,6.7,0.76,10.3,Commercial,9.21,5,7.3,47,41
REC1606,Bhopal,2023-12-02,Winter,28.7,32.4,11.6,S,4.0,81.2,,16.4,5.3,1.2,48.5,Residential,9.85,30,9.5,209,212
REC1607,Jaipur,2023-08-05,Monsoon,27.8,77.7,15.2,S,33.3,13.6,23.2,11.8,6.0,0.43,10.0,Industrial,5.83,29,10.2,23,30
REC1608,Lucknow,2023-07-12,Monsoon,,84.7,7.4,N,9.9,69.4,113.1,13.4,24.1,1.87,37.0,Industrial,6.21,13,13.5,112,142
REC1609,Pune,2021-01-07,Winter,11.8,61.8,15.9,NE,2.1,74.4,134.6,16.1,18.5,0.96,13.1,Green Zone,2.4,12,3.1,194,160
REC1610,Patna,2020-10-03,Post-Monsoon,31.0,46.5,12.0,S,2.1,95.6,137.2,69.4,41.7,4.44,58.1,Industrial,1.32,11,9.1,251,239
REC1611,Indore,2022-12-17,Winter,22.4,39.3,20.5,SW,1.2,86.4,110.5,15.8,7.3,0.86,50.5,Green Zone,4.87,25,10.2,152,168
REC1612,Pune,2021-08-28,Monsoon,19.0,85.5,18.9,SW,21.4,26.9,38.9,24.6,7.4,0.89,19.0,Residential,8.25,28,9.6,63,64
REC1613,Mumbai,2022-03-03,Summer,29.9,22.9,19.9,NE,1.2,62.5,125.1,22.7,21.7,3.22,18.0,Commercial,5.23,8,9.4,201,172
REC1614,Indore,2019-04-24,Summer,18.1,43.1,31.8,S,4.9,59.5,80.0,15.5,15.6,0.92,36.7,Residential,9.79,27,2.2,148,122
REC1615,Hyderabad,2019-08-19,Monsoon,26.2,55.9,25.3,W,44.9,8.5,12.1,8.3,4.9,0.21,7.1,Commercial,1.02,21,3.3,20,20
REC1616,Bhopal,2023-05-21,Summer,19.8,69.3,20.3,NE,4.5,25.8,34.3,22.4,8.0,0.92,13.0,Residential,6.49,22,2.1,64,56
REC1617,Patna,2021-03-03,Summer,20.2,42.4,20.6,N,0.3,87.5,124.8,25.4,30.2,2.26,57.3,Mixed,7.32,4,2.3,146,167
REC1618,Delhi,2022-09-21,Monsoon,28.2,85.7,9.8,S,43.9,27.9,48.1,18.4,11.3,0.39,12.3,Commercial,3.51,12,6.0,53,63
REC1619,Chennai,2021-02-01,Winter,14.6,56.5,5.7,E,2.8,134.6,179.2,69.7,20.8,0.61,11.6,Mixed,0.68,30,9.5,278,252
REC1620,Nagpur,2022-09-24,Monsoon,31.4,52.0,11.1,W,11.9,71.4,98.3,41.3,23.5,2.62,13.2,Commercial,9.16,10,1.4,125,135
REC1621,Mumbai,2023-01-07,Winter,23.2,35.2,1.8,S,2.8,151.4,173.2,23.0,38.8,5.43,93.9,Industrial,0.39,30,2.6,285,276
REC1622,Kolkata,2024-07-16,Monsoon,20.1,91.1,14.8,N,50.0,,12.9,9.3,4.6,0.19,9.6,Commercial,9.35,27,7.5,20,23
REC1623,Kolkata,2019-11-05,Post-Monsoon,18.1,10,8.3,S,2.0,80.0,139.1,29.7,18.8,3.47,67.9,Green Zone,2.93,13,6.6,226,213
REC1624,Bhopal,2024-11-15,Post-Monsoon,26.6,29.5,25.2,E,1.0,22.8,28.9,16.0,6.3,0.26,14.7,Industrial,4.24,17,8.8,57,48
REC1625,Pune,2021-02-17,Winter,18.6,75.5,16.4,N,4.0,73.8,105.7,25.0,29.8,2.2,18.2,Industrial,8.35,20,9.2,118,152
REC1626,Mumbai,2024-01-04,Winter,11.5,27.1,11.7,W,2.4,117.0,175.2,87.7,23.8,3.82,42.8,Commercial,1.9,18,7.0,249,221
REC1627,Mumbai,2022-06-18,Monsoon,32.1,78.0,19.0,NW,45.9,9.5,16.4,8.4,4.2,0.25,9.5,Mixed,8.64,1,8.0,50,20
REC1628,Bhopal,2019-10-24,Post-Monsoon,29.0,29.8,4.9,SW,4.8,58.0,110.0,65.3,7.5,1.77,53.9,Mixed,8.09,2,4.1,186,165
REC1629,Patna,2022-08-21,Monsoon,23.4,84.6,25.1,SE,11.8,,47.3,12.6,,0.87,23.1,Residential,5.84,1,4.2,81,77
REC1630,Delhi,2020-09-18,Monsoon,29.4,86.6,26.2,S,18.0,69.3,122.2,44.3,6.6,2.45,53.1,Industrial,9.37,26,3.1,193,157
REC1631,Chennai,2021-07-13,Monsoon,17.8,61.7,6.5,E,30.3,10.2,12.5,8.4,4.9,0.35,8.8,Industrial,8.27,12,9.3,20,20
REC1632,Lucknow,2022-11-11,Post-Monsoon,33.1,29.3,11.5,SE,4.4,78.3,128.4,47.3,,,17.3,Green Zone,5.76,15,7.7,178,209
REC1633,Lucknow,2019-07-20,Monsoon,15.2,88.7,22.5,N,48.2,9.1,12.5,9.3,4.3,0.37,8.1,Mixed,6.77,27,14.9,36,20
REC1634,Bhopal,2022-05-10,Summer,28.1,,7.9,NE,3.8,41.9,57.1,14.9,14.4,1.35,26.2,Industrial,1.32,4,,82,79
REC1635,Bhopal,2022-02-14,Winter,16.2,20.5,30.1,E,1.4,90.1,107.3,52.4,24.4,1.0,35.2,Industrial,9.48,14,2.0,189,167
REC1636,Nagpur,2019-04-22,Summer,21.4,44.2,33.5,E,1.7,44.7,54.2,19.2,10.8,1.05,10.9,Mixed,7.31,13,8.2,76,85
REC1637,Lucknow,2021-02-27,Winter,,45.4,24.6,S,4.6,163.2,238.9,46.5,20.8,1.95,51.7,Mixed,8.6,21,7.3,277,312
REC1638,Chandigarh,2021-09-14,Monsoon,17.9,73.3,23.7,NE,12.2,8.4,15.6,8.3,4.7,0.15,7.3,Residential,3.64,5,14.7,20,20
REC1639,Delhi,2020-07-11,Monsoon,22.1,51.2,22.1,NE,26.9,8.4,12.0,9.6,4.1,0.15,8.9,Mixed,1.68,3,9.2,48,20
REC1640,Bangalore,2020-09-17,Monsoon,19.9,81.6,,SW,49.9,7.6,14.7,8.6,4.5,0.22,8.3,Industrial,4.93,14,7.0,37,20
REC1641,Nagpur,2021-10-08,Post-Monsoon,19.9,53.7,34.9,E,3.9,7.1,15.3,9.9,4.4,,7.7,Residential,5.93,9,8.9,33,20
REC1642,Mumbai,2019-03-10,Summer,,49.3,6.1,N,0.4,61.0,110.4,14.4,25.5,0.85,51.9,Commercial,0.22,22,4.8,197,158
REC1643,Chandigarh,2020-03-20,Summer,30.6,43.4,6.7,SE,3.2,39.1,75.7,,20.1,0.85,27.8,Industrial,6.6,18,1.9,87,107
REC1644,Mumbai,2022-02-03,Winter,20.1,72.0,11.1,SE,0.6,121.5,215.4,12.1,25.5,0.45,54.3,Residential,6.46,7,10.9,220,254
REC1645,Surat,2020-05-06,Summer,30.9,22.4,33.2,E,4.2,31.4,55.2,19.8,10.4,0.22,14.7,Green Zone,7.95,9,5.7,43,66
REC1646,Hyderabad,2019-02-02,Winter,16.8,60.6,32.6,E,4.7,24.6,35.5,12.1,10.0,1.05,11.9,Commercial,3.47,0,5.6,96,58
REC1647,Bangalore,2023-07-07,Monsoon,21.8,71.2,21.4,SW,22.0,10.9,15.1,10.0,4.9,,9.3,Industrial,2.28,3,10.2,20,20
REC1648,Nagpur,2020-06-17,Monsoon,33.8,56.6,14.2,SW,36.7,8.2,14.6,8.4,4.0,0.19,9.8,Green Zone,6.16,10,9.8,20,20
REC1649,Lucknow,2020-04-27,Summer,35.7,49.4,6.8,S,4.0,142.4,192.0,29.9,14.1,1.72,51.8,Commercial,6.7,24,1.8,233,267
REC1650,Jaipur,2024-10-09,Post-Monsoon,22.1,28.1,17.6,N,2.5,83.1,98.3,39.7,26.1,1.66,40.1,Green Zone,5.74,18,3.8,196,169
REC1651,Chennai,2020-03-25,Summer,18.8,50.1,5.6,NE,1.3,72.6,93.8,58.1,12.4,1.69,21.2,Green Zone,1.75,12,14.1,123,147
REC1652,Bangalore,2019-11-06,Post-Monsoon,22.8,44.6,18.5,S,4.7,28.4,43.4,29.4,7.5,1.27,18.9,Green Zone,1.09,28,1.2,110,76
REC1653,Bhopal,2021-05-04,Summer,25.8,39.7,14.4,W,4.0,46.6,80.6,32.1,10.8,1.81,14.2,Commercial,8.64,18,10.3,98,103
REC1654,Surat,2019-08-21,Monsoon,23.8,62.4,26.6,E,24.5,9.0,12.8,9.7,4.5,0.32,8.3,Commercial,8.6,16,14.9,20,20
REC1655,Patna,2024-03-15,Summer,25.9,49.4,22.0,NE,2.0,75.9,132.3,42.3,6.9,2.97,33.1,Green Zone,5.39,23,10.6,180,196
REC1656,Delhi,2019-07-18,Monsoon,22.9,87.4,33.6,NE,9.0,57.4,107.2,49.1,30.2,3.09,41.1,Green Zone,9.75,2,11.5,146,162
REC1657,Kanpur,2022-08-22,Monsoon,19.0,100,4.1,E,21.6,47.9,98.7,36.8,23.6,1.81,16.6,Commercial,2.67,21,1.0,130,121
REC1658,Lucknow,2020-02-08,Winter,24.1,27.7,27.1,S,3.4,108.4,156.0,34.1,40.0,0.21,26.2,Commercial,6.09,21,11.1,263,282
REC1659,Chandigarh,2020-10-11,Post-Monsoon,24.1,26.6,29.4,SW,3.7,43.2,53.1,16.8,7.3,0.54,30.8,Mixed,4.69,15,6.6,88,91
REC1660,Pune,2020-05-08,Summer,25.9,62.4,30.7,SW,2.7,47.0,65.9,21.5,16.9,1.77,15.1,Commercial,6.05,23,11.9,117,106
REC1661,Mumbai,2023-06-16,Monsoon,20.6,,4.7,W,28.7,13.1,22.7,10.6,5.0,0.44,9.5,Residential,8.06,2,1.9,67,27
REC1662,Patna,2024-11-18,Post-Monsoon,27.1,21.7,9.5,NW,3.0,131.8,165.2,44.0,20.6,4.16,40.0,Mixed,3.29,18,3.0,302,286
REC1663,Lucknow,2021-08-24,Monsoon,20.2,57.2,14.3,SE,39.0,12.0,20.6,11.4,5.7,0.22,10.2,Mixed,9.66,20,3.9,21,31
REC1664,Jaipur,2021-04-19,Summer,29.2,61.0,27.9,E,2.0,61.7,123.4,53.5,28.5,2.07,13.6,Industrial,3.84,13,9.0,114,151
REC1665,Kolkata,2019-01-06,Winter,21.7,60.8,19.0,NW,1.5,103.7,145.2,10.4,,1.89,23.0,Green Zone,9.65,12,6.8,257,245
REC1666,Jaipur,2019-01-01,Winter,21.8,60.9,9.0,S,3.2,122.8,139.5,43.0,13.3,2.41,70.6,Mixed,2.63,27,8.7,205,229
REC1667,Bhopal,2021-01-07,Winter,14.4,23.0,1.1,SE,1.3,76.2,,54.1,,2.64,57.5,Green Zone,9.64,3,6.7,210,180
REC1668,Jaipur,2021-09-02,Monsoon,18.1,47.8,3.6,S,0.4,58.5,90.5,11.0,15.1,2.19,25.6,Residential,1.75,25,4.3,155,141
REC1669,Kolkata,2020-04-08,Summer,28.5,41.3,29.7,E,1.4,72.3,113.5,26.4,8.9,0.81,49.7,Residential,4.82,20,1.3,125,153
REC1670,Patna,2022-02-06,Winter,18.6,54.3,22.5,W,4.3,105.4,164.4,75.8,41.8,4.25,14.5,Commercial,6.11,30,3.2,265,259
REC1671,Indore,2020-12-06,Winter,14.8,44.2,0.8,E,2.7,98.3,147.2,27.7,8.3,0.56,55.3,Mixed,9.32,5,13.3,253,222
REC1672,Lucknow,2024-07-04,Monsoon,27.8,73.5,3.7,SE,12.2,90.6,144.5,46.5,22.0,1.03,67.1,Industrial,8.37,23,2.1,186,202
REC1673,Indore,2021-02-12,Winter,11.8,59.2,4.6,NE,4.7,61.5,97.7,57.7,8.4,0.23,28.8,Residential,0.31,4,3.8,123,151
REC1674,Jaipur,2024-09-20,Monsoon,,63.9,3.7,E,34.6,9.9,11.2,9.8,4.6,0.16,10.0,Commercial,4.82,4,9.3,42,20
REC1675,Hyderabad,2024-12-08,Winter,17.4,41.0,13.6,N,4.4,100.8,117.9,67.1,33.3,0.33,51.5,Green Zone,6.37,23,7.5,237,200
REC1676,Kanpur,2020-06-05,Monsoon,22.4,70.1,2.4,NW,14.0,40.7,75.2,30.4,10.6,1.92,30.8,Mixed,0.57,0,8.4,124,111
REC1677,Pune,2023-06-26,Monsoon,10.3,65.7,24.9,SW,40.6,8.0,11.4,9.5,4.4,0.33,8.1,Industrial,2.84,5,9.3,20,20
REC1678,Nagpur,2021-01-01,Winter,,44.3,21.6,N,2.0,54.8,78.0,15.0,,0.21,19.2,Commercial,3.6,1,14.9,122,106
REC1679,Nagpur,2019-02-04,Winter,17.2,60.6,18.7,SW,3.2,67.4,111.5,62.4,11.3,1.96,29.6,Residential,5.72,25,0.7,173,170
REC1680,Jaipur,2019-06-08,Monsoon,14.7,76.5,4.7,N,16.4,24.7,33.0,18.4,6.0,0.85,10.8,Commercial,4.57,7,7.1,53,49
REC1681,Indore,2022-01-09,Winter,25.6,36.2,3.7,NE,2.3,56.5,88.9,26.5,20.6,2.48,42.4,Mixed,3.36,14,9.1,133,125
REC1682,Bhopal,2020-07-16,Monsoon,34.0,88.5,34.9,SW,49.4,7.7,14.8,9.0,,0.39,7.5,Industrial,6.01,26,14.4,46,20
REC1683,Kanpur,2019-10-24,Post-Monsoon,28.6,20.0,0.9,S,1.0,,233.5,151.4,7.8,7.46,19.0,Industrial,5.51,16,11.3,344,384
REC1684,Kanpur,2019-05-28,Summer,,49.2,7.7,SW,4.7,116.8,164.7,14.9,33.3,0.44,21.5,Industrial,5.1,16,8.7,244,249
REC1685,Chennai,2024-08-19,Monsoon,29.1,74.8,11.5,W,12.6,37.9,62.7,15.8,13.2,0.43,29.6,Mixed,0.9,8,6.3,70,86
REC1686,Ahmedabad,2021-12-02,Winter,20.2,46.2,27.8,SE,1.5,89.2,166.9,76.4,15.3,3.27,31.0,Commercial,1.16,22,5.0,228,199
REC1687,Patna,2024-07-22,Monsoon,18.6,75.1,3.4,NW,29.2,8.3,14.7,9.0,4.9,0.18,8.8,Mixed,3.71,7,6.4,22,20
REC1688,Patna,2019-10-28,Post-Monsoon,20.0,39.1,17.3,S,3.7,112.7,139.1,10.7,23.9,1.37,73.1,Green Zone,4.63,19,14.6,240,228
REC1689,Pune,2023-01-07,Winter,23.4,45.2,8.5,S,1.0,75.5,135.5,12.9,22.9,0.96,26.0,Industrial,5.9,20,11.6,225,187
REC1690,Surat,2024-04-28,Summer,20.0,35.2,33.0,N,4.4,65.6,109.1,41.7,22.4,2.33,16.4,Industrial,8.18,25,,165,131
REC1691,Surat,2021-06-25,Monsoon,30.7,67.9,12.3,N,5.8,71.5,117.1,42.8,17.2,2.6,37.7,Industrial,3.41,20,7.6,140,140
REC1692,Pune,2021-06-06,Monsoon,18.3,84.7,,N,30.2,7.4,14.1,8.8,4.8,0.23,8.3,Green Zone,3.18,26,1.4,20,20
REC1693,Lucknow,2020-09-20,Monsoon,16.6,100,4.6,W,34.7,9.0,11.8,8.5,4.5,0.13,7.1,Industrial,3.42,0,13.4,20,20
REC1694,Surat,2023-01-27,Winter,26.0,57.1,21.5,SE,2.2,66.0,103.0,35.2,11.5,1.95,44.5,Residential,0.26,12,11.8,133,162
REC1695,Hyderabad,2024-03-15,Summer,27.7,32.0,18.5,W,4.9,58.6,90.8,16.7,24.5,0.71,14.4,Residential,6.37,10,6.2,107,128
REC1696,Chennai,2023-01-17,Winter,17.7,10,20.6,SW,1.6,56.3,69.2,44.8,19.3,1.33,27.3,Commercial,2.25,3,1.8,136,113
REC1697,Delhi,2020-08-16,Monsoon,23.1,97.2,,SE,19.8,22.0,36.5,12.6,5.7,0.11,15.8,Mixed,4.95,17,7.7,20,48
REC1698,Patna,2024-04-09,Summer,24.1,52.2,26.0,NE,0.6,99.4,175.8,78.3,7.2,3.75,39.7,Residential,7.57,17,2.0,206,217
REC1699,Kanpur,2020-05-12,Summer,26.8,49.4,21.7,S,1.2,107.1,176.7,104.4,45.9,1.87,32.3,Industrial,8.13,29,12.7,252,276
REC1700,Surat,2023-02-16,Winter,17.2,52.3,33.8,SW,4.2,43.9,64.0,12.2,,1.52,27.5,Residential,1.03,23,6.1,131,91
REC1701,Lucknow,2022-07-22,Monsoon,23.0,68.2,18.0,W,12.2,34.9,50.6,25.2,5.9,0.54,25.8,Green Zone,6.17,8,3.7,47,81
REC1702,Chandigarh,2024-09-23,Monsoon,30.7,51.7,10.8,SE,28.8,7.5,16.2,8.9,4.7,0.18,8.1,Commercial,0.32,1,11.1,53,20
REC1703,Delhi,2019-03-07,Summer,25.7,83.9,10.3,E,4.7,124.2,170.2,52.1,44.3,0.53,31.5,Commercial,5.26,10,14.8,261,277
REC1704,Indore,2023-07-28,Monsoon,21.9,86.9,10.2,SW,24.1,24.7,36.7,15.4,6.1,0.78,13.6,Industrial,9.7,8,7.8,,45
REC1705,Chandigarh,2023-09-05,Monsoon,25.8,63.9,0.8,SE,45.3,7.4,16.0,9.7,4.4,0.31,9.3,Residential,5.58,30,2.4,39,20
REC1706,Patna,2021-12-15,Winter,12.5,39.3,31.7,W,2.4,136.8,161.8,102.4,38.3,0.41,26.0,Green Zone,7.38,24,10.4,225,262
REC1707,Jaipur,2024-03-05,Summer,29.8,39.1,10.2,NW,3.4,98.9,148.0,44.6,17.6,,49.5,Green Zone,1.53,16,0.8,186,191
REC1708,Chandigarh,2023-01-13,Winter,13.1,57.7,18.4,SW,0.7,38.6,57.5,18.0,15.2,1.63,25.1,Commercial,5.99,1,11.2,96,84
REC1709,Kanpur,2024-03-26,Summer,29.6,57.8,6.4,SW,0.3,111.2,172.8,30.9,22.5,4.48,19.7,Residential,8.84,28,1.7,240,244
REC1710,Lucknow,2019-11-05,Post-Monsoon,31.7,20.5,14.6,NE,0.2,131.4,157.7,21.3,45.8,5.01,31.3,Mixed,4.36,8,10.8,271,260
REC1711,Jaipur,2020-01-27,Winter,14.1,20.0,26.0,NE,0.2,57.8,116.3,55.7,16.9,3.0,10.6,Mixed,6.22,22,3.1,193,154
REC1712,Hyderabad,2022-05-12,Summer,35.0,59.5,3.1,S,1.2,80.8,136.3,48.4,31.9,2.96,14.5,Industrial,7.22,21,2.3,,193
REC1713,Lucknow,2024-03-10,Summer,22.7,40.2,16.1,NW,0.0,104.8,163.1,85.3,8.4,3.11,12.3,Mixed,8.35,21,4.5,208,232
REC1714,Jaipur,2024-05-19,Summer,44.1,64.0,5.8,W,2.0,93.5,158.9,57.4,21.1,3.89,58.6,Mixed,4.98,4,4.4,236,213
REC1715,Delhi,2022-10-01,Post-Monsoon,26.7,,21.3,NE,0.6,120.4,180.9,85.4,,4.47,37.7,Green Zone,5.96,9,6.0,285,314
REC1716,Delhi,2022-08-12,Monsoon,25.7,72.5,17.3,N,15.6,104.8,129.0,55.4,29.8,1.07,10.6,Industrial,8.53,26,12.9,178,211
REC1717,Bangalore,2023-02-19,Winter,15.3,65.6,18.0,SE,2.3,72.4,115.6,36.9,19.8,1.77,46.0,Green Zone,5.67,29,9.2,148,136
REC1718,Chennai,2023-01-24,Winter,10.4,30.9,8.2,W,1.2,94.7,151.5,54.0,32.1,0.59,61.2,Residential,4.09,17,2.4,208,205
REC1719,Bangalore,2024-10-17,Post-Monsoon,26.1,26.1,15.9,NE,2.0,15.3,25.8,12.2,5.6,0.33,11.0,Mixed,2.86,8,8.1,62,34
REC1720,Lucknow,2021-03-12,Summer,26.9,35.1,3.9,W,3.4,85.4,114.3,21.5,,3.21,62.4,Commercial,2.02,12,2.6,169,199
REC1721,Ahmedabad,2022-12-15,Winter,15.0,34.6,28.3,N,3.0,68.4,77.9,19.7,17.4,2.13,22.3,Commercial,4.76,14,11.0,171,137
REC1722,Delhi,2021-10-08,Post-Monsoon,25.0,37.3,1.5,E,3.8,149.9,242.2,50.1,32.2,3.61,16.4,Industrial,3.66,14,14.1,304,316
REC1723,Indore,2023-06-09,Monsoon,31.1,73.4,24.5,S,25.9,11.0,11.8,8.9,4.6,0.22,8.3,Mixed,5.32,3,5.5,21,20
REC1724,Chennai,2020-10-20,Post-Monsoon,24.9,28.6,21.7,W,3.7,32.5,61.0,12.7,10.1,1.16,16.4,Residential,8.21,4,13.4,63,80
REC1725,Pune,2024-08-24,Monsoon,29.4,41.9,3.2,S,44.7,9.1,16.0,8.7,4.9,0.32,7.5,Green Zone,5.0,9,7.5,20,20
REC1726,Nagpur,2021-02-21,Winter,20.6,69.1,29.4,W,4.3,63.1,90.6,33.2,14.7,2.22,42.0,Green Zone,8.03,2,1.6,159,124
REC1727,Patna,2021-04-23,Summer,23.4,59.4,9.1,S,4.4,92.2,120.0,37.6,7.4,0.91,51.7,Residential,4.97,1,10.7,229,209
REC1728,Pune,2023-09-26,Monsoon,15.2,50.2,24.9,N,49.2,10.9,12.2,8.6,4.0,,8.8,Industrial,2.49,14,3.1,20,20
REC1729,Kolkata,2024-06-23,Monsoon,28.6,59.4,28.9,SE,21.9,23.0,26.2,17.4,7.8,0.73,14.0,Green Zone,4.74,29,7.2,66,45
REC1730,Lucknow,2020-10-21,Post-Monsoon,,46.7,10.7,W,4.4,142.1,231.8,18.2,7.7,0.57,40.1,Mixed,5.87,7,8.8,,273
REC1731,Indore,2023-11-23,Post-Monsoon,29.1,22.3,15.1,E,0.9,59.2,112.3,53.3,,0.58,13.7,Green Zone,1.4,15,,156,144
REC1732,Hyderabad,2021-08-15,Monsoon,20.8,84.2,24.4,E,11.0,16.5,32.4,15.6,5.5,0.4,12.5,Green Zone,1.75,28,9.8,32,40
REC1733,Lucknow,2023-07-02,Monsoon,32.0,69.3,34.9,SW,20.0,,22.1,11.4,6.2,0.5,11.9,Green Zone,2.86,17,4.7,,36
REC1734,Patna,2024-06-14,Monsoon,29.8,66.5,21.7,S,37.8,21.4,29.7,16.7,5.3,0.74,14.0,Mixed,1.67,28,13.4,76,49
REC1735,Indore,2023-10-26,Post-Monsoon,19.8,27.2,7.8,SE,0.4,64.9,113.2,28.8,19.4,0.69,34.9,Mixed,3.93,23,13.5,118,139
REC1736,Jaipur,2019-08-09,Monsoon,24.1,83.6,2.2,SW,37.1,9.2,11.1,9.2,5.0,0.37,7.2,Commercial,4.37,0,7.7,33,20
REC1737,Bhopal,2024-12-01,Winter,21.0,53.8,19.2,SE,2.8,84.6,98.5,24.2,15.3,0.66,12.8,Mixed,4.22,15,14.6,155,178
REC1738,Chandigarh,2021-05-12,Summer,24.8,57.1,33.9,E,2.7,19.3,32.8,13.6,5.5,0.25,14.0,Industrial,0.68,29,4.4,42,46
REC1739,Hyderabad,2021-10-28,Post-Monsoon,21.0,64.2,21.7,E,3.6,50.1,72.1,15.3,23.1,1.06,37.9,Green Zone,,5,12.1,158,120
REC1740,Indore,2020-07-03,Monsoon,24.1,95.1,31.9,SW,1.7,39.1,69.1,21.0,11.2,0.24,22.4,Green Zone,9.94,23,11.5,56,83
REC1741,Pune,2024-02-26,Winter,6.3,38.4,34.8,N,3.3,29.3,48.4,22.7,8.1,1.19,25.8,Commercial,5.56,5,7.5,39,74
REC1742,Mumbai,2023-12-17,Winter,19.0,,9.4,N,1.8,82.5,132.4,69.2,40.4,3.25,76.2,Commercial,3.07,2,3.1,240,234
REC1743,Lucknow,2020-08-28,Monsoon,30.4,71.4,2.9,NW,20.7,42.4,57.6,30.7,7.8,0.53,17.6,Residential,6.93,2,4.9,127,89
REC1744,Mumbai,2024-11-02,Post-Monsoon,28.6,61.9,24.0,N,2.4,50.7,75.5,21.5,19.8,0.82,21.9,Commercial,0.21,12,6.8,86,121
REC1745,Bhopal,2020-10-03,Post-Monsoon,23.1,43.7,34.3,W,3.9,46.1,61.0,33.0,9.1,1.37,33.4,Industrial,7.46,8,5.5,122,99
REC1746,Kanpur,2019-05-27,Summer,27.2,41.8,4.0,N,4.8,151.7,190.3,15.6,36.2,1.31,65.0,Green Zone,2.62,22,6.9,263,286
REC1747,Ahmedabad,2021-03-11,Summer,27.0,77.0,9.9,W,4.9,70.2,104.9,41.0,19.0,1.69,27.7,Residential,6.07,11,7.0,108,140
REC1748,Bangalore,2019-12-04,Winter,21.4,40.6,8.7,NW,4.6,55.9,112.2,54.9,20.9,1.4,49.7,Green Zone,1.2,16,13.5,161,148
REC1749,Lucknow,2020-02-07,Winter,20.4,57.0,,E,4.9,139.5,217.0,47.1,21.5,1.74,87.9,Commercial,8.89,30,8.5,361,340
REC1750,Kanpur,2021-10-26,Post-Monsoon,21.5,30.3,19.6,SE,0.5,100.7,174.2,93.1,26.8,4.53,19.3,Residential,6.12,28,3.6,248,281
REC1751,Surat,2020-09-22,Monsoon,26.4,79.6,31.5,E,7.0,32.2,38.2,11.1,7.3,0.37,14.8,Mixed,8.77,9,12.3,98,64
REC1752,Chennai,2023-12-19,Winter,24.6,26.3,0.9,N,3.6,,166.3,13.1,33.7,0.16,45.2,Mixed,9.38,9,3.3,235,222
REC1753,Nagpur,2024-03-12,Summer,21.4,33.8,34.7,NW,1.5,29.1,44.7,10.3,5.7,0.24,11.7,Residential,3.61,2,14.3,21,56
REC1754,Pune,2024-07-20,Monsoon,31.3,88.7,20.4,SW,7.1,25.2,53.8,24.0,,0.8,16.1,Green Zone,3.75,20,10.5,29,67
REC1755,Jaipur,2022-12-11,Winter,17.8,43.2,7.9,S,0.9,102.7,152.6,78.8,19.8,1.05,17.9,Commercial,2.69,4,7.6,174,213
REC1756,Chennai,2020-04-05,Summer,25.4,62.7,23.2,NW,1.4,44.5,84.1,45.0,6.5,1.99,20.9,Green Zone,9.13,16,13.1,111,116
REC1757,Delhi,2019-10-01,Post-Monsoon,23.1,55.0,18.0,N,3.2,200.2,260.8,82.5,15.0,2.56,109.1,Commercial,7.73,19,9.4,,365
REC1758,Surat,2022-10-17,Post-Monsoon,27.9,42.3,25.5,W,4.7,67.9,109.5,,10.0,2.29,41.8,Mixed,9.12,22,4.0,148,153
REC1759,Pune,2019-02-28,Winter,21.9,39.8,13.3,NW,4.3,57.9,71.4,18.5,14.9,0.41,29.1,Mixed,2.7,21,7.7,147,109
REC1760,Surat,2022-08-13,Monsoon,31.4,67.6,9.4,NE,32.4,10.4,14.8,8.0,5.0,0.2,7.3,Green Zone,3.39,20,3.8,57,20
REC1761,Hyderabad,2019-04-04,Summer,26.9,45.8,33.0,SE,0.9,40.4,80.7,38.9,16.0,0.75,11.9,Commercial,7.68,8,14.1,84,99
REC1762,Surat,2019-07-27,Monsoon,,65.9,15.6,SW,26.3,7.1,11.4,9.3,4.4,0.26,7.3,Commercial,4.83,3,8.3,20,20
REC1763,Surat,2023-01-12,Winter,18.8,20.5,22.3,W,4.9,50.1,76.1,14.5,,1.7,37.2,Commercial,0.63,5,9.8,74,110
REC1764,Delhi,2020-01-15,Winter,17.4,11.1,15.3,W,1.3,173.3,291.8,,,1.91,116.2,Residential,2.53,19,10.3,388,355
REC1765,Ahmedabad,2024-01-04,Winter,22.3,38.5,14.1,N,1.0,85.1,137.6,42.0,41.3,3.39,49.5,Commercial,7.94,16,13.3,217,241
REC1766,Hyderabad,2022-10-20,Post-Monsoon,32.3,30.7,18.2,SW,0.7,83.2,97.7,30.3,,1.65,25.0,Commercial,2.63,8,5.8,175,155
REC1767,Bhopal,2023-01-06,Winter,23.2,46.9,19.5,NE,0.8,66.2,74.2,23.2,16.4,0.34,13.2,Residential,0.74,0,12.4,124,130
REC1768,Bhopal,2024-04-19,Summer,26.3,52.3,10.9,NE,0.2,73.2,135.3,60.5,20.0,1.63,45.0,Green Zone,7.15,16,2.3,224,190
REC1769,Patna,2024-11-25,Post-Monsoon,35.4,37.7,17.2,E,1.0,108.8,124.1,78.8,41.8,1.97,28.2,Mixed,0.97,3,9.0,197,216
REC1770,Pune,2022-12-09,Winter,16.4,46.9,33.9,SW,2.6,33.7,39.5,18.0,8.2,0.57,14.9,Commercial,7.82,1,9.5,34,66
REC1771,Delhi,2022-02-07,Winter,20.8,29.4,10.1,E,0.0,143.1,257.6,97.3,60.6,0.11,82.1,Green Zone,6.24,14,10.1,337,375
REC1772,Chennai,2021-05-10,Summer,33.7,52.3,31.3,NE,3.5,45.4,82.5,22.0,18.3,0.96,24.4,Mixed,8.79,15,2.0,,100
REC1773,Surat,2023-10-02,Post-Monsoon,27.0,36.7,19.5,NW,3.6,68.8,101.2,11.8,20.1,2.28,25.6,Green Zone,1.7,9,8.8,161,128
REC1774,Kolkata,2023-12-18,Winter,12.8,47.4,33.2,NE,0.3,90.3,141.5,30.2,15.3,2.58,54.3,Industrial,0.32,8,5.1,198,173
REC1775,Chandigarh,2024-05-20,Summer,21.7,37.3,30.2,NW,2.3,28.9,46.4,11.4,7.2,0.89,10.3,Residential,8.9,3,14.2,99,66
REC1776,Bangalore,2023-08-25,Monsoon,25.6,72.0,23.6,E,20.7,9.2,16.9,9.4,4.1,0.29,7.4,Green Zone,3.53,17,6.3,20,20
REC1777,Patna,2024-05-19,Summer,26.8,59.8,2.4,E,4.6,148.6,245.3,72.2,57.9,3.49,80.9,Industrial,5.0,27,8.4,270,309
REC1778,Bhopal,2022-05-26,Summer,23.8,55.7,31.9,NE,3.7,41.9,,28.9,16.9,0.35,27.7,Industrial,9.51,24,2.1,150,110
REC1779,Pune,2024-01-14,Winter,,39.9,12.5,SW,3.6,47.4,69.3,26.3,14.4,0.19,26.5,Residential,3.63,8,13.3,113,96
REC1780,Hyderabad,2024-12-16,Winter,21.5,40.3,32.8,N,3.0,,49.7,28.5,12.5,0.53,20.2,Residential,1.34,6,3.1,79,72
REC1781,Hyderabad,2019-05-11,Summer,28.3,25.1,17.6,E,4.0,11.9,25.7,10.4,5.6,0.33,10.4,Residential,0.8,2,4.8,20,31
REC1782,Hyderabad,2022-01-09,Winter,19.5,57.6,4.5,E,4.3,118.1,197.8,107.1,19.1,0.34,76.6,Mixed,8.64,6,7.7,248,268
REC1783,Hyderabad,2019-07-17,Monsoon,25.5,79.2,22.4,E,29.6,7.7,14.6,9.8,4.2,0.24,9.9,Residential,3.91,19,7.1,20,20
REC1784,Patna,2023-11-10,Post-Monsoon,27.0,24.3,2.7,SW,3.0,114.3,210.4,84.2,51.7,2.93,59.6,Industrial,0.28,28,14.4,270,273
REC1785,Nagpur,2020-08-25,Monsoon,27.4,79.0,26.3,NE,11.8,42.4,68.3,38.3,7.9,1.49,29.9,Residential,9.41,22,6.6,124,99
REC1786,Kolkata,2024-07-05,Monsoon,22.1,52.3,3.8,W,26.2,29.5,36.7,10.2,11.4,0.13,12.6,Residential,2.96,15,,61,66
REC1787,Surat,2023-06-26,Monsoon,24.8,63.9,32.9,NW,32.4,8.4,16.1,8.5,5.0,0.31,7.6,Residential,2.61,4,13.5,26,20
REC1788,Indore,2024-07-20,Monsoon,27.8,97.5,14.4,SW,3.6,29.6,49.0,12.3,,1.47,14.0,Residential,3.0,21,2.9,93,77
REC1789,Delhi,2019-12-27,Winter,14.8,36.6,2.2,S,4.0,174.0,294.3,15.9,63.8,4.55,11.0,Mixed,,18,12.8,368,392
REC1790,Indore,2024-10-24,Post-Monsoon,20.6,47.5,23.6,E,4.6,26.7,53.1,11.3,13.9,1.07,22.6,Industrial,5.11,8,11.1,54,70
REC1791,Pune,2019-04-28,Summer,27.1,26.9,7.3,S,1.5,54.6,90.7,16.6,21.7,0.24,17.9,Industrial,5.86,16,1.2,149,126
REC1792,Kolkata,2020-08-18,Monsoon,,79.1,18.6,SW,49.2,7.4,13.6,9.8,4.9,0.11,8.3,Commercial,6.09,29,12.4,48,20
REC1793,Indore,2021-04-27,Summer,38.3,32.4,18.7,N,2.6,61.5,99.0,25.6,8.7,3.16,26.8,Mixed,9.23,23,3.1,162,168
REC1794,Kanpur,2022-01-12,Winter,14.7,49.5,32.7,SW,0.1,146.5,186.1,53.1,25.4,1.05,22.6,Mixed,1.06,25,6.2,,273
REC1795,Indore,2021-09-11,Monsoon,33.1,52.6,15.6,NW,21.6,10.7,11.5,9.2,4.4,0.15,8.8,Industrial,5.19,9,10.5,20,20
REC1796,Mumbai,2019-11-01,Post-Monsoon,31.9,55.8,12.6,N,1.2,80.3,130.9,55.4,17.4,3.71,63.5,Industrial,6.25,6,6.5,231,195
REC1797,Jaipur,2022-07-19,Monsoon,30.2,89.5,2.1,S,4.3,75.2,127.5,13.1,19.6,1.79,13.9,Green Zone,2.33,9,10.6,154,159
REC1798,Hyderabad,2024-07-05,Monsoon,28.7,98.0,33.1,SE,0.3,27.6,58.5,14.4,9.8,0.5,19.1,Commercial,9.64,4,12.2,70,76
REC1799,Bangalore,2019-02-01,Winter,19.8,60.3,1.0,E,3.0,95.2,137.3,55.1,25.3,1.65,39.1,Residential,4.48,10,11.2,159,197
REC1800,Bangalore,2021-02-27,Winter,14.9,55.5,34.5,W,3.4,,20.5,10.9,5.4,0.33,10.5,Commercial,6.17,2,14.6,28,30
REC1801,Mumbai,2021-04-12,Summer,19.6,56.8,4.6,NW,3.5,55.8,88.4,31.6,7.3,1.87,48.8,Commercial,2.5,13,5.8,123,159
REC1802,Lucknow,2020-12-12,Winter,,44.9,11.6,E,2.1,125.6,238.5,90.6,32.9,5.52,18.3,Industrial,0.72,21,13.5,321,295
REC1803,Lucknow,2023-11-23,Post-Monsoon,24.6,55.7,12.0,N,4.9,76.0,162.9,19.2,8.6,1.08,38.6,Green Zone,1.24,5,6.9,235,199
REC1804,Lucknow,2020-01-13,Winter,17.2,37.9,28.2,W,2.3,81.9,,11.8,14.0,0.12,38.9,Residential,4.47,6,12.4,215,184
REC1805,Chandigarh,2023-04-09,Summer,31.7,62.4,5.3,N,4.0,68.2,83.2,48.8,15.3,1.3,23.1,Mixed,7.22,1,10.7,123,125
REC1806,Patna,2019-06-08,Monsoon,20.5,78.1,24.5,S,1.4,30.5,42.3,13.6,7.6,0.91,20.8,Residential,,6,10.4,93,69
REC1807,Lucknow,2020-12-23,Winter,19.2,33.5,34.6,NE,4.6,146.2,165.6,99.0,46.3,4.89,78.2,Green Zone,6.32,22,14.6,264,274
REC1808,Pune,2022-09-08,Monsoon,22.1,79.8,13.2,E,36.0,15.9,28.8,12.8,6.5,,10.4,Commercial,9.0,24,10.7,35,34
REC1809,Chandigarh,2024-09-22,Monsoon,26.7,73.9,3.0,NE,26.3,24.8,35.9,17.0,8.4,0.34,15.8,Residential,3.93,23,0.8,80,46
REC1810,Bangalore,2019-08-17,Monsoon,,80.4,,S,23.6,9.2,15.2,8.6,4.3,0.27,8.9,Commercial,6.39,28,0.8,20,20
REC1811,Pune,2024-07-03,Monsoon,23.7,57.7,33.7,SW,42.5,9.3,12.9,8.3,4.2,0.18,8.6,Residential,2.88,3,4.6,20,20
REC1812,Hyderabad,2022-07-06,Monsoon,28.6,76.7,34.9,W,2.6,10.0,21.9,10.3,5.4,0.19,9.7,Mixed,5.99,8,8.8,43,27
REC1813,Lucknow,2020-11-20,Post-Monsoon,24.7,45.7,14.8,W,3.8,103.9,165.3,73.0,10.9,3.6,19.6,Commercial,4.79,28,14.7,246,232
REC1814,Mumbai,2021-04-21,Summer,30.8,62.4,24.2,SW,1.3,38.5,78.7,20.2,17.1,1.07,28.7,Commercial,2.02,13,9.5,137,97
REC1815,Kanpur,2024-04-08,Summer,21.0,51.6,27.7,SW,1.4,106.6,179.9,73.4,42.9,3.87,77.7,Commercial,8.61,15,8.4,241,232
REC1816,Ahmedabad,2024-02-28,Winter,18.6,31.0,21.1,NE,3.4,105.7,216.9,65.0,12.0,3.85,40.5,Green Zone,9.56,16,,284,273
REC1817,Surat,2024-04-07,Summer,32.9,48.7,15.5,NE,1.6,,59.6,29.2,6.4,1.48,19.4,Commercial,3.92,7,5.8,129,99
REC1818,Chennai,2022-11-21,Post-Monsoon,21.1,65.9,,SE,0.5,71.5,109.2,22.5,6.6,0.62,21.8,Green Zone,3.9,29,5.8,201,167
REC1819,Mumbai,2019-02-15,Winter,19.5,45.8,26.2,NW,0.6,59.3,85.5,22.1,25.6,1.7,28.6,Mixed,1.92,9,12.8,128,140
REC1820,Hyderabad,2021-01-11,Winter,13.6,49.2,30.0,SE,2.2,111.0,,15.9,37.8,1.66,66.2,Commercial,7.64,19,5.5,243,205
REC1821,Jaipur,2024-07-01,Monsoon,17.2,100,1.1,E,24.8,61.5,122.9,62.9,11.6,1.47,33.0,Industrial,9.88,23,10.9,158,173
REC1822,Jaipur,2022-02-13,Winter,13.9,24.9,31.7,N,0.6,49.9,71.6,16.7,17.6,2.16,32.8,Mixed,3.19,9,3.1,125,114
REC1823,Ahmedabad,2019-11-13,Post-Monsoon,19.3,49.6,32.8,SE,3.7,40.6,60.5,10.8,16.6,1.75,14.0,Commercial,3.67,17,11.9,67,103
REC1824,Mumbai,2024-01-14,Winter,19.1,41.2,29.1,W,2.4,78.5,156.8,43.6,17.8,0.77,41.5,Mixed,9.64,13,8.8,209,185
REC1825,Indore,2019-09-22,Monsoon,29.8,57.7,30.4,W,27.1,8.3,16.9,9.8,4.7,,7.7,Green Zone,4.34,20,12.8,20,20
REC1826,Kanpur,2022-07-26,Monsoon,17.2,99.7,34.0,E,13.1,29.7,37.1,17.9,11.8,0.57,16.9,Commercial,3.87,14,8.3,83,64
REC1827,Hyderabad,2019-02-10,Winter,20.6,34.9,2.0,NW,4.2,137.4,172.2,59.1,41.0,2.52,91.8,Industrial,6.79,23,14.5,298,282
REC1828,Jaipur,2022-12-26,Winter,18.2,47.4,16.6,SW,3.3,116.7,157.3,41.8,44.7,1.59,55.3,Commercial,6.43,15,13.0,199,236
REC1829,Pune,2022-01-12,Winter,17.2,36.9,9.6,NE,3.2,72.9,135.7,48.2,30.4,1.36,25.1,Green Zone,4.8,5,11.8,180,160
REC1830,Patna,2024-03-22,Summer,25.3,45.2,13.1,W,0.2,,192.2,27.5,46.7,5.82,97.5,Residential,7.22,30,14.0,311,308
REC1831,Bhopal,2024-05-05,Summer,25.0,52.3,2.3,N,3.4,83.8,140.2,49.3,29.4,2.63,40.3,Residential,9.89,17,,220,203
REC1832,Kolkata,2023-12-17,Winter,18.3,51.9,24.7,SE,2.5,116.1,164.8,25.2,34.2,3.17,42.0,Industrial,8.05,26,8.4,180,220
REC1833,Lucknow,2019-04-11,Summer,30.2,23.5,30.8,S,1.0,79.4,99.1,17.1,13.8,1.26,46.7,Industrial,3.21,18,5.5,160,160
REC1834,Kanpur,2023-06-19,Monsoon,21.7,52.1,26.5,NW,14.8,37.1,66.5,11.9,16.7,0.2,31.2,Residential,3.43,14,2.6,126,93
REC1835,Patna,2022-08-11,Monsoon,24.9,67.5,33.3,SE,9.2,51.5,93.9,10.9,9.9,0.73,15.8,Residential,3.81,9,4.7,143,111
REC1836,Bangalore,2021-06-27,Monsoon,23.1,71.9,34.3,NW,13.7,9.7,15.6,8.6,4.8,0.35,9.2,Industrial,1.48,14,11.0,54,20
REC1837,Hyderabad,2019-10-07,Post-Monsoon,18.8,36.7,21.4,SW,3.7,49.6,65.1,28.0,9.2,0.73,29.7,Mixed,1.42,10,1.0,140,116
REC1838,Jaipur,2019-01-10,Winter,21.9,44.1,10.5,SE,4.4,64.8,129.2,22.4,31.6,1.13,35.3,Mixed,5.79,19,6.5,211,179
REC1839,Kolkata,2024-08-07,Monsoon,19.6,76.2,12.1,SE,39.5,7.1,16.1,8.5,4.3,0.28,8.7,Mixed,2.63,10,4.9,60,20
REC1840,Kolkata,2020-05-10,Summer,36.4,53.9,22.6,N,0.3,69.1,113.6,54.4,22.0,1.01,24.7,Commercial,0.63,14,0.5,154,174
REC1841,Bhopal,2024-01-10,Winter,20.7,76.2,17.2,NW,4.7,51.6,115.6,19.5,20.4,2.52,30.8,Commercial,5.6,6,2.0,115,147
REC1842,Hyderabad,2024-12-22,Winter,14.1,21.4,18.8,NE,1.2,85.8,122.6,25.7,8.3,1.91,45.6,Industrial,7.72,11,13.9,144,184
REC1843,Bhopal,2022-09-24,Monsoon,24.1,77.0,17.8,N,8.8,,13.3,9.9,4.4,0.26,8.0,Commercial,2.03,11,5.1,20,20
REC1844,Patna,2019-05-13,Summer,40.9,14.4,19.4,NW,3.4,91.5,125.9,52.1,32.8,,55.1,Mixed,5.2,11,2.8,160,175
REC1845,Bangalore,2019-05-28,Summer,23.1,76.6,21.0,S,0.5,50.3,95.1,37.4,18.9,1.66,42.4,Residential,6.4,26,9.0,110,124
REC1846,Nagpur,2020-09-02,Monsoon,21.9,66.9,33.2,NE,24.1,10.0,11.6,8.9,4.9,0.27,9.5,Green Zone,1.97,19,,23,20
REC1847,Lucknow,2022-05-18,Summer,34.0,46.2,13.3,SE,0.6,147.3,168.9,76.4,35.1,3.67,76.6,Residential,9.02,21,5.3,336,298
REC1848,Delhi,2021-07-02,Monsoon,24.5,55.4,28.6,E,16.3,41.1,88.6,36.3,,0.87,13.8,Residential,4.93,26,0.7,137,114
REC1849,Indore,2021-12-28,Winter,21.7,20.0,16.4,S,4.1,29.0,64.9,10.8,11.7,1.16,11.4,Mixed,5.99,0,12.3,116,78
REC1850,Lucknow,2019-09-10,Monsoon,29.8,75.9,32.1,W,35.2,9.1,12.9,9.6,4.4,0.37,9.0,Residential,3.69,6,13.8,20,20
REC1851,Bhopal,2022-07-16,Monsoon,28.2,61.7,19.8,SW,2.1,41.6,78.2,37.1,19.7,1.02,25.7,Green Zone,7.08,29,8.4,,99
REC1852,Hyderabad,2020-11-12,Post-Monsoon,29.9,59.8,21.2,E,1.9,85.6,132.1,50.6,9.3,4.11,46.7,Industrial,5.36,22,7.0,246,234
REC1853,Jaipur,2020-09-04,Monsoon,,62.9,24.7,SW,42.7,7.7,14.7,8.3,4.5,0.19,9.0,Green Zone,5.57,13,11.0,39,20
REC1854,Delhi,2023-09-01,Monsoon,26.6,72.2,28.4,NE,23.2,16.9,33.4,10.9,6.5,0.17,13.3,Green Zone,1.25,13,14.9,37,41
REC1855,Hyderabad,2021-03-08,Summer,24.3,54.1,3.8,E,4.9,86.9,122.6,55.6,8.1,0.36,48.2,Industrial,9.14,20,5.4,202,200
REC1856,Nagpur,2022-07-01,Monsoon,24.8,66.0,17.7,NE,35.2,9.8,14.4,9.3,4.4,0.25,9.9,Green Zone,0.81,30,11.3,45,20
REC1857,Nagpur,2022-12-06,Winter,22.5,10,18.3,S,3.0,63.7,103.5,37.1,11.6,,13.2,Commercial,6.92,21,5.6,128,125
REC1858,Jaipur,2024-08-20,Monsoon,28.0,51.7,18.9,NE,7.9,63.7,71.2,46.2,20.9,0.14,28.3,Industrial,7.15,20,15.0,98,119
REC1859,Hyderabad,2024-06-12,Monsoon,28.2,96.5,8.4,W,27.4,7.3,16.2,9.8,4.9,0.17,9.9,Industrial,0.68,22,12.9,59,20
REC1860,Mumbai,2019-09-08,Monsoon,27.9,67.3,20.5,S,34.0,7.7,16.7,9.3,4.6,0.15,9.7,Residential,2.36,14,14.6,26,20
REC1861,Nagpur,2023-09-23,Monsoon,28.4,97.4,11.1,E,14.6,9.5,13.0,,4.6,0.4,8.7,Mixed,1.24,10,11.5,44,20
REC1862,Chennai,2019-01-19,Winter,17.7,69.4,25.2,E,1.2,66.7,86.6,40.3,5.3,2.01,30.7,Residential,1.49,16,5.7,83,122
REC1863,Ahmedabad,2024-09-28,Monsoon,28.9,91.6,9.1,S,5.2,52.2,70.3,24.6,21.8,1.22,16.3,Commercial,5.85,7,9.0,,118
REC1864,Kolkata,2023-04-23,Summer,28.0,38.1,25.9,W,0.2,72.7,97.1,20.1,13.8,2.06,48.7,Residential,9.15,0,14.7,143,153
REC1865,Kanpur,2023-12-24,Winter,9.8,59.8,16.7,E,1.8,132.6,190.2,65.1,9.4,1.18,31.4,Commercial,0.52,23,4.2,283,273
REC1866,Surat,2019-09-26,Monsoon,22.4,76.6,4.1,SE,7.9,,68.8,28.9,9.0,1.42,15.0,Commercial,8.69,14,9.3,106,83
REC1867,Kanpur,2024-03-06,Summer,21.8,32.8,9.8,W,2.8,120.2,192.3,12.0,8.9,0.73,54.8,Green Zone,0.98,24,13.6,224,256
REC1868,Chennai,2019-06-17,Monsoon,26.3,77.8,29.8,NW,45.8,7.2,11.3,8.3,4.1,0.35,8.0,Industrial,9.6,5,13.3,20,20
REC1869,Hyderabad,2019-02-20,Winter,8.0,45.9,33.8,SW,1.4,53.9,102.2,34.9,20.1,0.74,32.2,Commercial,5.28,3,9.8,155,144
REC1870,Indore,2021-01-15,Winter,13.0,54.4,13.4,E,4.5,75.5,118.9,35.9,12.8,1.45,11.4,Residential,3.01,26,10.3,205,166
REC1871,Nagpur,2020-03-12,Summer,31.4,73.7,14.2,NE,0.3,46.7,67.0,28.2,7.5,1.46,31.6,Commercial,1.22,0,0.5,66,93
REC1872,Kanpur,2023-04-14,Summer,24.0,53.9,6.7,SE,3.2,91.6,182.6,85.5,16.7,1.67,29.1,Commercial,0.96,15,12.4,196,220
REC1873,Ahmedabad,2019-11-19,Post-Monsoon,24.4,48.6,,E,4.1,94.5,204.3,79.8,50.2,2.07,53.9,Mixed,6.27,27,2.8,266,269
REC1874,Ahmedabad,2019-07-19,Monsoon,30.3,100,14.6,W,12.8,44.0,89.7,12.5,14.2,1.41,30.8,Mixed,1.88,26,8.7,161,125
REC1875,Patna,2020-09-12,Monsoon,31.6,68.9,18.4,E,23.0,33.6,38.5,25.9,12.2,1.29,18.2,Mixed,1.58,19,7.1,86,67
REC1876,Chandigarh,2023-08-07,Monsoon,,63.0,7.5,E,33.7,10.7,12.6,8.2,4.7,0.37,9.0,Industrial,2.78,18,1.1,20,20
REC1877,Pune,2021-10-21,Post-Monsoon,17.1,46.8,33.1,S,1.8,34.8,48.2,17.8,12.3,0.61,21.6,Industrial,9.13,4,7.5,94,66
REC1878,Bhopal,2022-12-11,Winter,22.4,12.2,29.2,E,3.4,,120.6,18.6,8.7,0.45,34.3,Residential,5.46,14,13.0,140,149
REC1879,Lucknow,2019-12-10,Winter,16.5,62.4,29.0,SW,2.2,114.3,188.5,39.4,30.2,2.13,92.2,Industrial,7.5,30,6.6,287,326
REC1880,Surat,2024-02-16,Winter,21.9,50.8,31.4,SW,1.0,70.3,102.2,54.5,20.9,0.4,38.5,Industrial,7.33,25,8.4,162,151
REC1881,Kolkata,2024-09-10,Monsoon,23.5,79.7,26.2,N,19.0,28.0,41.2,22.5,8.5,0.19,19.8,Residential,1.03,20,4.7,64,58
REC1882,Delhi,2022-06-04,Monsoon,24.8,89.7,11.7,N,20.6,52.6,73.4,17.4,11.8,,24.2,Commercial,5.28,15,2.6,66,96
REC1883,Nagpur,2022-07-17,Monsoon,20.0,54.7,28.5,S,13.9,11.5,16.0,10.2,5.1,0.16,9.1,Industrial,5.3,12,11.0,44,26
REC1884,Ahmedabad,2021-09-25,Monsoon,29.6,55.9,31.9,NE,16.2,7.2,16.7,9.3,4.6,0.31,7.5,Commercial,6.03,3,14.0,,20
REC1885,Nagpur,2020-06-21,Monsoon,17.6,73.1,33.6,NE,34.2,11.0,14.5,9.5,4.2,0.22,8.8,Residential,5.75,2,4.9,20,20
REC1886,Chennai,2021-02-13,Winter,21.0,36.7,30.2,E,0.9,79.4,154.6,57.6,36.3,0.1,53.4,Commercial,8.86,18,14.7,165,195
REC1887,Kolkata,2023-06-16,Monsoon,37.5,62.5,10.4,NE,9.7,,68.7,28.0,14.0,,19.7,Green Zone,4.58,25,0.7,71,85
REC1888,Pune,2019-08-08,Monsoon,26.7,75.3,20.4,NW,27.3,10.8,15.8,9.5,4.6,0.26,8.8,Commercial,7.01,6,12.8,20,20
REC1889,Bhopal,2024-09-28,Monsoon,25.2,67.1,7.1,NW,11.0,54.5,64.3,24.1,6.5,1.1,17.7,Residential,5.29,11,7.3,134,105
REC1890,Lucknow,2023-07-06,Monsoon,12.1,57.1,5.6,NE,26.8,59.6,97.6,37.4,11.2,0.31,12.6,Residential,1.14,28,3.9,125,119
REC1891,Nagpur,2019-05-25,Summer,,55.9,31.1,SE,0.5,39.7,66.1,25.4,19.2,0.57,23.6,Green Zone,4.55,11,9.2,138,100
REC1892,Kolkata,2019-12-03,Winter,17.0,40.8,5.8,NW,0.3,131.0,286.5,25.8,52.0,6.02,62.9,Industrial,,29,13.8,318,338
REC1893,Mumbai,2023-07-02,Monsoon,22.4,71.0,33.9,N,30.1,7.4,14.5,9.0,4.4,0.22,7.6,Green Zone,5.82,1,11.9,20,20
REC1894,Jaipur,2023-03-03,Summer,27.1,38.3,7.5,W,1.1,54.5,63.9,10.9,6.2,0.51,32.2,Green Zone,1.47,13,8.5,85,105
REC1895,Indore,2019-11-20,Post-Monsoon,38.1,41.4,15.5,SW,3.7,42.9,65.8,18.1,8.6,0.78,21.7,Green Zone,2.33,11,1.1,61,95
REC1896,Mumbai,2024-02-26,Winter,24.2,41.1,6.3,W,2.1,88.7,135.8,24.5,14.7,2.06,28.7,Residential,4.13,1,10.4,211,185
REC1897,Hyderabad,2024-01-17,Winter,16.3,,29.6,S,3.2,41.1,70.7,11.3,10.8,1.44,15.6,Residential,,11,,99,98
REC1898,Mumbai,2021-03-07,Summer,20.7,64.6,22.7,SE,3.5,46.8,66.6,,11.4,1.59,14.4,Green Zone,7.68,7,2.1,88,103
REC1899,Delhi,2020-12-19,Winter,15.5,43.0,1.4,N,2.6,142.0,214.4,46.4,71.2,4.24,43.1,Mixed,5.04,9,6.7,338,368
REC1900,Pune,2019-12-15,Winter,15.9,52.0,6.3,S,3.3,77.6,152.1,48.9,30.2,0.56,18.6,Residential,7.01,30,2.0,143,180
REC1901,Jaipur,2019-07-12,Monsoon,18.5,86.2,13.3,SE,45.0,10.7,16.9,9.1,4.8,0.28,8.0,Commercial,8.69,6,10.9,20,20
REC1902,Delhi,2023-08-23,Monsoon,22.4,68.6,34.0,NE,21.5,31.8,34.6,17.2,10.0,0.43,12.6,Residential,5.31,14,2.8,25,61
REC1903,Hyderabad,2021-11-10,Post-Monsoon,23.8,13.8,2.0,W,1.3,51.8,108.3,11.3,9.5,0.85,29.2,Residential,2.32,5,2.4,156,138
REC1904,Bangalore,2022-12-07,Winter,26.4,43.1,33.2,NW,4.1,69.9,110.4,45.8,19.7,1.35,13.7,Industrial,9.1,27,2.4,146,170
REC1905,Delhi,2022-09-24,Monsoon,28.9,54.6,30.3,N,8.7,71.7,90.6,58.6,8.9,2.22,18.3,Commercial,5.87,25,14.1,155,149
REC1906,Nagpur,2022-08-05,Monsoon,26.8,92.6,16.8,E,26.5,8.3,,9.4,4.5,0.29,9.3,Residential,2.24,1,9.8,20,20
REC1907,Bangalore,2024-08-25,Monsoon,20.9,76.1,1.2,S,4.4,23.4,34.2,10.9,8.8,0.86,14.9,Residential,4.04,8,10.0,28,46
REC1908,Bhopal,2020-03-07,Summer,27.6,19.6,20.2,SE,0.0,15.4,26.1,10.0,5.2,0.41,12.8,Industrial,4.75,8,6.0,47,37
REC1909,Kolkata,2021-07-02,Monsoon,15.7,76.3,29.9,NE,36.3,10.3,14.2,9.3,4.1,0.17,7.1,Green Zone,5.05,16,11.0,20,20
REC1910,Patna,2020-07-27,Monsoon,23.0,51.2,17.2,NW,35.4,7.5,14.4,8.3,4.2,0.38,9.2,Mixed,0.76,18,1.4,20,20
REC1911,Indore,2023-01-19,Winter,14.1,45.9,20.0,NW,1.6,84.4,152.1,59.7,23.0,2.65,55.3,Commercial,7.5,18,11.3,156,183
REC1912,Mumbai,2022-03-19,Summer,35.3,56.1,29.3,NW,0.9,79.2,107.5,20.2,26.7,2.02,33.9,Industrial,9.59,14,8.3,110,145
REC1913,Indore,2023-06-14,Monsoon,26.4,100,23.2,NW,7.5,44.7,77.2,29.9,5.1,1.81,20.8,Green Zone,6.41,6,4.8,129,99
REC1914,Nagpur,2022-06-12,Monsoon,30.0,74.6,13.5,NE,21.4,7.9,12.7,10.0,4.1,0.35,9.9,Residential,0.77,7,6.4,22,20
REC1915,Indore,2023-04-25,Summer,28.1,63.0,33.7,SW,4.3,32.0,46.3,18.4,7.8,1.31,10.2,Commercial,4.77,11,8.4,60,75
REC1916,Patna,2024-12-25,Winter,21.2,58.2,25.9,E,0.1,143.9,157.1,48.5,13.9,2.7,17.0,Industrial,4.92,9,7.5,252,270
REC1917,Hyderabad,2023-07-08,Monsoon,27.0,88.9,3.5,NE,11.8,84.2,146.1,28.8,8.0,0.21,62.1,Residential,8.41,29,14.4,,181
REC1918,Indore,2021-03-16,Summer,27.8,37.0,15.0,SW,1.0,67.9,88.2,17.1,6.9,1.19,13.1,Industrial,5.88,3,5.1,152,135
REC1919,Ahmedabad,2022-11-11,Post-Monsoon,28.0,42.9,14.8,NE,4.6,65.7,92.3,36.4,17.6,1.45,22.1,Mixed,3.53,8,7.8,135,149
REC1920,Nagpur,2021-01-18,Winter,16.7,13.4,6.2,SE,4.7,99.2,154.3,30.7,29.6,2.15,55.7,Mixed,8.89,23,9.6,244,204
REC1921,Pune,2023-06-25,Monsoon,20.8,93.4,13.7,SE,7.0,16.9,24.7,11.8,5.4,0.27,10.5,Residential,7.59,8,6.2,58,34
REC1922,Ahmedabad,2021-10-06,Post-Monsoon,23.2,49.2,24.1,W,2.5,67.2,,36.3,20.8,2.16,10.4,Green Zone,4.75,7,6.6,107,140
REC1923,Ahmedabad,2019-04-23,Summer,,32.2,27.4,SE,2.9,47.9,82.3,28.5,16.3,0.77,39.2,Industrial,2.83,16,5.1,89,112
REC1924,Bhopal,2022-12-27,Winter,10.7,82.7,0.7,NE,2.7,68.8,129.0,47.8,26.0,1.19,16.3,Commercial,0.33,13,9.1,232,194
REC1925,Pune,2019-01-14,Winter,24.9,29.4,6.6,NE,3.8,60.6,85.4,41.8,7.8,1.51,31.3,Residential,8.78,9,1.7,150,145
REC1926,Kolkata,2020-07-23,Monsoon,29.5,78.8,30.5,SW,27.4,12.4,24.2,12.0,5.2,0.45,10.3,Commercial,9.59,1,,20,34
REC1927,Indore,2024-10-21,Post-Monsoon,,49.3,,N,4.7,40.6,54.5,17.5,10.7,0.82,21.2,Residential,,4,13.2,109,92
REC1928,Chandigarh,2023-02-03,Winter,24.5,,15.3,W,3.2,57.5,89.7,36.5,10.4,1.5,22.5,Green Zone,7.66,1,7.2,173,133
REC1929,Chennai,2022-10-16,Post-Monsoon,19.3,62.1,21.8,E,1.1,41.2,84.2,25.2,16.3,1.23,10.8,Green Zone,0.81,27,4.6,77,100
REC1930,Ahmedabad,2023-02-23,Winter,15.8,68.9,7.4,E,0.3,90.2,200.6,72.7,25.3,3.81,65.4,Green Zone,3.86,13,5.9,228,240
REC1931,Kanpur,2019-02-05,Winter,7.4,60.2,7.9,NE,0.2,138.5,241.5,76.7,9.6,3.19,109.6,Residential,6.82,22,13.0,358,368
REC1932,Chandigarh,2022-09-05,Monsoon,29.2,71.9,30.8,N,47.0,11.0,11.8,9.0,4.2,0.18,9.9,Mixed,0.83,2,3.7,28,20
REC1933,Hyderabad,2021-01-17,Winter,31.1,32.1,28.8,SE,2.7,50.3,71.2,31.4,23.2,1.7,20.1,Commercial,1.05,25,3.4,112,118
REC1934,Hyderabad,2023-11-27,Post-Monsoon,18.7,20.6,30.3,W,0.7,70.6,83.3,37.5,15.7,1.48,46.9,Residential,5.64,24,9.5,122,144
REC1935,Hyderabad,2024-01-03,Winter,13.5,19.8,21.8,E,4.2,74.7,103.8,41.2,11.2,2.09,25.1,Mixed,1.25,19,13.6,185,167
REC1936,Chennai,2021-12-19,Winter,10.5,34.4,22.5,N,3.5,44.4,69.1,27.0,15.8,1.21,25.2,Green Zone,3.64,21,2.4,82,107
REC1937,Mumbai,2022-10-13,Post-Monsoon,22.4,54.6,,S,2.4,57.5,75.5,32.6,9.2,1.68,25.5,Mixed,1.58,28,3.5,133,114
REC1938,Delhi,2020-12-28,Winter,15.8,55.4,25.7,S,1.9,127.4,155.4,25.3,8.5,3.66,32.3,Mixed,3.85,4,12.0,260,277
REC1939,Bangalore,2023-07-25,Monsoon,33.8,83.5,14.5,NE,8.9,73.3,96.4,54.0,18.0,0.1,16.7,Residential,8.06,28,6.6,99,136
REC1940,Hyderabad,2020-02-23,Winter,17.0,33.9,23.6,E,0.9,52.3,80.6,20.1,10.0,1.61,35.6,Commercial,1.3,20,9.2,147,113
REC1941,Kanpur,2024-11-19,Post-Monsoon,23.7,61.3,18.4,S,0.1,126.2,175.6,82.6,23.5,1.14,52.7,Commercial,0.61,1,15.0,227,231
REC1942,Lucknow,2019-10-01,Post-Monsoon,18.1,40.7,29.3,N,4.6,64.0,127.8,63.8,19.5,1.59,20.5,Green Zone,5.99,28,6.8,198,174
REC1943,Kanpur,2020-06-09,Monsoon,,73.7,5.0,N,6.1,64.2,84.1,22.3,25.8,2.95,49.0,Residential,2.79,14,12.0,150,152
REC1944,Kanpur,2020-11-28,Post-Monsoon,34.3,34.1,10.4,N,3.7,196.7,223.4,51.3,52.8,3.04,124.3,Green Zone,9.59,19,5.3,338,377
REC1945,Mumbai,2023-11-12,Post-Monsoon,24.4,29.7,15.2,N,0.6,94.6,100.7,51.7,22.6,1.96,18.3,Green Zone,3.0,7,2.3,216,176
REC1946,Indore,2021-04-08,Summer,27.0,57.4,15.5,S,4.8,56.0,73.6,22.4,7.3,0.73,21.2,Industrial,2.75,20,6.5,113,119
REC1947,Hyderabad,2024-08-20,Monsoon,23.5,80.9,8.1,E,8.0,62.7,,29.0,13.4,2.2,27.9,Green Zone,8.16,25,7.8,118,118
REC1948,Patna,2023-09-23,Monsoon,23.1,61.5,4.4,NW,38.5,8.0,17.7,9.5,4.8,0.35,9.7,Commercial,0.19,28,1.9,29,22
REC1949,Chandigarh,2019-02-01,Winter,11.3,54.4,5.9,E,1.6,65.6,82.1,47.7,18.9,1.51,31.2,Industrial,1.42,8,8.9,101,121
REC1950,Delhi,2021-05-09,Summer,19.3,30.5,14.7,N,0.9,141.7,214.2,28.5,44.8,1.18,49.3,Green Zone,3.73,15,2.7,267,266
REC1951,Delhi,2023-03-22,Summer,16.3,74.7,5.9,N,1.8,132.8,198.2,36.1,27.8,1.87,52.8,Green Zone,2.99,10,5.7,286,295
REC1952,Bhopal,2020-10-21,Post-Monsoon,27.8,51.3,28.1,SW,0.8,35.5,55.8,34.8,7.5,1.58,17.9,Industrial,0.79,13,15.0,117,88
REC1953,Lucknow,2019-10-24,Post-Monsoon,22.1,63.5,5.4,SW,2.1,98.8,140.0,84.4,25.3,2.49,29.7,Industrial,6.11,4,11.8,233,246
REC1954,Chennai,2019-04-19,Summer,17.0,60.2,25.5,W,1.4,39.9,63.4,15.2,13.4,1.34,24.2,Green Zone,4.43,1,3.5,38,78
REC1955,Pune,2021-02-25,Winter,,34.0,16.0,NE,4.4,57.6,75.7,32.8,18.4,2.24,39.4,Green Zone,4.46,16,4.2,114,130
REC1956,Jaipur,2021-02-14,Winter,,32.2,18.1,N,0.3,88.1,166.4,64.7,32.0,0.48,34.4,Industrial,5.74,6,9.5,,200
REC1957,Mumbai,2019-04-17,Summer,27.1,55.4,29.6,NW,4.7,49.7,85.0,30.2,18.4,0.33,24.9,Mixed,6.37,13,7.1,134,112
REC1958,Bhopal,2022-03-17,Summer,31.7,48.1,23.2,E,4.5,24.2,40.9,11.6,5.0,0.41,16.0,Mixed,0.44,4,5.1,85,49
REC1959,Surat,2020-01-16,Winter,15.9,61.7,31.9,SE,2.3,50.4,,41.4,14.2,2.79,10.3,Green Zone,7.02,23,11.4,107,142
REC1960,Pune,2021-06-23,Monsoon,26.1,94.0,10.4,SE,9.8,27.0,42.5,19.5,5.2,0.64,10.9,Residential,4.51,11,7.0,87,63
REC1961,Jaipur,2023-08-25,Monsoon,23.7,63.8,18.2,N,30.8,9.4,13.1,9.1,4.9,0.15,9.4,Commercial,2.51,14,12.4,20,20
REC1962,Jaipur,2023-03-16,Summer,23.9,54.4,16.8,NW,2.5,74.4,101.1,40.2,27.3,0.84,36.8,Residential,6.31,14,7.0,209,174
REC1963,Pune,2024-03-11,Summer,29.4,18.4,27.5,E,4.4,27.4,42.0,20.6,9.1,0.29,13.9,Commercial,7.76,29,7.8,87,66
REC1964,Lucknow,2023-01-18,Winter,20.6,29.3,26.0,SW,1.8,118.5,,78.0,22.6,3.94,15.8,Commercial,1.01,8,9.1,208,229
REC1965,Kolkata,2022-10-20,Post-Monsoon,17.0,40.2,10.8,E,2.6,104.1,188.0,108.8,42.9,0.68,22.9,Mixed,9.13,8,8.1,256,287
REC1966,Jaipur,2024-11-27,Post-Monsoon,18.2,,10.1,W,1.5,92.5,152.9,46.6,6.9,2.54,24.6,Commercial,2.04,27,10.4,220,188
REC1967,Pune,2023-05-14,Summer,23.4,45.1,0.6,SE,4.3,63.5,101.9,28.2,16.6,1.39,40.2,Green Zone,5.94,21,6.9,139,124
REC1968,Lucknow,2021-10-14,Post-Monsoon,29.8,31.7,2.8,E,1.7,141.5,164.6,88.9,30.3,0.39,90.1,Green Zone,5.4,13,12.3,241,264
REC1969,Indore,2020-07-15,Monsoon,25.3,69.0,21.7,S,31.9,9.4,14.8,9.5,4.7,0.12,7.3,Mixed,7.88,23,13.5,45,20
REC1970,Lucknow,2021-02-01,Winter,14.6,57.1,,NE,2.7,123.7,213.9,101.7,23.5,2.38,80.8,Commercial,8.12,28,4.7,295,268
REC1971,Hyderabad,2019-09-22,Monsoon,23.1,67.5,34.5,S,37.5,9.2,16.2,10.0,4.5,0.29,9.4,Industrial,8.19,21,8.0,,20
REC1972,Kolkata,2024-03-11,Summer,25.9,23.3,9.4,N,4.1,105.5,170.2,68.4,29.5,1.91,51.8,Residential,8.5,18,13.1,240,233
REC1973,Pune,2019-06-09,Monsoon,30.1,,28.4,SE,25.4,7.6,14.8,9.3,4.5,0.34,7.6,Commercial,9.28,29,10.1,43,20
REC1974,Chandigarh,2019-08-16,Monsoon,26.3,100,19.9,NW,48.3,,11.9,,4.9,0.12,8.8,Green Zone,4.9,19,4.6,20,20
REC1975,Patna,2023-07-04,Monsoon,28.7,98.5,17.7,S,18.6,23.4,,21.4,5.8,0.78,12.1,Commercial,3.34,21,1.3,47,66
REC1976,Ahmedabad,2021-04-14,Summer,28.7,60.5,11.2,W,4.7,58.0,92.2,18.2,6.7,2.26,40.9,Residential,4.56,10,3.6,157,137
REC1977,Indore,2020-05-19,Summer,32.9,33.3,6.6,NW,1.5,35.2,48.2,18.7,12.9,0.23,16.1,Commercial,0.52,18,7.0,51,76
REC1978,Nagpur,2020-09-07,Monsoon,22.7,73.9,34.5,S,32.9,9.4,13.3,8.8,4.9,0.36,9.6,Residential,6.32,2,8.8,20,20
REC1979,Surat,2024-07-08,Monsoon,21.9,55.8,26.9,NE,28.9,8.5,15.2,9.1,4.3,0.18,9.1,Mixed,6.42,14,8.4,48,20
REC1980,Chandigarh,2024-04-24,Summer,28.2,39.3,12.7,SE,4.9,47.5,67.5,15.1,17.7,1.51,23.7,Commercial,6.88,23,3.8,63,92
REC1981,Surat,2021-03-25,Summer,21.9,83.7,32.3,S,1.8,69.4,102.3,24.8,11.3,0.34,28.1,Residential,7.07,20,3.6,128,135
REC1982,Kanpur,2021-12-17,Winter,22.6,42.6,,NW,1.2,131.7,179.8,64.2,43.1,5.4,85.7,Green Zone,6.04,0,13.3,269,291
REC1983,Mumbai,2021-07-28,Monsoon,23.3,89.1,31.9,N,46.3,9.2,15.7,8.1,4.3,0.23,9.7,Mixed,8.47,9,13.6,20,20
REC1984,Kanpur,2021-05-10,Summer,28.0,37.7,22.1,S,4.5,79.5,125.5,33.8,20.4,2.55,45.3,Commercial,6.16,6,2.1,216,216
REC1985,Hyderabad,2019-04-07,Summer,,37.1,,E,0.4,46.5,74.8,10.2,16.2,1.29,28.4,Commercial,1.9,22,9.7,93,92
REC1986,Jaipur,2022-02-18,Winter,23.3,25.1,,W,1.0,63.8,109.6,36.7,24.3,1.89,24.6,Commercial,1.61,14,10.1,150,139
REC1987,Lucknow,2023-11-18,Post-Monsoon,25.4,58.1,28.0,S,1.1,148.3,186.9,10.0,20.1,0.78,92.2,Green Zone,8.5,13,10.4,307,283
REC1988,Chennai,2023-04-01,Summer,30.1,,18.6,E,4.8,35.9,55.3,21.8,15.1,0.31,29.7,Mixed,0.69,15,4.2,97,85
REC1989,Indore,2021-05-02,Summer,24.5,43.5,27.6,NW,1.8,31.5,57.0,14.0,11.4,0.5,25.6,Green Zone,2.82,22,0.9,63,83
REC1990,Chennai,2024-12-12,Winter,11.4,27.1,6.6,SE,3.5,131.9,166.4,,8.1,1.84,28.5,Green Zone,6.3,14,7.1,241,240
REC1991,Chennai,2019-09-28,Monsoon,21.7,57.7,13.6,SW,33.4,7.6,14.2,9.4,4.2,0.23,9.6,Residential,1.65,8,8.4,20,20
REC1992,Indore,2023-01-14,Winter,26.0,59.6,17.9,NW,3.6,41.5,82.0,12.4,16.8,1.05,16.4,Green Zone,1.41,12,11.6,90,104
REC1993,Patna,2024-06-22,Monsoon,22.9,58.8,9.2,N,35.0,34.3,51.2,27.2,6.5,1.47,28.5,Industrial,8.72,17,5.8,61,86
REC1994,Mumbai,2024-04-06,Summer,28.9,77.6,24.4,NE,2.6,116.5,165.1,68.2,24.3,3.23,40.8,Green Zone,5.95,21,7.7,248,216
REC1995,Surat,2020-02-06,Winter,15.6,52.9,,NE,0.7,104.6,150.7,50.3,10.7,2.43,20.5,Residential,3.2,15,12.5,163,192
REC1996,Delhi,2021-04-06,Summer,29.8,69.6,9.5,NE,4.8,117.3,186.6,71.9,10.2,3.93,29.0,Commercial,7.01,2,1.4,268,230
REC1997,Kanpur,2021-02-02,Winter,20.6,41.5,33.5,SW,3.0,132.9,195.6,108.3,9.3,5.3,22.1,Green Zone,9.89,12,12.5,233,273
REC1998,Nagpur,2020-01-08,Winter,13.2,52.0,21.0,SW,0.6,82.5,155.4,75.9,33.6,1.12,49.7,Mixed,6.92,18,14.1,183,204
REC1999,Bhopal,2023-03-17,Summer,30.9,43.8,26.4,NW,3.8,42.2,100.7,40.1,13.8,2.35,38.4,Commercial,,25,4.9,132,119
REC2000,Nagpur,2024-01-10,Winter,24.5,29.9,24.1,SW,3.8,57.0,85.7,48.9,29.5,0.59,49.4,Commercial,5.78,16,5.5,144,155
REC2001,Pune,2021-12-07,Winter,23.8,61.9,24.2,NW,1.8,56.4,101.5,42.6,12.2,0.26,23.4,Industrial,4.61,28,11.8,149,123
REC2002,Patna,2020-05-19,Summer,33.1,51.3,22.3,NW,0.5,103.5,142.4,79.9,16.0,1.11,62.6,Residential,6.55,20,14.2,227,210
REC2003,Jaipur,2023-11-21,Post-Monsoon,23.2,70.6,,E,4.7,54.9,84.3,58.6,28.8,2.98,39.0,Residential,3.98,15,13.7,186,152
REC2004,Surat,2019-08-21,Monsoon,22.0,82.1,6.0,NE,42.2,9.0,14.8,9.1,4.4,0.21,9.2,Commercial,3.84,9,8.2,51,20
REC2005,Bhopal,2021-06-20,Monsoon,25.6,60.7,7.3,W,7.2,33.2,54.0,26.3,7.3,1.01,14.3,Mixed,1.38,15,11.3,79,77
REC2006,Indore,2021-05-16,Summer,23.7,35.3,32.0,SW,0.3,52.8,70.3,42.7,12.8,1.62,30.4,Industrial,9.56,4,12.2,99,114
REC2007,Chandigarh,2020-01-05,Winter,15.9,53.2,34.9,W,3.6,10.9,14.0,9.6,4.7,0.37,8.8,Mixed,4.67,1,10.3,41,23
REC2008,Chennai,2019-08-28,Monsoon,24.9,90.3,12.5,S,13.1,15.5,25.5,12.4,6.1,0.39,12.2,Green Zone,1.39,29,5.5,63,37
REC2009,Lucknow,2023-02-12,Winter,15.9,31.6,10.5,N,4.0,135.3,161.5,31.3,8.4,2.62,37.2,Residential,1.94,24,14.3,258,269
REC2010,Chandigarh,2021-09-04,Monsoon,20.5,100,33.7,N,38.6,10.1,13.6,9.8,4.4,0.29,8.1,Green Zone,2.87,10,2.2,20,20
REC2011,Patna,2024-08-07,Monsoon,23.7,67.5,31.6,NE,34.2,7.9,12.5,9.3,4.3,0.12,9.4,Commercial,4.15,6,6.3,56,20
REC2012,Kolkata,2019-02-07,Winter,20.0,13.7,7.4,SW,4.3,75.0,135.7,68.9,9.9,,21.8,Residential,4.86,1,14.6,174,191
REC2013,Lucknow,2022-09-25,Monsoon,32.2,100,20.0,N,15.8,,27.8,14.9,6.9,0.9,12.7,Residential,1.97,11,3.3,49,48
REC2014,Chandigarh,2023-07-06,Monsoon,23.7,56.6,18.2,E,28.5,,15.9,8.2,4.8,0.27,8.5,Industrial,2.2,9,10.4,30,20
REC2015,Kanpur,2020-01-18,Winter,20.7,61.8,16.8,N,4.6,145.6,209.6,71.0,18.6,4.05,77.8,Commercial,0.41,17,1.9,271,272
REC2016,Indore,2021-06-11,Monsoon,27.9,79.3,6.7,SW,14.4,58.4,85.5,32.9,14.9,0.33,39.5,Green Zone,7.27,18,12.8,130,118
REC2017,Surat,2020-02-11,Winter,15.7,39.8,15.2,W,2.5,80.0,119.3,53.1,6.8,1.59,35.0,Mixed,9.62,14,3.2,214,181
REC2018,Ahmedabad,2021-10-06,Post-Monsoon,29.0,12.8,11.9,NE,1.5,89.8,175.0,56.7,41.3,0.86,59.4,Mixed,8.89,22,1.3,217,208
REC2019,Delhi,2019-01-23,Winter,6.6,28.4,23.0,E,0.3,172.4,235.6,32.6,9.9,5.05,55.7,Commercial,8.03,17,14.6,386,356
REC2020,Kanpur,2020-02-27,Winter,11.9,25.9,25.5,SW,4.9,70.1,137.4,,23.7,1.62,40.8,Green Zone,0.8,13,13.8,203,176
REC2021,Hyderabad,2020-09-04,Monsoon,26.9,66.5,31.9,NW,40.2,9.7,13.2,8.0,4.1,0.26,9.0,Residential,8.87,23,3.8,20,20
REC2022,Mumbai,2019-07-19,Monsoon,16.1,93.6,,SW,16.1,50.2,96.4,15.9,25.9,2.55,16.6,Commercial,7.92,21,4.7,121,135
REC2023,Nagpur,2023-02-20,Winter,29.9,46.2,3.7,NE,1.5,121.6,146.8,37.7,22.8,1.22,48.8,Commercial,6.55,17,9.2,265,245
REC2024,Indore,2020-04-28,Summer,27.1,35.7,,E,3.6,43.5,90.5,,9.9,,30.3,Industrial,0.21,23,5.5,130,107
REC2025,Nagpur,2019-06-20,Monsoon,27.8,75.0,10.1,W,45.3,7.2,16.6,9.8,4.8,0.38,7.6,Mixed,7.63,11,11.7,20,20
REC2026,Chennai,2022-02-13,Winter,15.4,47.7,28.3,SW,1.6,46.1,86.6,12.8,24.5,1.69,17.1,Commercial,6.8,8,12.7,146,130
REC2027,Delhi,2021-11-08,Post-Monsoon,24.4,67.8,14.2,SW,3.5,151.1,171.2,47.5,20.9,4.25,90.2,Mixed,8.14,7,14.3,337,301
REC2028,Lucknow,2019-11-10,Post-Monsoon,14.0,28.8,13.8,E,2.4,98.7,142.4,19.0,12.9,3.09,12.9,Industrial,5.68,20,,268,238
REC2029,Nagpur,2023-01-11,Winter,11.5,32.5,7.5,W,1.6,68.5,77.7,14.5,7.6,1.42,41.4,Mixed,2.93,5,7.6,101,135
REC2030,Kanpur,2023-04-27,Summer,31.5,46.0,7.7,NE,3.6,78.4,109.9,24.7,21.6,3.37,25.1,Residential,3.03,1,8.4,178,172
REC2031,Surat,2023-09-11,Monsoon,18.2,99.2,18.9,NE,36.7,11.0,14.8,9.8,4.3,0.35,8.9,Mixed,5.53,23,12.4,30,20
REC2032,Chennai,2023-09-18,Monsoon,,48.9,,SW,30.6,9.5,12.8,9.5,4.8,0.37,7.2,Green Zone,4.16,23,1.3,20,20
REC2033,Delhi,2020-11-10,Post-Monsoon,21.9,12.7,3.2,NW,0.0,177.8,244.8,54.8,64.0,3.56,89.7,Residential,4.4,16,,318,336
REC2034,Jaipur,2020-07-12,Monsoon,25.4,71.5,29.1,NE,48.8,10.8,15.4,8.7,4.1,0.16,7.6,Residential,0.25,7,1.3,35,20
REC2035,Chennai,2021-05-19,Summer,26.1,49.1,0.6,SE,3.8,85.8,122.2,56.2,14.8,1.16,34.7,Residential,8.24,17,8.5,197,163
REC2036,Kolkata,2020-11-03,Post-Monsoon,25.6,34.7,7.6,N,0.4,82.2,126.8,33.7,16.7,0.21,52.0,Green Zone,0.67,0,6.0,150,165
REC2037,Ahmedabad,2023-01-05,Winter,8.3,52.9,4.6,E,1.3,109.6,218.3,93.7,35.3,3.6,27.6,Green Zone,,19,14.0,287,269
REC2038,Bhopal,2020-12-18,Winter,17.2,33.0,25.1,SW,1.3,48.2,,12.7,6.0,1.33,15.2,Commercial,0.69,6,3.1,80,106
REC2039,Surat,2022-01-14,Winter,19.4,31.8,11.8,SE,3.5,81.1,170.1,46.7,35.8,1.04,54.9,Industrial,8.64,12,12.4,212,214
REC2040,Patna,2024-09-22,Monsoon,32.0,73.1,1.1,NE,39.8,66.4,113.4,25.3,27.1,1.12,41.6,Industrial,8.18,19,6.1,145,139
REC2041,Bangalore,2023-07-27,Monsoon,22.7,63.9,11.0,SE,37.6,8.6,14.3,9.5,4.8,0.18,9.4,Industrial,5.92,12,3.6,20,20
REC2042,Lucknow,2024-07-08,Monsoon,26.2,97.2,10.5,E,33.7,53.8,69.3,30.9,14.8,1.68,32.8,Mixed,6.1,30,5.2,105,105
REC2043,Delhi,2023-05-20,Summer,25.4,63.2,17.0,SW,2.8,142.2,303.7,111.0,21.0,0.62,70.2,Residential,6.54,29,6.5,393,381
REC2044,Indore,2021-03-16,Summer,35.5,32.2,7.1,SW,4.7,36.1,52.9,28.0,10.6,0.14,16.9,Mixed,0.34,26,8.0,37,74
REC2045,Indore,2022-09-22,Monsoon,27.6,87.1,29.8,SE,19.6,8.9,18.4,10.0,4.9,0.26,9.5,Industrial,8.64,16,6.4,46,24
REC2046,Surat,2022-12-09,Winter,13.8,69.0,5.3,SW,4.4,112.8,176.4,47.4,10.8,4.04,65.7,Industrial,6.45,21,6.9,203,221
REC2047,Ahmedabad,2022-07-18,Monsoon,23.7,,22.7,NW,46.4,,13.7,9.8,4.1,0.24,7.4,Green Zone,4.49,4,12.9,20,20
REC2048,Ahmedabad,2020-07-26,Monsoon,15.3,74.2,0.7,SE,23.6,21.3,29.3,12.1,7.6,,13.7,Commercial,0.1,9,14.1,83,44
REC2049,Surat,2021-01-08,Winter,22.0,,2.5,S,2.2,120.3,155.1,95.4,9.9,1.96,28.0,Commercial,9.03,5,5.0,263,254
REC2050,Mumbai,2020-07-19,Monsoon,22.2,72.0,19.2,W,17.8,10.3,16.8,9.3,4.2,0.34,7.6,Commercial,1.28,5,9.8,20,20
REC2051,Patna,2024-02-12,Winter,19.3,11.6,16.0,S,1.7,113.4,195.4,18.2,27.6,1.13,10.9,Commercial,3.98,22,5.6,219,232
REC2052,Bangalore,2022-09-20,Monsoon,15.7,100,32.8,SW,48.1,7.8,11.4,8.2,4.8,0.37,7.1,Commercial,9.8,9,2.9,46,20
REC2053,Nagpur,2021-12-11,Winter,20.6,44.0,5.6,N,0.8,103.9,115.9,52.6,36.1,0.78,12.0,Mixed,1.0,24,13.3,178,198
REC2054,Chennai,2020-05-10,Summer,23.1,,15.6,S,2.3,39.8,65.9,15.9,18.2,0.78,26.2,Residential,7.4,20,14.7,66,101
REC2055,Mumbai,2021-09-04,Monsoon,23.0,86.5,22.0,W,0.9,40.8,65.3,11.4,9.4,1.51,20.1,Commercial,4.39,13,8.4,106,109
REC2056,Ahmedabad,2024-11-16,Post-Monsoon,,45.9,32.3,NE,4.1,91.2,117.1,21.8,8.1,0.42,56.6,Green Zone,8.4,16,5.9,153,187
REC2057,Hyderabad,2019-04-25,Summer,21.8,43.1,22.7,NW,2.8,56.3,85.6,23.6,24.2,2.8,32.1,Residential,3.86,30,4.2,131,143
REC2058,Bangalore,2020-05-14,Summer,35.3,51.6,7.6,NE,0.9,,43.2,14.5,6.4,0.76,17.5,Industrial,6.49,3,2.9,72,60
REC2059,Indore,2022-02-13,Winter,14.6,48.8,25.7,SW,3.1,63.2,88.7,23.2,21.7,0.93,32.2,Residential,7.84,14,0.7,136,135
REC2060,Kanpur,2020-01-08,Winter,19.8,38.4,20.2,N,4.0,164.3,294.4,45.3,,3.06,20.1,Residential,3.42,26,2.1,366,371
REC2061,Chandigarh,2019-05-27,Summer,,74.7,12.1,N,1.9,42.3,72.5,20.1,10.8,0.35,19.8,Residential,4.06,27,2.9,125,118
REC2062,Indore,2022-02-24,Winter,9.0,43.6,4.8,W,0.4,74.3,101.8,32.0,8.5,0.9,20.0,Green Zone,5.2,9,12.7,187,148
REC2063,Bangalore,2020-08-12,Monsoon,26.0,91.5,13.9,SE,27.1,7.6,15.6,8.7,4.8,0.11,7.1,Residential,0.52,13,14.4,20,20
REC2064,Chandigarh,2020-12-02,Winter,20.4,45.0,30.4,NE,3.9,35.0,47.6,27.8,8.5,1.13,12.3,Commercial,4.54,4,10.1,84,73
REC2065,Kanpur,2019-04-20,Summer,30.9,44.2,1.9,N,0.1,,164.5,94.5,51.6,1.61,89.3,Mixed,2.87,17,4.1,249,259
REC2066,Pune,2022-06-18,Monsoon,29.1,83.5,26.1,S,48.7,10.9,15.7,9.8,4.6,0.16,7.4,Green Zone,8.13,19,12.4,23,20
REC2067,Bhopal,2022-11-18,Post-Monsoon,32.2,39.8,11.8,E,4.0,70.8,94.3,13.8,24.5,1.01,21.9,Commercial,7.16,29,11.4,152,145
REC2068,Bangalore,2023-02-14,Winter,21.7,34.3,33.7,N,4.7,7.1,15.0,8.2,4.3,0.26,9.4,Commercial,7.38,4,0.7,44,20
REC2069,Hyderabad,2021-02-14,Winter,24.2,42.0,3.1,W,1.5,105.2,150.7,18.7,39.1,2.05,11.0,Green Zone,7.57,17,10.1,236,237
REC2070,Surat,2021-07-16,Monsoon,21.1,96.9,4.7,E,24.7,57.3,88.0,32.2,19.4,0.99,30.9,Green Zone,8.11,29,11.2,155,121
REC2071,Jaipur,2021-05-08,Summer,30.7,49.5,27.4,E,0.3,78.2,97.3,28.5,16.7,1.14,57.1,Commercial,5.02,29,10.5,199,169
REC2072,Indore,2022-05-03,Summer,24.3,71.1,27.9,SE,4.6,9.6,14.9,9.3,5.0,0.37,7.4,Commercial,4.53,5,10.5,44,20
REC2073,Surat,2022-12-12,Winter,16.0,37.6,18.1,W,4.2,98.3,175.9,,11.1,3.16,60.2,Green Zone,6.53,7,13.7,196,218
REC2074,Bhopal,2022-12-01,Winter,17.0,47.7,0.7,E,1.1,83.4,93.5,64.2,19.1,1.72,21.1,Residential,1.96,17,10.9,203,164
REC2075,Pune,2021-02-26,Winter,26.5,52.9,8.0,W,5.0,81.0,150.3,25.7,36.2,3.96,70.6,Commercial,9.68,25,2.9,246,209
REC2076,Chandigarh,2023-09-21,Monsoon,34.3,46.9,10.8,NW,35.7,9.8,14.0,8.7,4.8,0.12,8.0,Green Zone,9.61,2,5.7,20,20
REC2077,Kolkata,2019-08-09,Monsoon,18.8,92.0,23.8,NW,32.4,7.7,16.4,9.7,4.2,0.39,8.3,Commercial,8.91,16,12.4,20,20
REC2078,Chennai,2024-09-17,Monsoon,23.3,96.4,10.4,NW,14.1,59.6,93.3,12.0,21.9,1.88,13.0,Green Zone,6.33,26,13.7,140,135
REC2079,Jaipur,2019-04-18,Summer,33.5,56.5,4.3,NW,3.3,71.7,132.1,39.4,5.7,2.78,14.3,Residential,3.46,1,,120,157
REC2080,Bhopal,2022-10-14,Post-Monsoon,30.4,63.3,10.8,NW,1.8,63.6,72.6,12.6,18.6,2.07,17.1,Residential,2.69,20,0.5,,123
REC2081,Delhi,2021-07-24,Monsoon,35.6,71.7,19.1,S,47.1,9.4,14.1,8.4,4.4,0.14,8.5,Green Zone,0.61,19,12.2,20,20
REC2082,Nagpur,2023-12-11,Winter,24.1,55.8,11.9,E,2.9,90.1,157.4,36.1,14.8,1.84,56.8,Industrial,7.15,19,7.2,236,221
REC2083,Bhopal,2024-02-28,Winter,11.6,46.5,0.7,N,4.7,121.8,132.8,63.1,16.9,2.72,75.6,Residential,7.64,28,7.8,213,226
REC2084,Kanpur,2022-09-17,Monsoon,29.3,78.7,4.0,SW,30.5,81.3,103.1,48.3,28.9,0.44,16.7,Green Zone,8.59,29,13.5,147,163
REC2085,Mumbai,2022-12-03,Winter,17.1,23.6,2.1,W,0.8,172.7,210.0,22.9,5.8,5.32,84.4,Mixed,5.17,18,7.7,316,320
REC2086,Kanpur,2020-02-28,Winter,28.4,52.9,12.2,E,1.7,122.0,174.0,113.6,9.2,5.66,104.0,Residential,0.38,10,13.5,332,313
REC2087,Kanpur,2023-08-18,Monsoon,30.4,94.6,15.7,N,18.9,35.2,46.5,22.0,6.8,1.24,26.7,Mixed,8.74,5,6.0,85,78
REC2088,Chennai,2024-02-19,Winter,19.0,50.1,11.8,NE,2.5,,135.8,54.4,14.3,0.73,55.0,Industrial,0.82,28,4.5,197,202
REC2089,Kanpur,2020-03-02,Summer,29.4,41.9,14.6,S,4.3,66.6,138.2,10.3,,1.11,18.4,Industrial,0.1,15,12.4,190,171
REC2090,Ahmedabad,2019-05-22,Summer,30.1,70.3,4.2,S,0.0,121.4,206.5,95.9,17.6,3.16,17.7,Industrial,9.65,20,13.0,232,264
REC2091,Nagpur,2022-05-14,Summer,30.3,45.8,5.2,SW,1.6,41.8,67.5,28.8,8.9,0.12,30.1,Green Zone,0.59,8,9.3,73,95
REC2092,Pune,2021-11-21,Post-Monsoon,19.7,41.8,19.6,E,4.4,10.6,12.7,8.7,5.0,0.39,8.7,Industrial,3.41,22,11.1,20,20
REC2093,Delhi,2024-05-22,Summer,27.6,40.6,15.3,N,2.9,115.8,161.0,33.9,11.1,2.25,73.9,Industrial,5.98,14,11.1,225,220
REC2094,Jaipur,2019-07-13,Monsoon,12.9,70.9,4.4,W,23.9,38.1,45.4,12.6,11.8,1.0,14.3,Green Zone,2.28,28,7.7,98,73
REC2095,Bangalore,2019-05-10,Summer,30.9,38.0,21.6,S,0.1,46.7,75.6,10.9,14.0,0.92,31.9,Residential,5.56,13,15.0,68,95
REC2096,Delhi,2023-09-24,Monsoon,14.8,78.9,20.7,S,24.4,36.9,64.9,18.6,10.2,1.12,14.0,Industrial,4.41,11,9.4,69,96
REC2097,Indore,2023-07-14,Monsoon,20.1,83.4,13.9,SW,19.3,12.8,20.7,13.2,5.1,0.18,10.6,Mixed,5.07,6,5.3,21,33
REC2098,Surat,2023-06-16,Monsoon,21.5,100,29.9,S,36.8,9.0,12.1,8.3,4.6,0.21,8.4,Mixed,9.12,1,2.4,54,20
REC2099,Bangalore,2019-03-06,Summer,,62.1,18.4,W,3.5,28.4,55.4,22.8,9.8,0.94,19.2,Green Zone,3.65,12,14.5,93,72
REC2100,Chennai,2022-03-11,Summer,23.9,36.6,5.7,E,3.7,110.7,154.7,74.7,7.4,3.85,66.2,Green Zone,7.27,18,1.4,255,233
REC2101,Kolkata,2019-11-21,Post-Monsoon,23.6,39.0,3.0,SW,2.2,94.5,171.1,38.8,41.4,2.03,87.2,Mixed,9.69,3,13.7,288,263
REC2102,Surat,2020-02-13,Winter,11.6,18.9,23.4,E,1.5,58.0,75.8,40.3,10.9,0.75,28.3,Mixed,4.82,11,7.6,97,109
REC2103,Delhi,2022-07-15,Monsoon,24.6,71.6,12.3,SE,18.2,75.6,99.1,34.4,27.7,2.0,27.2,Residential,3.01,1,10.8,175,157
REC2104,Bhopal,2024-05-23,Summer,,52.3,18.2,NE,0.2,47.2,68.4,33.3,14.3,1.01,18.9,Industrial,6.3,25,9.0,93,91
REC2105,Jaipur,2020-05-20,Summer,30.1,57.2,34.6,SE,0.1,34.9,59.6,29.6,7.1,0.3,24.4,Residential,0.11,9,11.3,105,77
REC2106,Patna,2024-05-02,Summer,33.4,55.2,22.6,N,0.5,131.7,165.9,56.2,40.9,1.85,35.3,Mixed,8.84,17,14.9,297,257
REC2107,Chennai,2023-03-09,Summer,30.3,34.3,8.4,SW,1.6,123.5,170.4,,27.9,2.38,10.7,Green Zone,7.55,3,6.6,262,227
REC2108,Lucknow,2020-12-17,Winter,30.8,63.9,21.6,S,2.1,113.2,171.7,87.2,48.6,2.74,72.7,Green Zone,8.36,10,9.8,279,301
REC2109,Mumbai,2021-08-08,Monsoon,25.0,98.0,32.5,NW,23.1,10.9,14.1,9.5,4.4,0.32,9.8,Industrial,4.95,23,6.0,53,20
REC2110,Chandigarh,2024-02-23,Winter,13.3,62.3,7.5,NE,0.1,55.9,94.3,36.2,5.0,2.64,44.1,Industrial,5.11,21,3.1,133,134
REC2111,Nagpur,2022-05-03,Summer,23.2,34.6,11.2,N,1.4,59.8,120.6,40.3,24.7,0.66,41.5,Green Zone,3.79,26,14.0,171,144
REC2112,Chandigarh,2023-01-06,Winter,18.7,16.5,1.4,NW,2.2,96.6,128.7,68.8,22.6,1.75,33.6,Industrial,7.2,24,5.3,201,181
REC2113,Chennai,2021-08-13,Monsoon,35.0,70.8,10.2,NW,23.8,7.7,11.1,9.7,4.4,0.35,8.0,Industrial,5.4,0,4.4,28,20
REC2114,Delhi,2023-11-02,Post-Monsoon,30.8,37.5,21.1,S,0.5,99.3,172.5,45.8,15.9,4.84,25.3,Mixed,8.86,6,14.3,300,269
REC2115,Delhi,2019-05-21,Summer,22.6,60.6,9.7,W,1.3,153.7,227.5,55.6,36.7,4.61,112.9,Mixed,8.81,26,9.8,384,362
REC2116,Nagpur,2021-12-19,Winter,18.6,55.5,28.4,W,3.6,59.3,76.4,11.3,13.4,2.04,25.2,Industrial,5.84,6,1.1,142,110
REC2117,Patna,2020-10-10,Post-Monsoon,26.3,46.9,12.1,S,0.7,155.2,233.5,20.8,13.5,3.94,77.2,Commercial,1.68,20,8.3,270,306
REC2118,Surat,2024-04-18,Summer,38.6,44.2,12.1,W,4.4,43.4,79.4,20.5,17.6,0.1,33.3,Industrial,4.97,24,13.7,97,112
REC2119,Kanpur,2022-06-22,Monsoon,15.9,79.3,15.1,NW,15.5,11.5,22.6,10.4,5.0,0.45,9.8,Residential,6.75,11,9.5,37,27
REC2120,Lucknow,2022-11-14,Post-Monsoon,23.1,30.7,22.4,W,1.9,144.2,217.3,67.0,46.5,3.04,92.2,Green Zone,9.48,12,5.7,245,268
REC2121,Patna,2021-11-21,Post-Monsoon,26.3,31.8,32.7,NE,0.8,94.1,133.9,,12.7,0.23,29.5,Green Zone,5.2,3,10.0,152,189
REC2122,Hyderabad,2023-02-20,Winter,20.2,21.5,15.5,NE,3.6,56.8,90.6,21.1,17.0,1.74,24.5,Green Zone,0.72,13,5.1,,118
REC2123,Chandigarh,2021-01-17,Winter,13.3,51.6,31.0,NE,1.9,69.5,92.4,31.8,23.9,1.01,30.8,Industrial,8.74,21,9.0,176,159
REC2124,Kanpur,2020-08-08,Monsoon,27.4,68.4,11.6,NW,32.1,32.9,46.2,13.6,7.0,0.82,20.1,Commercial,5.92,16,5.6,81,63
REC2125,Bhopal,2024-01-28,Winter,13.7,35.2,30.1,NW,1.9,28.6,47.1,17.1,7.7,0.75,12.0,Commercial,0.41,6,6.3,35,64
REC2126,Indore,2022-10-03,Post-Monsoon,25.9,32.8,16.1,NE,3.2,94.2,133.1,18.5,11.7,1.24,52.8,Residential,7.66,25,9.9,154,180
REC2127,Chennai,2023-09-05,Monsoon,30.1,80.3,18.9,NE,4.0,40.1,55.6,21.7,8.9,1.38,14.2,Mixed,6.56,16,4.7,51,83
REC2128,Nagpur,2022-03-24,Summer,25.7,23.1,28.1,NE,0.7,41.7,,36.1,16.0,2.04,13.6,Commercial,3.45,12,1.9,81,104
REC2129,Kolkata,2019-05-04,Summer,21.5,45.7,19.7,SW,0.6,73.9,110.1,25.0,18.0,1.96,12.9,Commercial,1.32,17,6.2,192,152
REC2130,Bangalore,2022-06-24,Monsoon,22.2,51.5,30.4,NW,27.0,7.0,,9.7,4.7,0.17,9.1,Residential,4.05,13,4.1,20,20
REC2131,Bhopal,2022-12-20,Winter,24.3,50.8,27.7,S,4.8,66.0,74.2,40.7,8.2,1.97,20.2,Commercial,9.94,9,9.4,116,129
REC2132,Jaipur,2023-08-27,Monsoon,24.1,83.9,9.2,E,46.3,7.0,13.8,8.3,,0.3,8.7,Residential,3.35,3,5.2,20,20
REC2133,Kolkata,2021-09-16,Monsoon,16.7,74.7,31.0,N,41.4,9.3,,9.0,4.5,0.29,8.8,Mixed,3.02,28,8.3,20,20
REC2134,Chennai,2024-09-08,Monsoon,21.2,80.7,0.9,S,4.1,66.7,85.3,15.5,20.1,3.07,41.5,Commercial,6.96,2,2.2,181,154
REC2135,Chandigarh,2024-08-08,Monsoon,,48.8,32.8,S,40.7,8.3,11.2,9.4,4.1,0.28,8.8,Green Zone,9.07,14,13.4,31,20
REC2136,Jaipur,2024-04-02,Summer,26.6,55.6,14.9,NW,0.5,68.6,95.8,13.1,20.3,2.53,15.0,Mixed,6.76,12,8.6,153,170
REC2137,Ahmedabad,2024-09-18,Monsoon,24.2,64.2,26.5,N,36.6,7.7,14.3,9.7,4.7,0.14,9.7,Residential,2.19,4,7.1,60,20
REC2138,Indore,2021-08-27,Monsoon,27.5,71.7,4.5,S,28.2,9.4,11.9,8.3,4.8,0.17,7.3,Mixed,3.37,19,14.3,20,20
REC2139,Surat,2022-03-28,Summer,28.9,60.9,4.4,SE,3.6,61.6,96.8,39.8,11.0,1.47,35.2,Residential,4.43,13,11.7,151,150
REC2140,Ahmedabad,2022-11-18,Post-Monsoon,24.2,45.4,27.7,NW,0.7,86.5,109.7,54.8,20.0,2.18,14.2,Green Zone,4.38,27,12.4,209,174
REC2141,Chandigarh,2022-05-03,Summer,25.0,47.3,29.5,S,0.7,9.2,13.8,9.4,4.8,0.2,7.6,Commercial,7.31,19,4.2,41,20
REC2142,Kanpur,2023-09-07,Monsoon,22.4,97.9,29.0,SE,14.6,,72.6,14.2,8.6,0.92,16.0,Mixed,1.28,25,12.0,118,95
REC2143,Kolkata,2023-12-11,Winter,14.7,55.5,32.3,E,3.6,67.8,102.9,34.6,29.6,0.53,38.5,Industrial,4.51,28,10.4,182,160
REC2144,Hyderabad,2023-02-13,Winter,22.3,46.1,3.5,N,1.1,137.5,195.0,78.1,46.6,,89.7,Industrial,8.46,5,13.3,273,276
REC2145,Chennai,2019-08-25,Monsoon,14.8,98.3,18.4,E,41.5,7.3,12.1,8.5,4.6,0.13,8.3,Residential,2.1,22,6.3,47,20
REC2146,Chennai,2023-06-20,Monsoon,19.0,100,8.8,S,24.2,10.2,13.0,8.7,4.5,0.26,7.4,Green Zone,7.09,6,4.3,20,20
REC2147,Kolkata,2024-09-25,Monsoon,22.3,79.4,14.9,SE,7.1,45.1,87.5,12.1,18.4,2.12,34.3,Green Zone,0.83,25,5.1,76,115
REC2148,Chennai,2022-02-12,Winter,18.5,43.6,33.1,NE,0.0,52.8,76.5,19.1,9.2,0.84,23.0,Green Zone,4.86,30,4.8,97,101
REC2149,Surat,2024-12-03,Winter,13.6,47.6,13.3,N,0.2,57.8,86.4,33.7,16.9,2.36,10.4,Mixed,3.31,29,1.9,112,138
REC2150,Surat,2024-10-10,Post-Monsoon,34.5,47.9,26.1,SE,0.7,19.1,36.6,18.7,5.5,0.8,15.0,Commercial,0.66,17,11.3,50,51
REC2151,Kolkata,2019-01-09,Winter,10.8,44.9,33.0,S,0.3,95.7,105.3,66.5,9.4,0.81,56.9,Industrial,6.45,25,6.8,172,190
REC2152,Chennai,2024-12-02,Winter,17.3,17.6,34.6,NW,4.7,27.2,43.3,26.8,5.1,0.48,12.7,Commercial,6.52,1,3.3,56,67
REC2153,Hyderabad,2022-04-21,Summer,31.8,56.2,4.7,NW,4.0,51.1,82.9,19.5,15.1,0.33,21.3,Green Zone,0.55,17,,112,103
REC2154,Chennai,2021-07-12,Monsoon,27.7,72.0,21.6,N,9.4,,11.7,9.0,4.8,0.33,8.1,Industrial,1.73,2,14.3,53,20
REC2155,Mumbai,2023-01-19,Winter,25.1,60.0,14.0,NE,4.8,76.8,131.5,24.3,31.5,0.54,39.6,Mixed,3.97,25,3.6,220,185
REC2156,Kanpur,2020-03-26,Summer,34.3,50.9,20.0,SE,4.0,106.3,221.3,16.4,55.2,4.72,81.6,Industrial,8.94,29,6.0,308,283
REC2157,Chandigarh,2019-12-25,Winter,25.4,45.7,22.7,E,0.6,44.8,65.2,27.4,20.1,0.13,26.9,Green Zone,8.13,18,6.6,116,106
REC2158,Kanpur,2019-03-19,Summer,24.2,,0.6,S,4.8,159.7,209.5,89.8,57.8,2.9,39.4,Residential,9.9,24,11.8,278,299
REC2159,Bangalore,2021-01-06,Winter,16.5,46.7,22.4,NW,1.2,54.3,87.1,41.9,15.7,0.89,11.5,Mixed,5.27,19,4.7,126,105
REC2160,Mumbai,2019-07-09,Monsoon,32.9,80.7,25.8,SW,15.3,,33.6,11.6,5.5,0.47,11.7,Industrial,2.6,29,10.6,32,40
REC2161,Ahmedabad,2020-06-03,Monsoon,28.2,73.5,30.6,W,37.4,8.3,14.3,8.9,4.9,0.38,9.5,Mixed,9.31,30,4.6,50,20
REC2162,Nagpur,2023-05-04,Summer,,60.9,23.4,NW,0.5,40.8,68.1,10.4,13.9,0.26,27.1,Industrial,2.02,10,6.1,90,82
REC2163,Patna,2024-01-04,Winter,21.9,41.0,9.9,W,3.2,113.5,253.5,16.3,8.9,0.69,32.5,Residential,8.05,11,3.0,308,313
REC2164,Lucknow,2020-01-16,Winter,27.9,65.0,3.0,N,1.3,119.8,249.5,13.2,,3.91,58.0,Green Zone,2.13,19,4.5,320,309
REC2165,Ahmedabad,2020-02-23,Winter,13.6,60.5,12.0,NE,1.3,69.1,102.5,28.3,9.5,2.53,54.2,Commercial,1.12,7,6.1,152,167
REC2166,Kolkata,2024-08-25,Monsoon,17.4,70.9,6.2,SW,27.8,14.7,23.6,12.0,5.7,0.34,10.4,Mixed,2.54,11,8.0,46,31
REC2167,Patna,2019-07-13,Monsoon,23.2,84.0,31.1,NW,49.0,7.6,11.0,8.0,4.3,0.31,7.4,Commercial,8.8,3,4.8,20,20
REC2168,Nagpur,2021-05-27,Summer,,18.3,2.6,NE,2.1,61.0,91.1,56.0,10.1,2.42,25.9,Mixed,1.98,26,2.4,151,142
REC2169,Nagpur,2020-03-26,Summer,33.1,57.5,23.7,S,3.8,17.6,25.8,14.4,6.1,0.26,11.3,Commercial,7.54,8,5.5,57,37
REC2170,Surat,2022-03-08,Summer,16.0,58.6,4.4,SE,4.9,59.9,73.1,36.0,14.5,0.76,26.8,Mixed,3.64,1,1.6,140,128
REC2171,Chandigarh,2020-08-09,Monsoon,25.6,99.1,8.5,NW,32.5,8.9,14.4,9.4,4.8,0.33,8.7,Residential,0.34,9,3.4,20,20
REC2172,Surat,2020-09-20,Monsoon,26.3,84.2,24.1,SE,17.5,16.6,21.3,10.9,,0.37,12.0,Green Zone,4.13,23,0.6,23,35
REC2173,Ahmedabad,2023-06-11,Monsoon,21.8,71.8,34.3,NW,23.4,7.0,16.0,9.8,4.9,0.16,9.1,Residential,3.1,16,3.3,34,20
REC2174,Jaipur,2019-05-27,Summer,23.8,42.5,30.8,S,0.0,15.9,24.4,12.1,5.2,0.53,13.2,Commercial,2.83,9,3.0,20,38
REC2175,Delhi,2024-10-25,Post-Monsoon,27.1,35.3,8.7,E,2.5,140.1,202.1,66.7,51.2,2.35,48.6,Green Zone,3.08,16,1.4,299,315
REC2176,Indore,2021-05-21,Summer,19.1,37.0,23.5,SW,0.5,45.4,88.5,29.8,8.8,0.71,26.7,Commercial,8.69,2,4.8,159,127
REC2177,Kanpur,2019-01-02,Winter,18.8,25.0,16.9,S,4.8,132.8,154.0,79.0,14.0,3.66,59.9,Mixed,1.63,8,5.5,249,269
REC2178,Chennai,2019-05-13,Summer,28.6,28.9,22.3,SE,4.0,40.7,63.5,18.8,13.5,1.0,25.9,Industrial,3.79,8,2.9,57,75
REC2179,Indore,2024-07-26,Monsoon,21.8,56.9,,S,46.7,7.1,14.2,9.8,4.5,0.32,7.4,Commercial,4.63,4,9.2,20,20
REC2180,Chennai,2020-06-20,Monsoon,25.7,49.1,,E,46.3,8.6,15.4,8.3,4.6,0.19,8.8,Commercial,7.64,25,10.8,50,20
REC2181,Ahmedabad,2024-10-13,Post-Monsoon,18.3,41.4,25.6,SE,0.8,92.4,103.5,63.6,28.9,3.22,30.7,Industrial,6.91,12,8.0,,187
REC2182,Patna,2019-04-21,Summer,,58.7,4.7,S,1.1,110.8,154.8,53.3,20.2,1.11,51.0,Industrial,3.44,23,10.7,249,255
REC2183,Ahmedabad,2020-04-24,Summer,31.3,35.2,11.1,N,0.4,69.7,77.5,15.9,27.0,0.75,14.3,Mixed,4.75,9,14.6,113,140
REC2184,Delhi,2021-08-19,Monsoon,40.1,82.1,2.3,E,15.4,89.7,131.9,42.2,10.0,3.45,27.4,Industrial,9.59,3,11.6,136,174
REC2185,Indore,2021-10-28,Post-Monsoon,23.2,49.9,12.2,N,0.4,97.4,135.7,17.9,13.0,2.62,23.5,Mixed,5.38,15,12.5,150,186
REC2186,Bangalore,2023-01-22,Winter,18.9,14.9,3.2,N,4.6,47.3,75.3,37.2,5.1,0.53,13.7,Industrial,0.89,1,3.0,60,99
REC2187,Kanpur,2020-05-20,Summer,,65.0,23.8,N,4.9,69.8,107.0,51.7,34.9,2.86,57.4,Residential,2.73,13,13.3,216,187
REC2188,Surat,2024-03-28,Summer,38.6,47.5,8.2,N,0.5,112.2,160.4,40.3,10.8,1.77,38.7,Mixed,4.04,12,8.1,212,235
REC2189,Kolkata,2022-08-23,Monsoon,23.3,67.3,32.0,N,14.3,66.7,88.3,52.5,18.1,1.65,21.0,Industrial,9.02,15,7.8,161,134
REC2190,Kanpur,2023-09-07,Monsoon,25.9,61.5,8.4,S,24.2,79.4,131.7,44.1,20.5,0.76,12.8,Green Zone,5.58,18,12.6,150,169
REC2191,Indore,2021-01-22,Winter,17.9,57.0,,NE,4.6,77.3,126.6,40.4,31.2,1.33,15.4,Commercial,7.13,11,3.3,129,162
REC2192,Patna,2024-05-16,Summer,28.0,49.9,15.6,E,3.4,83.2,143.5,31.2,30.5,1.97,13.1,Residential,1.57,1,11.7,219,190
REC2193,Hyderabad,2020-01-09,Winter,29.1,48.5,21.9,SE,3.0,79.8,121.6,70.9,35.3,0.84,40.3,Green Zone,6.26,13,,161,194
REC2194,Mumbai,2022-11-23,Post-Monsoon,26.5,42.9,6.3,NE,0.8,60.9,110.3,52.6,23.5,0.62,27.7,Green Zone,4.81,0,10.5,173,148
REC2195,Indore,2020-05-09,Summer,23.3,,4.5,NE,0.7,87.6,,27.1,28.8,0.14,60.1,Green Zone,6.39,17,8.1,209,172
REC2196,Mumbai,2022-08-10,Monsoon,29.9,82.9,11.1,W,0.4,85.2,104.0,67.3,5.1,0.78,23.4,Mixed,3.6,22,7.8,172,181
REC2197,Pune,2023-02-19,Winter,18.6,16.0,12.7,N,4.3,39.6,59.6,22.5,11.3,1.6,21.1,Green Zone,1.26,17,4.3,92,98
REC2198,Kanpur,2023-06-27,Monsoon,29.2,89.2,26.4,S,16.2,29.5,49.1,10.5,8.8,0.76,21.4,Residential,0.64,30,12.6,37,64
REC2199,Indore,2020-01-06,Winter,18.1,51.5,26.6,SE,2.1,14.2,18.3,10.7,5.3,0.11,10.0,Green Zone,2.78,1,2.1,32,27
REC2200,Surat,2024-08-23,Monsoon,17.1,90.7,25.4,SW,35.9,10.9,11.7,8.5,4.8,0.15,7.5,Mixed,8.99,7,7.0,20,20
REC2201,Pune,2023-09-07,Monsoon,24.8,75.4,1.5,N,40.2,10.2,15.6,9.8,4.9,0.16,8.1,Industrial,,27,2.2,20,20
REC2202,Ahmedabad,2021-06-12,Monsoon,29.0,77.8,26.6,E,21.3,9.1,16.6,9.8,4.0,0.32,7.7,Commercial,2.27,7,4.2,54,20
REC2203,Mumbai,2024-06-11,Monsoon,30.8,88.0,14.2,NW,40.9,10.5,12.4,9.7,4.6,0.32,8.9,Commercial,1.03,6,8.0,38,20
REC2204,Chennai,2022-04-12,Summer,29.2,43.8,12.2,E,0.4,60.7,80.1,14.1,23.8,1.7,30.5,Green Zone,0.21,28,2.2,166,136
REC2205,Jaipur,2021-03-06,Summer,35.3,46.3,26.1,SW,0.4,50.9,74.4,38.8,15.7,2.03,10.6,Residential,6.95,3,5.8,76,103
REC2206,Kolkata,2022-06-15,Monsoon,23.2,79.9,27.0,SW,38.5,9.6,14.8,8.5,4.8,0.22,8.6,Commercial,8.25,29,12.6,57,20
REC2207,Kolkata,2020-06-09,Monsoon,31.3,47.8,2.0,SW,7.1,56.3,89.2,26.0,8.6,1.35,10.5,Mixed,2.96,28,14.4,129,140
REC2208,Indore,2023-12-08,Winter,12.4,,11.7,NW,2.2,29.7,53.8,11.7,12.4,0.6,13.4,Industrial,3.27,3,10.5,91,70
REC2209,Lucknow,2023-10-12,Post-Monsoon,14.8,45.3,2.4,NW,2.5,139.4,168.2,74.5,,2.88,98.7,Residential,3.98,17,14.2,259,299
REC2210,Jaipur,2020-08-28,Monsoon,20.4,67.9,12.5,SE,36.3,,,9.2,4.1,0.19,9.8,Industrial,8.31,11,9.5,42,20
REC2211,Ahmedabad,2022-08-01,Monsoon,24.4,68.6,26.1,S,23.4,10.3,13.7,8.5,4.2,0.17,9.3,Mixed,6.02,12,12.8,20,20
REC2212,Kolkata,2023-02-04,Winter,21.8,34.7,14.4,N,3.5,94.9,181.1,36.8,18.9,2.66,71.2,Residential,8.61,3,1.3,233,237
REC2213,Lucknow,2022-06-05,Monsoon,24.7,86.5,13.4,NE,28.1,21.1,28.3,10.7,,0.27,14.0,Residential,3.27,25,10.1,85,46
REC2214,Kolkata,2021-01-13,Winter,15.8,61.8,6.7,E,3.0,134.0,208.7,103.3,6.0,0.74,45.7,Commercial,8.93,24,3.6,276,275
REC2215,Ahmedabad,2020-02-04,Winter,10.6,21.0,20.5,N,5.0,102.3,115.9,37.0,36.5,,67.0,Mixed,5.46,16,10.5,237,210
REC2216,Lucknow,2024-04-18,Summer,32.2,44.1,13.8,NE,4.7,99.6,147.5,29.4,21.4,3.65,62.7,Commercial,3.26,11,12.2,184,193
REC2217,Indore,2023-02-17,Winter,20.5,60.6,16.3,W,0.3,81.6,96.9,11.2,22.8,1.41,33.8,Residential,5.7,27,7.4,154,174
REC2218,Ahmedabad,2023-05-04,Summer,26.0,60.3,24.3,NW,2.2,74.5,97.5,53.8,13.7,1.4,35.4,Mixed,1.62,28,7.7,193,162
REC2219,Lucknow,2020-09-12,Monsoon,28.8,63.8,7.8,SE,35.5,45.7,56.6,21.6,14.1,0.11,17.2,Industrial,8.82,21,4.3,62,101
REC2220,Bhopal,2021-05-26,Summer,29.2,49.8,9.2,S,1.6,86.9,149.8,63.0,35.5,3.09,60.0,Residential,9.05,23,5.7,236,199
REC2221,Lucknow,2024-05-15,Summer,32.3,66.2,23.6,NE,2.5,72.2,123.8,18.0,23.8,3.49,62.5,Green Zone,9.71,22,1.1,167,180
REC2222,Lucknow,2023-11-14,Post-Monsoon,20.0,27.3,21.3,S,2.4,135.8,217.6,12.3,44.0,4.21,61.9,Mixed,6.94,30,9.2,321,301
REC2223,Bangalore,2021-05-11,Summer,25.2,45.7,30.4,S,2.8,22.7,42.4,16.0,8.9,0.96,17.3,Mixed,4.58,22,10.7,56,54
REC2224,Lucknow,2024-01-11,Winter,23.0,49.9,16.5,S,0.2,157.4,170.6,73.1,37.1,5.57,16.4,Commercial,2.51,28,13.4,,309
REC2225,Bhopal,2021-05-20,Summer,34.3,22.3,1.3,N,0.7,38.1,57.9,24.6,6.5,0.95,25.4,Green Zone,0.63,21,10.2,65,79
REC2226,Indore,2022-10-09,Post-Monsoon,22.8,43.5,2.5,SW,2.1,56.1,91.7,14.8,,0.25,27.2,Green Zone,3.92,8,14.1,124,125
REC2227,Delhi,2019-10-05,Post-Monsoon,29.8,41.7,25.4,S,2.5,76.2,151.6,82.2,6.3,1.46,14.2,Industrial,0.56,11,9.1,241,210
REC2228,Kanpur,2019-08-25,Monsoon,27.5,49.2,33.9,N,13.2,22.8,39.6,13.1,9.2,0.4,13.6,Green Zone,4.81,16,9.6,74,50
REC2229,Chennai,2023-03-13,Summer,37.3,94.5,22.2,NE,1.1,56.8,89.9,16.4,7.1,1.46,32.9,Commercial,3.98,6,6.3,133,114
REC2230,Kanpur,2020-05-27,Summer,24.7,17.7,12.1,S,1.9,98.8,,63.4,32.2,0.28,60.7,Green Zone,,2,3.2,216,211
REC2231,Chennai,2023-08-19,Monsoon,23.0,89.6,25.7,NW,17.8,11.0,14.1,8.6,5.0,0.33,8.2,Industrial,6.16,11,9.7,20,20
REC2232,Pune,2019-11-15,Post-Monsoon,23.2,61.2,20.8,W,3.5,9.7,14.0,8.4,4.5,0.22,9.6,Commercial,2.67,8,7.1,57,20
REC2233,Bhopal,2023-07-23,Monsoon,24.7,83.7,,S,30.3,7.3,14.2,8.6,4.4,0.12,7.4,Residential,5.06,24,0.6,42,20
REC2234,Chandigarh,2020-06-09,Monsoon,30.0,87.1,15.2,S,34.1,10.8,14.5,9.4,4.9,0.34,9.6,Mixed,4.2,21,8.3,40,20
REC2235,Surat,2019-08-05,Monsoon,28.2,72.6,29.2,N,13.3,30.3,,24.8,8.4,0.21,24.5,Industrial,7.69,20,13.2,48,71
REC2236,Kanpur,2020-06-23,Monsoon,22.7,85.4,32.3,NW,6.0,36.8,46.8,16.9,5.7,1.33,22.9,Industrial,2.15,11,12.0,82,83
REC2237,Bangalore,2024-07-25,Monsoon,22.0,95.3,2.4,NW,5.8,51.9,,41.7,13.2,0.33,40.1,Residential,9.61,24,14.6,116,134
REC2238,Patna,2020-06-06,Monsoon,26.4,72.2,26.4,S,37.4,7.5,15.6,8.9,4.7,0.35,9.8,Industrial,2.26,4,0.6,60,20
REC2239,Bangalore,2021-10-05,Post-Monsoon,17.9,49.0,6.5,E,3.8,52.0,98.5,30.6,10.6,2.03,14.3,Industrial,5.04,10,13.3,98,138
REC2240,Kolkata,2021-03-04,Summer,30.8,38.1,8.5,NW,1.4,80.7,192.5,66.5,35.8,4.37,61.0,Industrial,0.96,25,5.1,234,229
REC2241,Bhopal,2021-05-07,Summer,26.3,,32.1,NE,1.6,8.9,11.7,9.3,4.9,0.23,8.6,Residential,0.3,5,6.4,22,20
REC2242,Chennai,2019-05-09,Summer,32.9,39.5,8.6,S,3.1,68.5,104.0,27.8,16.6,1.61,55.4,Residential,0.82,20,4.7,167,165
REC2243,Delhi,2023-05-19,Summer,,41.6,23.8,W,2.1,62.0,145.8,43.7,9.2,0.18,55.7,Industrial,4.9,7,8.0,169,175
REC2244,Pune,2021-07-28,Monsoon,15.7,100,29.5,NE,9.6,8.3,16.0,9.7,4.1,0.39,7.7,Industrial,6.05,13,2.8,58,20
REC2245,Indore,2024-11-05,Post-Monsoon,29.4,35.2,6.6,NE,1.3,77.2,136.8,27.0,25.5,2.36,29.8,Residential,5.22,13,3.2,134,172
REC2246,Mumbai,2020-03-09,Summer,35.0,58.0,4.1,NW,4.3,91.4,167.1,10.1,22.1,2.55,39.4,Green Zone,7.63,2,4.5,210,228
REC2247,Hyderabad,2023-02-14,Winter,13.4,57.6,29.2,S,4.8,39.3,63.4,24.2,9.2,1.28,17.5,Mixed,1.4,9,4.7,56,79
REC2248,Kolkata,2024-01-24,Winter,12.5,56.4,27.1,E,1.2,133.3,,71.3,46.8,0.84,86.8,Green Zone,8.37,11,13.6,281,268
REC2249,Kanpur,2020-12-02,Winter,30.8,50.7,,N,0.0,89.0,142.7,61.4,10.6,1.98,81.0,Industrial,4.82,30,13.5,223,252
REC2250,Chandigarh,2019-12-15,Winter,15.4,60.5,19.1,N,3.2,51.3,69.5,25.1,7.7,1.24,31.0,Mixed,5.81,14,7.0,135,105
REC2251,Mumbai,2019-02-21,Winter,13.7,69.8,5.2,S,0.6,128.3,240.1,36.9,10.6,0.97,56.5,Mixed,7.06,6,9.2,266,288
REC2252,Pune,2024-05-04,Summer,32.0,40.8,23.7,NE,0.8,47.1,58.4,30.4,6.3,0.18,13.4,Green Zone,4.85,24,11.3,101,93
REC2253,Kanpur,2020-08-16,Monsoon,27.6,81.5,12.5,NE,9.9,81.0,110.1,62.8,20.0,2.74,62.4,Residential,2.1,25,7.6,155,187
REC2254,Bhopal,2024-04-03,Summer,32.9,79.8,,SE,2.8,46.5,75.3,20.9,6.6,1.23,16.8,Commercial,6.15,0,3.8,158,123
REC2255,Lucknow,2022-01-17,Winter,19.7,51.0,10.0,N,1.9,155.1,197.7,28.0,24.3,4.37,18.6,Industrial,2.42,30,7.8,266,296
REC2256,Kolkata,2022-10-25,Post-Monsoon,31.8,37.7,5.5,NW,4.3,106.3,135.5,10.9,17.2,2.5,59.5,Residential,2.43,6,4.4,166,198
REC2257,Bangalore,2023-03-02,Summer,11.6,56.0,6.6,SE,2.1,73.4,121.3,20.6,29.2,2.07,12.2,Industrial,8.42,11,4.8,141,167
REC2258,Delhi,2023-07-05,Monsoon,24.3,87.2,32.7,N,20.1,82.7,116.3,16.9,29.5,2.99,18.2,Commercial,,27,11.5,200,166
REC2259,Bhopal,2021-09-26,Monsoon,27.6,90.8,8.8,N,18.9,9.8,11.2,9.8,4.1,,9.7,Green Zone,9.58,7,13.7,54,20
REC2260,Nagpur,2024-12-28,Winter,22.6,47.1,22.5,S,2.7,62.4,129.3,55.1,29.8,0.43,37.1,Green Zone,6.6,25,10.1,196,161
REC2261,Hyderabad,2020-11-17,Post-Monsoon,15.9,38.1,16.6,NE,2.6,65.2,93.8,29.5,5.1,1.91,34.0,Green Zone,6.91,23,11.6,123,125
REC2262,Lucknow,2022-08-18,Monsoon,23.6,76.1,13.3,E,42.8,8.3,11.4,8.0,4.4,0.3,8.0,Residential,8.2,5,14.9,23,20
REC2263,Pune,2023-02-27,Winter,13.9,,19.4,N,1.0,56.4,91.1,23.5,7.0,1.85,19.6,Commercial,0.87,19,,140,118
REC2264,Pune,2021-08-09,Monsoon,20.5,87.4,4.6,W,22.7,22.5,39.9,12.0,5.2,0.7,12.6,Residential,3.99,19,4.7,51,57
REC2265,Indore,2024-02-23,Winter,18.9,41.5,14.4,E,1.6,59.3,93.1,12.5,10.1,2.48,14.1,Industrial,2.13,19,3.5,169,139
REC2266,Pune,2019-07-16,Monsoon,16.9,98.4,32.5,N,14.3,9.6,14.6,10.0,4.5,,10.0,Industrial,8.0,30,2.3,20,21
REC2267,Patna,2019-11-03,Post-Monsoon,17.5,41.2,4.1,W,0.6,161.4,267.2,96.0,57.3,5.75,80.4,Commercial,6.89,3,7.8,300,321
REC2268,Bhopal,2021-03-02,Summer,29.4,67.3,1.4,SE,0.7,74.1,99.1,51.1,21.5,1.37,15.3,Green Zone,9.07,4,10.3,131,147
REC2269,Chandigarh,2020-08-15,Monsoon,27.9,85.5,19.5,SE,3.7,46.4,66.3,31.3,8.6,1.41,23.2,Commercial,8.8,13,10.8,81,107
REC2270,Jaipur,2022-10-22,Post-Monsoon,31.0,28.0,16.6,NE,4.6,74.5,82.8,35.2,7.9,0.46,40.1,Green Zone,0.96,0,9.9,138,143
REC2271,Chandigarh,2024-12-19,Winter,19.9,55.0,31.0,N,2.8,22.4,48.4,14.5,9.2,1.04,11.9,Mixed,8.07,5,7.7,78,58
REC2272,Nagpur,2020-07-03,Monsoon,15.8,77.5,14.5,SW,15.9,8.7,13.1,9.1,4.5,0.35,8.7,Industrial,5.16,21,13.2,20,22
REC2273,Pune,2024-06-23,Monsoon,23.7,51.5,24.8,W,32.9,7.3,16.5,8.5,4.7,0.13,7.9,Commercial,3.06,1,11.3,20,20
REC2274,Nagpur,2020-08-21,Monsoon,37.2,76.4,2.6,NW,24.4,37.5,49.7,16.8,7.7,1.02,24.3,Green Zone,8.5,8,3.1,45,75
REC2275,Indore,2024-02-16,Winter,11.4,44.6,32.3,N,2.1,,58.1,17.7,12.1,1.35,16.9,Industrial,2.22,9,6.3,103,74
REC2276,Ahmedabad,2021-07-27,Monsoon,19.2,68.3,30.6,NW,22.3,10.4,14.0,8.9,4.4,0.14,7.8,Industrial,5.48,13,2.8,20,21
REC2277,Kolkata,2023-09-14,Monsoon,20.5,74.6,28.0,E,13.7,9.3,13.6,9.1,4.8,0.33,7.6,Mixed,1.42,3,10.0,20,20
REC2278,Chandigarh,2021-11-16,Post-Monsoon,27.7,54.9,28.6,SE,2.1,26.3,37.7,14.2,9.1,0.26,14.6,Green Zone,4.39,16,3.9,37,51
REC2279,Indore,2019-01-10,Winter,23.5,59.2,25.9,E,4.2,98.1,139.3,17.4,23.9,2.3,35.8,Residential,8.41,30,7.3,197,199
REC2280,Lucknow,2023-02-10,Winter,14.6,49.8,28.6,N,0.9,137.8,223.3,71.7,20.1,2.99,71.4,Green Zone,9.88,29,2.1,329,318
REC2281,Chandigarh,2023-08-18,Monsoon,22.0,49.3,10.4,N,33.0,9.2,15.5,8.8,4.1,0.12,7.2,Industrial,4.12,24,6.0,20,20
REC2282,Surat,2024-05-04,Summer,28.2,,27.6,SE,3.0,14.7,22.1,10.4,5.3,0.11,9.5,Green Zone,2.13,10,11.9,20,27
REC2283,Chandigarh,2019-02-26,Winter,17.4,45.4,28.2,E,0.7,9.6,14.7,8.3,4.1,0.2,7.5,Green Zone,4.13,25,0.8,20,20
REC2284,Bangalore,2019-10-17,Post-Monsoon,20.4,,33.6,W,2.2,18.5,26.6,15.1,8.2,0.3,11.1,Industrial,4.83,26,12.3,66,48
REC2285,Chandigarh,2022-08-28,Monsoon,21.5,62.5,1.3,SW,6.5,67.6,111.7,24.6,9.9,,42.0,Industrial,8.41,23,7.4,178,163
REC2286,Chennai,2020-02-20,Winter,16.1,35.5,4.6,NW,2.1,112.6,185.1,58.3,27.6,1.19,74.6,Green Zone,4.2,24,9.0,229,221
REC2287,Surat,2020-01-06,Winter,,32.1,25.9,E,1.3,77.2,126.8,46.6,26.5,1.27,11.5,Mixed,6.06,16,1.8,199,178
REC2288,Delhi,2020-02-18,Winter,18.5,,26.1,SE,2.5,146.0,214.1,63.4,49.5,4.91,63.2,Residential,5.26,0,13.4,319,304
REC2289,Jaipur,2024-11-12,Post-Monsoon,,57.1,,SE,3.3,83.9,147.3,62.0,20.0,1.31,20.2,Mixed,1.83,5,12.2,146,175
REC2290,Indore,2021-05-27,Summer,27.2,28.7,19.2,NE,2.7,48.2,64.2,31.0,14.4,1.85,23.0,Industrial,3.31,0,6.6,72,96
REC2291,Lucknow,2019-04-03,Summer,29.4,45.3,19.7,NE,0.4,89.5,128.8,27.9,11.5,1.93,33.2,Industrial,2.01,20,10.7,143,164
REC2292,Chandigarh,2022-10-04,Post-Monsoon,31.1,47.9,14.6,S,4.8,64.5,90.9,22.2,9.4,,25.6,Residential,1.45,2,3.3,144,128
REC2293,Kanpur,2019-11-14,Post-Monsoon,22.6,36.6,22.7,E,0.2,123.5,211.9,93.8,22.4,4.21,68.4,Mixed,1.59,29,10.0,284,258
REC2294,Patna,2022-03-08,Summer,32.0,45.8,33.5,NW,1.7,114.7,142.1,37.9,9.8,1.64,30.9,Industrial,7.08,30,5.2,248,217
REC2295,Kanpur,2022-05-16,Summer,,55.5,26.5,SW,4.0,79.5,109.1,16.8,19.9,2.48,50.1,Green Zone,6.64,6,11.2,132,151
REC2296,Delhi,2021-05-17,Summer,23.6,78.0,7.2,N,3.6,129.4,193.4,17.4,59.2,2.76,35.9,Mixed,4.25,9,1.1,313,304
REC2297,Hyderabad,2020-09-12,Monsoon,25.4,99.7,13.3,NE,5.3,71.9,113.8,11.1,16.0,0.32,34.8,Mixed,5.87,14,1.2,154,137
REC2298,Chandigarh,2019-02-07,Winter,22.6,61.6,26.3,W,3.3,32.6,48.8,23.8,10.3,0.97,13.9,Mixed,1.43,4,14.5,44,60
REC2299,Chandigarh,2024-01-25,Winter,14.9,59.0,8.2,NW,0.8,53.2,75.6,45.3,9.3,0.64,19.1,Residential,6.68,0,7.5,140,115
REC2300,Nagpur,2021-03-13,Summer,27.5,31.4,34.1,N,0.8,23.3,31.6,17.3,5.4,0.7,12.2,Industrial,4.93,16,1.5,37,44
REC2301,Lucknow,2023-05-26,Summer,22.2,56.8,,S,2.0,99.0,173.8,52.6,41.4,2.18,62.4,Mixed,2.82,13,11.1,291,263
REC2302,Kolkata,2019-09-05,Monsoon,27.3,72.2,14.9,S,39.6,17.0,22.6,10.7,5.2,0.49,10.4,Industrial,7.11,19,10.2,20,31
REC2303,Kanpur,2020-03-24,Summer,30.8,91.8,20.7,N,2.9,107.0,170.6,21.0,41.4,0.25,14.2,Industrial,1.43,20,12.9,226,211
REC2304,Kanpur,2021-05-12,Summer,24.6,48.5,22.6,SW,1.3,92.9,153.1,80.7,9.5,,41.9,Mixed,6.58,26,10.1,217,217
REC2305,Kanpur,2023-11-15,Post-Monsoon,25.2,41.1,14.5,E,4.6,104.6,146.4,52.5,,1.45,45.1,Green Zone,4.29,1,8.7,177,210
REC2306,Delhi,2019-02-02,Winter,19.3,16.4,33.5,NW,4.1,95.9,169.8,17.7,28.5,4.33,49.1,Residential,0.45,21,10.8,260,272
REC2307,Hyderabad,2020-06-07,Monsoon,37.7,88.8,29.1,E,48.2,8.0,14.8,8.7,4.2,0.24,9.0,Green Zone,3.09,25,7.6,20,20
REC2308,Chandigarh,2023-03-08,Summer,34.7,46.6,10.0,E,0.5,79.0,128.5,15.0,16.9,0.15,49.8,Commercial,8.93,26,12.8,179,180
REC2309,Jaipur,2023-06-10,Monsoon,31.1,60.1,8.1,SE,13.9,45.6,99.9,10.0,16.8,1.44,40.8,Green Zone,5.75,7,,81,118
REC2310,Chandigarh,2021-08-06,Monsoon,28.6,89.8,24.9,SW,1.1,36.1,49.1,11.2,13.6,1.02,22.5,Commercial,8.89,6,14.0,112,74
REC2311,Jaipur,2023-06-06,Monsoon,29.6,89.7,8.2,SW,6.2,62.0,92.7,10.6,8.2,1.7,15.0,Industrial,0.18,25,9.8,147,131
REC2312,Hyderabad,2024-11-10,Post-Monsoon,18.0,54.8,19.5,S,4.9,41.8,72.3,35.0,13.9,1.8,28.0,Green Zone,3.82,28,13.2,123,101
REC2313,Chandigarh,2021-02-12,Winter,20.1,,15.7,NE,2.3,74.5,116.6,17.8,12.7,2.68,34.4,Mixed,,23,5.5,146,146
REC2314,Kanpur,2024-06-19,Monsoon,33.1,43.7,7.6,NW,40.9,35.5,75.6,30.1,13.7,0.8,15.9,Commercial,7.39,15,6.2,69,93
REC2315,Bangalore,2022-07-18,Monsoon,33.6,95.1,12.5,E,24.2,9.6,14.5,9.5,4.1,0.34,7.9,Green Zone,1.0,5,11.2,20,20
REC2316,Ahmedabad,2019-01-06,Winter,24.6,53.6,9.4,SW,0.2,156.5,191.9,84.6,31.3,0.46,94.7,Residential,7.53,12,11.7,271,294
REC2317,Kolkata,2019-11-12,Post-Monsoon,28.6,50.1,21.6,N,0.5,63.1,92.0,47.6,,0.31,45.0,Commercial,4.56,2,4.4,157,166
REC2318,Pune,2020-04-08,Summer,22.0,65.7,0.8,N,0.2,63.8,103.8,10.4,16.5,,47.6,Mixed,8.84,0,14.4,112,141
REC2319,Delhi,2020-12-07,Winter,18.5,61.1,11.5,NW,0.2,183.2,388.6,141.1,82.2,2.07,55.0,Mixed,7.99,24,6.2,500,472
REC2320,Nagpur,2022-04-01,Summer,34.2,50.8,24.0,NW,3.7,22.3,33.0,14.1,7.1,0.13,13.5,Industrial,2.46,8,8.1,71,46
REC2321,Jaipur,2021-07-07,Monsoon,27.3,79.6,14.3,E,49.6,10.2,14.8,8.6,4.3,0.3,9.0,Green Zone,5.48,30,9.1,20,20
REC2322,Lucknow,2024-09-01,Monsoon,22.7,50.1,25.6,SE,10.0,12.6,,10.6,5.8,0.51,11.0,Residential,1.66,2,3.4,47,33
REC2323,Indore,2020-08-17,Monsoon,27.6,100,19.6,S,13.8,9.9,13.8,8.2,4.3,0.17,7.9,Industrial,2.59,10,7.3,46,20
REC2324,Mumbai,2019-12-27,Winter,18.6,49.8,9.3,S,3.1,133.6,218.5,77.4,9.1,5.3,88.7,Green Zone,6.94,7,6.3,245,267
REC2325,Chennai,2023-04-01,Summer,26.0,41.6,7.6,N,2.4,82.2,114.2,28.5,13.1,0.42,27.5,Mixed,2.41,15,4.1,203,169
REC2326,Bhopal,2021-06-26,Monsoon,29.9,76.1,32.2,SE,34.1,,11.5,8.9,4.6,0.32,9.4,Mixed,2.42,20,7.4,47,20
REC2327,Indore,2024-09-28,Monsoon,26.9,82.1,9.9,N,24.1,12.8,22.7,10.7,5.4,0.28,10.1,Mixed,5.91,19,4.5,20,29
REC2328,Hyderabad,2021-01-09,Winter,,60.2,0.9,SW,4.8,139.1,185.5,41.1,13.5,1.07,32.4,Mixed,3.56,21,3.1,222,254
REC2329,Delhi,2024-12-06,Winter,11.2,39.4,11.2,SE,3.3,144.5,252.2,124.1,9.9,6.87,14.4,Industrial,9.36,14,13.4,410,409
REC2330,Bhopal,2022-01-21,Winter,20.4,23.5,11.5,SW,1.9,,99.1,24.5,14.0,2.37,23.0,Industrial,3.24,11,5.2,145,145
REC2331,Delhi,2021-09-27,Monsoon,23.8,55.0,10.1,S,28.0,,104.2,10.8,7.3,1.28,31.5,Industrial,5.85,23,11.9,168,140
REC2332,Delhi,2024-04-24,Summer,31.3,36.5,17.7,S,4.8,87.3,152.9,19.3,29.0,0.71,60.9,Commercial,3.11,0,2.1,249,210
REC2333,Chennai,2021-06-18,Monsoon,27.4,79.9,8.0,NE,45.3,,12.6,9.4,4.2,0.2,10.0,Residential,9.45,15,3.0,57,20
REC2334,Surat,2021-08-12,Monsoon,25.2,77.7,28.2,N,46.8,9.2,11.8,9.1,4.4,0.19,9.7,Residential,9.11,24,1.2,20,20
REC2335,Chandigarh,2020-08-14,Monsoon,26.9,77.2,11.3,E,36.5,10.3,20.7,10.0,5.0,0.1,9.9,Industrial,8.67,16,14.2,20,25
REC2336,Mumbai,2023-06-23,Monsoon,24.3,100,27.3,SE,35.5,9.9,13.8,9.9,4.1,0.14,8.1,Mixed,4.15,7,4.0,29,20
REC2337,Pune,2023-04-27,Summer,31.6,39.5,24.7,E,3.7,19.7,28.1,18.5,8.3,0.35,12.4,Residential,1.53,19,2.4,29,47
REC2338,Kolkata,2019-09-18,Monsoon,23.7,73.2,,SW,20.9,67.4,87.6,10.2,9.2,2.26,10.3,Industrial,7.23,9,1.9,177,140
REC2339,Chandigarh,2023-08-23,Monsoon,23.7,85.2,23.4,NE,48.0,8.3,16.9,8.4,4.0,0.19,8.8,Industrial,1.57,1,14.0,57,20
REC2340,Patna,2021-11-19,Post-Monsoon,24.1,,4.8,S,3.5,144.9,178.8,74.4,13.5,0.63,45.2,Green Zone,7.82,15,2.6,293,265
REC2341,Chandigarh,2020-06-25,Monsoon,20.9,65.1,9.0,N,48.0,9.7,16.3,9.8,4.1,,9.5,Green Zone,,11,1.3,54,20
REC2342,Kolkata,2024-07-16,Monsoon,29.4,57.1,34.6,SW,36.6,8.3,12.3,8.5,4.8,0.12,9.2,Green Zone,1.73,21,2.4,28,20
REC2343,Nagpur,2024-02-23,Winter,22.5,57.3,0.6,SE,2.1,64.2,115.6,39.8,27.1,0.18,30.9,Commercial,0.9,14,2.7,122,157
REC2344,Patna,2019-09-13,Monsoon,26.0,77.8,20.5,SW,25.9,24.9,33.2,17.0,9.7,0.52,14.9,Mixed,5.95,20,8.9,54,59
REC2345,Indore,2023-05-09,Summer,16.2,,10.7,NE,2.1,38.4,41.1,17.4,9.6,0.42,18.3,Residential,2.78,8,7.5,40,73
REC2346,Patna,2020-09-12,Monsoon,23.7,60.2,4.3,SE,22.7,55.6,94.1,26.1,16.3,0.26,28.6,Green Zone,9.3,15,7.8,92,115
REC2347,Hyderabad,2021-07-02,Monsoon,24.2,75.9,,W,37.9,9.8,14.5,8.8,4.2,0.2,9.6,Green Zone,9.08,6,9.8,43,20
REC2348,Pune,2023-06-01,Monsoon,27.2,76.9,26.8,NE,1.4,20.1,32.4,,8.4,0.43,14.9,Green Zone,6.44,23,10.6,38,43
REC2349,Chennai,2022-01-21,Winter,12.1,67.0,28.4,SW,0.2,66.6,133.5,,7.6,2.43,31.0,Mixed,8.31,15,5.6,129,159
REC2350,Jaipur,2019-07-28,Monsoon,29.0,52.2,13.0,NW,15.3,,22.8,14.1,6.2,0.19,11.2,Mixed,3.18,19,0.9,55,39
REC2351,Chennai,2020-05-14,Summer,23.2,42.2,,E,0.8,105.4,171.7,32.7,33.0,0.62,24.3,Industrial,4.74,25,14.4,225,212
REC2352,Hyderabad,2021-12-06,Winter,16.8,70.3,6.1,E,0.2,75.2,90.4,12.8,25.1,1.93,20.8,Commercial,1.47,11,5.9,183,155
REC2353,Chandigarh,2019-11-12,Post-Monsoon,22.1,46.1,28.3,E,4.8,43.3,53.4,28.7,7.3,0.49,10.4,Residential,3.71,21,11.8,80,80
REC2354,Ahmedabad,2020-08-06,Monsoon,30.3,66.7,4.5,W,19.2,32.5,35.9,17.1,9.4,0.32,18.2,Mixed,1.56,5,7.8,74,61
REC2355,Surat,2019-03-01,Summer,24.3,61.7,23.3,S,2.6,37.5,56.1,36.2,,0.93,23.4,Green Zone,7.76,6,6.5,57,92
REC2356,Bhopal,2023-07-21,Monsoon,17.5,68.4,2.4,NW,47.7,9.9,13.9,9.5,4.4,0.33,9.9,Industrial,0.39,29,13.6,20,20
REC2357,Bhopal,2021-11-11,Post-Monsoon,31.6,62.4,7.1,NW,1.1,100.0,155.7,35.5,9.8,0.95,52.1,Mixed,2.2,12,12.7,207,196
REC2358,Hyderabad,2019-02-02,Winter,12.4,77.9,24.4,SE,3.2,89.4,115.2,39.9,35.3,0.3,36.4,Mixed,2.38,29,1.3,203,186
REC2359,Lucknow,2019-05-19,Summer,25.8,50.7,26.1,NE,0.7,72.4,123.0,16.4,23.7,1.1,29.4,Industrial,4.32,28,11.1,134,153
REC2360,Lucknow,2024-06-21,Monsoon,34.0,69.5,8.7,W,4.3,74.9,119.9,53.2,29.4,2.45,49.7,Mixed,3.53,14,5.4,127,159
REC2361,Mumbai,2023-09-10,Monsoon,35.3,100,18.0,NW,31.1,7.3,12.8,9.0,4.7,0.17,8.9,Commercial,1.72,22,3.7,25,20
REC2362,Bangalore,2020-11-03,Post-Monsoon,21.4,44.5,25.3,W,0.8,28.2,39.1,26.4,5.6,0.26,11.6,Commercial,2.18,6,9.5,53,69
REC2363,Pune,2023-07-21,Monsoon,18.3,72.8,22.9,NE,39.7,10.1,,8.3,4.6,0.3,9.7,Green Zone,,24,13.6,20,20
REC2364,Hyderabad,2019-01-25,Winter,18.7,70.2,33.5,S,1.2,31.4,53.1,10.1,10.0,1.47,21.3,Commercial,1.72,18,12.6,89,78
REC2365,Chennai,2024-12-11,Winter,10.9,68.3,4.5,S,1.6,92.5,151.2,82.3,47.3,1.02,83.4,Residential,8.51,16,6.1,238,253
REC2366,Chandigarh,2024-10-11,Post-Monsoon,18.2,14.7,1.7,SE,0.6,50.6,83.9,14.4,18.5,1.49,10.4,Commercial,0.96,8,7.2,114,99
REC2367,Jaipur,2023-05-25,Summer,29.7,41.5,28.0,NE,0.1,65.3,124.4,19.6,20.1,1.73,21.2,Residential,9.25,14,11.3,187,152
REC2368,Lucknow,2020-07-07,Monsoon,27.0,70.7,8.3,NW,19.2,67.7,102.8,12.0,8.8,2.28,23.1,Green Zone,1.45,4,2.3,104,133
REC2369,Mumbai,2023-10-08,Post-Monsoon,,24.2,34.0,W,3.4,60.6,,33.6,21.3,0.58,20.4,Industrial,9.92,18,2.5,135,115
REC2370,Lucknow,2023-11-24,Post-Monsoon,24.6,28.2,21.1,NW,0.7,157.4,174.5,47.4,22.8,1.76,13.9,Commercial,7.15,27,13.3,344,304
REC2371,Chandigarh,2019-03-05,Summer,27.2,34.9,24.5,SW,4.1,17.6,21.5,13.7,6.9,0.27,11.9,Industrial,9.52,2,13.2,73,36
REC2372,Bhopal,2019-10-17,Post-Monsoon,23.8,45.1,33.7,SE,0.7,30.5,46.7,21.0,12.7,0.97,10.4,Green Zone,0.66,26,11.2,102,76
REC2373,Delhi,2022-07-08,Monsoon,24.2,91.6,6.1,W,5.0,63.3,117.4,48.5,29.0,0.21,39.4,Mixed,2.16,10,7.7,138,160
REC2374,Kanpur,2024-01-05,Winter,14.0,49.1,21.0,W,0.7,139.7,231.5,14.1,,0.11,61.7,Residential,3.51,15,2.6,300,327
REC2375,Hyderabad,2024-09-18,Monsoon,20.4,66.9,7.4,E,18.4,28.3,51.6,14.9,9.3,1.19,10.2,Commercial,0.83,22,8.6,58,63
REC2376,Kanpur,2023-05-03,Summer,29.3,42.8,32.6,W,2.0,88.3,141.7,22.2,9.2,1.04,50.2,Mixed,7.6,21,6.2,182,172
REC2377,Pune,2023-05-05,Summer,17.9,48.8,16.4,N,3.3,74.3,121.5,29.6,15.2,1.85,35.0,Commercial,8.72,11,1.8,183,148
REC2378,Surat,2019-07-05,Monsoon,28.4,73.4,14.4,NE,10.8,12.9,19.7,10.4,5.2,0.58,10.6,Mixed,0.92,28,2.0,71,33
REC2379,Chennai,2022-11-13,Post-Monsoon,21.3,24.5,21.8,W,4.9,47.9,76.0,27.3,,0.17,19.5,Mixed,4.33,7,,71,109
REC2380,Surat,2023-11-06,Post-Monsoon,20.3,64.5,11.3,S,2.2,51.5,107.5,38.9,23.0,1.85,42.7,Green Zone,1.06,16,9.7,134,133
REC2381,Hyderabad,2019-12-10,Winter,10.3,41.4,7.2,E,4.3,111.6,177.6,60.3,42.6,4.36,74.9,Residential,9.19,0,13.5,199,226
REC2382,Lucknow,2021-12-02,Winter,14.3,36.6,15.2,W,4.0,130.2,197.1,72.4,54.0,3.64,35.9,Commercial,3.95,22,11.9,308,308
REC2383,Indore,2019-11-04,Post-Monsoon,28.0,44.2,13.2,SW,4.8,84.3,106.8,60.4,34.9,0.27,51.9,Residential,7.82,20,8.5,177,184
REC2384,Chandigarh,2022-01-04,Winter,12.9,20.8,3.5,N,3.9,60.4,93.4,42.9,19.8,1.4,11.6,Green Zone,4.74,9,,144,121
REC2385,Patna,2020-05-05,Summer,27.6,38.0,8.4,SW,0.9,111.8,181.5,27.2,24.2,3.83,15.9,Residential,6.6,23,11.4,264,235
REC2386,Mumbai,2024-06-03,Monsoon,29.3,83.9,12.5,SW,13.0,,87.7,29.5,11.0,1.99,12.4,Green Zone,1.54,23,1.6,108,106
REC2387,Mumbai,2021-01-19,Winter,15.6,71.8,16.2,E,4.6,88.2,208.3,34.2,6.7,2.75,18.1,Commercial,9.24,3,6.5,220,247
REC2388,Bhopal,2019-11-03,Post-Monsoon,21.9,26.8,11.1,S,3.9,47.4,63.0,31.2,16.5,0.13,21.9,Industrial,7.49,5,4.4,129,104
REC2389,Indore,2021-04-27,Summer,32.7,36.2,16.7,SW,4.7,61.6,91.6,35.9,5.4,2.3,35.7,Industrial,7.68,24,7.9,149,116
REC2390,Surat,2024-03-05,Summer,20.2,22.1,19.7,S,2.7,25.5,41.3,20.5,9.6,0.19,21.3,Residential,3.35,21,6.8,92,64
REC2391,Kanpur,2023-03-02,Summer,29.0,28.3,30.0,E,0.2,44.8,62.8,32.8,13.5,0.76,29.8,Commercial,1.79,3,1.5,84,93
REC2392,Jaipur,2021-08-13,Monsoon,24.9,79.2,26.7,W,29.0,8.6,11.6,9.3,4.7,0.13,9.7,Commercial,3.75,13,4.4,20,20
REC2393,Indore,2020-07-16,Monsoon,31.2,45.0,12.7,E,24.2,10.1,14.9,10.1,5.0,0.25,9.5,Green Zone,2.51,13,10.9,20,27
REC2394,Bhopal,2021-08-07,Monsoon,18.1,76.9,6.1,N,4.8,67.2,78.2,17.2,10.8,2.5,15.8,Green Zone,7.32,23,10.3,159,127
REC2395,Patna,2019-07-23,Monsoon,37.5,85.2,13.8,E,4.3,71.9,103.6,11.9,28.8,2.01,27.5,Residential,,11,9.8,189,156
REC2396,Mumbai,2022-08-15,Monsoon,26.9,74.4,17.4,SE,7.0,33.3,43.4,14.0,5.3,1.43,15.0,Commercial,0.15,2,2.1,84,76
REC2397,Hyderabad,2022-01-11,Winter,15.8,58.4,24.9,W,0.0,87.9,117.3,42.4,9.7,2.47,50.4,Residential,7.5,8,13.2,190,162
REC2398,Surat,2021-08-10,Monsoon,17.8,78.6,8.9,SW,16.9,44.7,75.6,29.1,8.6,1.19,31.2,Mixed,4.04,7,8.0,56,90
REC2399,Chennai,2022-07-14,Monsoon,30.4,61.5,19.2,E,47.3,8.6,12.1,8.0,4.3,0.29,8.3,Residential,7.39,2,2.0,33,20
REC2400,Indore,2023-06-23,Monsoon,22.9,65.5,25.9,NW,33.6,7.8,16.3,9.3,4.3,0.12,7.8,Residential,0.23,22,10.1,20,20
REC2401,Nagpur,2023-01-12,Winter,19.9,58.1,30.5,SW,2.1,38.0,71.8,25.5,9.4,1.38,30.0,Green Zone,0.53,29,1.9,118,88
REC2402,Ahmedabad,2021-03-28,Summer,30.4,58.5,11.6,N,3.0,91.7,162.3,29.4,6.7,2.07,30.8,Industrial,2.89,29,13.2,204,218
REC2403,Delhi,2024-10-28,Post-Monsoon,24.5,54.7,32.4,W,0.0,127.3,212.4,51.1,36.3,1.71,21.9,Mixed,4.73,19,8.1,268,260
REC2404,Indore,2022-06-06,Monsoon,21.7,87.2,34.5,E,40.7,8.5,13.5,9.3,4.3,0.12,9.6,Commercial,3.74,5,10.5,20,20
REC2405,Jaipur,2023-11-27,Post-Monsoon,13.1,53.2,10.5,SW,4.4,95.7,116.4,38.4,12.9,0.21,49.4,Mixed,0.47,22,14.5,198,205
REC2406,Bhopal,2021-03-22,Summer,25.1,54.0,31.5,SW,3.0,26.3,43.1,19.4,6.8,0.91,17.3,Commercial,2.65,10,,20,51
REC2407,Pune,2021-01-06,Winter,14.3,60.0,17.8,SW,1.6,64.4,141.7,10.5,11.9,1.43,32.7,Commercial,1.17,14,8.5,182,178
REC2408,Jaipur,2024-07-23,Monsoon,23.4,71.9,26.1,E,0.7,20.3,42.0,14.9,8.6,0.24,15.5,Green Zone,3.99,15,7.6,22,52
REC2409,Indore,2020-11-20,Post-Monsoon,22.5,35.1,15.9,NE,3.2,74.0,108.0,50.2,11.0,2.36,46.3,Green Zone,1.35,23,0.7,168,140
REC2410,Lucknow,2021-01-07,Winter,20.5,54.3,31.4,S,4.0,109.8,128.7,78.3,24.1,2.8,36.3,Residential,0.25,21,8.1,216,209
REC2411,Surat,2022-06-24,Monsoon,13.1,100,28.8,N,48.7,7.1,13.7,9.0,4.3,0.25,8.8,Mixed,3.41,8,8.5,47,20
REC2412,Nagpur,2024-12-14,Winter,11.1,57.3,33.5,E,4.8,50.6,85.1,26.5,12.6,1.16,35.0,Mixed,7.53,17,1.9,116,106
REC2413,Nagpur,2019-09-01,Monsoon,24.0,62.9,26.6,E,8.2,28.2,,17.9,11.2,0.42,12.2,Mixed,7.5,19,3.3,94,57
REC2414,Chennai,2023-05-20,Summer,30.9,49.9,21.0,NE,1.0,104.3,160.3,34.3,27.0,3.16,32.9,Mixed,9.73,22,2.8,224,190
REC2415,Lucknow,2024-11-23,Post-Monsoon,20.9,41.9,20.2,NW,2.3,81.9,128.7,51.6,15.4,1.92,43.6,Commercial,0.92,0,14.7,207,172
REC2416,Chennai,2019-01-13,Winter,18.3,32.5,27.8,SE,3.4,37.7,,22.5,6.9,0.74,12.5,Commercial,4.5,14,6.0,92,81
REC2417,Chandigarh,2024-01-15,Winter,,52.0,,N,0.1,52.8,89.4,14.3,12.7,0.13,33.3,Mixed,1.93,29,3.7,134,123
REC2418,Pune,2022-08-14,Monsoon,25.3,50.0,11.3,NE,16.4,9.3,16.9,8.5,,0.24,8.4,Industrial,7.07,8,6.8,20,20
REC2419,Nagpur,2023-11-02,Post-Monsoon,25.6,40.4,33.1,SE,2.5,76.2,86.1,32.3,14.6,0.59,38.5,Residential,7.65,19,3.3,152,141
REC2420,Hyderabad,2019-07-18,Monsoon,25.3,61.1,1.2,NE,42.6,10.7,11.7,,4.8,0.25,9.0,Commercial,0.62,14,14.3,49,20
REC2421,Ahmedabad,2021-05-03,Summer,32.4,35.5,2.3,E,0.7,76.8,179.4,,27.7,3.73,29.7,Commercial,7.61,9,1.3,230,217
REC2422,Patna,2023-06-22,Monsoon,21.9,59.4,11.4,NW,33.5,8.0,15.2,9.8,4.1,0.31,7.2,Residential,2.66,7,2.6,20,20
REC2423,Jaipur,2021-12-27,Winter,14.3,42.3,1.1,SW,2.8,107.6,201.6,100.8,9.1,0.96,53.8,Green Zone,3.82,27,2.4,216,255
REC2424,Surat,2022-03-25,Summer,,29.2,17.5,S,1.2,15.5,31.6,16.6,8.2,0.8,12.1,Commercial,1.06,7,4.7,67,42
REC2425,Bhopal,2024-07-06,Monsoon,39.4,79.0,2.9,N,27.6,9.0,14.0,8.4,4.5,0.29,9.0,Residential,2.4,4,12.5,57,20
REC2426,Nagpur,2021-11-14,Post-Monsoon,31.1,30.1,28.1,E,1.6,58.0,127.2,60.5,22.5,2.9,30.9,Commercial,4.01,28,14.5,123,162
REC2427,Chandigarh,2023-02-12,Winter,,45.8,1.7,NW,3.3,83.6,132.3,55.4,21.6,1.11,48.2,Residential,9.92,7,4.7,220,194
REC2428,Chennai,2021-06-03,Monsoon,25.3,69.0,26.7,SW,24.4,9.9,14.8,9.5,4.8,0.33,9.4,Industrial,7.52,23,4.4,47,20
REC2429,Indore,2023-10-13,Post-Monsoon,24.5,28.5,4.3,SE,2.2,79.5,166.5,53.5,38.8,3.07,71.7,Mixed,9.69,14,1.8,221,217
REC2430,Chandigarh,2022-04-21,Summer,28.3,55.0,,E,2.0,46.9,87.5,34.3,24.8,0.45,14.2,Residential,9.51,7,5.3,118,129
REC2431,Ahmedabad,2020-02-18,Winter,17.8,67.9,32.1,N,2.0,64.9,103.2,25.8,6.8,1.82,10.5,Green Zone,3.72,1,0.9,96,135
REC2432,Kolkata,2021-11-11,Post-Monsoon,17.7,48.0,10.1,W,0.3,67.2,104.9,27.7,35.8,0.22,52.5,Mixed,2.47,10,4.6,159,190
REC2433,Kolkata,2020-11-25,Post-Monsoon,28.7,44.1,27.0,S,2.5,60.7,105.9,24.2,33.9,0.97,49.4,Mixed,0.78,24,7.4,153,171
REC2434,Surat,2024-10-20,Post-Monsoon,29.4,50.4,24.9,SW,4.0,71.9,95.7,40.6,12.2,2.97,10.7,Residential,5.31,11,14.7,139,149
REC2435,Kolkata,2022-11-18,Post-Monsoon,26.1,41.9,20.5,W,3.5,77.6,119.8,49.5,17.6,0.83,48.1,Green Zone,4.93,3,13.2,126,152
REC2436,Chandigarh,2024-12-01,Winter,21.2,57.7,,NE,0.8,57.0,87.2,39.7,22.8,2.36,42.0,Industrial,1.27,30,13.6,101,124
REC2437,Indore,2019-02-08,Winter,15.7,37.1,26.0,N,2.8,74.9,113.5,52.9,15.4,0.39,41.6,Residential,5.59,21,10.8,108,141
REC2438,Nagpur,2021-09-20,Monsoon,27.3,76.1,20.8,W,47.6,10.8,12.8,9.6,4.4,0.17,7.2,Commercial,4.58,29,12.1,20,20
REC2439,Chennai,2023-04-03,Summer,25.4,69.0,17.1,NW,4.9,38.8,48.7,26.8,8.2,0.61,19.1,Commercial,3.18,0,13.5,98,78
REC2440,Bangalore,2022-11-11,Post-Monsoon,24.0,40.2,19.0,SW,2.4,25.2,39.4,14.2,12.5,1.06,20.6,Residential,0.6,16,10.6,36,68
REC2441,Bhopal,2022-03-20,Summer,34.2,39.1,12.6,E,4.7,60.9,128.5,54.4,9.8,3.06,49.8,Commercial,5.61,26,14.2,130,163
REC2442,Ahmedabad,2020-04-14,Summer,22.3,37.9,28.6,SW,1.3,77.6,117.3,52.8,22.9,2.22,19.5,Residential,9.95,3,2.8,164,152
REC2443,Nagpur,2021-09-05,Monsoon,33.0,66.3,11.5,SE,14.1,35.2,64.4,32.8,5.2,0.45,19.8,Commercial,3.21,30,8.6,79,96
REC2444,Surat,2023-12-01,Winter,14.5,27.6,13.8,N,2.3,86.3,162.3,62.1,10.5,2.44,32.7,Industrial,9.25,14,6.2,243,211
REC2445,Bangalore,2022-04-11,Summer,28.6,79.6,3.3,W,2.4,92.1,137.1,13.4,23.8,1.32,42.8,Green Zone,7.51,22,5.0,182,174
REC2446,Jaipur,2023-09-12,Monsoon,24.6,61.5,17.3,SE,30.9,25.9,39.4,13.1,11.1,0.27,19.3,Commercial,3.28,20,5.2,78,66
REC2447,Bangalore,2024-05-02,Summer,37.0,45.3,1.4,NW,1.1,53.3,103.6,36.9,21.7,1.72,30.8,Residential,2.67,13,1.8,141,124
REC2448,Mumbai,2022-05-23,Summer,37.3,50.4,29.8,NE,4.6,36.2,58.3,32.7,12.3,0.71,17.9,Green Zone,1.41,17,14.2,86,92
REC2449,Hyderabad,2022-05-05,Summer,32.1,26.7,8.3,N,3.9,90.5,171.9,60.9,39.9,2.62,59.6,Mixed,7.89,17,13.2,219,214
REC2450,Jaipur,2023-04-14,Summer,24.1,19.2,7.4,SW,1.5,59.4,95.4,45.9,6.3,2.6,24.5,Mixed,3.55,23,2.8,129,151
REC2451,Chandigarh,2024-04-23,Summer,24.8,24.5,24.0,N,0.9,61.2,91.8,58.2,28.2,1.55,36.3,Mixed,8.47,26,12.2,174,158
REC2452,Pune,2020-03-22,Summer,23.3,38.3,2.5,S,0.1,68.6,89.4,31.5,16.4,1.79,11.2,Commercial,6.57,6,11.7,148,129
REC2453,Kolkata,2021-01-07,Winter,24.9,40.6,23.7,NW,1.5,128.5,194.2,45.3,21.0,2.75,59.3,Industrial,1.28,17,6.4,211,235
REC2454,Surat,2021-09-01,Monsoon,22.0,100,34.6,S,20.2,10.8,14.3,8.0,4.7,0.26,7.8,Industrial,6.73,17,6.2,21,20
REC2455,Kanpur,2024-06-13,Monsoon,13.9,82.4,30.1,SE,36.1,9.6,14.2,8.7,5.0,0.12,7.1,Commercial,6.76,13,11.1,20,20
REC2456,Bhopal,2019-06-13,Monsoon,31.4,72.1,20.5,NE,46.1,9.1,15.2,9.1,4.4,0.36,9.7,Green Zone,3.55,16,13.5,20,20
REC2457,Hyderabad,2019-08-12,Monsoon,19.6,99.0,3.9,S,43.0,11.0,14.6,8.0,5.0,0.28,8.3,Commercial,7.29,3,4.9,43,20
REC2458,Surat,2021-11-13,Post-Monsoon,20.4,44.0,20.3,S,2.4,70.7,133.9,24.2,29.4,0.22,45.7,Residential,7.72,30,11.6,127,164
REC2459,Bhopal,2022-03-02,Summer,33.1,39.2,7.7,NW,3.0,64.8,66.0,45.7,9.8,1.65,13.3,Residential,2.58,20,4.3,120,118
REC2460,Mumbai,2023-09-23,Monsoon,23.3,67.3,12.6,W,44.4,8.6,14.1,8.1,4.8,0.13,7.3,Industrial,3.25,9,14.1,20,20
REC2461,Indore,2024-07-05,Monsoon,28.1,71.3,14.0,N,34.3,10.3,14.2,8.2,4.8,0.38,7.3,Green Zone,9.18,17,2.3,20,20
REC2462,Chandigarh,2022-06-20,Monsoon,21.1,85.1,13.6,NW,17.2,8.1,14.1,8.8,4.3,0.16,9.1,Mixed,3.33,14,8.2,56,20
REC2463,Delhi,2024-02-10,Winter,16.2,39.1,31.4,NW,0.3,142.7,233.0,14.3,29.7,1.67,42.9,Industrial,2.25,20,4.5,349,316
REC2464,Mumbai,2019-05-20,Summer,34.5,52.9,13.5,SE,1.0,83.2,120.2,26.7,25.2,0.17,50.9,Industrial,2.4,23,7.2,220,187
REC2465,Chennai,2024-09-01,Monsoon,31.7,59.0,13.7,NW,4.0,35.7,56.1,23.2,8.0,1.3,21.4,Commercial,9.79,1,6.9,53,67
REC2466,Ahmedabad,2019-04-19,Summer,24.2,57.6,14.7,N,1.8,34.6,60.7,25.7,6.8,,16.4,Residential,0.6,12,11.7,68,98
REC2467,Pune,2019-12-13,Winter,21.7,34.6,20.4,S,2.4,62.6,,26.7,5.6,2.69,53.7,Residential,3.96,28,10.5,148,156
REC2468,Kolkata,2021-04-06,Summer,31.5,,13.7,S,2.9,49.1,104.6,51.0,6.6,1.49,46.2,Mixed,1.51,8,9.7,138,137
REC2469,Nagpur,2020-08-08,Monsoon,31.7,92.5,8.0,W,7.8,52.7,76.2,33.4,7.3,0.18,36.4,Green Zone,4.31,22,8.5,73,104
REC2470,Chandigarh,2020-04-14,Summer,21.0,42.7,18.0,NW,4.3,53.1,65.2,27.5,7.5,0.98,22.3,Residential,1.02,10,14.9,93,100
REC2471,Lucknow,2024-03-15,Summer,26.5,62.3,11.7,NE,0.0,74.4,105.0,27.7,21.8,3.41,64.1,Mixed,2.54,1,8.8,209,189
REC2472,Jaipur,2022-02-23,Winter,24.7,45.8,19.1,NW,2.9,101.0,154.6,18.0,8.9,3.51,70.6,Mixed,5.16,12,3.7,231,210
REC2473,Mumbai,2023-10-05,Post-Monsoon,31.4,69.6,32.8,SE,2.8,58.9,91.7,24.4,16.5,2.92,47.5,Mixed,3.86,12,6.2,150,163
REC2474,Patna,2024-07-22,Monsoon,27.6,72.1,4.7,SE,43.5,8.9,16.6,8.5,4.1,0.28,8.8,Mixed,5.1,1,1.3,49,20
REC2475,Pune,2019-09-04,Monsoon,,37.5,16.5,N,3.4,10.5,13.5,8.2,4.3,0.15,8.2,Commercial,4.72,9,5.8,46,20
REC2476,Bangalore,2020-10-17,Post-Monsoon,19.9,18.7,10.5,NE,3.9,61.8,79.0,,10.5,0.33,10.4,Mixed,4.36,28,10.2,,113
REC2477,Kanpur,2021-03-10,Summer,25.0,61.3,16.9,W,0.2,152.6,196.5,32.9,42.0,0.66,81.9,Residential,8.42,16,1.1,324,288
REC2478,Jaipur,2021-10-13,Post-Monsoon,27.1,66.0,12.0,SE,1.5,81.7,173.9,68.6,22.3,0.57,11.8,Residential,6.7,4,8.9,213,224
REC2479,Nagpur,2022-05-22,Summer,22.0,,8.1,SW,1.5,51.3,81.1,32.1,12.0,0.32,36.2,Mixed,0.88,17,11.8,107,104
REC2480,Kanpur,2021-04-19,Summer,30.6,48.0,10.0,SW,0.2,140.2,199.4,75.7,21.9,2.61,76.3,Commercial,2.1,27,0.5,,272
REC2481,Ahmedabad,2022-11-12,Post-Monsoon,28.3,52.2,25.9,NW,2.0,95.2,130.5,47.3,24.8,0.58,21.8,Green Zone,4.73,26,1.2,203,206
REC2482,Jaipur,2022-04-15,Summer,16.9,42.6,28.7,S,1.3,39.5,55.1,15.6,13.3,0.33,27.2,Commercial,0.55,14,2.5,65,89
REC2483,Kolkata,2021-07-24,Monsoon,30.1,68.8,6.3,W,34.1,10.9,12.7,9.7,4.9,0.14,8.5,Mixed,8.39,15,2.2,28,20
REC2484,Kolkata,2022-09-09,Monsoon,24.1,86.7,26.5,W,45.7,7.5,16.5,9.9,4.2,0.12,8.0,Commercial,2.47,17,8.2,39,20
REC2485,Patna,2020-02-11,Winter,11.8,48.8,27.3,NE,3.4,102.4,179.9,25.2,35.1,4.31,70.5,Residential,8.41,2,6.5,263,233
REC2486,Surat,2020-04-23,Summer,38.3,68.6,19.8,NE,0.7,79.7,108.6,46.6,24.4,2.87,27.1,Mixed,5.12,27,4.6,118,152
REC2487,Kolkata,2019-07-01,Monsoon,23.6,64.9,28.3,SE,25.2,11.3,19.5,10.0,5.2,0.26,10.0,Industrial,3.99,2,1.2,50,27
REC2488,Delhi,2021-02-04,Winter,13.1,71.9,29.1,E,2.7,152.1,,108.3,36.6,1.36,27.6,Green Zone,8.33,24,6.4,392,361
REC2489,Jaipur,2023-07-27,Monsoon,22.6,36.3,7.3,S,27.5,7.0,15.2,8.6,4.1,0.27,8.2,Commercial,2.88,25,2.5,20,20
REC2490,Kanpur,2019-12-24,Winter,6.5,32.4,34.4,S,5.0,110.8,240.5,104.3,36.0,1.55,88.4,Mixed,8.47,28,5.4,,307
REC2491,Mumbai,2023-02-01,Winter,24.1,37.4,22.2,E,3.0,97.2,137.1,28.4,17.7,1.62,52.4,Residential,1.4,1,,193,210
REC2492,Bhopal,2023-08-09,Monsoon,25.4,72.1,18.2,N,7.4,63.7,84.3,10.1,21.6,0.78,39.4,Commercial,8.95,11,5.6,148,117
REC2493,Surat,2023-01-25,Winter,20.8,38.5,24.1,SW,1.3,40.2,70.0,19.1,18.6,0.64,16.5,Residential,1.73,18,5.2,82,102
REC2494,Bhopal,2022-12-27,Winter,24.6,44.7,24.5,NE,3.1,59.4,79.2,33.7,9.8,0.29,22.9,Residential,2.81,27,6.3,164,141
REC2495,Bangalore,2020-10-11,Post-Monsoon,32.5,27.3,5.5,S,0.7,63.9,99.5,10.7,6.0,0.73,44.1,Residential,5.0,13,10.2,166,179
REC2496,Lucknow,2023-10-16,Post-Monsoon,16.4,41.4,15.5,W,3.5,114.8,184.8,38.9,9.6,1.21,41.1,Green Zone,1.74,8,3.2,201,233
REC2497,Hyderabad,2019-10-12,Post-Monsoon,19.0,56.5,14.4,SW,2.3,79.6,118.8,29.0,10.8,2.37,21.2,Residential,9.95,26,2.1,220,201
REC2498,Chennai,2019-03-20,Summer,31.4,63.3,20.3,NE,0.6,72.2,118.4,21.9,,0.81,39.6,Industrial,5.25,23,1.0,172,154
REC2499,Bangalore,2020-08-20,Monsoon,20.7,83.1,3.8,NW,47.4,7.0,15.1,9.2,4.3,0.16,7.2,Residential,3.22,24,5.7,20,20
REC2500,Pune,2020-04-26,Summer,24.8,32.9,1.5,SW,0.7,75.7,159.4,56.5,24.7,3.45,31.3,Commercial,4.65,18,11.8,171,194
REC2501,Indore,2024-08-07,Monsoon,20.1,69.0,,SE,14.3,7.5,13.2,9.4,4.2,0.39,7.8,Industrial,6.95,14,10.0,20,20
REC2502,Bhopal,2024-12-07,Winter,12.7,24.2,7.6,S,4.2,41.0,61.1,37.5,20.2,0.28,33.8,Residential,0.58,17,3.3,136,109
REC2503,Patna,2020-06-20,Monsoon,30.7,75.4,26.1,N,4.9,56.7,114.6,46.4,10.5,1.96,33.8,Residential,2.14,26,7.4,178,146
REC2504,Surat,2023-09-09,Monsoon,37.7,91.1,2.5,E,47.0,10.3,12.8,,4.3,0.18,7.7,Industrial,0.39,12,10.1,23,20
REC2505,Kolkata,2019-11-05,Post-Monsoon,25.8,50.6,22.4,W,1.4,80.7,166.3,78.7,10.6,3.55,31.8,Residential,1.64,16,6.1,189,210
REC2506,Patna,2021-08-06,Monsoon,20.3,,14.2,SE,35.0,26.5,32.5,19.5,9.5,0.5,14.8,Residential,4.97,20,9.4,84,57
REC2507,Indore,2021-03-12,Summer,23.3,54.3,18.2,S,2.5,25.9,38.9,15.8,7.8,0.44,10.4,Mixed,6.46,7,7.7,80,68
REC2508,Kolkata,2019-07-08,Monsoon,31.6,75.4,20.0,N,44.1,9.5,15.2,9.2,4.1,0.11,8.7,Commercial,5.73,9,11.1,50,20
REC2509,Delhi,2019-11-21,Post-Monsoon,22.6,50.1,30.2,NE,4.9,95.3,157.4,77.7,46.5,0.55,68.5,Commercial,3.03,13,6.4,,234
REC2510,Hyderabad,2023-02-22,Winter,14.4,42.9,25.7,NW,4.3,66.5,102.2,14.0,8.9,0.68,33.4,Mixed,4.4,4,4.5,112,130
REC2511,Lucknow,2022-09-10,Monsoon,21.4,85.7,3.1,NW,2.8,32.2,48.5,11.6,10.5,1.32,11.2,Residential,0.91,0,1.8,104,80
REC2512,Bangalore,2021-04-24,Summer,35.2,40.4,29.2,NE,3.7,54.2,70.1,42.4,7.9,1.91,33.3,Residential,9.19,27,8.6,126,115
REC2513,Surat,2020-06-15,Monsoon,24.7,83.9,9.7,E,29.1,32.2,47.2,13.3,9.8,0.63,15.7,Residential,9.35,29,2.1,92,69
REC2514,Nagpur,2019-07-17,Monsoon,23.2,76.4,10.2,SW,42.8,10.8,13.9,8.3,4.7,0.26,9.5,Mixed,2.95,25,8.7,20,20
REC2515,Lucknow,2024-12-14,Winter,16.5,59.2,,W,1.4,93.7,138.3,50.9,34.3,0.84,16.4,Residential,7.04,10,13.5,232,242
REC2516,Indore,2024-01-15,Winter,22.2,73.2,3.7,SE,1.3,71.6,143.9,19.0,13.1,0.51,40.1,Commercial,3.8,21,4.7,215,190
REC2517,Pune,2019-07-22,Monsoon,30.7,63.7,16.6,S,27.4,9.7,13.1,9.8,4.2,0.2,7.1,Industrial,9.11,3,1.9,20,20
REC2518,Patna,2021-07-16,Monsoon,22.7,77.6,12.1,S,22.9,,34.0,15.6,7.6,0.97,13.8,Commercial,1.98,12,1.2,33,58
REC2519,Lucknow,2019-11-23,Post-Monsoon,,52.1,10.2,N,0.2,92.9,146.1,,32.5,2.41,36.6,Mixed,2.65,18,2.8,227,252
REC2520,Jaipur,2020-05-02,Summer,25.6,,24.5,E,0.7,60.5,105.9,19.7,13.5,2.6,17.9,Residential,3.38,7,5.0,95,131
REC2521,Hyderabad,2021-09-14,Monsoon,26.0,92.2,14.7,E,38.6,,15.9,8.0,4.4,0.2,7.6,Commercial,8.31,25,8.3,60,20
REC2522,Patna,2024-07-05,Monsoon,,88.8,16.9,S,34.0,7.8,15.9,8.7,4.6,,7.2,Industrial,1.57,28,5.3,34,20
REC2523,Jaipur,2020-11-21,Post-Monsoon,13.9,47.8,4.6,NW,1.8,59.8,62.9,39.8,21.7,0.2,15.9,Mixed,1.79,3,8.1,93,109
REC2524,Nagpur,2021-01-25,Winter,19.8,61.0,2.8,S,2.8,63.5,120.2,45.9,,1.36,49.2,Mixed,,22,12.7,141,175
REC2525,Surat,2022-02-21,Winter,18.9,25.3,3.4,S,3.5,108.6,162.9,54.1,39.4,3.64,57.5,Mixed,2.35,25,5.6,209,203
REC2526,Chandigarh,2020-01-04,Winter,18.0,36.6,31.9,NE,3.9,45.8,48.4,28.7,12.3,0.28,11.4,Mixed,6.9,1,5.5,55,87
REC2527,Chandigarh,2022-07-11,Monsoon,22.9,62.9,6.3,NE,43.5,9.7,11.2,9.3,4.8,0.36,7.0,Residential,9.05,5,8.5,20,20
REC2528,Chennai,2022-02-23,Winter,17.8,64.1,19.4,N,4.6,80.7,132.4,39.5,15.0,2.98,64.5,Commercial,9.93,12,14.4,239,202
REC2529,Chandigarh,2022-03-01,Summer,29.4,54.1,24.4,NE,4.6,34.9,72.4,13.8,6.3,1.22,24.7,Industrial,7.73,17,9.4,66,86
REC2530,Delhi,2021-06-22,Monsoon,22.4,55.5,9.8,N,21.2,57.9,74.1,41.0,17.1,0.15,26.2,Green Zone,4.16,27,2.1,111,117
REC2531,Mumbai,2021-12-20,Winter,12.6,73.8,18.8,S,1.1,106.4,169.6,58.4,28.5,3.45,65.7,Commercial,5.49,1,8.1,193,204
REC2532,Bangalore,2022-12-01,Winter,17.5,36.9,16.8,E,2.5,59.3,86.2,35.6,9.9,0.95,15.8,Green Zone,2.55,17,11.2,148,120
REC2533,Nagpur,2022-07-21,Monsoon,27.6,62.0,24.2,NE,32.2,10.0,15.4,9.8,4.5,0.3,7.3,Industrial,6.04,22,2.5,60,20
REC2534,Surat,2023-08-06,Monsoon,23.9,97.6,4.4,E,5.8,78.7,105.2,54.9,28.6,2.08,58.6,Residential,5.0,18,9.6,162,174
REC2535,Pune,2023-05-12,Summer,27.5,22.9,30.2,W,0.6,34.8,62.1,15.7,9.7,1.0,15.8,Commercial,8.92,29,0.5,110,78
REC2536,Ahmedabad,2024-10-13,Post-Monsoon,33.7,,,SE,2.4,101.5,147.7,89.0,42.6,1.83,84.1,Commercial,5.58,7,10.7,249,245
REC2537,Hyderabad,2023-09-15,Monsoon,20.7,66.0,8.7,W,45.4,7.0,15.3,8.5,4.0,0.17,8.7,Green Zone,1.34,16,2.2,20,20
REC2538,Pune,2019-02-24,Winter,17.3,46.9,1.2,E,3.5,64.0,104.5,56.8,14.8,1.0,43.9,Mixed,6.04,14,3.2,111,148
REC2539,Nagpur,2021-09-27,Monsoon,23.6,77.9,5.8,SW,24.9,15.1,26.0,14.1,8.3,0.13,12.3,Commercial,5.42,11,6.7,38,43
REC2540,Hyderabad,2023-08-02,Monsoon,27.2,73.0,24.5,E,40.6,9.5,16.7,9.0,4.3,0.38,7.3,Mixed,5.06,20,5.7,20,20
REC2541,Mumbai,2022-06-23,Monsoon,23.8,59.3,6.1,SW,7.1,85.3,137.7,10.7,31.6,0.32,33.3,Industrial,8.76,27,1.7,190,183
REC2542,Chandigarh,2022-06-15,Monsoon,25.3,73.0,,SE,42.6,8.7,12.4,8.8,4.2,0.33,7.2,Green Zone,8.47,22,5.6,23,20
REC2543,Surat,2023-07-14,Monsoon,21.8,68.7,5.2,SE,4.8,26.3,45.5,24.2,7.3,1.3,16.4,Residential,7.51,2,4.7,62,72
REC2544,Hyderabad,2024-03-10,Summer,27.9,44.7,9.8,E,4.9,60.5,120.7,12.2,9.6,2.59,35.1,Green Zone,1.2,11,13.0,200,160
REC2545,Lucknow,2020-05-05,Summer,36.5,56.6,13.9,W,1.6,,155.0,22.7,17.2,2.36,65.6,Green Zone,4.87,23,9.6,242,270
REC2546,Pune,2021-11-10,Post-Monsoon,29.5,41.4,18.4,S,2.0,33.7,37.8,17.8,12.1,0.21,12.6,Mixed,2.29,20,9.0,83,65
REC2547,Surat,2019-12-03,Winter,,48.6,30.1,N,1.4,10.0,16.5,9.4,4.8,0.16,7.1,Mixed,1.74,6,8.2,20,20
REC2548,Jaipur,2023-07-15,Monsoon,,72.3,12.7,N,44.9,10.7,13.5,8.4,4.3,0.38,7.9,Industrial,4.0,6,9.5,28,20
REC2549,Nagpur,2019-04-10,Summer,33.4,31.9,17.7,NW,3.7,30.1,39.1,21.2,8.2,1.3,19.6,Green Zone,3.73,7,12.9,45,71
REC2550,Hyderabad,2021-08-12,Monsoon,20.2,72.2,20.2,W,47.9,8.8,15.2,10.0,4.6,0.32,7.0,Green Zone,9.02,23,6.7,20,20
REC2551,Patna,2024-04-28,Summer,31.5,40.2,25.7,NW,3.1,89.6,124.1,18.0,32.7,3.45,32.9,Green Zone,5.97,23,14.1,194,214
REC2552,Chennai,2021-12-15,Winter,21.4,22.2,32.5,SW,2.0,30.5,56.2,12.9,,0.4,15.4,Green Zone,1.64,5,8.2,104,67
REC2553,Jaipur,2023-06-16,Monsoon,33.8,84.5,32.5,N,17.9,18.1,25.3,13.7,5.9,0.62,11.4,Commercial,6.29,26,8.3,66,39
REC2554,Lucknow,2021-05-07,Summer,32.6,,11.8,N,0.6,78.4,99.4,45.8,9.9,0.85,39.9,Commercial,0.13,10,7.3,190,160
REC2555,Patna,2022-02-23,Winter,13.9,29.9,20.5,E,1.1,131.8,162.2,76.7,44.7,4.44,54.9,Industrial,2.48,21,12.1,263,252
REC2556,Indore,2024-12-23,Winter,10.5,49.4,25.2,W,1.8,67.3,71.7,51.1,8.9,0.18,30.2,Mixed,6.34,25,15.0,166,130
REC2557,Nagpur,2024-02-06,Winter,19.7,35.8,10.6,W,0.1,86.6,158.7,64.0,7.7,2.8,53.2,Green Zone,8.71,25,3.7,201,217
REC2558,Indore,2020-03-05,Summer,29.0,40.4,5.1,SE,3.7,55.1,78.5,26.9,13.2,0.89,46.1,Residential,0.83,16,10.0,157,135
REC2559,Kolkata,2022-12-03,Winter,27.0,67.7,19.6,SE,2.1,95.2,190.0,19.5,45.3,,31.9,Commercial,5.32,16,3.4,267,227
REC2560,Hyderabad,2021-09-23,Monsoon,27.2,81.2,3.7,NE,2.7,37.5,64.8,17.2,11.1,0.69,18.9,Commercial,2.04,10,4.7,131,94
REC2561,Ahmedabad,2022-12-11,Winter,14.5,32.7,3.7,E,4.8,124.0,157.1,24.9,36.9,1.16,64.8,Mixed,2.21,5,4.9,274,239
REC2562,Lucknow,2024-03-04,Summer,34.6,46.8,3.6,NW,0.7,127.6,214.8,71.5,12.8,4.09,22.3,Mixed,9.32,15,9.4,279,288
REC2563,Kolkata,2019-10-20,Post-Monsoon,21.4,49.8,33.7,SE,2.9,98.0,114.4,43.1,23.8,1.15,30.4,Commercial,3.84,19,12.8,177,203
REC2564,Ahmedabad,2023-07-20,Monsoon,24.2,74.0,8.3,NE,32.9,,12.8,8.7,5.0,0.34,8.2,Commercial,2.36,2,4.7,47,20
REC2565,Lucknow,2023-12-11,Winter,24.2,58.0,34.0,N,0.6,110.9,156.0,27.3,20.9,3.95,26.1,Residential,6.18,4,,185,202
REC2566,Kanpur,2023-04-22,Summer,20.5,46.6,14.4,SW,0.3,93.1,171.8,32.2,34.8,2.17,51.2,Residential,5.16,12,2.2,211,250
REC2567,Pune,2024-03-08,Summer,17.3,35.8,20.8,S,1.0,82.6,125.1,46.6,11.2,1.74,18.5,Commercial,4.13,28,6.6,155,157
REC2568,Kanpur,2022-11-16,Post-Monsoon,34.3,37.1,3.9,E,0.9,148.3,252.8,30.5,49.0,3.47,16.5,Green Zone,3.72,25,14.6,,344
REC2569,Patna,2022-06-18,Monsoon,29.6,,33.3,S,47.1,8.3,15.6,9.3,4.9,0.36,7.4,Industrial,4.31,29,10.9,20,20
REC2570,Patna,2020-11-19,Post-Monsoon,26.5,28.0,15.5,NE,4.0,133.6,181.0,10.6,39.4,4.1,85.0,Industrial,8.67,13,8.6,322,301
REC2571,Indore,2022-06-26,Monsoon,18.7,67.6,33.8,E,2.0,53.6,88.9,31.3,19.0,1.63,22.9,Mixed,9.49,19,10.7,111,128
REC2572,Kanpur,2020-06-19,Monsoon,26.8,83.1,29.3,SE,25.7,38.4,58.2,12.5,13.1,1.24,17.0,Industrial,5.37,29,4.9,68,72
REC2573,Surat,2019-07-17,Monsoon,25.2,80.7,34.9,W,32.1,8.3,12.7,8.7,4.4,0.35,8.2,Industrial,8.31,26,1.0,20,20
REC2574,Pune,2019-06-15,Monsoon,24.0,,34.4,S,44.8,7.5,15.9,10.0,4.5,,7.4,Mixed,2.73,7,6.4,48,20
REC2575,Chandigarh,2021-12-24,Winter,14.0,22.0,18.8,SW,4.5,29.6,46.3,19.4,10.8,0.43,11.2,Industrial,6.17,0,12.3,58,55
REC2576,Delhi,2021-05-27,Summer,25.4,30.4,15.1,S,4.2,85.6,160.9,23.5,26.5,2.63,45.9,Green Zone,0.53,10,11.9,173,205
REC2577,Pune,2024-05-17,Summer,30.4,25.2,29.2,E,1.5,32.7,,15.3,10.8,1.17,25.4,Commercial,7.93,22,6.8,70,74
REC2578,Kanpur,2022-12-04,Winter,11.1,35.4,9.0,SE,3.8,115.5,175.9,81.8,,3.55,95.5,Mixed,2.34,16,,324,284
REC2579,Patna,2024-11-09,Post-Monsoon,17.9,43.1,0.7,SW,0.1,171.7,192.8,82.3,35.1,3.21,59.2,Commercial,2.75,2,5.4,341,315
REC2580,Kolkata,2024-08-25,Monsoon,23.8,76.8,9.1,NW,47.1,9.0,16.3,9.1,4.4,0.39,8.8,Green Zone,2.53,20,12.4,20,20
REC2581,Kanpur,2020-08-16,Monsoon,29.2,87.2,8.0,E,37.9,36.0,46.0,27.1,14.4,0.4,20.8,Commercial,6.15,29,2.5,39,73
REC2582,Bhopal,2019-07-12,Monsoon,25.0,60.8,1.3,S,20.8,9.8,16.5,9.5,4.7,0.18,9.2,Industrial,1.45,10,13.7,,23
REC2583,Hyderabad,2024-12-27,Winter,14.1,48.5,6.4,W,0.7,69.3,127.8,19.6,25.8,1.45,19.8,Residential,4.01,2,13.5,150,157
REC2584,Jaipur,2020-11-01,Post-Monsoon,32.3,28.6,23.2,SE,3.5,68.3,93.5,23.1,,0.74,37.8,Industrial,1.84,23,11.7,104,128
REC2585,Hyderabad,2021-02-28,Winter,15.0,61.3,18.7,S,3.2,95.3,197.9,50.2,12.2,2.05,38.7,Residential,7.0,9,3.0,213,239
REC2586,Kolkata,2024-09-23,Monsoon,18.6,68.7,19.9,E,44.1,10.5,14.8,9.3,4.7,0.22,8.3,Mixed,3.6,2,8.2,46,20
REC2587,Nagpur,2019-08-18,Monsoon,26.6,76.8,33.1,NE,27.9,7.0,12.1,8.0,4.3,0.2,9.2,Residential,7.78,5,10.6,56,20
REC2588,Surat,2023-01-13,Winter,18.2,36.3,14.9,NE,3.3,50.3,96.0,29.9,16.6,0.18,27.8,Commercial,4.66,7,7.5,159,124
REC2589,Ahmedabad,2020-12-25,Winter,12.7,48.7,12.0,NW,3.1,110.3,,75.7,11.9,1.57,38.7,Commercial,5.98,10,0.6,232,201
REC2590,Lucknow,2023-11-04,Post-Monsoon,17.9,27.6,21.3,SW,3.3,84.5,86.2,32.3,21.1,1.27,46.3,Industrial,4.05,15,1.7,122,154
REC2591,Surat,2020-08-15,Monsoon,24.4,73.5,12.8,E,46.2,7.5,13.7,9.1,4.2,0.33,8.3,Green Zone,0.21,25,9.3,38,20
REC2592,Surat,2022-09-06,Monsoon,24.4,74.9,27.7,E,24.2,10.6,15.1,9.1,4.7,0.37,8.6,Mixed,2.0,21,2.4,20,20
REC2593,Nagpur,2020-10-08,Post-Monsoon,15.8,26.9,3.0,N,4.7,84.8,110.3,52.4,32.7,1.73,60.5,Industrial,5.09,15,2.4,233,196
REC2594,Jaipur,2021-07-02,Monsoon,25.9,100,19.8,E,35.4,9.1,17.0,8.9,4.2,0.16,9.2,Residential,8.84,19,5.0,37,20
REC2595,Kolkata,2021-06-23,Monsoon,28.3,50.7,8.6,W,31.8,48.1,70.9,29.2,8.8,0.4,30.8,Industrial,5.26,25,1.7,93,90
REC2596,Hyderabad,2019-11-06,Post-Monsoon,26.9,58.3,20.0,NE,3.9,42.6,62.1,27.6,15.9,0.42,14.1,Residential,8.02,5,13.3,134,95
REC2597,Bhopal,2019-09-10,Monsoon,25.1,68.5,29.7,NW,3.1,19.2,34.8,12.3,5.4,0.17,15.5,Mixed,8.46,7,12.2,47,54
REC2598,Bangalore,2019-01-14,Winter,22.4,46.9,28.4,NW,3.6,42.2,62.9,23.6,12.5,1.35,20.9,Industrial,5.18,22,8.6,107,101
REC2599,Mumbai,2021-04-08,Summer,30.3,22.2,29.2,NW,2.2,36.7,46.5,23.8,11.9,0.87,10.7,Residential,4.05,20,9.5,,67
REC2600,Delhi,2024-01-09,Winter,20.4,39.1,7.6,SW,1.5,165.9,270.4,,29.4,1.96,67.1,Green Zone,3.73,20,11.3,344,344
REC2601,Hyderabad,2023-04-14,Summer,29.3,55.3,1.5,E,4.3,59.4,89.6,,9.0,1.94,17.8,Commercial,1.58,2,1.9,111,117
REC2602,Hyderabad,2024-07-14,Monsoon,26.7,43.3,17.5,SE,30.2,9.6,11.3,9.2,4.7,0.36,8.7,Mixed,2.22,28,3.8,20,20
REC2603,Bhopal,2021-04-14,Summer,33.7,49.0,2.1,E,0.9,74.5,89.8,43.0,21.3,1.83,26.9,Industrial,4.37,28,6.2,123,151
REC2604,Lucknow,2022-04-14,Summer,26.4,56.3,,SW,3.5,94.4,138.5,91.3,32.5,1.41,12.1,Industrial,7.18,24,1.4,222,241
REC2605,Nagpur,2021-02-19,Winter,21.2,49.7,34.0,N,3.2,56.2,93.5,37.3,7.2,0.84,29.9,Residential,6.24,3,12.5,153,118
REC2606,Surat,2019-12-03,Winter,16.8,66.9,10.7,E,0.3,112.1,154.5,63.6,33.0,3.71,33.6,Industrial,3.58,7,7.7,224,213
REC2607,Surat,2023-01-23,Winter,20.4,45.0,0.8,E,2.5,132.5,172.6,82.6,19.6,3.62,88.1,Mixed,5.77,20,13.0,278,253
REC2608,Kanpur,2019-10-12,Post-Monsoon,23.6,38.5,6.5,W,2.9,175.4,238.9,114.2,37.8,4.22,87.4,Green Zone,6.47,18,7.3,392,354
REC2609,Indore,2020-07-17,Monsoon,31.9,,12.8,NE,36.6,10.8,15.3,9.6,4.5,0.37,9.0,Green Zone,4.54,15,9.3,25,20
REC2610,Delhi,2021-04-19,Summer,24.6,30.4,34.4,S,2.1,53.7,79.8,16.0,24.5,2.03,29.4,Commercial,1.22,1,9.8,130,142
REC2611,Chandigarh,2019-03-19,Summer,26.6,26.2,17.0,W,0.2,46.6,69.0,33.3,5.3,0.82,29.2,Green Zone,5.5,22,12.5,70,89
REC2612,Nagpur,2022-04-17,Summer,26.5,42.9,10.3,NW,2.1,76.2,88.2,59.4,14.3,1.58,47.7,Commercial,8.69,16,8.2,128,155
REC2613,Delhi,2019-10-02,Post-Monsoon,18.2,56.1,14.0,NW,1.7,131.8,195.6,37.7,37.2,4.15,40.6,Residential,1.24,9,0.5,312,277
REC2614,Nagpur,2023-11-05,Post-Monsoon,13.6,47.9,19.6,E,3.6,23.6,33.1,14.2,5.2,0.74,14.7,Industrial,4.05,10,5.3,75,46
REC2615,Patna,2023-08-08,Monsoon,,57.6,6.0,NW,21.9,57.8,68.3,28.7,9.7,0.89,16.7,Green Zone,3.78,29,4.5,90,123
REC2616,Jaipur,2023-03-25,Summer,38.1,29.5,19.2,NW,2.8,44.8,92.5,42.6,11.5,0.7,40.4,Mixed,4.29,27,13.5,159,121
REC2617,Patna,2021-02-13,Winter,24.8,32.3,34.7,SW,2.0,80.3,174.9,38.3,29.2,3.29,71.7,Green Zone,7.35,11,12.8,220,226
REC2618,Pune,2022-07-02,Monsoon,23.3,43.5,10.6,W,25.2,9.9,13.7,,4.2,0.24,8.0,Green Zone,4.95,6,1.5,28,20
REC2619,Nagpur,2020-10-23,Post-Monsoon,22.6,56.4,2.7,W,1.7,93.4,98.8,37.0,33.7,0.32,37.0,Industrial,1.48,25,9.4,208,172
REC2620,Lucknow,2019-06-09,Monsoon,27.5,76.1,7.9,N,12.5,54.6,72.7,48.5,17.2,0.87,37.8,Commercial,7.49,13,6.4,123,132
REC2621,Kolkata,2020-01-20,Winter,19.7,65.8,18.4,NE,3.3,,,62.0,19.6,1.95,55.1,Industrial,0.33,23,,220,236
REC2622,Jaipur,2023-06-16,Monsoon,24.2,64.4,20.2,SW,46.5,9.5,11.8,8.7,4.3,0.17,7.3,Industrial,,28,14.7,45,20
REC2623,Lucknow,2024-02-13,Winter,16.1,51.3,10.6,NE,1.8,136.3,248.2,129.6,10.3,0.1,33.0,Commercial,7.12,22,8.3,424,388
REC2624,Ahmedabad,2023-12-06,Winter,17.5,62.2,4.2,E,4.5,110.1,134.1,13.5,39.6,1.52,50.5,Industrial,0.5,28,14.5,199,235
REC2625,Chennai,2023-08-09,Monsoon,19.8,83.4,19.5,SW,36.5,8.7,17.0,8.5,4.5,0.17,9.5,Green Zone,8.48,0,2.1,20,20
REC2626,Ahmedabad,2021-06-23,Monsoon,,98.0,12.3,E,32.0,10.8,14.1,9.9,4.9,0.39,9.1,Commercial,2.63,21,9.0,20,21
REC2627,Jaipur,2019-12-04,Winter,20.1,50.1,0.8,SW,1.1,124.6,226.2,116.6,24.4,2.77,14.8,Industrial,9.88,27,7.3,349,324
REC2628,Mumbai,2019-02-10,Winter,20.0,,13.8,E,1.5,120.5,186.5,23.7,48.9,2.83,75.2,Green Zone,4.55,15,5.8,272,267
REC2629,Indore,2024-03-05,Summer,31.2,50.1,2.2,E,4.8,66.8,99.8,50.4,26.3,2.36,43.5,Residential,6.61,6,1.5,150,141
REC2630,Surat,2022-08-15,Monsoon,29.9,93.4,6.9,SW,4.7,22.0,22.6,13.2,6.2,0.52,11.0,Commercial,0.35,5,8.9,43,40
REC2631,Mumbai,2024-10-17,Post-Monsoon,17.6,31.3,0.7,SE,0.8,72.5,108.3,35.4,24.1,1.81,55.5,Industrial,1.59,24,6.7,174,167
REC2632,Kanpur,2024-03-07,Summer,33.4,51.6,27.3,SE,4.2,109.5,158.6,79.7,14.2,0.26,10.6,Industrial,1.15,24,5.4,204,213
REC2633,Indore,2024-09-10,Monsoon,25.8,66.6,19.7,S,9.6,9.2,14.3,8.5,4.6,0.14,8.6,Industrial,0.38,6,13.4,60,20
REC2634,Mumbai,2021-04-28,Summer,26.2,46.3,21.1,W,4.9,38.1,71.9,16.8,8.1,1.24,15.0,Commercial,,18,7.6,129,108
REC2635,Delhi,2019-12-22,Winter,18.5,33.4,8.0,W,2.9,180.9,,109.8,17.7,6.79,74.2,Commercial,6.62,13,2.5,384,381
REC2636,Delhi,2022-05-15,Summer,27.4,59.7,25.1,N,0.8,107.2,150.7,80.5,10.6,1.27,59.2,Industrial,0.53,4,1.2,199,202
REC2637,Bhopal,2021-02-24,Winter,16.7,34.0,16.7,W,2.0,61.4,116.1,44.1,9.0,0.47,15.4,Green Zone,4.64,16,7.9,113,148
REC2638,Delhi,2024-09-18,Monsoon,27.7,73.4,11.1,W,30.7,56.6,88.8,15.3,21.3,2.11,15.4,Commercial,7.62,23,7.4,112,109
REC2639,Patna,2020-08-11,Monsoon,20.2,76.3,10.8,E,6.9,78.5,119.9,38.0,7.6,1.02,48.7,Commercial,6.55,23,,187,190
REC2640,Nagpur,2020-03-27,Summer,20.5,33.2,20.0,SW,1.2,110.9,169.0,35.4,32.6,0.39,46.3,Commercial,9.14,24,12.5,243,220
REC2641,Surat,2019-02-04,Winter,21.7,46.6,23.4,S,4.1,68.5,87.0,18.9,24.1,0.26,27.1,Residential,3.15,5,2.2,188,148
REC2642,Surat,2023-09-06,Monsoon,25.9,82.6,21.7,W,33.5,9.9,15.6,9.5,4.1,0.23,7.3,Commercial,3.66,13,1.7,20,20
REC2643,Delhi,2022-05-11,Summer,16.9,51.9,1.8,NE,3.5,135.6,231.3,95.5,31.9,2.83,14.9,Mixed,7.66,15,7.6,295,293
REC2644,Lucknow,2021-02-25,Winter,24.8,34.5,19.6,NW,3.2,91.5,141.2,64.4,29.6,2.66,33.0,Commercial,4.71,0,8.4,219,219
REC2645,Hyderabad,2022-01-22,Winter,18.2,50.8,23.4,SE,2.2,70.6,115.0,35.6,24.1,1.52,13.9,Mixed,5.96,20,11.0,177,162
REC2646,Surat,2020-02-06,Winter,10.1,50.7,15.1,W,2.9,84.4,145.2,11.6,28.1,0.55,61.2,Commercial,0.6,28,2.1,261,223
REC2647,Indore,2022-03-01,Summer,25.2,76.0,12.9,NW,4.9,34.0,47.7,30.0,,0.78,17.7,Industrial,2.72,13,4.4,101,77
REC2648,Patna,2020-05-28,Summer,19.3,52.8,9.2,E,3.3,91.9,133.3,35.8,21.7,2.42,60.7,Mixed,4.53,0,13.4,252,234
REC2649,Surat,2019-01-17,Winter,23.0,50.9,33.8,N,4.5,72.7,97.3,39.4,22.0,2.75,41.1,Commercial,6.36,15,6.1,152,141
REC2650,Patna,2020-04-08,Summer,34.3,56.9,16.5,E,4.3,98.8,122.5,48.0,25.8,2.63,39.1,Residential,0.55,8,4.8,185,184
REC2651,Lucknow,2023-03-27,Summer,23.3,55.5,23.5,N,3.1,73.0,87.6,52.9,27.6,0.91,49.4,Residential,3.3,5,8.9,140,145
REC2652,Mumbai,2019-01-03,Winter,19.7,24.9,15.4,N,4.5,142.6,160.4,13.9,7.5,0.57,43.4,Green Zone,8.72,28,,285,261
REC2653,Chennai,2020-09-02,Monsoon,22.6,70.1,15.7,NE,43.2,11.0,15.0,9.6,4.8,0.34,9.7,Industrial,5.03,10,3.5,51,20
REC2654,Kolkata,2024-06-06,Monsoon,,90.7,26.6,NE,20.8,7.2,13.0,8.3,,0.2,7.1,Green Zone,0.53,28,3.4,20,20
REC2655,Jaipur,2022-04-23,Summer,30.0,22.7,23.4,SW,2.9,50.6,74.8,39.9,24.0,2.0,17.6,Commercial,4.44,12,3.9,,126
REC2656,Kolkata,2020-12-18,Winter,21.0,60.7,2.4,SW,0.3,148.5,201.8,79.1,28.1,1.47,68.8,Mixed,4.43,9,2.1,296,311
REC2657,Hyderabad,2022-06-20,Monsoon,26.0,84.1,29.1,SW,31.2,10.4,12.0,9.4,5.0,0.28,10.0,Industrial,5.38,0,5.1,20,20
REC2658,Ahmedabad,2020-07-21,Monsoon,27.6,74.9,33.8,SW,20.2,11.7,16.4,9.9,4.9,0.43,8.8,Industrial,9.09,13,13.6,20,24
REC2659,Kanpur,2024-05-19,Summer,23.7,60.6,2.3,S,1.2,111.8,169.0,100.6,23.3,2.41,15.4,Commercial,7.61,0,11.8,260,276
REC2660,Bhopal,2020-10-19,Post-Monsoon,16.9,50.0,12.6,NE,0.5,60.9,100.8,45.0,14.8,0.86,36.5,Green Zone,7.44,0,1.7,120,127
REC2661,Indore,2019-06-20,Monsoon,26.4,66.0,32.3,N,12.9,13.0,23.5,11.2,5.7,0.13,10.1,Residential,7.21,30,2.2,42,29
REC2662,Kolkata,2023-10-02,Post-Monsoon,22.3,56.3,5.2,NE,3.3,109.1,177.4,70.0,47.7,3.43,78.7,Commercial,3.81,7,5.0,294,264
REC2663,Ahmedabad,2023-07-19,Monsoon,27.2,84.9,24.8,SE,30.6,9.3,12.0,9.4,4.2,0.29,8.4,Residential,6.27,16,14.9,35,20
REC2664,Bhopal,2023-04-25,Summer,25.9,48.1,8.9,W,4.6,71.9,108.3,30.0,20.9,0.83,30.5,Mixed,6.76,21,9.8,109,149
REC2665,Ahmedabad,2019-11-16,Post-Monsoon,24.3,22.8,28.4,SW,1.0,76.9,116.6,61.1,23.4,2.83,47.7,Industrial,8.97,27,11.1,199,209
REC2666,Lucknow,2020-11-12,Post-Monsoon,29.7,50.2,1.3,W,2.1,110.4,251.0,53.2,52.3,5.89,48.4,Industrial,7.94,19,4.5,286,310
REC2667,Chennai,2022-09-21,Monsoon,24.6,96.9,15.4,E,24.8,26.9,31.1,20.3,10.5,0.35,18.0,Residential,8.69,24,8.8,34,56
REC2668,Bangalore,2024-10-02,Post-Monsoon,22.5,63.6,8.1,N,0.9,95.0,127.8,25.6,32.4,0.75,44.7,Commercial,5.72,20,8.0,227,197
REC2669,Patna,2021-08-20,Monsoon,22.8,72.4,7.4,NE,43.8,23.0,29.9,17.5,9.1,0.12,13.4,Industrial,6.13,10,2.9,,47
REC2670,Surat,2021-05-22,Summer,26.9,37.0,31.4,SE,2.3,65.7,76.0,44.9,21.6,0.6,38.7,Residential,7.45,23,7.7,150,137
REC2671,Chennai,2023-05-09,Summer,38.8,48.8,,SE,3.4,47.2,67.1,23.1,16.8,0.63,17.7,Residential,0.32,23,3.3,130,91
REC2672,Ahmedabad,2019-09-27,Monsoon,20.8,92.2,29.2,E,39.2,7.9,16.4,9.3,4.3,0.16,8.5,Residential,0.91,2,3.2,20,20
REC2673,Kanpur,2019-02-02,Winter,25.0,38.2,21.4,SE,4.5,140.1,193.8,29.0,21.2,2.74,55.8,Mixed,6.04,0,13.4,277,266
REC2674,Chennai,2023-08-27,Monsoon,29.9,78.3,9.7,NW,39.1,7.8,14.3,10.0,5.0,0.27,8.4,Residential,1.38,6,4.0,21,20
REC2675,Mumbai,2021-10-05,Post-Monsoon,27.6,30.9,8.1,E,0.1,151.5,208.6,95.9,33.4,5.17,66.7,Commercial,9.5,10,5.6,283,301
REC2676,Patna,2024-08-13,Monsoon,21.6,76.5,34.7,N,7.8,42.7,67.2,31.2,9.9,0.23,14.4,Green Zone,7.15,24,10.6,71,85
REC2677,Mumbai,2020-10-15,Post-Monsoon,23.5,60.3,6.3,S,4.0,69.1,138.8,29.8,6.7,1.51,66.2,Industrial,3.23,14,0.7,230,194
REC2678,Mumbai,2022-05-24,Summer,30.5,52.0,7.2,S,4.2,63.8,99.4,51.7,26.1,2.49,19.4,Green Zone,6.46,17,2.8,191,160
REC2679,Jaipur,2020-03-08,Summer,34.8,25.2,25.3,NE,1.0,55.1,103.9,33.6,19.6,2.12,44.8,Commercial,5.91,27,11.5,134,145
REC2680,Chennai,2023-10-27,Post-Monsoon,26.2,20.4,3.7,N,1.4,87.6,134.7,33.7,36.9,0.26,69.7,Industrial,6.28,21,1.1,194,219
REC2681,Kanpur,2024-11-24,Post-Monsoon,25.6,30.2,6.3,SE,1.6,135.1,274.6,88.1,40.8,4.48,30.1,Mixed,7.62,26,14.2,383,358
REC2682,Jaipur,2019-10-15,Post-Monsoon,22.5,44.8,15.0,SE,2.2,91.2,146.5,18.1,22.4,0.58,16.5,Mixed,2.85,14,7.0,200,195
REC2683,Ahmedabad,2023-12-18,Winter,17.1,67.7,7.4,E,2.4,,173.4,29.0,18.1,1.04,37.8,Mixed,9.24,1,5.9,198,222
REC2684,Chandigarh,2022-07-07,Monsoon,25.4,97.1,26.8,E,27.3,7.5,12.9,9.7,4.7,0.39,8.5,Industrial,7.35,18,4.2,20,20
REC2685,Lucknow,2020-04-26,Summer,24.6,27.3,12.9,S,1.0,54.0,107.4,15.5,17.9,1.39,31.7,Mixed,1.92,10,5.1,101,138
REC2686,Patna,2021-09-14,Monsoon,21.2,77.8,,E,27.8,78.4,101.3,,12.1,2.45,20.4,Industrial,9.29,21,13.4,178,149
REC2687,Mumbai,2022-05-23,Summer,36.0,51.0,21.7,E,0.8,78.1,,54.1,9.8,0.77,71.1,Commercial,8.58,29,6.6,217,207
REC2688,Jaipur,2019-01-02,Winter,13.0,65.4,16.6,NE,4.0,100.8,125.5,25.6,27.2,2.68,20.8,Green Zone,4.99,14,14.2,199,204
REC2689,Bangalore,2019-08-16,Monsoon,28.1,74.2,32.8,NE,46.6,7.4,14.1,8.2,4.0,0.36,8.5,Residential,9.59,28,3.9,45,20
REC2690,Bhopal,2020-04-07,Summer,32.3,33.9,24.0,W,2.5,71.6,97.2,24.3,11.1,2.25,28.5,Residential,7.77,24,11.2,160,144
REC2691,Ahmedabad,2022-02-19,Winter,26.7,71.4,21.4,NW,1.7,93.3,127.3,43.4,8.2,2.72,23.5,Mixed,3.6,3,11.5,180,204
REC2692,Hyderabad,2021-03-04,Summer,22.5,37.2,,S,3.1,56.9,60.3,19.7,8.9,0.7,32.2,Residential,5.56,12,13.8,75,104
REC2693,Nagpur,2019-07-27,Monsoon,24.1,80.1,33.3,SW,0.1,9.4,18.7,10.2,,0.37,9.6,Mixed,7.36,2,9.5,41,26
REC2694,Hyderabad,2019-09-16,Monsoon,26.4,100,1.1,W,40.5,10.0,13.6,9.4,4.2,0.28,7.8,Industrial,1.16,18,12.3,59,20
REC2695,Pune,2023-05-02,Summer,33.1,46.5,2.2,NW,1.3,93.3,118.8,10.7,34.4,1.95,24.8,Green Zone,8.66,13,13.7,166,192
REC2696,Bhopal,2020-01-08,Winter,14.9,60.7,28.1,E,1.6,73.8,131.3,11.2,17.2,0.72,54.4,Industrial,8.02,11,13.1,157,175
REC2697,Hyderabad,2021-09-01,Monsoon,,84.4,33.1,SE,49.7,9.0,13.3,8.6,4.0,,8.3,Green Zone,4.55,11,3.0,55,20
REC2698,Patna,2019-09-15,Monsoon,19.9,81.4,15.4,E,48.7,,15.5,9.4,4.2,0.26,9.1,Industrial,1.93,11,7.6,27,20
REC2699,Bhopal,2024-09-17,Monsoon,18.4,,9.3,SW,14.8,40.7,54.7,25.7,15.4,0.11,19.2,Mixed,8.95,1,8.6,75,90
REC2700,Nagpur,2023-08-11,Monsoon,26.6,,33.0,SE,28.0,9.1,15.1,8.0,4.5,0.1,9.3,Industrial,9.07,12,14.1,,20
REC2701,Mumbai,2019-11-16,Post-Monsoon,22.9,32.1,16.4,SE,3.6,88.8,145.2,57.5,16.9,1.48,14.9,Commercial,6.18,2,11.2,140,178
REC2702,Surat,2023-05-12,Summer,25.0,66.1,1.7,W,1.9,79.6,119.3,,9.3,1.53,10.9,Industrial,5.98,24,2.2,174,154
REC2703,Lucknow,2022-01-10,Winter,19.4,60.9,8.0,N,2.6,161.8,275.1,100.6,66.0,0.72,82.7,Industrial,3.57,29,12.2,368,352
REC2704,Chandigarh,2024-12-19,Winter,17.8,33.8,17.2,SE,0.4,40.8,67.0,,9.8,1.33,10.3,Industrial,2.91,17,9.1,108,89
REC2705,Indore,2021-11-11,Post-Monsoon,25.4,41.0,,W,1.5,55.1,80.0,19.5,5.2,0.78,13.4,Green Zone,3.69,10,7.6,138,107
REC2706,Indore,2019-03-12,Summer,33.7,30.4,13.2,E,2.1,73.4,81.1,26.5,10.9,1.87,27.9,Industrial,3.01,11,11.9,105,137
REC2707,Lucknow,2021-04-10,Summer,31.8,19.5,7.0,E,4.2,86.2,165.1,55.6,11.0,3.25,25.7,Mixed,9.67,29,5.4,190,197
REC2708,Ahmedabad,2020-10-28,Post-Monsoon,20.0,32.5,31.2,SW,1.6,40.3,64.8,34.1,16.4,0.57,32.5,Residential,0.8,19,6.8,123,94
REC2709,Lucknow,2020-09-21,Monsoon,27.4,,5.9,NE,30.4,32.9,48.7,13.2,9.7,0.19,13.2,Commercial,3.25,20,2.2,86,68
REC2710,Indore,2021-02-10,Winter,15.2,53.4,18.7,NE,3.8,42.0,50.5,21.6,8.7,0.28,12.0,Green Zone,1.97,2,5.9,96,79
REC2711,Mumbai,2020-12-01,Winter,15.4,30.1,30.6,S,3.7,104.7,135.5,14.4,31.8,0.64,31.2,Commercial,9.51,6,9.3,181,201
REC2712,Nagpur,2022-08-01,Monsoon,24.7,79.4,2.7,NE,25.6,52.8,73.1,17.4,16.0,0.59,21.8,Green Zone,8.39,18,5.0,78,102
REC2713,Nagpur,2019-07-06,Monsoon,21.3,76.1,19.5,E,18.0,10.7,12.4,9.7,4.1,0.33,7.2,Industrial,5.37,22,9.0,20,20
REC2714,Bangalore,2022-03-02,Summer,27.1,42.0,14.7,SW,4.4,16.8,29.6,13.5,6.5,0.19,13.4,Mixed,5.6,3,3.2,20,39
REC2715,Patna,2023-05-09,Summer,37.3,56.2,34.9,NW,0.0,88.4,127.9,60.4,9.2,2.49,67.5,Mixed,9.02,9,13.5,187,193
REC2716,Chennai,2023-09-06,Monsoon,26.3,79.3,21.5,S,27.4,8.6,13.4,8.6,4.8,0.36,9.8,Commercial,1.68,21,7.6,20,20
REC2717,Pune,2019-07-20,Monsoon,29.5,66.8,14.0,SE,43.4,10.7,16.1,9.8,4.7,0.35,8.4,Green Zone,9.57,4,4.7,20,20
REC2718,Bangalore,2020-06-19,Monsoon,25.5,90.8,21.4,NW,21.5,7.2,12.0,8.2,4.1,0.34,9.5,Residential,2.07,6,4.2,58,20
REC2719,Nagpur,2021-11-03,Post-Monsoon,29.9,21.4,12.1,SW,0.2,115.7,182.4,18.9,25.3,2.62,15.8,Mixed,8.18,19,9.7,293,254
REC2720,Patna,2019-11-01,Post-Monsoon,25.4,34.6,9.2,S,1.3,162.4,199.7,93.0,47.0,4.85,81.4,Residential,,12,14.5,326,308
REC2721,Chandigarh,2024-12-20,Winter,27.6,53.4,29.9,SW,3.8,24.3,32.7,13.3,6.3,0.79,14.2,Industrial,2.91,8,10.1,88,56
REC2722,Ahmedabad,2022-10-27,Post-Monsoon,23.2,44.8,15.7,S,4.5,74.9,86.1,21.7,22.4,2.08,40.8,Commercial,1.91,11,6.3,,139
REC2723,Kanpur,2019-01-12,Winter,19.3,58.2,27.2,SE,3.7,142.8,192.9,59.5,53.5,1.59,14.0,Mixed,4.93,12,2.4,255,275
REC2724,Chandigarh,2024-09-17,Monsoon,14.4,67.9,11.8,SE,0.6,40.7,64.3,28.0,7.9,1.02,31.3,Green Zone,5.95,30,5.5,55,94
REC2725,Nagpur,2019-01-28,Winter,23.5,34.6,17.1,E,3.9,96.1,120.9,23.3,8.0,1.55,13.0,Green Zone,8.14,15,,138,177
REC2726,Chennai,2020-10-14,Post-Monsoon,31.6,,34.7,S,3.5,46.4,64.3,11.3,9.9,1.45,30.0,Commercial,2.53,27,14.3,63,91
REC2727,Patna,2021-09-18,Monsoon,27.1,65.2,12.1,E,29.7,8.4,16.5,9.0,4.3,,8.9,Mixed,0.53,1,5.2,20,20
REC2728,Hyderabad,2023-05-09,Summer,25.6,37.7,3.2,NW,0.1,99.8,186.9,29.9,24.6,0.67,30.1,Residential,5.0,27,10.2,231,233
REC2729,Lucknow,2022-09-27,Monsoon,24.5,72.1,16.9,S,12.3,94.4,155.3,28.5,39.5,0.16,35.4,Commercial,6.04,27,3.4,163,200
REC2730,Delhi,2024-08-10,Monsoon,29.7,66.5,4.2,NE,9.4,96.8,143.7,51.9,17.9,0.74,16.6,Green Zone,0.18,21,3.2,197,182
REC2731,Kanpur,2023-06-27,Monsoon,25.3,56.6,15.7,NE,36.7,9.0,15.1,,4.9,0.22,7.7,Mixed,1.32,12,10.1,49,20
REC2732,Jaipur,2020-06-21,Monsoon,25.3,77.5,4.7,W,43.5,9.4,16.4,8.4,4.1,0.22,7.6,Green Zone,4.32,14,7.3,39,20
REC2733,Jaipur,2020-09-09,Monsoon,29.2,92.0,9.0,W,27.1,8.8,17.1,9.6,4.7,0.18,9.0,Green Zone,3.53,27,2.8,36,23
REC2734,Patna,2021-01-28,Winter,14.9,57.5,9.6,E,3.4,107.1,135.6,,42.9,3.82,39.2,Residential,1.97,0,14.9,231,241
REC2735,Kolkata,2024-09-02,Monsoon,28.2,100,4.9,SW,19.3,34.7,64.1,28.3,12.2,0.63,22.3,Residential,3.97,11,7.0,,81
REC2736,Delhi,2022-09-13,Monsoon,21.3,72.8,33.5,E,25.7,24.1,38.1,14.3,9.2,0.28,13.6,Green Zone,6.05,11,5.1,58,46
REC2737,Nagpur,2023-02-24,Winter,22.8,30.0,19.0,W,3.1,109.8,121.5,42.8,6.1,1.05,32.0,Green Zone,9.74,4,0.9,215,203
REC2738,Bangalore,2023-03-24,Summer,25.2,59.3,29.0,SE,2.7,39.8,58.1,20.6,14.7,0.96,26.0,Green Zone,7.06,23,,82,81
REC2739,Pune,2021-08-07,Monsoon,22.2,74.0,10.1,NW,2.6,32.2,49.2,10.9,7.2,0.79,20.8,Residential,0.53,26,4.3,39,61
REC2740,Patna,2022-05-20,Summer,27.8,25.0,17.2,W,3.9,73.5,148.9,,26.8,2.47,26.5,Green Zone,4.81,4,7.7,205,181
REC2741,Ahmedabad,2022-03-19,Summer,23.1,31.4,26.3,S,0.3,52.6,116.0,12.4,12.6,2.68,41.9,Industrial,9.79,19,12.1,,141
REC2742,Surat,2021-09-08,Monsoon,17.7,60.4,6.5,N,13.8,37.2,64.7,27.1,14.5,1.6,21.6,Mixed,8.49,20,4.7,42,81
REC2743,Hyderabad,2020-07-01,Monsoon,21.2,89.1,18.5,S,15.6,9.0,13.6,8.8,4.9,0.1,8.8,Commercial,1.08,14,11.6,20,20
REC2744,Bangalore,2023-06-18,Monsoon,20.8,,34.5,SE,28.5,9.5,12.4,8.8,,0.35,9.7,Mixed,0.56,17,5.9,27,20
REC2745,Hyderabad,2019-01-23,Winter,11.3,59.0,16.9,E,4.8,92.1,147.8,11.9,16.9,,22.7,Green Zone,8.26,20,14.1,246,225
REC2746,Chennai,2024-02-16,Winter,,35.2,27.2,W,2.1,44.4,80.6,14.3,11.3,0.4,37.1,Industrial,3.76,5,1.5,108,117
REC2747,Mumbai,2022-04-06,Summer,26.6,33.8,16.8,NW,3.6,56.8,100.5,32.2,11.2,0.29,42.4,Industrial,2.98,21,14.1,133,134
REC2748,Delhi,2023-01-16,Winter,16.8,57.8,25.4,E,1.5,100.0,,64.7,20.5,0.54,86.6,Commercial,4.96,2,10.8,280,264
REC2749,Chennai,2024-08-10,Monsoon,23.1,71.8,13.5,S,6.3,44.5,57.4,12.0,14.6,0.85,16.5,Residential,2.7,24,14.0,96,98
REC2750,Ahmedabad,2023-07-03,Monsoon,19.8,72.0,29.5,NE,8.0,53.5,87.6,31.2,7.7,1.25,10.3,Green Zone,5.35,20,1.4,71,107
REC2751,Kanpur,2023-04-13,Summer,27.9,34.6,,NW,4.0,100.6,163.4,25.4,27.5,3.61,29.4,Industrial,10.0,2,8.7,232,210
REC2752,Jaipur,2024-01-26,Winter,13.3,44.7,25.3,N,1.7,72.8,83.6,55.7,17.3,0.19,33.3,Industrial,0.84,20,4.7,178,146
REC2753,Nagpur,2022-02-24,Winter,16.5,74.9,13.9,N,3.4,87.9,176.8,64.4,20.4,2.16,63.8,Industrial,9.07,11,5.5,226,211
REC2754,Kanpur,2019-12-13,Winter,12.4,15.8,25.5,NW,0.9,160.4,207.8,27.3,57.6,4.34,74.4,Commercial,5.2,21,14.2,307,323
REC2755,Bangalore,2022-07-10,Monsoon,19.7,64.4,27.9,NE,42.5,9.5,14.7,8.4,4.4,0.25,7.3,Mixed,0.4,13,8.4,30,20
REC2756,Ahmedabad,2023-06-12,Monsoon,15.4,60.6,26.6,SW,46.4,8.7,11.0,9.8,4.8,0.13,9.7,Green Zone,7.13,20,12.3,47,20
REC2757,Surat,2024-12-28,Winter,32.8,39.1,34.5,W,0.8,44.1,74.8,16.4,6.8,0.14,23.0,Commercial,4.59,17,10.2,135,113
REC2758,Jaipur,2022-09-09,Monsoon,21.5,100,13.2,S,32.7,39.2,67.1,33.7,9.9,1.59,24.6,Industrial,6.43,25,11.0,73,103
REC2759,Indore,2023-03-15,Summer,23.1,49.7,1.3,N,1.3,75.6,147.3,56.1,15.7,3.48,18.6,Mixed,5.03,12,0.8,193,187
REC2760,Indore,2022-05-12,Summer,24.7,22.8,2.0,W,4.8,29.7,61.0,21.6,8.2,0.69,10.0,Industrial,0.42,6,7.8,41,74
REC2761,Ahmedabad,2019-04-10,Summer,29.6,52.8,29.0,NW,0.8,38.2,82.3,36.5,13.7,,28.2,Commercial,0.14,18,7.7,76,97
REC2762,Mumbai,2021-10-02,Post-Monsoon,27.9,48.4,6.0,NE,1.2,167.9,171.1,57.1,10.2,5.56,12.0,Residential,8.96,24,12.6,270,307
REC2763,Kolkata,2023-08-08,Monsoon,24.7,67.6,11.1,SW,31.5,,22.5,12.6,6.4,0.26,11.6,Mixed,0.31,24,11.2,20,36
REC2764,Patna,2019-02-24,Winter,,44.7,4.3,NW,1.4,173.2,268.0,121.9,63.6,0.39,51.3,Residential,8.56,2,2.3,358,331
REC2765,Pune,2021-04-19,Summer,27.6,80.6,18.6,E,2.3,28.5,41.1,27.5,8.6,0.1,20.5,Green Zone,3.25,13,7.1,38,72
REC2766,Surat,2020-02-12,Winter,23.1,49.5,7.7,S,0.7,88.5,177.9,32.8,10.2,2.57,83.4,Commercial,5.78,29,15.0,208,242
REC2767,Bhopal,2024-12-09,Winter,24.3,60.5,32.1,S,3.8,72.2,121.1,,25.0,0.72,38.6,Green Zone,8.54,30,2.1,137,158
REC2768,Bhopal,2023-04-20,Summer,24.1,34.6,5.7,NW,4.3,58.1,83.2,39.4,19.0,1.68,23.6,Green Zone,2.0,24,14.0,143,139
REC2769,Kanpur,2024-12-17,Winter,24.9,70.5,13.2,SW,3.9,185.2,258.4,30.5,15.2,5.35,73.9,Mixed,8.3,15,8.7,338,364
REC2770,Mumbai,2023-11-25,Post-Monsoon,30.0,62.6,9.9,E,0.3,88.0,118.4,,37.2,3.01,51.7,Commercial,2.4,25,9.0,195,208
REC2771,Lucknow,2019-05-13,Summer,29.4,19.3,34.0,E,3.6,42.3,85.2,39.5,13.5,0.5,25.8,Green Zone,4.58,3,3.6,137,112
REC2772,Lucknow,2024-12-14,Winter,6.4,,33.8,NW,3.0,124.1,142.9,81.5,25.8,2.59,36.6,Mixed,2.43,26,14.2,236,242
REC2773,Ahmedabad,2021-12-23,Winter,11.6,47.6,13.7,E,4.4,95.6,,82.3,29.3,3.68,78.6,Residential,3.43,29,14.2,206,241
REC2774,Pune,2021-07-01,Monsoon,20.9,81.3,21.1,NE,22.4,23.8,36.9,17.4,9.1,0.64,16.1,Green Zone,9.41,28,11.9,66,50
REC2775,Ahmedabad,2021-02-15,Winter,17.2,60.4,31.9,SW,4.0,81.1,95.4,59.5,27.7,1.98,56.3,Industrial,3.3,3,5.7,199,165
REC2776,Bangalore,2022-03-05,Summer,22.5,58.6,24.8,W,2.2,12.7,,10.5,5.7,0.33,10.1,Green Zone,5.69,5,4.0,20,29
REC2777,Pune,2021-10-16,Post-Monsoon,25.4,43.5,31.9,NW,2.2,8.4,12.4,9.9,,0.38,8.8,Commercial,2.13,11,4.6,20,20
REC2778,Bhopal,2024-09-17,Monsoon,25.0,58.4,7.8,SE,39.4,,14.0,8.6,4.0,0.25,7.4,Green Zone,7.21,18,10.3,31,20
REC2779,Patna,2019-10-15,Post-Monsoon,25.4,37.5,16.9,SW,2.8,117.8,206.8,112.8,27.7,3.01,23.7,Industrial,3.49,28,12.3,258,284
REC2780,Chennai,2022-10-17,Post-Monsoon,29.3,59.8,26.3,NE,2.4,47.1,63.1,16.7,10.6,0.58,14.8,Residential,1.69,9,0.9,140,102
REC2781,Mumbai,2022-05-06,Summer,32.5,29.9,4.9,SE,2.9,70.1,145.5,63.0,16.9,2.68,20.7,Residential,1.15,15,3.0,214,188
REC2782,Delhi,2019-11-24,Post-Monsoon,22.9,34.1,14.1,N,2.5,178.6,228.7,95.5,30.3,0.57,38.6,Residential,9.37,24,,330,351
REC2783,Bangalore,2023-05-08,Summer,31.5,56.9,34.8,N,1.7,42.4,62.0,26.1,13.0,0.57,26.1,Commercial,5.29,29,7.0,132,101
REC2784,Delhi,2019-01-03,Winter,15.3,43.4,33.1,S,1.7,,266.7,58.8,41.8,4.9,54.1,Commercial,7.02,13,14.6,292,323
REC2785,Pune,2022-01-15,Winter,22.2,52.5,34.8,W,4.9,35.0,43.6,12.8,12.1,1.27,16.4,Green Zone,9.04,2,14.2,98,74
REC2786,Bhopal,2020-09-12,Monsoon,19.7,82.7,2.9,S,1.0,47.3,63.4,,11.0,0.41,25.8,Green Zone,3.27,24,8.3,115,109
REC2787,Nagpur,2020-08-22,Monsoon,23.6,95.0,27.6,S,9.4,9.8,17.3,10.4,5.1,0.36,9.2,Industrial,9.89,7,5.6,20,26
REC2788,Kolkata,2023-09-12,Monsoon,27.5,,32.8,S,4.9,14.8,27.5,12.0,5.8,0.44,12.1,Residential,0.11,3,9.8,37,37
REC2789,Indore,2020-06-20,Monsoon,15.3,91.0,17.3,NE,24.0,8.2,14.3,8.6,4.2,0.27,7.1,Commercial,0.61,21,9.4,30,20
REC2790,Lucknow,2023-09-22,Monsoon,35.7,77.8,10.9,NE,10.5,60.7,122.4,10.1,8.3,0.96,48.9,Mixed,3.82,27,11.2,125,151
REC2791,Bhopal,2020-12-01,Winter,25.7,,7.2,SE,3.1,,129.1,20.6,30.7,3.56,38.8,Residential,,16,14.3,180,189
REC2792,Pune,2023-02-28,Winter,14.1,39.2,20.5,NE,3.1,56.4,,,16.6,0.44,18.9,Green Zone,5.93,14,1.0,130,108
REC2793,Bhopal,2022-06-09,Monsoon,16.7,62.4,0.8,S,16.7,20.9,31.4,18.5,7.4,0.68,14.2,Mixed,6.39,11,13.8,80,55
REC2794,Indore,2019-11-14,Post-Monsoon,19.8,,33.7,SW,1.9,14.8,,10.7,5.1,0.55,10.3,Commercial,3.41,2,4.8,20,30
REC2795,Surat,2021-09-16,Monsoon,29.0,78.4,18.8,NW,11.6,32.3,48.6,21.0,7.7,0.96,11.3,Industrial,8.49,20,6.4,82,65
REC2796,Lucknow,2019-03-21,Summer,25.6,50.9,25.2,NE,4.5,92.5,134.0,43.7,28.7,4.51,75.8,Industrial,6.64,9,9.5,250,236
REC2797,Kolkata,2021-09-18,Monsoon,28.4,54.3,8.5,E,10.9,61.4,87.0,20.4,9.2,2.15,11.2,Green Zone,4.77,8,5.2,152,131
REC2798,Mumbai,2020-01-12,Winter,25.5,54.4,4.0,NE,0.6,137.8,148.1,48.8,36.5,3.47,66.8,Residential,6.04,28,5.5,252,266
REC2799,Ahmedabad,2021-01-28,Winter,13.9,27.0,3.9,SE,1.6,143.0,225.1,86.2,5.3,3.75,45.4,Commercial,5.37,4,13.2,282,266
REC2800,Lucknow,2019-05-28,Summer,25.9,35.6,12.4,SE,3.9,81.9,105.6,33.8,5.1,1.14,37.8,Mixed,5.54,1,4.4,164,178
REC2801,Jaipur,2024-08-20,Monsoon,27.5,76.6,20.2,NW,19.6,14.4,25.6,11.3,6.2,0.43,11.0,Residential,0.14,14,11.1,66,32
REC2802,Bhopal,2022-12-16,Winter,25.0,62.1,24.7,SW,2.9,58.0,79.9,36.8,5.2,1.55,35.7,Green Zone,2.57,28,5.1,83,112
REC2803,Bangalore,2023-05-07,Summer,33.9,65.6,29.2,S,0.7,22.9,36.4,14.0,6.8,0.72,18.9,Residential,0.92,26,5.9,27,56
REC2804,Kolkata,2020-06-09,Monsoon,21.0,93.4,21.2,SE,24.7,20.5,27.1,17.2,7.9,0.94,12.8,Green Zone,7.55,12,11.4,69,48
REC2805,Jaipur,2022-03-04,Summer,29.5,55.8,5.0,W,4.6,59.3,87.1,12.4,24.2,0.69,27.7,Green Zone,1.9,11,10.0,153,128
REC2806,Ahmedabad,2022-11-15,Post-Monsoon,22.8,42.3,10.8,N,4.1,61.2,67.5,26.8,14.5,2.02,11.4,Commercial,1.25,13,12.9,79,116
REC2807,Indore,2023-08-01,Monsoon,28.6,64.6,34.1,E,0.4,,16.4,10.0,4.7,0.1,9.9,Industrial,0.49,5,3.4,58,20
REC2808,Nagpur,2022-01-18,Winter,11.7,47.7,22.9,N,3.5,96.2,139.8,33.8,18.0,0.22,39.5,Green Zone,7.89,26,2.2,180,215
REC2809,Chennai,2023-11-19,Post-Monsoon,30.3,49.3,4.8,NE,0.9,80.3,125.1,12.0,25.4,2.88,12.8,Commercial,2.07,21,2.6,206,166
REC2810,Bhopal,2020-01-23,Winter,8.4,33.9,29.2,W,3.1,37.1,47.3,19.5,8.8,0.46,15.1,Industrial,0.38,19,5.0,85,71
REC2811,Chandigarh,2024-04-26,Summer,28.4,41.4,33.8,S,3.0,32.3,45.1,23.2,8.6,0.57,18.1,Green Zone,5.78,14,10.3,52,63
REC2812,Kanpur,2022-09-08,Monsoon,24.3,97.0,18.4,S,34.4,12.3,19.1,9.9,4.9,0.45,9.2,Mixed,3.91,17,10.7,20,24
REC2813,Bhopal,2024-08-06,Monsoon,23.5,69.6,19.3,SE,11.2,,,38.7,12.5,1.28,11.9,Mixed,2.53,25,11.9,123,99
REC2814,Kanpur,2022-02-07,Winter,10.1,67.2,25.7,NE,1.1,103.1,182.3,91.6,29.8,4.24,14.4,Industrial,5.87,6,6.4,274,277
REC2815,Nagpur,2020-07-01,Monsoon,22.5,86.7,29.7,N,21.9,7.5,16.7,8.9,4.7,0.15,8.9,Residential,6.31,4,2.3,34,20
REC2816,Lucknow,2020-10-04,Post-Monsoon,26.3,38.9,8.3,E,0.5,102.3,160.8,58.0,44.5,0.87,73.8,Green Zone,3.85,16,10.7,275,245
REC2817,Mumbai,2020-02-04,Winter,22.4,54.9,12.2,NW,1.7,132.4,149.8,74.4,39.4,0.44,64.1,Mixed,5.71,19,,280,245
REC2818,Jaipur,2024-09-14,Monsoon,24.3,95.5,24.1,E,13.8,45.6,60.6,31.0,7.6,1.27,23.2,Residential,0.19,24,12.7,60,99
REC2819,Nagpur,2021-04-22,Summer,36.9,19.0,27.8,SW,5.0,17.9,26.6,14.2,7.8,0.39,11.2,Industrial,4.26,3,11.0,46,41
REC2820,Nagpur,2020-09-26,Monsoon,29.3,43.0,6.0,N,14.1,37.2,65.9,27.2,5.8,0.2,28.6,Industrial,,9,8.8,115,85
REC2821,Jaipur,2021-06-12,Monsoon,21.5,96.9,34.6,N,42.3,9.4,14.9,9.6,4.2,0.14,9.0,Commercial,5.86,7,11.5,44,20
REC2822,Ahmedabad,2023-07-14,Monsoon,27.8,86.2,26.9,W,36.6,8.4,13.2,9.5,4.9,0.22,7.9,Industrial,8.77,29,0.8,26,20
REC2823,Delhi,2022-05-10,Summer,31.3,45.3,16.2,E,0.3,85.8,158.4,30.0,30.2,2.62,82.5,Residential,2.07,18,5.3,230,240
REC2824,Kolkata,2023-02-12,Winter,22.8,47.5,5.1,W,0.1,115.9,194.5,78.5,9.6,4.25,64.1,Residential,5.76,13,2.8,357,322
REC2825,Kolkata,2024-10-20,Post-Monsoon,30.2,23.8,31.1,N,0.2,93.2,139.8,29.1,19.4,3.57,18.4,Commercial,6.21,17,12.4,232,192
REC2826,Kanpur,2023-05-27,Summer,25.5,36.7,33.0,W,3.6,85.8,160.6,26.7,24.8,3.8,61.9,Residential,1.8,30,13.9,199,202
REC2827,Surat,2019-03-09,Summer,31.5,58.5,18.8,W,1.0,57.8,92.1,35.5,10.5,0.24,27.7,Mixed,2.22,5,,122,139
REC2828,Kolkata,2020-07-07,Monsoon,31.0,100,24.4,E,26.9,9.9,15.5,8.9,4.6,0.14,8.6,Commercial,1.01,9,7.6,35,20
REC2829,Jaipur,2019-06-09,Monsoon,25.3,91.2,28.0,NE,42.2,9.4,12.9,8.3,4.9,0.27,7.8,Green Zone,9.68,8,15.0,47,20
REC2830,Indore,2022-11-23,Post-Monsoon,23.1,20.7,17.4,N,4.7,47.7,99.8,11.3,16.9,0.44,40.4,Commercial,7.12,7,2.1,91,124
REC2831,Kolkata,2019-03-06,Summer,25.9,26.2,33.9,NE,1.6,66.9,102.3,42.1,21.1,2.58,11.1,Commercial,5.68,7,7.4,131,129
REC2832,Surat,2021-03-12,Summer,33.2,61.5,34.7,SW,1.6,18.5,34.9,15.8,7.3,0.92,10.3,Mixed,4.45,12,8.5,87,47
REC2833,Lucknow,2020-09-21,Monsoon,24.4,62.7,24.4,SE,13.9,9.8,17.6,10.0,5.0,0.44,9.9,Residential,4.36,0,14.8,20,25
REC2834,Pune,2022-08-13,Monsoon,32.9,79.6,6.0,E,25.9,10.7,13.4,9.6,4.8,0.25,9.7,Commercial,1.17,18,0.8,20,20
REC2835,Lucknow,2020-02-07,Winter,16.3,38.8,4.0,SW,1.5,129.5,248.4,127.4,37.4,6.3,13.4,Commercial,6.59,22,,394,356
REC2836,Kanpur,2019-03-27,Summer,28.3,13.6,32.7,NE,1.5,88.6,131.6,38.2,18.0,2.59,25.2,Green Zone,9.73,12,2.6,161,168
REC2837,Bhopal,2019-08-23,Monsoon,26.2,78.6,,W,11.3,10.4,14.2,9.6,4.2,0.31,8.2,Mixed,4.47,4,9.2,56,20
REC2838,Surat,2019-10-13,Post-Monsoon,27.3,24.1,32.6,SE,0.3,65.8,114.3,41.4,7.8,0.75,28.6,Residential,6.03,26,3.1,115,145
REC2839,Kolkata,2020-03-24,Summer,29.4,25.8,6.9,N,2.3,142.1,186.3,71.5,44.6,5.15,95.1,Mixed,9.47,30,13.1,299,278
REC2840,Ahmedabad,2020-09-17,Monsoon,18.7,62.5,17.3,SW,11.3,26.5,33.5,17.4,9.2,0.43,11.8,Residential,0.78,15,1.0,41,55
REC2841,Lucknow,2019-06-17,Monsoon,30.1,92.3,14.9,W,24.7,40.2,71.3,17.5,14.6,1.49,13.1,Residential,9.23,16,4.1,131,91
REC2842,Lucknow,2024-03-28,Summer,37.5,60.6,12.5,NE,4.8,108.8,185.2,30.1,23.1,4.39,72.9,Green Zone,5.34,19,2.2,205,228
REC2843,Chennai,2021-07-15,Monsoon,28.2,100,4.3,NW,30.5,64.4,98.9,26.7,12.8,1.49,39.1,Mixed,7.56,20,11.5,123,140
REC2844,Chandigarh,2019-09-09,Monsoon,24.8,75.5,13.0,SW,27.0,8.7,13.7,8.5,4.4,0.35,9.9,Commercial,0.46,12,4.4,20,20
REC2845,Chandigarh,2021-04-26,Summer,27.8,10,6.6,W,0.3,49.0,77.0,42.9,8.1,0.12,33.6,Residential,0.83,11,12.5,113,131
REC2846,Kanpur,2023-02-14,Winter,18.2,62.1,26.7,SW,1.4,133.4,169.3,81.5,55.5,0.24,62.6,Commercial,6.61,13,11.4,341,302
REC2847,Bhopal,2022-02-08,Winter,15.3,33.0,21.7,SW,4.1,68.6,123.9,15.2,15.1,1.04,54.9,Commercial,8.73,12,1.9,149,166
REC2848,Hyderabad,2021-09-12,Monsoon,19.3,75.6,3.6,E,21.7,23.4,41.2,14.2,5.9,0.46,12.9,Industrial,0.37,16,1.9,44,54
REC2849,Delhi,2022-10-18,Post-Monsoon,22.3,25.6,25.7,S,0.6,110.7,189.4,80.6,34.2,1.12,72.0,Residential,6.36,26,6.8,279,284
REC2850,Lucknow,2023-06-10,Monsoon,28.3,93.2,2.9,NW,5.1,76.0,120.0,66.5,8.1,0.5,30.2,Commercial,5.24,8,5.0,139,175
REC2851,Jaipur,2019-07-04,Monsoon,20.2,100,13.8,NW,45.7,9.3,11.6,9.5,4.4,0.24,9.6,Residential,5.59,8,9.6,20,20
REC2852,Nagpur,2022-12-26,Winter,16.5,39.7,11.2,W,2.5,66.9,121.6,29.9,29.4,1.83,45.7,Mixed,1.36,28,3.2,193,177
REC2853,Delhi,2022-02-11,Winter,13.7,43.0,33.8,N,1.4,,233.5,,,2.69,57.5,Commercial,5.26,19,2.9,335,306
REC2854,Jaipur,2020-07-17,Monsoon,27.9,75.0,1.3,SE,7.8,65.6,78.2,54.0,27.3,2.65,46.0,Industrial,7.89,12,9.0,172,141
REC2855,Chandigarh,2019-05-22,Summer,35.0,64.0,12.5,W,2.9,29.7,47.8,25.2,6.6,1.22,11.2,Residential,3.44,1,5.3,40,79
REC2856,Indore,2021-12-12,Winter,14.7,32.3,29.5,E,1.0,48.2,104.4,45.1,12.3,1.35,12.6,Industrial,6.67,28,13.9,165,128
REC2857,Ahmedabad,2019-06-18,Monsoon,29.8,76.9,0.8,NW,29.7,15.4,23.5,13.6,6.2,0.4,12.1,Residential,4.77,23,3.4,20,36
REC2858,Surat,2022-10-22,Post-Monsoon,26.9,52.3,31.0,E,3.9,43.3,72.4,36.5,9.7,1.31,24.9,Commercial,8.13,10,4.5,142,109
REC2859,Bangalore,2021-11-14,Post-Monsoon,28.2,28.8,27.0,NE,2.4,38.9,56.0,12.1,14.4,0.62,13.8,Green Zone,5.86,10,14.4,134,94
REC2860,Bhopal,2022-09-28,Monsoon,20.5,48.3,,NW,24.7,9.8,12.0,,4.9,,8.3,Industrial,6.18,21,1.9,20,20
REC2861,Bhopal,2023-05-05,Summer,27.5,46.0,8.2,E,4.3,71.8,96.1,41.7,16.0,,30.2,Residential,7.37,24,1.0,186,171
REC2862,Patna,2024-10-21,Post-Monsoon,35.1,29.8,12.9,SE,3.6,101.7,226.3,74.9,12.7,2.28,14.6,Green Zone,9.18,24,5.7,274,271
REC2863,Patna,2022-04-25,Summer,24.9,37.6,33.4,SW,1.2,82.5,92.7,15.1,15.1,1.12,40.6,Mixed,5.95,23,10.6,,156
REC2864,Chennai,2019-05-15,Summer,33.8,53.7,25.9,SW,2.9,52.4,77.1,49.1,6.6,1.61,38.1,Green Zone,6.86,12,8.5,149,128
REC2865,Bhopal,2019-05-23,Summer,27.9,38.1,25.5,W,4.7,37.1,,25.9,7.1,0.29,20.0,Mixed,1.44,16,11.2,100,77
REC2866,Kanpur,2024-09-11,Monsoon,16.1,71.1,20.6,NW,10.5,,69.1,19.2,16.3,1.14,25.7,Residential,2.47,8,6.0,,98
REC2867,Kanpur,2020-10-19,Post-Monsoon,26.2,48.1,13.5,N,1.0,114.9,,40.5,,,74.4,Green Zone,0.17,29,4.6,285,264
REC2868,Hyderabad,2023-03-26,Summer,22.5,33.9,5.4,E,2.0,56.1,87.4,50.9,24.2,2.2,14.3,Green Zone,3.06,4,11.5,148,151
REC2869,Kanpur,2019-10-21,Post-Monsoon,27.4,42.6,2.7,SE,0.1,170.8,243.3,37.3,24.8,2.5,80.7,Residential,7.69,3,8.6,,339
REC2870,Kanpur,2023-09-17,Monsoon,34.1,77.1,15.8,SW,21.9,43.6,83.2,14.2,9.4,2.02,29.4,Green Zone,1.5,30,13.5,76,104
REC2871,Ahmedabad,2020-08-12,Monsoon,18.8,89.4,8.0,SE,28.3,7.8,15.1,8.6,4.1,0.11,9.7,Commercial,1.44,11,5.6,58,20
REC2872,Pune,2022-10-11,Post-Monsoon,27.7,32.7,20.2,E,4.7,41.3,71.9,24.0,6.6,0.17,20.9,Residential,5.31,10,9.2,148,110
REC2873,Kolkata,2023-10-16,Post-Monsoon,28.4,45.5,11.7,SW,3.1,111.7,155.7,53.8,10.3,3.42,30.9,Mixed,3.16,11,6.8,216,213
REC2874,Hyderabad,2020-12-19,Winter,12.1,61.0,6.0,SW,3.8,135.4,168.1,82.4,11.3,1.9,69.9,Commercial,6.92,25,11.2,295,264
REC2875,Chandigarh,2019-06-20,Monsoon,22.2,59.8,25.4,NW,40.6,10.3,12.9,8.6,4.5,0.18,9.2,Industrial,9.8,15,14.2,20,20
REC2876,Jaipur,2020-08-08,Monsoon,16.6,63.5,34.3,NE,11.6,7.7,16.1,8.4,5.0,0.34,8.3,Residential,3.05,14,5.4,39,20
REC2877,Lucknow,2020-04-03,Summer,20.4,51.4,18.6,E,4.8,98.1,108.4,37.0,15.2,1.95,42.9,Mixed,5.87,19,1.0,200,187
REC2878,Chennai,2021-10-06,Post-Monsoon,28.9,35.2,28.3,N,1.9,59.6,87.1,23.9,15.9,0.18,24.8,Residential,6.38,18,1.5,186,146
REC2879,Nagpur,2020-03-21,Summer,12.3,35.2,13.3,NW,2.1,37.1,53.0,20.1,11.2,0.54,27.8,Industrial,1.55,18,2.3,77,94
REC2880,Bhopal,2023-02-08,Winter,23.7,63.6,13.5,E,0.2,59.9,127.9,43.7,22.3,3.24,24.2,Green Zone,2.4,28,13.5,159,166
REC2881,Nagpur,2023-09-08,Monsoon,22.7,69.3,23.9,S,5.6,66.4,84.9,23.2,,0.47,24.4,Industrial,9.27,18,11.3,181,146
REC2882,Bhopal,2019-05-09,Summer,35.2,45.9,31.3,N,1.0,16.9,27.7,11.7,5.1,0.41,13.1,Green Zone,6.07,0,8.6,67,46
REC2883,Ahmedabad,2023-09-10,Monsoon,22.2,80.2,34.3,SE,5.5,50.2,,46.0,15.4,0.42,29.4,Mixed,8.85,28,6.3,89,119
REC2884,Surat,2021-08-23,Monsoon,29.8,95.5,8.9,SW,39.5,10.3,15.4,8.7,4.2,0.23,8.8,Commercial,8.5,2,7.1,39,20
REC2885,Ahmedabad,2019-12-18,Winter,31.0,61.3,20.3,N,0.9,81.4,153.5,83.0,20.9,3.92,52.3,Industrial,4.12,2,6.0,207,211
REC2886,Pune,2019-07-14,Monsoon,22.7,61.1,3.4,NE,28.2,17.2,28.5,13.4,5.7,0.51,11.1,Residential,4.64,24,4.5,31,35
REC2887,Bhopal,2022-03-23,Summer,24.1,35.1,4.2,SE,4.6,44.9,69.0,43.2,13.2,0.74,30.5,Green Zone,1.47,20,5.2,120,125
REC2888,Pune,2024-08-09,Monsoon,14.7,82.2,30.9,N,1.8,31.2,52.3,18.7,8.1,1.08,16.4,Residential,6.88,19,13.3,100,62
REC2889,Kolkata,2022-06-02,Monsoon,18.4,55.5,18.9,N,30.9,9.1,14.3,8.2,4.3,0.16,9.4,Mixed,0.28,15,7.5,20,20
REC2890,Bhopal,2024-05-19,Summer,14.6,51.4,12.1,NW,2.7,52.5,120.4,39.3,23.1,1.25,32.7,Residential,3.33,24,10.6,144,144
REC2891,Surat,2021-10-04,Post-Monsoon,24.7,25.6,25.5,NW,1.8,32.5,44.2,21.5,9.5,0.17,13.5,Industrial,3.24,0,3.4,53,60
REC2892,Surat,2021-05-06,Summer,22.1,48.5,18.4,W,0.7,77.0,146.2,38.8,33.9,,21.0,Green Zone,8.72,1,12.2,152,188
REC2893,Delhi,2024-01-06,Winter,11.8,43.4,32.6,SW,1.0,139.5,227.4,57.8,12.1,2.54,69.1,Industrial,1.26,6,2.5,275,279
REC2894,Bhopal,2019-11-09,Post-Monsoon,28.3,63.5,19.0,E,4.2,61.9,86.0,33.5,5.7,0.9,38.9,Residential,5.33,8,8.7,172,132
REC2895,Mumbai,2019-07-01,Monsoon,22.8,72.4,27.4,S,17.4,37.5,52.8,29.1,11.7,0.2,17.0,Mixed,9.91,17,9.8,46,82
REC2896,Jaipur,2022-10-10,Post-Monsoon,21.7,60.8,8.9,S,0.7,82.7,132.1,,15.9,0.48,31.3,Green Zone,2.54,12,5.1,158,187
REC2897,Bhopal,2023-11-23,Post-Monsoon,23.7,26.2,7.1,E,4.7,51.4,80.0,18.3,9.3,1.71,26.9,Mixed,4.62,5,9.6,84,101
REC2898,Lucknow,2021-12-20,Winter,21.6,44.3,19.2,NW,2.6,100.0,163.0,47.0,41.3,3.35,43.2,Green Zone,2.17,14,14.5,223,238
REC2899,Jaipur,2022-07-24,Monsoon,26.4,75.4,18.4,N,41.3,8.4,12.3,8.6,4.1,0.38,9.7,Commercial,3.42,23,6.6,50,20
REC2900,Lucknow,2022-04-13,Summer,26.7,41.7,20.5,SW,1.7,116.0,134.2,58.2,23.5,3.25,25.1,Industrial,0.29,26,2.4,186,214
REC2901,Lucknow,2023-06-09,Monsoon,18.1,75.4,33.6,SW,41.4,21.8,37.8,21.2,5.8,1.03,10.5,Mixed,9.82,9,12.6,72,56
REC2902,Chandigarh,2023-09-22,Monsoon,30.9,76.4,19.5,SE,4.0,52.9,70.0,31.6,13.3,0.19,32.0,Industrial,5.57,28,5.7,110,108
REC2903,Bangalore,2019-10-16,Post-Monsoon,23.2,48.1,7.8,S,3.3,40.3,80.4,29.5,18.7,2.08,13.8,Residential,2.45,6,0.9,133,109
REC2904,Jaipur,2020-03-12,Summer,21.2,55.7,19.1,S,3.2,51.1,65.4,36.3,19.6,0.11,26.6,Commercial,0.33,7,13.2,78,102
REC2905,Patna,2023-07-14,Monsoon,25.9,59.4,25.2,E,23.8,75.4,117.6,11.1,22.6,1.07,55.3,Commercial,7.17,25,10.3,194,161
REC2906,Kolkata,2020-11-07,Post-Monsoon,27.8,43.2,18.3,SE,1.7,94.9,152.8,17.3,11.3,3.5,31.4,Residential,7.83,7,11.4,194,206
REC2907,Nagpur,2020-11-01,Post-Monsoon,27.7,54.2,21.6,S,1.4,91.9,142.4,13.5,28.8,2.45,14.4,Green Zone,4.85,19,2.2,222,189
REC2908,Chennai,2023-08-27,Monsoon,35.5,93.8,27.6,N,22.5,16.0,26.2,10.2,5.8,0.29,10.5,Industrial,3.21,27,13.9,30,31
REC2909,Bangalore,2022-09-10,Monsoon,24.1,75.2,5.3,SW,34.0,9.1,13.3,9.7,4.2,0.13,7.0,Green Zone,2.47,23,4.9,20,20
REC2910,Kolkata,2023-08-02,Monsoon,16.3,72.7,23.5,SW,10.9,45.1,95.4,32.1,9.0,0.27,29.9,Residential,7.12,28,14.7,126,113
REC2911,Indore,2019-05-11,Summer,25.5,84.5,2.8,NE,3.9,61.1,75.6,23.3,16.7,1.55,28.8,Industrial,5.26,18,3.6,102,125
REC2912,Lucknow,2019-10-11,Post-Monsoon,22.2,48.8,11.6,W,0.4,150.8,192.4,83.7,50.6,3.37,77.0,Residential,3.13,30,3.1,270,287
REC2913,Ahmedabad,2021-02-10,Winter,22.4,39.2,18.9,SE,3.4,86.1,180.0,74.4,11.0,4.02,75.3,Residential,3.8,20,10.3,262,239
REC2914,Indore,2020-09-20,Monsoon,13.3,85.0,14.1,N,31.4,8.2,14.1,9.4,4.0,0.39,8.7,Mixed,0.33,3,13.6,20,20
REC2915,Bhopal,2023-08-19,Monsoon,21.9,71.9,24.8,SE,39.4,9.2,12.9,9.0,4.7,,9.2,Commercial,8.62,22,8.5,20,20
REC2916,Surat,2019-12-09,Winter,24.0,51.4,12.5,W,4.6,100.5,106.3,47.9,20.7,3.45,21.4,Green Zone,4.43,25,4.7,184,183
REC2917,Kolkata,2023-02-21,Winter,15.1,39.3,33.1,E,1.3,62.6,144.3,49.8,24.4,0.12,35.0,Residential,0.2,11,8.4,204,171
REC2918,Hyderabad,2022-02-18,Winter,25.5,61.1,26.6,E,3.1,70.6,77.8,42.7,20.2,0.61,33.7,Industrial,4.11,17,2.1,98,129
REC2919,Nagpur,2024-01-16,Winter,,57.6,19.9,W,2.1,37.8,45.8,10.2,15.5,0.74,20.4,Commercial,4.74,1,10.5,63,82
REC2920,Hyderabad,2021-04-22,Summer,32.5,53.2,1.9,N,4.8,53.0,95.8,31.4,14.9,0.25,33.4,Commercial,8.99,5,2.1,149,113
REC2921,Pune,2021-10-08,Post-Monsoon,32.9,41.6,1.9,W,0.3,74.7,151.4,57.5,36.6,1.85,11.3,Mixed,9.31,17,,169,206
REC2922,Chandigarh,2022-02-15,Winter,19.8,27.7,26.5,N,4.4,23.0,43.8,21.3,9.4,0.36,13.8,Mixed,1.88,18,12.5,41,63
REC2923,Ahmedabad,2024-01-08,Winter,11.5,52.6,32.3,S,3.9,91.4,146.4,45.1,20.8,0.9,33.7,Green Zone,9.18,7,7.6,166,204
REC2924,Nagpur,2020-04-26,Summer,26.5,36.0,11.6,SE,0.3,54.0,73.7,18.2,22.4,0.74,30.7,Green Zone,3.37,7,6.0,95,119
REC2925,Hyderabad,2022-12-04,Winter,16.2,24.3,27.6,NW,4.3,70.6,87.8,39.2,13.0,2.44,13.7,Industrial,8.64,0,,116,141
REC2926,Kolkata,2021-01-04,Winter,24.6,24.4,11.5,S,2.9,82.8,150.8,77.2,7.8,2.82,24.5,Mixed,1.08,29,9.9,236,200
REC2927,Mumbai,2022-05-02,Summer,28.8,65.7,14.3,NW,4.1,,118.5,56.2,15.6,3.09,31.2,Industrial,6.8,26,14.1,174,181
REC2928,Surat,2020-12-28,Winter,18.6,30.8,34.6,W,2.0,,97.8,51.5,14.0,2.74,26.1,Residential,9.39,0,9.3,127,147
REC2929,Jaipur,2020-08-06,Monsoon,18.1,68.7,1.8,W,8.4,26.6,57.9,13.3,9.6,,22.3,Commercial,7.74,3,1.2,60,73
REC2930,Bhopal,2023-02-12,Winter,11.2,40.5,3.5,W,2.5,64.0,113.6,19.8,31.7,0.96,44.2,Commercial,5.63,25,5.6,188,168
REC2931,Pune,2021-08-28,Monsoon,24.2,89.4,32.7,SE,8.7,8.0,17.0,8.7,4.9,0.22,8.5,Mixed,8.71,7,8.2,20,20
REC2932,Indore,2024-03-07,Summer,29.4,62.5,7.3,N,1.6,66.5,78.5,13.7,21.7,0.44,23.2,Green Zone,1.38,17,,143,140
REC2933,Mumbai,2019-05-28,Summer,28.4,58.8,14.7,E,2.1,,164.4,28.0,17.9,0.95,46.4,Green Zone,6.25,28,8.7,183,195
REC2934,Hyderabad,2019-03-14,Summer,,38.2,15.8,NE,2.4,31.8,70.0,13.3,5.7,1.24,13.5,Industrial,1.54,10,11.0,117,83
REC2935,Chennai,2023-05-07,Summer,28.1,22.6,8.2,NW,1.4,42.1,60.8,25.6,14.7,0.29,15.9,Green Zone,1.01,9,6.6,89,94
REC2936,Chennai,2021-06-09,Monsoon,25.6,78.3,10.8,N,5.8,39.0,85.1,28.4,6.2,1.62,36.1,Commercial,7.48,18,9.6,120,107
REC2937,Chennai,2024-10-24,Post-Monsoon,26.2,36.5,6.2,W,2.3,61.4,100.7,22.7,9.8,1.88,35.3,Commercial,6.86,1,4.6,201,161
REC2938,Bangalore,2020-01-08,Winter,20.3,55.9,18.4,NE,1.8,63.7,102.1,25.3,16.4,3.04,60.4,Industrial,5.62,14,7.3,198,174
REC2939,Jaipur,2019-02-26,Winter,24.1,58.8,22.8,NW,4.3,73.8,102.5,50.9,21.9,1.44,26.0,Industrial,9.77,16,5.9,121,160
REC2940,Patna,2021-07-02,Monsoon,19.3,93.7,3.5,SW,15.0,47.3,94.5,33.3,14.3,2.07,31.7,Industrial,,22,3.3,128,128
REC2941,Delhi,2022-01-05,Winter,16.2,26.8,9.3,E,0.3,205.3,,156.4,50.5,8.11,72.3,Mixed,8.26,20,9.6,421,430
REC2942,Surat,2023-07-21,Monsoon,15.0,66.6,0.5,NE,41.0,9.4,16.2,8.4,4.2,,7.0,Industrial,4.84,9,9.4,44,20
REC2943,Lucknow,2024-10-19,Post-Monsoon,23.8,51.3,34.1,SW,4.6,68.1,85.3,33.5,24.6,0.86,27.1,Commercial,0.5,3,6.9,128,141
REC2944,Indore,2019-07-13,Monsoon,24.8,72.4,32.6,S,0.6,58.9,76.2,23.4,16.1,,44.4,Industrial,9.94,25,1.5,117,131
REC2945,Bangalore,2021-04-15,Summer,21.1,41.4,27.2,S,4.3,46.1,60.8,11.4,14.9,0.45,15.7,Commercial,8.73,13,2.1,116,88
REC2946,Ahmedabad,2020-06-20,Monsoon,26.2,87.2,20.1,SW,17.2,37.5,53.4,10.0,12.5,,27.9,Mixed,8.54,27,5.8,93,95
REC2947,Mumbai,2022-03-10,Summer,,66.7,19.3,N,0.5,97.1,144.4,33.2,25.2,1.29,52.9,Green Zone,5.24,21,10.4,179,177
REC2948,Kanpur,2024-02-18,Winter,20.6,48.0,33.2,S,3.0,114.4,156.7,75.1,27.1,,46.4,Industrial,3.66,7,10.2,276,255
REC2949,Nagpur,2023-11-06,Post-Monsoon,25.7,39.9,19.3,SW,3.8,41.6,79.7,,11.7,1.78,29.9,Mixed,6.17,17,10.4,114,98
REC2950,Chennai,2019-11-10,Post-Monsoon,25.2,56.7,9.5,E,3.9,108.2,141.1,32.3,39.1,0.27,17.0,Green Zone,6.89,28,10.3,258,229
REC2951,Chandigarh,2023-03-24,Summer,28.2,26.4,30.1,NW,3.1,47.6,85.0,21.1,19.1,,22.6,Residential,9.62,28,1.4,105,114
REC2952,Chandigarh,2022-10-22,Post-Monsoon,27.0,56.8,10.6,SW,1.1,57.5,126.1,10.1,29.0,2.36,35.6,Residential,,22,2.9,154,158
REC2953,Nagpur,2022-08-26,Monsoon,30.4,60.4,17.0,S,2.5,34.1,53.5,23.7,14.5,1.18,25.1,Industrial,9.84,2,2.7,98,93
REC2954,Bangalore,2024-04-11,Summer,23.8,37.2,23.2,W,4.4,14.5,23.7,12.9,6.9,0.57,10.2,Green Zone,5.4,19,9.2,73,38
REC2955,Jaipur,2020-08-09,Monsoon,26.1,83.1,18.0,N,14.2,42.9,52.6,26.8,16.7,1.69,15.5,Commercial,7.94,19,5.2,62,92
REC2956,Bangalore,2019-07-07,Monsoon,21.7,72.7,9.4,NW,1.5,37.9,77.4,36.6,14.1,0.66,25.0,Residential,4.97,11,13.3,74,98
REC2957,Mumbai,2020-10-02,Post-Monsoon,20.7,66.9,10.8,W,2.5,71.0,98.2,19.6,27.6,0.56,13.5,Commercial,5.63,2,6.4,176,145
REC2958,Surat,2022-02-02,Winter,26.2,29.4,20.5,NE,2.7,70.7,77.8,52.2,21.2,1.61,27.7,Industrial,,26,12.6,114,136
REC2959,Delhi,2021-06-20,Monsoon,26.4,75.7,13.2,S,44.0,26.4,39.6,15.8,7.2,0.86,13.6,Industrial,7.32,10,12.5,35,52
REC2960,Ahmedabad,2020-08-08,Monsoon,20.4,72.6,2.4,E,19.7,42.5,56.9,21.6,5.7,1.06,21.5,Mixed,2.77,13,2.5,64,88
REC2961,Surat,2024-02-20,Winter,13.1,,26.7,NE,1.4,99.0,152.3,41.3,26.3,0.4,53.4,Commercial,7.35,25,5.6,219,222
REC2962,Kolkata,2020-03-01,Summer,29.8,45.5,16.7,S,3.4,54.3,106.1,43.0,22.9,,24.1,Green Zone,5.82,28,11.9,158,151
REC2963,Chandigarh,2023-07-06,Monsoon,17.0,97.3,18.4,W,36.1,7.5,11.1,9.2,4.8,0.18,10.0,Green Zone,8.93,5,1.0,20,20
REC2964,Indore,2024-06-19,Monsoon,,74.8,20.1,W,14.5,23.9,,25.9,6.3,0.75,11.6,Green Zone,7.62,22,2.6,83,67
REC2965,Nagpur,2019-11-10,Post-Monsoon,17.5,26.6,27.4,NW,4.7,52.3,,36.3,10.6,1.05,34.6,Mixed,3.47,10,10.4,135,110
REC2966,Patna,2022-09-21,Monsoon,23.4,100,13.2,E,37.5,35.2,64.0,11.2,16.9,1.25,23.6,Industrial,8.93,25,1.6,83,85
REC2967,Mumbai,2024-10-27,Post-Monsoon,30.7,53.3,23.0,S,2.8,87.7,133.1,30.9,5.1,0.53,35.7,Residential,,2,11.7,158,189
REC2968,Ahmedabad,2019-08-18,Monsoon,18.8,85.7,5.5,SW,17.8,61.1,98.4,34.1,10.4,2.49,24.5,Green Zone,3.22,22,8.6,165,139
REC2969,Surat,2019-02-03,Winter,10.4,27.8,20.6,NE,2.3,47.5,74.8,29.0,8.8,,33.9,Commercial,3.59,7,5.7,117,114
REC2970,Jaipur,2024-02-03,Winter,21.2,32.0,14.4,E,4.8,82.4,124.8,60.8,31.0,1.5,13.2,Industrial,1.02,8,0.6,173,168
REC2971,Surat,2019-11-19,Post-Monsoon,22.2,51.1,23.6,W,3.4,42.1,80.0,28.1,5.6,1.31,15.3,Mixed,1.32,15,11.8,88,96
REC2972,Surat,2022-05-15,Summer,27.2,56.6,8.8,N,3.9,87.1,131.3,74.7,12.0,1.73,19.0,Industrial,7.97,27,14.6,219,205
REC2973,Kanpur,2023-04-05,Summer,,49.0,29.7,NE,2.1,93.4,173.8,43.6,30.7,0.26,71.2,Mixed,6.75,30,11.6,221,205
REC2974,Lucknow,2019-05-20,Summer,20.4,46.2,32.8,W,2.0,51.1,108.2,24.8,13.6,2.71,28.3,Industrial,1.66,13,6.9,175,136
REC2975,Indore,2022-10-09,Post-Monsoon,23.6,39.1,,NE,3.2,9.9,17.7,10.0,5.0,0.24,9.6,Green Zone,2.85,27,10.2,20,25
REC2976,Pune,2024-02-09,Winter,,45.4,12.8,SE,3.8,102.6,144.2,68.6,18.9,0.71,70.2,Residential,8.03,23,8.4,210,204
REC2977,Kanpur,2019-03-24,Summer,21.6,40.2,20.5,SW,4.5,111.4,187.4,28.4,41.6,4.89,62.3,Green Zone,7.23,23,7.4,241,251
REC2978,Kolkata,2024-09-11,Monsoon,21.3,74.4,29.1,NE,15.8,8.9,13.9,9.9,4.9,0.13,7.0,Green Zone,0.9,13,10.8,43,20
REC2979,Bhopal,2023-11-12,Post-Monsoon,26.9,37.8,4.6,S,2.7,58.1,99.8,36.6,13.2,0.61,43.6,Green Zone,7.33,16,5.8,126,145
REC2980,Ahmedabad,2023-01-25,Winter,10.5,59.3,4.8,NE,3.4,127.4,150.6,56.9,7.2,1.36,37.3,Industrial,9.88,4,4.6,239,247
REC2981,Kanpur,2019-11-13,Post-Monsoon,30.3,53.4,25.4,N,4.3,127.5,210.3,114.8,12.2,5.42,59.6,Commercial,7.71,19,7.3,300,290
REC2982,Patna,2020-04-10,Summer,30.8,65.8,9.3,E,2.6,126.5,170.4,70.1,21.3,5.03,83.2,Commercial,1.63,26,5.7,266,253
REC2983,Indore,2023-07-15,Monsoon,28.1,77.0,20.4,W,17.5,,16.8,8.1,4.1,0.24,7.5,Industrial,3.72,28,6.2,40,20
REC2984,Chennai,2023-05-02,Summer,,62.0,23.2,SE,2.8,43.2,58.8,10.8,5.3,0.38,13.6,Green Zone,4.85,11,4.4,131,103
REC2985,Surat,2022-10-11,Post-Monsoon,29.6,57.8,13.2,SE,1.3,70.1,111.0,33.8,27.9,0.68,37.2,Commercial,2.26,19,7.9,135,142
REC2986,Chandigarh,2023-08-06,Monsoon,27.8,100,33.9,NW,36.8,9.6,14.6,8.7,4.4,0.22,9.6,Residential,1.37,5,7.0,28,20
REC2987,Hyderabad,2024-08-21,Monsoon,,56.9,9.3,NW,17.9,40.1,53.1,19.7,6.1,1.66,29.4,Commercial,2.87,19,13.8,77,86
REC2988,Lucknow,2024-11-18,Post-Monsoon,24.3,40.9,26.4,W,3.6,100.1,178.7,90.0,32.2,2.56,39.0,Residential,7.08,18,5.7,280,240
REC2989,Kanpur,2024-06-10,Monsoon,31.6,84.4,22.4,NW,13.0,99.9,111.0,17.6,31.1,3.23,46.4,Commercial,9.15,21,4.0,224,188
REC2990,Chandigarh,2020-02-25,Winter,17.9,50.4,,SE,4.4,32.2,38.7,20.3,9.7,0.87,21.0,Green Zone,4.99,19,1.9,46,60
REC2991,Bhopal,2024-03-12,Summer,24.6,78.7,19.1,S,1.8,40.1,,26.6,7.9,0.26,21.9,Residential,2.56,6,13.6,91,96
REC2992,Kanpur,2023-11-24,Post-Monsoon,23.6,65.9,5.4,N,2.9,174.5,218.5,39.1,65.2,0.64,81.6,Residential,4.7,13,1.8,324,334
REC2993,Patna,2022-09-14,Monsoon,35.6,85.4,25.0,N,18.5,8.4,16.3,9.0,4.8,0.24,9.0,Industrial,1.65,8,7.7,58,20
REC2994,Mumbai,2023-04-22,Summer,26.7,25.8,18.2,SW,4.1,26.8,35.1,15.2,7.1,0.65,15.0,Commercial,0.81,7,10.8,24,59
REC2995,Surat,2019-01-02,Winter,11.3,54.6,15.2,E,0.4,56.0,106.1,50.1,17.4,1.37,19.0,Green Zone,2.88,8,4.3,153,126
REC2996,Surat,2024-09-08,Monsoon,27.0,95.8,33.1,NE,11.1,44.5,64.5,16.5,8.2,0.86,18.1,Green Zone,5.03,27,1.4,124,85
REC2997,Nagpur,2024-12-01,Winter,19.0,36.5,7.0,S,3.0,81.6,91.3,12.6,6.4,1.92,23.7,Residential,3.68,24,3.0,169,158
REC2998,Mumbai,2019-07-05,Monsoon,24.1,57.0,6.6,S,34.2,10.2,14.3,8.6,4.9,0.22,8.3,Industrial,1.24,1,4.7,20,20
REC2999,Indore,2019-02-06,Winter,14.3,35.7,25.5,E,1.0,65.3,91.1,44.3,,0.82,28.2,Mixed,0.59,20,,118,126
REC1086,Lucknow,2022-05-25,Summer,44.4,29.8,23.6,N,4.6,111.4,200.9,29.1,32.5,4.36,42.1,Commercial,9.66,27,14.0,232,241
REC1268,Indore,2020-09-05,Monsoon,28.5,78.5,,SE,4.3,72.8,121.7,57.6,28.6,0.46,47.8,Industrial,6.91,28,3.8,215,177
REC1460,Kanpur,2019-03-06,Summer,33.0,55.4,25.1,S,5.0,126.9,202.6,14.5,33.4,1.17,17.5,Mixed,8.85,13,3.5,276,244
REC2031,Surat,2023-09-11,Monsoon,18.2,99.2,18.9,NE,36.7,11.0,14.8,9.8,4.3,0.35,8.9,Mixed,5.53,23,12.4,30,20
REC1797,Jaipur,2022-07-19,Monsoon,30.2,89.5,2.1,S,4.3,75.2,127.5,13.1,19.6,1.79,13.9,Green Zone,2.33,9,10.6,154,159
REC1649,Lucknow,2020-04-27,Summer,35.7,49.4,6.8,S,4.0,142.4,192.0,29.9,14.1,1.72,51.8,Commercial,6.7,24,1.8,233,267
REC1177,Jaipur,2019-01-02,Winter,17.7,22.8,18.5,S,2.1,81.1,93.8,33.7,25.7,2.3,16.8,Industrial,3.28,10,,146,164
REC1758,Surat,2022-10-17,Post-Monsoon,27.9,42.3,25.5,W,4.7,67.9,109.5,,10.0,2.29,41.8,Mixed,9.12,22,4.0,148,153
REC2534,Surat,2023-08-06,Monsoon,23.9,97.6,4.4,E,5.8,78.7,105.2,54.9,28.6,2.08,58.6,Residential,5.0,18,9.6,162,174
REC1653,Bhopal,2021-05-04,Summer,25.8,39.7,14.4,W,4.0,46.6,80.6,32.1,10.8,1.81,14.2,Commercial,8.64,18,10.3,98,103
REC1960,Pune,2021-06-23,Monsoon,26.1,94.0,10.4,SE,9.8,27.0,42.5,19.5,5.2,0.64,10.9,Residential,4.51,11,7.0,87,63
REC1376,Kolkata,2022-07-25,Monsoon,16.4,61.1,30.0,E,4.4,52.4,86.6,34.3,7.8,1.55,21.1,Green Zone,,4,7.1,67,104
REC2428,Chennai,2021-06-03,Monsoon,25.3,69.0,26.7,SW,24.4,9.9,14.8,9.5,4.8,0.33,9.4,Industrial,7.52,23,4.4,47,20
REC1122,Bhopal,2023-09-28,Monsoon,28.1,73.0,22.5,W,10.8,36.2,43.5,26.5,12.3,,13.3,Commercial,9.18,24,4.6,91,67
REC1579,Indore,2020-01-20,Winter,9.8,61.9,4.4,S,1.5,104.9,116.0,80.9,10.2,1.28,63.2,Residential,4.1,28,5.3,237,208
REC1128,Lucknow,2020-07-21,Monsoon,20.9,,31.9,W,16.7,11.8,25.0,11.6,5.0,0.27,10.7,Commercial,4.33,7,1.0,20,31
REC2160,Mumbai,2019-07-09,Monsoon,32.9,80.7,25.8,SW,15.3,,33.6,11.6,5.5,0.47,11.7,Industrial,2.6,29,10.6,32,40
REC2585,Hyderabad,2021-02-28,Winter,15.0,61.3,18.7,S,3.2,95.3,197.9,50.2,12.2,2.05,38.7,Residential,7.0,9,3.0,213,239
REC1734,Patna,2024-06-14,Monsoon,29.8,66.5,21.7,S,37.8,21.4,29.7,16.7,5.3,0.74,14.0,Mixed,1.67,28,13.4,76,49
REC2801,Jaipur,2024-08-20,Monsoon,27.5,76.6,20.2,NW,19.6,14.4,25.6,11.3,6.2,0.43,11.0,Residential,0.14,14,11.1,66,32
REC2433,Kolkata,2020-11-25,Post-Monsoon,28.7,44.1,27.0,S,2.5,60.7,105.9,24.2,33.9,0.97,49.4,Mixed,0.78,24,7.4,153,171
REC2020,Kanpur,2020-02-27,Winter,11.9,25.9,25.5,SW,4.9,70.1,137.4,,23.7,1.62,40.8,Green Zone,0.8,13,13.8,203,176
REC2363,Pune,2023-07-21,Monsoon,18.3,72.8,22.9,NE,39.7,10.1,,8.3,4.6,0.3,9.7,Green Zone,,24,13.6,20,20
REC1784,Patna,2023-11-10,Post-Monsoon,27.0,24.3,2.7,SW,3.0,114.3,210.4,84.2,51.7,2.93,59.6,Industrial,0.28,28,14.4,270,273
REC2328,Hyderabad,2021-01-09,Winter,,60.2,0.9,SW,4.8,139.1,185.5,41.1,13.5,1.07,32.4,Mixed,3.56,21,3.1,222,254
REC1733,Lucknow,2023-07-02,Monsoon,32.0,69.3,34.9,SW,20.0,,22.1,11.4,6.2,0.5,11.9,Green Zone,2.86,17,4.7,,36
REC2388,Bhopal,2019-11-03,Post-Monsoon,21.9,26.8,11.1,S,3.9,47.4,63.0,31.2,16.5,0.13,21.9,Industrial,7.49,5,4.4,129,104
REC2558,Indore,2020-03-05,Summer,29.0,40.4,5.1,SE,3.7,55.1,78.5,26.9,13.2,0.89,46.1,Residential,0.83,16,10.0,157,135
REC2789,Indore,2020-06-20,Monsoon,15.3,91.0,17.3,NE,24.0,8.2,14.3,8.6,4.2,0.27,7.1,Commercial,0.61,21,9.4,30,20
REC1449,Patna,2019-01-02,Winter,24.6,64.0,3.6,N,1.8,150.2,203.9,118.4,52.6,3.79,35.7,Industrial,,5,1.7,293,298
REC1486,Bangalore,2023-09-21,Monsoon,25.2,95.3,1.7,NE,16.7,24.3,42.2,18.2,7.8,0.36,11.2,Commercial,4.16,7,2.4,59,51
REC2077,Kolkata,2019-08-09,Monsoon,18.8,92.0,23.8,NW,32.4,7.7,16.4,9.7,4.2,0.39,8.3,Commercial,8.91,16,12.4,20,20
REC1274,Chennai,2022-09-16,Monsoon,26.4,45.6,1.1,N,14.9,22.9,32.7,15.0,5.9,0.12,11.8,Mixed,7.78,7,4.6,51,51
REC2589,Ahmedabad,2020-12-25,Winter,12.7,48.7,12.0,NW,3.1,110.3,,75.7,11.9,1.57,38.7,Commercial,5.98,10,0.6,232,201
REC2014,Chandigarh,2023-07-06,Monsoon,23.7,56.6,18.2,E,28.5,,15.9,8.2,4.8,0.27,8.5,Industrial,2.2,9,10.4,30,20
REC1116,Ahmedabad,2023-09-10,Monsoon,28.4,46.6,1.2,W,40.9,7.5,15.8,8.8,5.0,0.32,8.8,Industrial,2.59,5,10.3,49,20
REC2003,Jaipur,2023-11-21,Post-Monsoon,23.2,70.6,,E,4.7,54.9,84.3,58.6,28.8,2.98,39.0,Residential,3.98,15,13.7,186,152
REC2415,Lucknow,2024-11-23,Post-Monsoon,20.9,41.9,20.2,NW,2.3,81.9,128.7,51.6,15.4,1.92,43.6,Commercial,0.92,0,14.7,207,172
REC2389,Indore,2021-04-27,Summer,32.7,36.2,16.7,SW,4.7,61.6,91.6,35.9,5.4,2.3,35.7,Industrial,7.68,24,7.9,149,116
REC1506,Delhi,2022-11-08,Post-Monsoon,15.0,56.4,12.7,W,4.9,125.8,204.5,28.0,37.4,5.14,66.6,Industrial,4.25,10,6.5,238,264
