Order_ID,SKU,Product_Name,Category,Supplier,Warehouse,Region,Order_Date,Delivery_Date,Ship_Mode,Payment_Terms,Unit_Price,Quantity_Ordered,Quantity_Received,Quantity_On_Hand,Reorder_Level,Lead_Time_Days,Discount_Pct,Total_Order_Value,Net_Value,Stock_Status,Defective_Units,Return_Units,Days_To_Deliver
ORD-000001,SKU-08270,Product_Sigma_7,Industrial Parts,Supplier_G,Hyderabad WH,West,2022-01-01,2022-01-27,Rail,Net 60,4296.97,187,187,440,96,27,0,803533.39,803533.39,In Stock,7,12,26
ORD-000002,SKU-01860,Product_Alpha_5,Apparel,Supplier_A,Chennai WH,South,2022-01-01,2022-01-06,Road,Net 15,2505.29,271,271,77,188,22,10,678933.59,611040.23,Low Stock,1,1,5
ORD-000003,SKU-06390,Product_Beta_37,Apparel,Supplier_J,Mumbai WH,West,2022-01-01,2022-01-05,Air,Net 60,3377.72,114,114,111,65,10,0,385060.08,385060.08,In Stock,3,1,4
ORD-000004,SKU-06191,Product_Sigma_50,Apparel,Supplier_E,Mumbai WH,West,2022-01-02,2022-01-03,Sea,Net 30,1202.94,385,385,534,148,19,5,463131.9,439975.3,In Stock,1,11,1
ORD-000005,SKU-06734,Product_Kappa_2,Pharmaceuticals,Supplier_D,Chennai WH,West,2022-01-02,2022-01-04,Sea,Net 60,3792.62,11,11,374,111,24,0,41718.82,41718.82,In Stock,4,14,2
ORD-000006,SKU-07265,Product_Kappa_10,Furniture,Supplier_J,Hyderabad WH,North,2022-01-02,2022-01-29,Air,Net 30,3802.43,55,55,115,31,27,0,209133.65,209133.65,In Stock,9,9,27
ORD-000007,SKU-01466,Product_Alpha_3,Pharmaceuticals,Supplier_L,Hyderabad WH,North,2022-01-02,2022-01-27,Air,Immediate,1569.86,258,258,141,107,36,0,405023.88,405023.88,In Stock,9,10,25
ORD-000008,SKU-05426,Product_Zeta_18,Pharmaceuticals,Supplier_B,Mumbai WH,East,2022-01-02,2022-01-10,Sea,Net 30,2059.31,65,65,991,92,43,0,133855.15,133855.15,In Stock,7,1,8
ORD-000009,SKU-06578,Product_Gamma_45,Pharmaceuticals,Supplier_D,Delhi WH,South,2022-01-03,2022-01-08,Rail,Net 30,1056.35,479,479,196,182,17,10,505991.65,455392.49,Discontinued,6,3,5
ORD-000010,SKU-09322,Product_Omega_26,Apparel,Supplier_G,Chennai WH,Central,2022-01-03,2022-01-10,Air,Immediate,4883.04,172,172,789,121,10,10,839882.88,755894.59,Discontinued,4,8,7
ORD-000011,SKU-02685,Product_Alpha_33,Electronics,Supplier_I,Chennai WH,Central,2022-01-03,2022-01-30,Rail,Immediate,3231.56,272,272,539,118,17,0,878984.32,878984.32,In Stock,6,4,27
ORD-000012,SKU-01769,Product_Kappa_31,Industrial Parts,Supplier_K,Chennai WH,West,2022-01-03,2022-01-16,Road,Net 15,4673.37,150,294,298,180,44,0,701005.5,701005.5,In Stock,4,1,13
ORD-000013,SKU-07949,Product_Zeta_26,FMCG,Supplier_L,Delhi WH,West,2022-01-03,2022-01-15,Road,Net 60,1523.89,362,232,75,77,10,10,551648.18,496483.36,Low Stock,6,3,12
ORD-000014,SKU-03433,Product_Beta_35,Electronics,Supplier_B,Chennai WH,North,2022-01-03,2022-01-25,Sea,Immediate,3911.64,146,146,529,147,10,0,571099.44,571099.44,In Stock,3,6,22
ORD-000015,SKU-06311,Product_Delta_1,Apparel,Supplier_H,Hyderabad WH,West,2022-01-04,2022-01-25,Rail,Immediate,3831.63,431,431,99,136,38,0,1651432.53,1651432.53,Low Stock,3,4,21
ORD-000016,SKU-06051,Product_Zeta_45,Electronics,Supplier_C,Hyderabad WH,East,2022-01-04,2022-01-25,Sea,Net 15,3461.36,209,209,478,54,17,5,723424.24,687253.03,In Stock,9,10,21
ORD-000017,SKU-07420,Product_Kappa_8,Furniture,Supplier_A,Chennai WH,East,2022-01-04,2022-01-07,Sea,Net 60,4828.54,286,286,972,193,26,15,1380962.44,1173818.07,In Stock,3,7,3
ORD-000018,SKU-02184,Product_Omega_22,Apparel,Supplier_D,Mumbai WH,Central,2022-01-04,2022-01-23,Sea,Net 60,1973.84,10,10,467,103,26,15,19738.4,16777.64,In Stock,7,0,19
ORD-000019,SKU-05555,Product_Sigma_26,Electronics,Supplier_B,Mumbai WH,Central,2022-01-05,2022-01-24,Road,Net 30,662.28,227,227,635,85,34,10,150337.56,135303.8,In Stock,0,13,19
ORD-000020,SKU-04385,Product_Alpha_41,Pharmaceuticals,Supplier_D,Bangalore WH,North,2022-01-06,2022-01-15,Rail,Net 30,3361.83,186,186,876,191,4,0,625300.38,625300.38,In Stock,9,12,9
ORD-000021,SKU-07396,Product_Beta_24,Furniture,Supplier_G,Chennai WH,East,2022-01-06,2022-02-05,Sea,Net 15,3649.26,62,62,291,45,27,10,226254.12,203628.71,In Stock,4,13,30
ORD-000022,SKU-09666,Product_Omega_6,Pharmaceuticals,Supplier_J,Hyderabad WH,South,2022-01-06,2022-02-02,Air,Immediate,2879.55,85,387,124,61,21,0,244761.75,244761.75,In Stock,9,14,27
ORD-000023,SKU-03558,Product_Kappa_49,Electronics,Supplier_F,Hyderabad WH,North,2022-01-06,2022-01-09,Air,Net 15,1042.02,464,177,518,96,36,0,483497.28,483497.28,Reorder Pending,1,4,3
ORD-000024,SKU-08849,Product_Sigma_42,FMCG,Supplier_F,Hyderabad WH,East,2022-01-07,2022-01-08,Rail,Net 15,2527.24,134,134,22,49,38,5,338650.16,321717.65,Low Stock,9,3,1
ORD-000025,SKU-03047,Product_Delta_12,Electronics,Supplier_L,Kolkata WH,East,2022-01-07,2022-01-10,Air,Net 60,1567.83,323,323,161,135,31,10,506409.09,455768.18,Reorder Pending,3,2,3
ORD-000026,SKU-03747,Product_Alpha_25,Pharmaceuticals,Supplier_C,Mumbai WH,East,2022-01-07,2022-01-14,Air,Net 60,2143.06,297,297,628,179,7,0,636488.82,636488.82,In Stock,4,6,7
ORD-000027,SKU-01189,Product_Delta_20,FMCG,Supplier_I,Hyderabad WH,North,2022-01-07,2022-02-05,Air,Net 60,3229.64,171,171,505,55,44,0,552268.44,552268.44,In Stock,7,9,29
ORD-000028,SKU-03734,Product_Zeta_7,Industrial Parts,Supplier_G,Kolkata WH,North,2022-01-07,2022-01-28,Air,Immediate,3728.62,213,213,881,38,34,10,794196.06,714776.45,In Stock,1,10,21
ORD-000029,SKU-04005,Product_Omega_32,Apparel,Supplier_C,Hyderabad WH,South,2022-01-07,2022-01-22,Air,Net 30,1168.8,461,461,863,41,18,15,538816.8,457994.28,In Stock,1,0,15
ORD-000030,SKU-05658,Product_Beta_41,FMCG,Supplier_L,Kolkata WH,North,2022-01-07,2022-02-02,Sea,Net 60,2032.57,18,18,20,84,24,10,36586.26,32927.63,Low Stock,1,5,26
ORD-000031,SKU-02899,Product_Kappa_48,Apparel,Supplier_A,Hyderabad WH,South,2022-01-07,2022-01-12,Air,Immediate,1353.12,314,314,763,76,13,5,424879.68,403635.7,In Stock,7,7,5
ORD-000032,SKU-08734,Product_Delta_9,Industrial Parts,Supplier_J,Mumbai WH,West,2022-01-08,2022-01-11,Air,Net 60,1001.17,60,60,837,30,13,15,60070.2,51059.67,In Stock,2,1,3
ORD-000033,SKU-02267,Product_Alpha_13,FMCG,Supplier_K,Mumbai WH,Central,2022-01-08,2022-02-06,Sea,Net 60,3919.1,88,88,463,45,25,10,344880.8,310392.72,In Stock,4,5,29
ORD-000034,SKU-02528,Product_Alpha_47,Apparel,Supplier_C,Bangalore WH,South,2022-01-08,2022-02-05,Rail,Net 15,4547.17,27,27,482,195,5,5,122773.59,116634.91,In Stock,1,10,28
ORD-000035,SKU-04556,Product_Delta_32,Apparel,Supplier_J,Hyderabad WH,Central,2022-01-09,2022-02-05,Air,Net 60,1857.46,68,68,501,38,39,0,126307.28,126307.28,In Stock,5,0,27
ORD-000036,SKU-04890,Product_Zeta_5,Industrial Parts,Supplier_L,Kolkata WH,West,2022-01-09,2022-02-04,Road,Immediate,3758.88,278,278,942,102,29,0,1044968.64,1044968.64,Discontinued,9,12,26
ORD-000037,SKU-09838,Product_Sigma_32,FMCG,Supplier_K,Chennai WH,Central,2022-01-09,2022-01-20,Air,Net 60,4486.01,408,408,308,159,44,5,1830292.08,1738777.48,In Stock,5,12,11
ORD-000038,SKU-06393,Product_Kappa_2,Apparel,Supplier_H,Chennai WH,Central,2022-01-09,2022-01-13,Rail,Net 30,4232.16,40,72,595,86,33,0,169286.4,169286.4,In Stock,1,5,4
ORD-000039,SKU-09792,Product_Alpha_22,Pharmaceuticals,Supplier_D,Hyderabad WH,North,2022-01-09,2022-01-11,Air,Immediate,922.24,109,109,873,75,24,0,100524.16,100524.16,In Stock,3,5,2
ORD-000040,SKU-09433,Product_Alpha_22,Electronics,Supplier_F,Hyderabad WH,South,2022-01-09,2022-01-24,Road,Net 30,4781.9,74,74,552,37,10,5,353860.6,336167.57,In Stock,1,4,15
ORD-000041,SKU-08513,Product_Alpha_26,Apparel,Supplier_C,Chennai WH,East,2022-01-10,2022-01-12,Rail,Net 60,1889.62,66,66,202,132,25,0,124714.92,124714.92,In Stock,9,6,2
ORD-000042,SKU-03612,Product_Beta_14,Electronics,Supplier_L,Kolkata WH,East,2022-01-10,2022-01-16,Rail,Net 30,1702.81,168,335,415,24,41,15,286072.08,243161.27,In Stock,3,13,6
ORD-000043,SKU-08041,Product_Kappa_44,Pharmaceuticals,Supplier_F,Chennai WH,North,2022-01-10,2022-02-09,Sea,Net 15,321.53,262,262,639,131,10,0,84240.86,84240.86,In Stock,6,4,30
ORD-000044,SKU-07235,Product_Gamma_48,Electronics,Supplier_J,Chennai WH,South,2022-01-10,2022-01-29,Road,Immediate,2436.01,368,368,141,171,39,5,896451.68,851629.1,Low Stock,4,14,19
ORD-000045,SKU-06486,Product_Delta_5,Pharmaceuticals,Supplier_F,Hyderabad WH,Central,2022-01-10,2022-01-24,Road,Immediate,553.98,274,274,855,134,16,10,151790.52,136611.47,In Stock,9,13,14
ORD-000046,SKU-08099,Product_Alpha_48,Furniture,Supplier_K,Mumbai WH,East,2022-01-10,2022-02-06,Road,Immediate,1250.21,337,337,614,185,28,5,421320.77,400254.73,In Stock,3,7,27
ORD-000047,SKU-01775,Product_Gamma_32,Furniture,Supplier_K,Bangalore WH,Central,2022-01-10,2022-02-03,Air,Net 30,1591.54,358,358,106,86,12,0,569771.32,569771.32,Discontinued,9,1,24
ORD-000048,SKU-09226,Product_Alpha_31,Apparel,Supplier_D,Chennai WH,West,2022-01-10,2022-01-23,Air,Immediate,4046.04,237,237,990,89,44,5,958911.48,910965.91,In Stock,9,5,13
ORD-000049,SKU-04152,Product_Alpha_16,FMCG,Supplier_D,Delhi WH,West,2022-01-10,2022-01-26,Air,Net 60,4378.69,215,215,528,71,32,15,941418.35,800205.6,In Stock,2,4,16
ORD-000050,SKU-02585,Product_Gamma_1,Pharmaceuticals,Supplier_C,Bangalore WH,West,2022-01-11,2022-01-12,Road,Net 30,1519.31,366,340,536,146,29,20,556067.46,444853.97,In Stock,5,9,1
ORD-000051,SKU-04943,Product_Gamma_41,Industrial Parts,Supplier_C,Delhi WH,North,2022-01-11,2022-01-24,Sea,Net 60,4294.9,286,286,575,186,27,10,1228341.4,1105507.26,Reorder Pending,1,1,13
ORD-000052,SKU-08555,Product_Alpha_20,Industrial Parts,Supplier_C,Mumbai WH,South,2022-01-12,2022-02-03,Rail,Immediate,4287.58,378,378,968,173,26,10,1620705.24,1458634.72,In Stock,3,10,22
ORD-000053,SKU-04073,Product_Beta_30,Apparel,Supplier_K,Bangalore WH,North,2022-01-12,2022-01-26,Sea,Immediate,3825.61,149,149,853,84,3,0,570015.89,570015.89,In Stock,7,12,14
ORD-000054,SKU-02021,Product_Gamma_38,Apparel,Supplier_L,Hyderabad WH,East,2022-01-12,2022-01-18,Rail,Net 60,742.01,318,318,886,99,26,15,235959.18,200565.3,Discontinued,1,6,6
ORD-000055,SKU-04843,Product_Beta_7,Electronics,Supplier_H,Mumbai WH,North,2022-01-13,2022-01-25,Sea,Immediate,3454.71,394,394,748,195,39,20,1361155.74,1088924.59,In Stock,8,3,12
ORD-000056,SKU-08989,Product_Beta_32,Apparel,Supplier_D,Delhi WH,Central,2022-01-13,2022-01-20,Rail,Net 30,4725.67,376,376,687,132,1,5,1776851.92,1688009.32,In Stock,1,5,7
ORD-000057,SKU-07873,Product_Delta_5,Pharmaceuticals,Supplier_L,Hyderabad WH,South,2022-01-13,2022-02-12,Road,Net 15,3415.88,107,107,290,130,35,10,365499.16,328949.24,In Stock,7,4,30
ORD-000058,SKU-06675,Product_Delta_28,Furniture,Supplier_J,Bangalore WH,East,2022-01-13,2022-01-19,Sea,Immediate,1664.77,141,141,804,72,27,5,234732.57,222995.94,In Stock,7,3,6
ORD-000059,SKU-01161,Product_Omega_48,Electronics,Supplier_D,Hyderabad WH,West,2022-01-13,2022-01-22,Rail,Immediate,2507.89,76,76,310,156,4,0,190599.64,190599.64,In Stock,6,12,9
ORD-000060,SKU-05297,Product_Zeta_21,Electronics,Supplier_I,Mumbai WH,West,2022-01-13,2022-01-22,Sea,Net 30,3232.17,9,9,912,152,19,15,29089.53,24726.1,In Stock,9,1,9
ORD-000061,SKU-01995,Product_Beta_44,Electronics,Supplier_J,Delhi WH,East,2022-01-13,2022-01-28,Rail,Net 60,2557.75,196,196,667,135,22,5,501319.0,476253.05,In Stock,5,12,15
ORD-000062,SKU-08629,Product_Gamma_21,FMCG,Supplier_J,Bangalore WH,East,2022-01-15,2022-02-13,Rail,Net 60,608.57,295,295,384,91,6,5,179528.15,170551.74,In Stock,0,12,29
ORD-000063,SKU-02016,Product_Delta_49,Apparel,Supplier_C,Mumbai WH,North,2022-01-15,2022-01-20,Road,Net 60,1567.2,280,280,52,40,9,10,438816.0,394934.4,In Stock,1,6,5
ORD-000064,SKU-08869,Product_Alpha_38,Pharmaceuticals,Supplier_A,Hyderabad WH,Central,2022-01-15,2022-01-17,Rail,Net 30,4013.96,381,381,584,122,11,15,1529318.76,1299920.95,In Stock,6,4,2
ORD-000065,SKU-07439,Product_Gamma_22,Electronics,Supplier_E,Hyderabad WH,South,2022-01-15,2022-02-04,Road,Net 15,4308.48,118,118,182,126,22,10,508400.64,457560.58,In Stock,3,12,20
ORD-000066,SKU-08892,Product_Beta_8,Industrial Parts,Supplier_F,Kolkata WH,South,2022-01-15,2022-02-04,Sea,Net 30,695.13,290,290,368,82,9,0,201587.7,201587.7,Discontinued,8,2,20
ORD-000067,SKU-07863,Product_Sigma_10,Pharmaceuticals,Supplier_H,Mumbai WH,West,2022-01-16,2022-02-05,Rail,Net 60,4762.41,487,487,700,167,29,5,2319293.67,2203328.99,In Stock,2,5,20
ORD-000068,SKU-08916,Product_Zeta_11,FMCG,Supplier_L,Hyderabad WH,Central,2022-01-16,2022-01-24,Road,Immediate,1650.82,61,61,12,192,43,20,100700.02,80560.02,Low Stock,3,7,8
ORD-000069,SKU-09529,Product_Omega_36,Furniture,Supplier_L,Delhi WH,Central,2022-01-16,2022-02-06,Air,Immediate,3314.95,425,425,558,169,10,5,1408853.75,1338411.06,In Stock,2,10,21
ORD-000070,SKU-01878,Product_Gamma_29,Apparel,Supplier_D,Mumbai WH,North,2022-01-16,2022-01-26,Rail,Net 30,3761.61,389,353,959,96,34,20,1463266.29,1170613.03,Discontinued,6,9,10
ORD-000071,SKU-05887,Product_Delta_38,Apparel,Supplier_F,Mumbai WH,North,2022-01-17,2022-02-02,Air,Immediate,4061.61,335,427,159,94,31,15,1360639.35,1156543.45,In Stock,1,9,16
ORD-000072,SKU-05859,Product_Alpha_9,Pharmaceuticals,Supplier_D,Chennai WH,North,2022-01-17,2022-01-31,Sea,Net 60,4729.29,306,306,283,177,22,10,1447162.74,1302446.47,In Stock,9,11,14
ORD-000073,SKU-07331,Product_Beta_41,Apparel,Supplier_C,Delhi WH,South,2022-01-17,2022-02-15,Rail,Net 30,1571.47,388,388,564,82,4,0,609730.36,609730.36,In Stock,1,1,29
ORD-000074,SKU-09571,Product_Zeta_50,Apparel,Supplier_D,Delhi WH,Central,2022-01-17,2022-02-04,Air,Net 30,4293.95,51,51,286,191,2,0,218991.45,218991.45,In Stock,1,10,18
ORD-000075,SKU-09684,Product_Gamma_2,Electronics,Supplier_G,Delhi WH,South,2022-01-17,2022-02-02,Rail,Net 30,667.12,52,52,7,86,5,10,34690.24,31221.22,Low Stock,3,9,16
ORD-000076,SKU-08208,Product_Kappa_6,FMCG,Supplier_G,Delhi WH,West,2022-01-17,2022-01-19,Road,Net 15,3528.15,122,122,71,55,15,5,430434.3,408912.58,In Stock,7,11,2
ORD-000077,SKU-06276,Product_Alpha_1,Apparel,Supplier_B,Bangalore WH,South,2022-01-17,2022-01-20,Sea,Net 15,3712.47,167,167,891,153,19,10,619982.49,557984.24,In Stock,7,3,3
ORD-000078,SKU-03062,Product_Gamma_6,FMCG,Supplier_I,Bangalore WH,North,2022-01-17,2022-01-26,Rail,Net 30,3391.84,8,8,97,56,38,10,27134.72,24421.25,In Stock,7,2,9
ORD-000079,SKU-01064,Product_Sigma_27,Pharmaceuticals,Supplier_F,Delhi WH,North,2022-01-18,2022-01-31,Air,Net 60,1269.05,369,369,86,112,15,0,468279.45,468279.45,Low Stock,7,6,13
ORD-000080,SKU-09006,Product_Kappa_45,Electronics,Supplier_A,Kolkata WH,East,2022-01-18,2022-01-23,Rail,Net 60,4366.49,45,45,841,94,8,10,196492.05,176842.84,Reorder Pending,6,9,5
ORD-000081,SKU-03568,Product_Gamma_14,Pharmaceuticals,Supplier_H,Kolkata WH,North,2022-01-18,2022-02-01,Air,Immediate,852.6,344,344,100,185,20,5,293294.4,278629.68,Low Stock,5,7,14
ORD-000082,SKU-06463,Product_Gamma_41,Pharmaceuticals,Supplier_G,Kolkata WH,South,2022-01-18,2022-01-25,Road,Net 60,277.64,245,245,280,134,12,0,68021.8,68021.8,In Stock,6,7,7
ORD-000083,SKU-03027,Product_Sigma_34,Electronics,Supplier_B,Chennai WH,South,2022-01-18,2022-02-08,Road,Net 60,3590.15,284,284,882,172,4,5,1019602.6,968622.47,In Stock,4,13,21
ORD-000084,SKU-03695,Product_Kappa_27,Industrial Parts,Supplier_A,Chennai WH,East,2022-01-19,2022-02-17,Sea,Net 15,2382.62,375,375,288,96,38,15,893482.5,759460.12,Reorder Pending,7,3,29
ORD-000085,SKU-06258,Product_Delta_12,Apparel,Supplier_I,Mumbai WH,West,2022-01-20,2022-02-15,Road,Net 15,4247.0,107,107,748,180,43,0,454429.0,454429.0,In Stock,1,14,26
ORD-000086,SKU-06618,Product_Alpha_39,Apparel,Supplier_H,Hyderabad WH,North,2022-01-20,2022-02-06,Sea,Net 60,1923.15,27,128,195,32,39,0,51925.05,51925.05,In Stock,4,14,17
ORD-000087,SKU-07736,Product_Gamma_46,Electronics,Supplier_A,Kolkata WH,North,2022-01-20,2022-01-28,Sea,Net 15,849.71,193,486,390,57,36,0,163994.03,163994.03,In Stock,6,9,8
ORD-000088,SKU-01391,Product_Kappa_40,Industrial Parts,Supplier_I,Kolkata WH,Central,2022-01-20,2022-02-10,Sea,Net 15,4183.85,418,418,608,167,15,0,1748849.3,1748849.3,In Stock,8,1,21
ORD-000089,SKU-06892,Product_Beta_41,Apparel,Supplier_C,Delhi WH,East,2022-01-20,2022-02-15,Sea,Immediate,2749.06,337,337,449,36,1,5,926433.22,880111.56,In Stock,9,5,26
ORD-000090,SKU-04561,Product_Sigma_23,Apparel,Supplier_G,Bangalore WH,South,2022-01-21,2022-02-08,Sea,Immediate,954.09,357,357,367,142,31,0,340610.13,340610.13,In Stock,0,14,18
ORD-000091,SKU-07184,Product_Zeta_1,Apparel,Supplier_J,Kolkata WH,South,2022-01-21,2022-02-16,Air,Immediate,3604.72,62,62,429,133,9,15,223492.64,189968.74,Reorder Pending,8,2,26
ORD-000092,SKU-04099,Product_Delta_13,Pharmaceuticals,Supplier_H,Kolkata WH,North,2022-01-21,2022-01-22,Sea,Net 15,2560.46,62,62,95,171,23,0,158748.52,158748.52,Low Stock,2,7,1
ORD-000093,SKU-07278,Product_Beta_34,FMCG,Supplier_B,Kolkata WH,North,2022-01-22,2022-02-04,Air,Net 15,3025.52,422,279,260,45,26,5,1276769.44,1212930.97,In Stock,0,2,13
ORD-000094,SKU-09392,Product_Beta_40,Pharmaceuticals,Supplier_I,Mumbai WH,South,2022-01-22,2022-02-17,Rail,Net 30,2309.88,282,282,511,187,40,0,651386.16,651386.16,In Stock,6,1,26
ORD-000095,SKU-04104,Product_Omega_49,FMCG,Supplier_C,Delhi WH,Central,2022-01-22,2022-02-14,Rail,Net 15,4145.26,121,121,120,51,44,20,501576.46,401261.17,In Stock,2,12,23
ORD-000096,SKU-08215,Product_Delta_30,Industrial Parts,Supplier_D,Bangalore WH,Central,2022-01-22,2022-02-03,Sea,Net 60,4149.52,280,280,365,184,39,5,1161865.6,1103772.32,In Stock,7,12,12
ORD-000097,SKU-03454,Product_Delta_18,Apparel,Supplier_G,Kolkata WH,South,2022-01-23,2022-02-08,Air,Net 15,3549.85,39,39,784,105,18,15,138444.15,117677.53,In Stock,1,8,16
ORD-000098,SKU-09996,Product_Alpha_13,Industrial Parts,Supplier_A,Hyderabad WH,East,2022-01-23,2022-02-10,Sea,Immediate,535.95,380,380,331,117,33,10,203661.0,183294.9,In Stock,3,8,18
ORD-000099,SKU-03731,Product_Beta_10,Apparel,Supplier_B,Delhi WH,South,2022-01-24,2022-02-19,Rail,Net 15,4195.88,277,277,51,110,41,10,1162258.76,1046032.88,Low Stock,1,8,26
ORD-000100,SKU-09154,Product_Kappa_32,Furniture,Supplier_A,Mumbai WH,South,2022-01-24,2022-02-09,Air,Net 60,3358.35,94,94,395,140,39,15,315684.9,268332.17,Discontinued,3,2,16
ORD-000101,SKU-06056,Product_Gamma_11,Electronics,Supplier_H,Bangalore WH,North,2022-01-24,2022-02-05,Rail,Immediate,3488.15,431,431,317,76,14,0,1503392.65,1503392.65,In Stock,0,1,12
ORD-000102,SKU-09110,Product_Alpha_4,Furniture,Supplier_B,Delhi WH,Central,2022-01-25,2022-02-24,Rail,Immediate,1821.28,115,115,674,126,1,10,209447.2,188502.48,In Stock,9,13,30
ORD-000103,SKU-04840,Product_Omega_19,Apparel,Supplier_C,Delhi WH,South,2022-01-25,2022-02-13,Sea,Immediate,4397.6,176,176,701,41,13,0,773977.6,773977.6,In Stock,4,13,19
ORD-000104,SKU-02028,Product_Delta_28,Apparel,Supplier_G,Mumbai WH,North,2022-01-26,2022-02-12,Air,Net 30,3629.6,121,121,276,131,15,10,439181.6,395263.44,In Stock,2,3,17
ORD-000105,SKU-08385,Product_Sigma_22,Furniture,Supplier_B,Hyderabad WH,West,2022-01-26,2022-02-06,Rail,Immediate,571.83,13,13,596,104,37,20,7433.79,5947.03,In Stock,8,1,11
ORD-000106,SKU-01502,Product_Kappa_3,Pharmaceuticals,Supplier_F,Hyderabad WH,Central,2022-01-26,2022-02-08,Rail,Net 15,2044.81,485,485,193,99,5,20,991732.85,793386.28,In Stock,3,7,13
ORD-000107,SKU-07910,Product_Beta_48,Electronics,Supplier_K,Chennai WH,North,2022-01-26,2022-02-04,Air,Net 30,4433.04,387,149,692,92,14,0,1715586.48,1715586.48,Discontinued,5,9,9
ORD-000108,SKU-07938,Product_Alpha_35,Electronics,Supplier_I,Bangalore WH,West,2022-01-26,2022-02-01,Air,Net 60,245.51,416,416,20,96,14,0,102132.16,102132.16,Low Stock,8,0,6
ORD-000109,SKU-05488,Product_Gamma_11,Industrial Parts,Supplier_D,Mumbai WH,South,2022-01-27,2022-01-28,Road,Net 15,4807.47,163,163,398,93,5,0,783617.61,783617.61,In Stock,1,1,1
ORD-000110,SKU-01206,Product_Alpha_32,Apparel,Supplier_I,Kolkata WH,West,2022-01-27,2022-02-07,Rail,Net 15,3399.02,275,292,714,146,11,0,934730.5,934730.5,In Stock,6,5,11
ORD-000111,SKU-06134,Product_Beta_5,Electronics,Supplier_K,Hyderabad WH,North,2022-01-27,2022-02-16,Sea,Net 15,3160.57,398,398,201,196,32,0,1257906.86,1257906.86,In Stock,2,8,20
ORD-000112,SKU-06977,Product_Delta_47,FMCG,Supplier_I,Chennai WH,South,2022-01-27,2022-02-04,Road,Net 30,1360.09,176,69,465,140,5,0,239375.84,239375.84,In Stock,0,9,8
ORD-000113,SKU-08721,Product_Kappa_38,Industrial Parts,Supplier_K,Mumbai WH,Central,2022-01-27,2022-01-28,Rail,Immediate,1251.47,470,470,150,104,36,20,588190.9,470552.72,In Stock,8,11,1
ORD-000114,SKU-08035,Product_Omega_27,Pharmaceuticals,Supplier_C,Delhi WH,Central,2022-01-27,2022-02-25,Air,Net 60,4710.87,337,337,895,196,15,5,1587563.19,1508185.03,In Stock,8,4,29
ORD-000115,SKU-02484,Product_Delta_48,Industrial Parts,Supplier_L,Hyderabad WH,North,2022-01-27,2022-02-22,Rail,Net 60,1498.38,379,379,158,189,7,10,567886.02,511097.42,Discontinued,3,4,26
ORD-000116,SKU-08858,Product_Omega_15,Furniture,Supplier_B,Hyderabad WH,West,2022-01-28,2022-02-22,Sea,Net 60,3879.77,324,324,309,187,5,5,1257045.48,1194193.21,In Stock,8,2,25
ORD-000117,SKU-01863,Product_Beta_21,Industrial Parts,Supplier_H,Hyderabad WH,South,2022-01-28,2022-02-06,Rail,Immediate,1971.68,173,173,950,193,30,10,341100.64,306990.58,In Stock,6,7,9
ORD-000118,SKU-03790,Product_Delta_7,Pharmaceuticals,Supplier_K,Chennai WH,West,2022-01-28,2022-01-30,Rail,Net 60,704.88,488,488,503,169,15,20,343981.44,275185.15,In Stock,3,11,2
ORD-000119,SKU-08408,Product_Delta_48,Pharmaceuticals,Supplier_K,Kolkata WH,Central,2022-01-28,2022-02-23,Rail,Net 15,63.47,275,275,25,101,30,5,17454.25,16581.54,Low Stock,1,5,26
ORD-000120,SKU-09755,Product_Zeta_13,Furniture,Supplier_G,Bangalore WH,North,2022-01-28,2022-02-13,Air,Net 30,2725.84,64,64,820,40,14,0,174453.76,174453.76,In Stock,4,9,16
ORD-000121,SKU-06116,Product_Zeta_15,Industrial Parts,Supplier_L,Kolkata WH,West,2022-01-28,2022-02-14,Sea,Net 60,4879.14,101,101,65,198,24,5,492793.14,468153.48,Low Stock,7,11,17
ORD-000122,SKU-07019,Product_Beta_31,Pharmaceuticals,Supplier_E,Chennai WH,Central,2022-01-28,2022-02-09,Road,Net 30,1851.99,322,322,934,161,24,20,596340.78,477072.62,In Stock,9,1,12
ORD-000123,SKU-02757,Product_Kappa_4,Industrial Parts,Supplier_I,Bangalore WH,Central,2022-01-29,2022-02-23,Road,Immediate,1792.39,463,463,262,93,35,0,829876.57,829876.57,In Stock,9,11,25
ORD-000124,SKU-08574,Product_Zeta_10,Furniture,Supplier_E,Mumbai WH,East,2022-01-29,2022-02-17,Rail,Net 30,1727.02,66,66,471,28,5,5,113983.32,108284.15,In Stock,5,11,19
ORD-000125,SKU-07374,Product_Delta_40,Pharmaceuticals,Supplier_G,Kolkata WH,West,2022-01-30,2022-02-07,Rail,Net 30,2607.51,331,331,166,165,12,0,863085.81,863085.81,Discontinued,4,4,8
ORD-000126,SKU-07892,Product_Kappa_12,FMCG,Supplier_H,Kolkata WH,West,2022-01-30,2022-02-05,Road,Net 60,2208.92,45,45,799,32,20,0,99401.4,99401.4,In Stock,3,3,6
ORD-000127,SKU-02678,Product_Zeta_24,Pharmaceuticals,Supplier_D,Kolkata WH,West,2022-01-30,2022-02-03,Rail,Immediate,4400.77,87,87,153,36,5,15,382866.99,325436.94,In Stock,5,10,4
ORD-000128,SKU-04242,Product_Gamma_30,Pharmaceuticals,Supplier_F,Mumbai WH,South,2022-01-30,2022-02-07,Road,Net 60,2532.55,458,458,342,145,36,0,1159907.9,1159907.9,In Stock,2,9,8
ORD-000129,SKU-05636,Product_Delta_41,Furniture,Supplier_H,Bangalore WH,North,2022-01-30,2022-02-21,Sea,Net 60,2543.71,67,465,717,106,21,0,170428.57,170428.57,In Stock,1,8,22
ORD-000130,SKU-02059,Product_Omega_18,Furniture,Supplier_E,Delhi WH,North,2022-01-30,2022-02-07,Air,Net 30,700.47,453,453,412,172,39,0,317312.91,317312.91,In Stock,0,3,8
ORD-000131,SKU-07668,Product_Delta_22,Industrial Parts,Supplier_C,Bangalore WH,North,2022-01-30,2022-02-08,Air,Net 15,4913.87,259,259,664,35,3,20,1272692.33,1018153.86,In Stock,8,7,9
ORD-000132,SKU-04157,Product_Gamma_3,FMCG,Supplier_C,Hyderabad WH,East,2022-01-31,2022-02-18,Air,Net 60,1257.36,422,460,183,43,29,0,530605.92,530605.92,In Stock,0,0,18
ORD-000133,SKU-06915,Product_Alpha_18,Pharmaceuticals,Supplier_D,Kolkata WH,South,2022-01-31,2022-02-27,Air,Net 15,376.09,205,205,670,94,25,15,77098.45,65533.68,In Stock,3,4,27
ORD-000134,SKU-03693,Product_Gamma_8,Industrial Parts,Supplier_D,Kolkata WH,North,2022-01-31,2022-02-26,Air,Immediate,3319.1,426,426,193,170,27,0,1413936.6,1413936.6,In Stock,5,8,26
ORD-000135,SKU-04627,Product_Kappa_30,Apparel,Supplier_L,Mumbai WH,East,2022-02-01,2022-03-03,Rail,Net 60,2980.88,467,467,1,188,36,15,1392070.96,1183260.32,Low Stock,8,2,30
ORD-000136,SKU-06450,Product_Zeta_11,Pharmaceuticals,Supplier_C,Delhi WH,North,2022-02-01,2022-02-25,Air,Immediate,2081.58,424,424,214,122,22,20,882589.92,706071.94,In Stock,3,10,24
ORD-000137,SKU-02663,Product_Omega_15,Industrial Parts,Supplier_C,Hyderabad WH,North,2022-02-01,2022-02-03,Rail,Net 15,2116.74,178,165,686,105,38,0,376779.72,376779.72,In Stock,6,12,2
ORD-000138,SKU-06592,Product_Sigma_39,Apparel,Supplier_C,Mumbai WH,West,2022-02-01,2022-02-26,Sea,Net 15,3927.47,419,419,586,180,35,0,1645609.93,1645609.93,In Stock,6,5,25
ORD-000139,SKU-08392,Product_Gamma_41,Electronics,Supplier_L,Mumbai WH,North,2022-02-01,2022-02-09,Sea,Net 60,986.61,280,280,796,124,1,0,276250.8,276250.8,In Stock,5,10,8
ORD-000140,SKU-02306,Product_Gamma_37,Apparel,Supplier_I,Bangalore WH,West,2022-02-01,2022-02-20,Rail,Net 60,4103.06,344,344,638,61,3,10,1411452.64,1270307.38,In Stock,8,9,19
ORD-000141,SKU-07776,Product_Delta_6,Electronics,Supplier_A,Mumbai WH,North,2022-02-01,2022-03-01,Road,Net 30,3247.25,17,17,482,195,24,0,55203.25,55203.25,In Stock,9,5,28
ORD-000142,SKU-06864,Product_Zeta_34,Pharmaceuticals,Supplier_K,Delhi WH,West,2022-02-02,2022-02-28,Road,Net 60,2100.66,296,296,560,37,8,0,621795.36,621795.36,In Stock,6,10,26
ORD-000143,SKU-08526,Product_Kappa_14,FMCG,Supplier_B,Hyderabad WH,South,2022-02-02,2022-02-15,Air,Net 30,2295.56,202,202,968,97,39,0,463703.12,463703.12,In Stock,2,5,13
ORD-000144,SKU-09901,Product_Kappa_30,FMCG,Supplier_J,Chennai WH,East,2022-02-02,2022-02-14,Road,Net 60,1290.67,450,450,31,111,18,0,580801.5,580801.5,Low Stock,5,3,12
ORD-000145,SKU-06575,Product_Sigma_1,Electronics,Supplier_E,Chennai WH,Central,2022-02-02,2022-03-04,Rail,Net 15,3763.05,172,172,669,30,41,0,647244.6,647244.6,In Stock,6,6,30
ORD-000146,SKU-06530,Product_Zeta_48,Pharmaceuticals,Supplier_E,Chennai WH,East,2022-02-02,2022-03-01,Sea,Net 30,2569.24,407,407,14,171,3,15,1045680.68,888828.58,Low Stock,6,2,27
ORD-000147,SKU-05413,Product_Delta_16,Industrial Parts,Supplier_C,Hyderabad WH,North,2022-02-02,2022-03-02,Air,Net 30,1611.06,262,262,317,183,18,15,422097.72,358783.06,In Stock,5,5,28
ORD-000148,SKU-04748,Product_Omega_28,Industrial Parts,Supplier_F,Delhi WH,Central,2022-02-02,2022-02-08,Road,Net 60,2984.29,194,194,845,145,16,5,578952.26,550004.65,In Stock,2,9,6
ORD-000149,SKU-01663,Product_Delta_38,Industrial Parts,Supplier_I,Hyderabad WH,Central,2022-02-03,2022-02-09,Air,Net 15,4978.71,149,149,242,116,32,10,741827.79,667645.01,In Stock,5,4,6
ORD-000150,SKU-02998,Product_Gamma_37,FMCG,Supplier_K,Bangalore WH,East,2022-02-03,2022-02-11,Sea,Immediate,2181.96,375,375,16,72,1,10,818235.0,736411.5,Low Stock,1,2,8
ORD-000151,SKU-08994,Product_Alpha_27,FMCG,Supplier_L,Hyderabad WH,North,2022-02-03,2022-02-22,Road,Net 60,4604.25,376,376,533,102,26,10,1731198.0,1558078.2,In Stock,9,1,19
ORD-000152,SKU-02495,Product_Alpha_3,Electronics,Supplier_J,Hyderabad WH,South,2022-02-03,2022-02-14,Rail,Immediate,1731.63,35,35,755,66,12,5,60607.05,57576.7,In Stock,0,11,11
ORD-000153,SKU-04304,Product_Kappa_47,FMCG,Supplier_C,Chennai WH,South,2022-02-03,2022-03-01,Air,Immediate,283.12,369,369,925,71,38,5,104471.28,99247.72,In Stock,7,14,26
ORD-000154,SKU-04763,Product_Alpha_28,Industrial Parts,Supplier_L,Mumbai WH,West,2022-02-03,2022-02-27,Air,Net 15,1029.17,29,31,80,76,21,10,29845.93,26861.34,In Stock,2,0,24
ORD-000155,SKU-06232,Product_Zeta_31,Apparel,Supplier_K,Hyderabad WH,North,2022-02-04,2022-02-27,Road,Net 30,2099.29,263,356,655,94,41,10,552113.27,496901.94,In Stock,7,7,23
ORD-000156,SKU-02853,Product_Beta_29,Electronics,Supplier_K,Hyderabad WH,Central,2022-02-04,2022-02-16,Road,Immediate,1105.98,221,221,435,170,13,0,244421.58,244421.58,In Stock,2,0,12
ORD-000157,SKU-07585,Product_Kappa_16,Apparel,Supplier_K,Delhi WH,East,2022-02-04,2022-03-06,Sea,Net 60,11.13,53,53,7,78,12,0,589.89,589.89,Low Stock,1,4,30
ORD-000158,SKU-02291,Product_Beta_36,Industrial Parts,Supplier_C,Kolkata WH,North,2022-02-05,2022-02-24,Rail,Net 30,4575.86,421,421,959,88,13,0,1926437.06,1926437.06,Reorder Pending,7,4,19
ORD-000159,SKU-04581,Product_Alpha_45,Furniture,Supplier_C,Bangalore WH,North,2022-02-06,2022-02-07,Road,Net 30,4220.96,279,279,678,105,18,5,1177647.84,1118765.45,In Stock,2,0,1
ORD-000160,SKU-08554,Product_Zeta_14,Apparel,Supplier_L,Chennai WH,Central,2022-02-06,2022-03-01,Rail,Net 15,3714.04,353,353,286,189,19,0,1311056.12,1311056.12,In Stock,7,8,23
ORD-000161,SKU-08280,Product_Gamma_23,Industrial Parts,Supplier_F,Hyderabad WH,North,2022-02-06,2022-03-01,Sea,Net 60,847.39,392,392,779,165,19,5,332176.88,315568.04,In Stock,1,4,23
ORD-000162,SKU-02636,Product_Sigma_16,Pharmaceuticals,Supplier_G,Mumbai WH,Central,2022-02-07,2022-02-19,Road,Net 60,610.61,76,76,800,90,6,5,46406.36,44086.04,In Stock,3,8,12
ORD-000163,SKU-04696,Product_Beta_2,Furniture,Supplier_A,Delhi WH,East,2022-02-07,2022-02-26,Air,Net 30,347.35,494,494,185,52,7,15,171590.9,145852.26,In Stock,8,10,19
ORD-000164,SKU-01698,Product_Kappa_43,Apparel,Supplier_G,Delhi WH,East,2022-02-07,2022-02-26,Rail,Net 15,3622.91,176,166,523,22,7,0,637632.16,637632.16,In Stock,0,5,19
ORD-000165,SKU-05737,Product_Sigma_11,Furniture,Supplier_C,Chennai WH,East,2022-02-07,2022-02-12,Rail,Immediate,4644.75,10,10,792,47,28,5,46447.5,44125.12,In Stock,1,6,5
ORD-000166,SKU-01854,Product_Kappa_37,FMCG,Supplier_J,Kolkata WH,East,2022-02-07,2022-02-26,Rail,Net 30,2158.37,463,463,421,20,28,5,999325.31,949359.04,In Stock,1,6,19
ORD-000167,SKU-09164,Product_Alpha_30,Industrial Parts,Supplier_F,Bangalore WH,East,2022-02-07,2022-02-14,Road,Net 30,604.51,117,117,815,145,19,0,70727.67,70727.67,In Stock,8,1,7
ORD-000168,SKU-06855,Product_Kappa_50,Apparel,Supplier_D,Mumbai WH,West,2022-02-08,2022-03-07,Sea,Net 30,2566.84,280,280,465,132,16,5,718715.2,682779.44,In Stock,9,13,27
ORD-000169,SKU-08392,Product_Gamma_46,Apparel,Supplier_F,Kolkata WH,Central,2022-02-08,2022-03-06,Air,Immediate,1750.67,218,218,82,66,17,15,381646.06,324399.15,Discontinued,4,4,26
ORD-000170,SKU-07528,Product_Zeta_12,Electronics,Supplier_K,Delhi WH,West,2022-02-08,2022-03-09,Road,Immediate,1880.38,175,175,566,56,22,0,329066.5,329066.5,In Stock,3,1,29
ORD-000171,SKU-06249,Product_Omega_41,Apparel,Supplier_A,Chennai WH,South,2022-02-08,2022-02-24,Air,Net 60,3110.44,234,234,642,105,19,15,727842.96,618666.52,In Stock,9,3,16
ORD-000172,SKU-06172,Product_Kappa_46,Industrial Parts,Supplier_G,Hyderabad WH,Central,2022-02-08,2022-02-26,Rail,Net 15,3596.4,437,437,636,67,29,15,1571626.8,1335882.78,In Stock,9,11,18
ORD-000173,SKU-02707,Product_Alpha_41,FMCG,Supplier_D,Chennai WH,West,2022-02-09,2022-02-19,Sea,Immediate,561.91,252,252,482,127,19,10,141601.32,127441.19,In Stock,3,2,10
ORD-000174,SKU-06791,Product_Beta_25,Industrial Parts,Supplier_K,Chennai WH,East,2022-02-09,2022-02-15,Rail,Net 60,187.6,295,295,324,38,35,10,55342.0,49807.8,In Stock,6,11,6
ORD-000175,SKU-06535,Product_Omega_34,Industrial Parts,Supplier_L,Delhi WH,East,2022-02-09,2022-02-25,Rail,Net 15,4971.71,451,451,418,161,25,10,2242241.21,2018017.09,In Stock,2,12,16
ORD-000176,SKU-05931,Product_Alpha_19,Industrial Parts,Supplier_H,Hyderabad WH,West,2022-02-09,2022-02-11,Sea,Immediate,1171.31,322,322,50,102,20,5,377161.82,358303.73,Low Stock,8,10,2
ORD-000177,SKU-04510,Product_Zeta_49,Furniture,Supplier_D,Chennai WH,North,2022-02-10,2022-02-13,Rail,Immediate,278.61,6,6,26,84,37,20,1671.66,1337.33,Low Stock,4,5,3
ORD-000178,SKU-01202,Product_Sigma_45,Industrial Parts,Supplier_B,Hyderabad WH,Central,2022-02-10,2022-02-12,Sea,Immediate,957.48,21,21,676,45,19,0,20107.08,20107.08,In Stock,8,10,2
ORD-000179,SKU-05218,Product_Delta_44,FMCG,Supplier_K,Bangalore WH,South,2022-02-10,2022-02-18,Air,Net 60,204.4,73,73,980,157,42,0,14921.2,14921.2,In Stock,0,14,8
ORD-000180,SKU-09958,Product_Beta_40,Apparel,Supplier_B,Chennai WH,West,2022-02-10,2022-03-02,Rail,Net 60,1965.14,330,330,911,118,13,0,648496.2,648496.2,In Stock,9,4,20
ORD-000181,SKU-05389,Product_Omega_48,Industrial Parts,Supplier_I,Mumbai WH,West,2022-02-10,2022-02-18,Road,Net 15,4013.98,36,36,987,96,12,10,144503.28,130052.95,In Stock,7,0,8
ORD-000182,SKU-03327,Product_Alpha_33,Apparel,Supplier_A,Kolkata WH,West,2022-02-10,2022-02-11,Road,Net 30,1712.81,387,387,792,89,15,0,662857.47,662857.47,In Stock,1,14,1
ORD-000183,SKU-09004,Product_Omega_4,Industrial Parts,Supplier_E,Kolkata WH,North,2022-02-10,2022-02-27,Sea,Immediate,2226.48,233,233,544,62,4,20,518769.84,415015.87,In Stock,7,1,17
ORD-000184,SKU-03931,Product_Beta_25,Electronics,Supplier_G,Kolkata WH,South,2022-02-11,2022-02-27,Air,Net 60,3381.18,216,397,61,89,15,5,730334.88,693818.14,Low Stock,3,12,16
ORD-000185,SKU-08777,Product_Omega_30,Apparel,Supplier_K,Bangalore WH,West,2022-02-11,2022-02-12,Sea,Net 60,2549.38,470,470,656,78,17,15,1198208.6,1018477.31,In Stock,1,6,1
ORD-000186,SKU-01197,Product_Alpha_24,Apparel,Supplier_H,Delhi WH,West,2022-02-11,2022-02-22,Rail,Net 30,4308.61,497,497,170,22,27,0,2141379.17,2141379.17,In Stock,1,8,11
ORD-000187,SKU-08125,Product_Omega_12,Furniture,Supplier_E,Bangalore WH,North,2022-02-11,2022-03-13,Sea,Net 30,4331.52,206,206,285,152,11,0,892293.12,892293.12,In Stock,5,0,30
ORD-000188,SKU-02930,Product_Beta_36,Electronics,Supplier_B,Mumbai WH,Central,2022-02-12,2022-03-04,Road,Net 15,59.45,426,426,808,104,23,0,25325.7,25325.7,In Stock,2,3,20
ORD-000189,SKU-07287,Product_Delta_9,FMCG,Supplier_D,Bangalore WH,Central,2022-02-12,2022-02-19,Air,Net 60,3892.45,429,429,116,114,15,0,1669861.05,1669861.05,In Stock,9,13,7
ORD-000190,SKU-09800,Product_Omega_16,FMCG,Supplier_A,Chennai WH,West,2022-02-12,2022-03-10,Rail,Net 60,2309.06,44,44,3,97,31,5,101598.64,96518.71,Low Stock,2,14,26
ORD-000191,SKU-05282,Product_Beta_42,Electronics,Supplier_H,Bangalore WH,South,2022-02-12,2022-02-17,Sea,Net 15,4944.31,91,91,65,120,26,20,449932.21,359945.77,Low Stock,8,14,5
ORD-000192,SKU-03511,Product_Kappa_48,FMCG,Supplier_K,Delhi WH,West,2022-02-12,2022-02-23,Air,Net 15,2421.33,417,417,59,102,7,0,1009694.61,1009694.61,Low Stock,4,10,11
ORD-000193,SKU-01659,Product_Delta_49,Industrial Parts,Supplier_F,Kolkata WH,South,2022-02-12,2022-03-07,Sea,Net 60,4934.61,316,316,904,184,13,10,1559336.76,1403403.08,In Stock,6,2,23
ORD-000194,SKU-03811,Product_Delta_21,Industrial Parts,Supplier_D,Mumbai WH,Central,2022-02-13,2022-02-19,Road,Immediate,3775.3,470,470,501,103,13,5,1774391.0,1685671.45,In Stock,4,11,6
ORD-000195,SKU-08098,Product_Omega_18,Furniture,Supplier_I,Bangalore WH,East,2022-02-13,2022-03-15,Sea,Net 60,1250.54,93,93,798,199,20,0,116300.22,116300.22,In Stock,1,11,30
ORD-000196,SKU-07546,Product_Zeta_18,Industrial Parts,Supplier_E,Mumbai WH,West,2022-02-13,2022-03-11,Rail,Net 15,2696.59,467,467,856,140,34,5,1259307.53,1196342.15,In Stock,7,10,26
ORD-000197,SKU-02986,Product_Alpha_5,Electronics,Supplier_B,Delhi WH,North,2022-02-13,2022-03-13,Air,Net 30,4960.76,339,339,228,154,10,0,1681697.64,1681697.64,In Stock,8,12,28
ORD-000198,SKU-09338,Product_Omega_23,Pharmaceuticals,Supplier_K,Kolkata WH,South,2022-02-14,2022-03-14,Rail,Net 15,4289.08,454,454,99,72,37,15,1947242.32,1655155.97,In Stock,1,4,28
ORD-000199,SKU-03911,Product_Kappa_32,FMCG,Supplier_I,Mumbai WH,West,2022-02-14,2022-02-25,Rail,Immediate,495.86,493,493,118,133,27,10,244458.98,220013.08,Low Stock,1,4,11
ORD-000200,SKU-02734,Product_Beta_31,FMCG,Supplier_F,Chennai WH,West,2022-02-14,2022-02-16,Road,Net 15,3534.8,83,83,68,25,34,0,293388.4,293388.4,In Stock,3,12,2
ORD-000201,SKU-02843,Product_Sigma_29,Pharmaceuticals,Supplier_C,Kolkata WH,West,2022-02-14,2022-02-15,Road,Net 30,1734.44,333,333,663,154,36,10,577568.52,519811.67,In Stock,7,11,1
ORD-000202,SKU-09680,Product_Omega_44,Pharmaceuticals,Supplier_A,Hyderabad WH,Central,2022-02-14,2022-02-19,Sea,Net 30,44.84,282,282,791,191,16,0,12644.88,12644.88,In Stock,4,9,5
ORD-000203,SKU-03976,Product_Beta_13,Industrial Parts,Supplier_K,Bangalore WH,South,2022-02-14,2022-03-05,Sea,Net 60,2023.37,470,470,220,37,21,10,950983.9,855885.51,Reorder Pending,4,9,19
ORD-000204,SKU-02959,Product_Kappa_6,Electronics,Supplier_B,Chennai WH,North,2022-02-14,2022-03-09,Sea,Net 60,1181.42,21,21,940,73,16,15,24809.82,21088.35,In Stock,6,10,23
ORD-000205,SKU-06759,Product_Beta_26,Industrial Parts,Supplier_D,Delhi WH,East,2022-02-15,2022-03-17,Sea,Immediate,4096.16,228,228,222,146,17,15,933924.48,793835.81,In Stock,3,1,30
ORD-000206,SKU-07694,Product_Gamma_19,Electronics,Supplier_G,Delhi WH,East,2022-02-15,2022-02-20,Sea,Net 60,1693.28,376,376,676,176,15,0,636673.28,636673.28,In Stock,8,4,5
ORD-000207,SKU-03385,Product_Beta_7,FMCG,Supplier_C,Delhi WH,West,2022-02-15,2022-03-12,Sea,Net 30,4139.34,130,130,953,44,13,0,538114.2,538114.2,In Stock,3,3,25
ORD-000208,SKU-05736,Product_Gamma_18,FMCG,Supplier_G,Chennai WH,South,2022-02-15,2022-02-19,Rail,Net 30,12.98,175,175,503,82,33,5,2271.5,2157.92,In Stock,7,12,4
ORD-000209,SKU-02802,Product_Beta_45,Apparel,Supplier_K,Chennai WH,West,2022-02-15,2022-03-15,Rail,Net 30,1546.02,108,108,210,134,5,20,166970.16,133576.13,In Stock,2,0,28
ORD-000210,SKU-09155,Product_Gamma_32,FMCG,Supplier_A,Chennai WH,North,2022-02-15,2022-03-04,Rail,Net 30,1213.41,414,414,790,160,27,20,502351.74,401881.39,In Stock,5,11,17
ORD-000211,SKU-09120,Product_Gamma_14,Pharmaceuticals,Supplier_I,Mumbai WH,South,2022-02-15,2022-03-15,Rail,Net 30,1175.5,283,283,930,179,1,0,332666.5,332666.5,In Stock,0,0,28
ORD-000212,SKU-07616,Product_Alpha_19,Apparel,Supplier_E,Kolkata WH,Central,2022-02-16,2022-02-28,Rail,Net 15,350.25,71,71,574,174,44,10,24867.75,22380.98,In Stock,6,0,12
ORD-000213,SKU-06534,Product_Zeta_44,Electronics,Supplier_K,Mumbai WH,Central,2022-02-16,2022-02-19,Sea,Net 60,943.75,404,404,885,70,30,20,381275.0,305020.0,In Stock,6,7,3
ORD-000214,SKU-05061,Product_Gamma_31,Electronics,Supplier_G,Delhi WH,West,2022-02-16,2022-02-28,Rail,Net 60,2782.19,50,295,881,181,23,0,139109.5,139109.5,In Stock,1,14,12
ORD-000215,SKU-01262,Product_Omega_27,Apparel,Supplier_D,Chennai WH,East,2022-02-16,2022-03-11,Air,Immediate,1463.89,95,95,261,47,15,15,139069.55,118209.12,In Stock,4,2,23
ORD-000216,SKU-07287,Product_Kappa_48,Furniture,Supplier_J,Bangalore WH,North,2022-02-16,2022-03-10,Road,Net 15,2092.8,279,279,517,92,36,0,583891.2,583891.2,In Stock,3,8,22
ORD-000217,SKU-09815,Product_Alpha_19,Furniture,Supplier_L,Delhi WH,South,2022-02-16,2022-03-01,Rail,Net 15,1890.57,397,397,247,91,19,0,750556.29,750556.29,In Stock,9,14,13
ORD-000218,SKU-03049,Product_Delta_5,Pharmaceuticals,Supplier_H,Mumbai WH,South,2022-02-16,2022-03-07,Air,Net 15,4380.77,337,337,740,104,30,0,1476319.49,1476319.49,In Stock,8,9,19
ORD-000219,SKU-06423,Product_Alpha_15,FMCG,Supplier_K,Chennai WH,South,2022-02-16,2022-02-20,Air,Immediate,4527.44,132,132,797,129,16,5,597622.08,567740.98,In Stock,1,1,4
ORD-000220,SKU-05548,Product_Omega_27,Electronics,Supplier_F,Delhi WH,East,2022-02-16,2022-02-27,Road,Immediate,2469.86,398,398,256,49,18,15,983004.28,835553.64,In Stock,2,8,11
ORD-000221,SKU-04108,Product_Omega_42,Electronics,Supplier_G,Hyderabad WH,West,2022-02-17,2022-02-27,Road,Net 15,1657.48,276,276,62,28,26,5,457464.48,434591.26,In Stock,0,10,10
ORD-000222,SKU-08158,Product_Omega_32,Pharmaceuticals,Supplier_B,Kolkata WH,North,2022-02-17,2022-02-28,Sea,Immediate,542.94,380,380,391,160,17,0,206317.2,206317.2,In Stock,9,8,11
ORD-000223,SKU-08400,Product_Kappa_30,Apparel,Supplier_F,Mumbai WH,East,2022-02-17,2022-02-22,Air,Net 15,4767.48,13,13,539,101,11,0,61977.24,61977.24,In Stock,4,14,5
ORD-000224,SKU-04170,Product_Sigma_37,Furniture,Supplier_L,Delhi WH,East,2022-02-17,2022-02-23,Rail,Net 30,310.53,3,3,856,83,29,5,931.59,885.01,In Stock,2,3,6
ORD-000225,SKU-03255,Product_Gamma_20,Pharmaceuticals,Supplier_E,Mumbai WH,West,2022-02-17,2022-03-13,Sea,Net 15,1495.27,474,474,416,57,9,5,708757.98,673320.08,In Stock,3,3,24
ORD-000226,SKU-02154,Product_Gamma_17,FMCG,Supplier_H,Kolkata WH,West,2022-02-17,2022-03-03,Road,Net 60,1497.35,474,474,52,138,17,5,709743.9,674256.7,Low Stock,3,3,14
ORD-000227,SKU-05499,Product_Delta_31,Electronics,Supplier_A,Bangalore WH,South,2022-02-18,2022-03-16,Sea,Immediate,1608.8,466,466,763,41,27,0,749700.8,749700.8,In Stock,5,11,26
ORD-000228,SKU-07295,Product_Omega_19,Industrial Parts,Supplier_F,Hyderabad WH,West,2022-02-18,2022-03-11,Rail,Net 15,829.79,224,224,37,178,37,10,185872.96,167285.66,Low Stock,9,0,21
ORD-000229,SKU-07197,Product_Alpha_10,Industrial Parts,Supplier_F,Kolkata WH,West,2022-02-18,2022-03-06,Air,Net 30,3917.98,462,181,307,118,22,20,1810106.76,1448085.41,In Stock,6,4,16
ORD-000230,SKU-02648,Product_Omega_19,FMCG,Supplier_E,Hyderabad WH,South,2022-02-18,2022-03-11,Road,Net 60,621.26,175,175,845,189,8,5,108720.5,103284.48,Discontinued,6,12,21
ORD-000231,SKU-06539,Product_Kappa_11,Pharmaceuticals,Supplier_J,Hyderabad WH,South,2022-02-19,2022-03-02,Rail,Immediate,3178.18,387,387,650,125,3,10,1229955.66,1106960.09,In Stock,7,5,11
ORD-000232,SKU-05199,Product_Gamma_46,Industrial Parts,Supplier_B,Kolkata WH,North,2022-02-19,2022-02-25,Sea,Immediate,627.99,385,385,897,83,38,20,241776.15,193420.92,In Stock,2,3,6
ORD-000233,SKU-09445,Product_Sigma_12,FMCG,Supplier_C,Delhi WH,East,2022-02-19,2022-03-14,Road,Net 15,361.97,90,90,52,28,35,10,32577.3,29319.57,In Stock,4,7,23
ORD-000234,SKU-03557,Product_Gamma_46,Pharmaceuticals,Supplier_K,Hyderabad WH,North,2022-02-19,2022-03-09,Air,Net 60,4548.05,408,408,605,145,32,10,1855604.4,1670043.96,In Stock,9,14,18
ORD-000235,SKU-06592,Product_Gamma_11,FMCG,Supplier_K,Mumbai WH,North,2022-02-20,2022-03-15,Air,Net 60,958.74,241,241,605,114,8,10,231056.34,207950.71,In Stock,5,14,23
ORD-000236,SKU-01098,Product_Delta_8,FMCG,Supplier_B,Hyderabad WH,West,2022-02-20,2022-03-21,Road,Net 60,4108.04,35,498,451,191,44,0,143781.4,143781.4,In Stock,5,13,29
ORD-000237,SKU-03200,Product_Alpha_21,FMCG,Supplier_F,Chennai WH,West,2022-02-20,2022-03-22,Rail,Immediate,2727.71,14,14,460,187,27,5,38187.94,36278.54,In Stock,7,13,30
ORD-000238,SKU-03961,Product_Gamma_29,Electronics,Supplier_B,Mumbai WH,North,2022-02-21,2022-03-13,Rail,Net 15,398.5,195,195,774,107,32,15,77707.5,66051.38,In Stock,4,2,20
ORD-000239,SKU-05973,Product_Sigma_24,Pharmaceuticals,Supplier_G,Mumbai WH,East,2022-02-21,2022-03-19,Rail,Immediate,4777.69,397,397,485,188,36,0,1896742.93,1896742.93,In Stock,4,10,26
ORD-000240,SKU-05433,Product_Gamma_14,Pharmaceuticals,Supplier_L,Chennai WH,South,2022-02-21,2022-03-05,Sea,Net 15,1242.34,431,431,834,132,34,15,535448.54,455131.26,In Stock,0,8,12
ORD-000241,SKU-03869,Product_Alpha_43,Electronics,Supplier_E,Delhi WH,North,2022-02-21,2022-03-01,Road,Immediate,4299.63,306,306,136,91,25,10,1315686.78,1184118.1,In Stock,0,12,8
ORD-000242,SKU-01956,Product_Omega_23,Industrial Parts,Supplier_B,Mumbai WH,East,2022-02-21,2022-03-15,Sea,Net 30,852.36,334,92,973,69,31,5,284688.24,270453.83,In Stock,5,6,22
ORD-000243,SKU-09352,Product_Gamma_24,Industrial Parts,Supplier_B,Bangalore WH,South,2022-02-21,2022-03-12,Rail,Immediate,4271.17,213,213,371,167,42,10,909759.21,818783.29,In Stock,9,7,19
ORD-000244,SKU-06699,Product_Kappa_35,Industrial Parts,Supplier_J,Kolkata WH,East,2022-02-21,2022-03-20,Sea,Immediate,76.01,410,410,958,100,13,5,31164.1,29605.89,In Stock,9,6,27
ORD-000245,SKU-07944,Product_Gamma_35,Pharmaceuticals,Supplier_K,Mumbai WH,Central,2022-02-21,2022-02-27,Air,Net 15,2563.78,3,3,255,189,15,15,7691.34,6537.64,In Stock,4,8,6
ORD-000246,SKU-05493,Product_Sigma_8,Electronics,Supplier_F,Bangalore WH,South,2022-02-22,2022-03-07,Air,Net 60,3849.52,179,179,394,52,13,5,689064.08,654610.88,In Stock,9,1,13
ORD-000247,SKU-05911,Product_Alpha_26,Furniture,Supplier_F,Bangalore WH,North,2022-02-22,2022-03-04,Rail,Immediate,4674.63,40,40,36,82,33,20,186985.2,149588.16,Low Stock,5,14,10
ORD-000248,SKU-04987,Product_Kappa_50,Pharmaceuticals,Supplier_G,Bangalore WH,Central,2022-02-22,2022-03-18,Sea,Net 30,4546.92,452,452,653,124,31,5,2055207.84,1952447.45,In Stock,8,14,24
ORD-000249,SKU-07015,Product_Gamma_30,Furniture,Supplier_E,Chennai WH,West,2022-02-22,2022-03-17,Sea,Net 15,4099.93,164,164,146,199,25,10,672388.52,605149.67,Low Stock,7,3,23
ORD-000250,SKU-02218,Product_Omega_10,Furniture,Supplier_A,Bangalore WH,Central,2022-02-22,2022-03-04,Road,Immediate,4442.07,307,307,7,118,40,20,1363715.49,1090972.39,Low Stock,6,1,10
ORD-000251,SKU-05496,Product_Alpha_48,Pharmaceuticals,Supplier_J,Hyderabad WH,West,2022-02-22,2022-02-27,Road,Net 15,1004.11,235,235,250,25,23,0,235965.85,235965.85,In Stock,6,7,5
ORD-000252,SKU-05735,Product_Omega_42,Pharmaceuticals,Supplier_K,Hyderabad WH,South,2022-02-22,2022-02-28,Road,Net 60,1428.08,257,257,646,154,38,10,367016.56,330314.9,In Stock,5,1,6
ORD-000253,SKU-05555,Product_Sigma_31,Electronics,Supplier_B,Delhi WH,West,2022-02-23,2022-03-19,Air,Immediate,1451.95,360,360,570,28,3,0,522702.0,522702.0,In Stock,5,7,24
ORD-000254,SKU-09050,Product_Sigma_49,Apparel,Supplier_J,Bangalore WH,East,2022-02-23,2022-02-24,Sea,Net 30,1891.5,495,495,634,120,16,15,936292.5,795848.62,In Stock,0,5,1
ORD-000255,SKU-04446,Product_Gamma_37,Industrial Parts,Supplier_L,Chennai WH,West,2022-02-23,2022-03-18,Air,Immediate,1972.67,417,417,446,80,2,5,822603.39,781473.22,In Stock,6,6,23
ORD-000256,SKU-02045,Product_Kappa_22,FMCG,Supplier_G,Chennai WH,North,2022-02-23,2022-03-14,Sea,Net 30,2727.33,391,391,262,181,23,20,1066386.03,853108.82,In Stock,4,10,19
ORD-000257,SKU-07893,Product_Beta_47,Furniture,Supplier_J,Delhi WH,East,2022-02-23,2022-03-08,Rail,Net 15,807.8,373,373,631,182,34,15,301309.4,256112.99,In Stock,6,14,13
ORD-000258,SKU-02693,Product_Kappa_3,Furniture,Supplier_D,Chennai WH,West,2022-02-23,2022-03-23,Rail,Net 15,3459.32,116,116,438,118,30,0,401281.12,401281.12,Reorder Pending,5,12,28
ORD-000259,SKU-04436,Product_Gamma_44,Industrial Parts,Supplier_J,Kolkata WH,East,2022-02-23,2022-03-20,Air,Net 15,846.16,52,52,258,167,10,0,44000.32,44000.32,In Stock,7,5,25
ORD-000260,SKU-09754,Product_Beta_20,Furniture,Supplier_F,Hyderabad WH,West,2022-02-23,2022-03-14,Rail,Immediate,1558.44,376,376,322,77,1,10,585973.44,527376.1,In Stock,2,13,19
ORD-000261,SKU-06895,Product_Alpha_26,Furniture,Supplier_H,Chennai WH,Central,2022-02-24,2022-02-26,Road,Immediate,2521.69,395,395,529,79,22,5,996067.55,946264.17,In Stock,7,11,2
ORD-000262,SKU-04354,Product_Delta_29,Furniture,Supplier_I,Mumbai WH,Central,2022-02-24,2022-03-02,Air,Net 15,3984.24,411,411,300,54,33,0,1637522.64,1637522.64,Reorder Pending,6,8,6
ORD-000263,SKU-01225,Product_Omega_6,FMCG,Supplier_H,Mumbai WH,West,2022-02-24,2022-03-16,Sea,Immediate,3699.95,142,142,864,66,25,0,525392.9,525392.9,Reorder Pending,0,3,20
ORD-000264,SKU-05893,Product_Omega_4,Apparel,Supplier_F,Bangalore WH,Central,2022-02-24,2022-03-07,Air,Net 15,3231.22,86,86,484,65,22,5,277884.92,263990.67,In Stock,2,0,11
ORD-000265,SKU-08022,Product_Delta_38,Apparel,Supplier_C,Delhi WH,Central,2022-02-25,2022-03-27,Road,Net 30,787.31,464,464,91,106,16,0,365311.84,365311.84,Low Stock,9,8,30
ORD-000266,SKU-06600,Product_Delta_50,Apparel,Supplier_A,Delhi WH,West,2022-02-25,2022-03-23,Road,Net 30,2739.76,46,46,163,23,30,15,126028.96,107124.62,In Stock,3,12,26
ORD-000267,SKU-08996,Product_Sigma_13,Electronics,Supplier_H,Kolkata WH,North,2022-02-25,2022-03-17,Sea,Net 60,446.36,332,332,655,29,18,15,148191.52,125962.79,In Stock,8,9,20
ORD-000268,SKU-08683,Product_Alpha_6,Pharmaceuticals,Supplier_A,Chennai WH,South,2022-02-25,2022-03-05,Rail,Net 60,1893.04,497,497,334,126,24,10,940840.88,846756.79,In Stock,5,7,8
ORD-000269,SKU-05642,Product_Kappa_44,Industrial Parts,Supplier_C,Chennai WH,West,2022-02-26,2022-03-19,Road,Net 15,2073.45,238,238,924,94,5,0,493481.1,493481.1,In Stock,6,0,21
ORD-000270,SKU-08679,Product_Beta_33,FMCG,Supplier_A,Bangalore WH,Central,2022-02-26,2022-03-17,Road,Immediate,208.66,10,10,314,59,37,0,2086.6,2086.6,In Stock,4,12,19
ORD-000271,SKU-09208,Product_Zeta_13,Industrial Parts,Supplier_E,Delhi WH,Central,2022-02-26,2022-03-02,Air,Net 60,1377.2,152,365,913,146,23,5,209334.4,198867.68,In Stock,2,9,4
ORD-000272,SKU-08339,Product_Kappa_21,Apparel,Supplier_C,Hyderabad WH,South,2022-02-26,2022-03-28,Road,Net 60,4778.69,61,441,944,138,42,20,291500.09,233200.07,In Stock,4,5,30
ORD-000273,SKU-03205,Product_Alpha_43,Electronics,Supplier_G,Delhi WH,North,2022-02-26,2022-03-14,Sea,Net 15,4768.63,494,494,237,92,27,0,2355703.22,2355703.22,Reorder Pending,6,13,16
ORD-000274,SKU-02069,Product_Omega_26,Electronics,Supplier_C,Chennai WH,North,2022-02-27,2022-03-04,Road,Immediate,1768.11,18,18,685,59,12,0,31825.98,31825.98,In Stock,8,9,5
ORD-000275,SKU-04444,Product_Gamma_46,FMCG,Supplier_K,Kolkata WH,East,2022-02-27,2022-03-10,Sea,Immediate,225.07,86,86,82,115,10,0,19356.02,19356.02,Low Stock,8,11,11
ORD-000276,SKU-02060,Product_Zeta_24,Electronics,Supplier_A,Delhi WH,Central,2022-02-27,2022-03-23,Air,Net 60,903.68,137,137,668,42,34,10,123804.16,111423.74,In Stock,7,11,24
ORD-000277,SKU-03327,Product_Zeta_24,Apparel,Supplier_B,Kolkata WH,South,2022-02-27,2022-03-02,Sea,Net 30,1967.17,401,401,965,162,33,10,788835.17,709951.65,In Stock,4,14,3
ORD-000278,SKU-04420,Product_Alpha_19,Apparel,Supplier_J,Hyderabad WH,West,2022-02-27,2022-03-07,Road,Net 30,4739.42,230,230,108,134,16,0,1090066.6,1090066.6,Low Stock,6,3,8
ORD-000279,SKU-01301,Product_Omega_23,Industrial Parts,Supplier_K,Bangalore WH,Central,2022-02-28,2022-03-12,Rail,Net 60,714.58,128,128,177,135,29,5,91466.24,86892.93,In Stock,3,14,12
ORD-000280,SKU-01606,Product_Sigma_29,Pharmaceuticals,Supplier_H,Delhi WH,South,2022-02-28,2022-03-11,Rail,Net 60,3819.94,104,104,249,152,18,10,397273.76,357546.38,In Stock,9,14,11
ORD-000281,SKU-04170,Product_Beta_14,Apparel,Supplier_B,Chennai WH,West,2022-02-28,2022-03-06,Sea,Net 60,552.33,186,186,764,187,27,5,102733.38,97596.71,In Stock,4,10,6
ORD-000282,SKU-01699,Product_Kappa_48,Industrial Parts,Supplier_C,Kolkata WH,South,2022-02-28,2022-03-21,Rail,Immediate,4906.48,397,397,566,165,7,10,1947872.56,1753085.3,In Stock,3,1,21
ORD-000283,SKU-06088,Product_Zeta_29,Apparel,Supplier_L,Mumbai WH,North,2022-03-01,2022-03-30,Sea,Net 30,1914.27,178,178,666,40,36,15,340740.06,289629.05,In Stock,2,2,29
ORD-000284,SKU-01190,Product_Sigma_11,Industrial Parts,Supplier_K,Kolkata WH,East,2022-03-01,2022-03-04,Road,Immediate,3878.42,357,357,902,22,27,10,1384595.94,1246136.35,In Stock,0,11,3
ORD-000285,SKU-01980,Product_Zeta_47,Pharmaceuticals,Supplier_B,Mumbai WH,Central,2022-03-01,2022-03-28,Air,Immediate,1719.53,6,6,90,65,10,10,10317.18,9285.46,In Stock,4,12,27
ORD-000286,SKU-03975,Product_Zeta_9,Pharmaceuticals,Supplier_C,Hyderabad WH,South,2022-03-01,2022-03-24,Air,Immediate,3142.07,341,341,338,109,10,15,1071445.87,910728.99,In Stock,1,11,23
ORD-000287,SKU-07102,Product_Beta_10,FMCG,Supplier_E,Hyderabad WH,South,2022-03-01,2022-03-23,Road,Net 15,968.16,307,307,637,98,11,20,297225.12,237780.1,In Stock,5,8,22
ORD-000288,SKU-02184,Product_Delta_20,Apparel,Supplier_B,Bangalore WH,Central,2022-03-02,2022-03-23,Air,Immediate,738.64,36,36,848,146,30,0,26591.04,26591.04,In Stock,4,4,21
ORD-000289,SKU-04327,Product_Kappa_34,Electronics,Supplier_D,Delhi WH,North,2022-03-02,2022-03-26,Road,Net 60,4690.94,327,327,168,72,3,0,1533937.38,1533937.38,In Stock,1,6,24
ORD-000290,SKU-04394,Product_Omega_5,Electronics,Supplier_J,Bangalore WH,South,2022-03-02,2022-03-31,Air,Net 15,4589.06,356,356,138,167,29,15,1633705.36,1388649.56,Low Stock,7,14,29
ORD-000291,SKU-09319,Product_Zeta_6,Apparel,Supplier_D,Bangalore WH,West,2022-03-02,2022-03-13,Sea,Net 60,4438.47,281,281,516,40,14,0,1247210.07,1247210.07,In Stock,4,12,11
ORD-000292,SKU-02816,Product_Alpha_27,Electronics,Supplier_L,Chennai WH,North,2022-03-02,2022-03-17,Road,Net 60,3130.91,395,395,577,109,13,20,1236709.45,989367.56,In Stock,1,14,15
ORD-000293,SKU-06854,Product_Sigma_27,FMCG,Supplier_G,Mumbai WH,West,2022-03-02,2022-03-03,Sea,Net 15,4043.26,300,300,622,132,19,0,1212978.0,1212978.0,In Stock,0,1,1
ORD-000294,SKU-07709,Product_Gamma_36,Furniture,Supplier_J,Bangalore WH,East,2022-03-03,2022-03-12,Air,Net 15,354.49,14,14,183,70,25,20,4962.86,3970.29,In Stock,1,7,9
ORD-000295,SKU-01569,Product_Kappa_46,Industrial Parts,Supplier_G,Delhi WH,Central,2022-03-03,2022-03-10,Sea,Net 15,1680.6,237,237,779,172,10,5,398302.2,378387.09,In Stock,0,2,7
ORD-000296,SKU-06442,Product_Gamma_13,Electronics,Supplier_H,Hyderabad WH,South,2022-03-03,2022-03-11,Sea,Net 30,1575.38,285,285,169,87,15,10,448983.3,404084.97,Discontinued,9,0,8
ORD-000297,SKU-02895,Product_Gamma_25,Apparel,Supplier_I,Delhi WH,East,2022-03-03,2022-03-26,Air,Immediate,3181.87,330,306,361,135,28,0,1050017.1,1050017.1,In Stock,9,12,23
ORD-000298,SKU-03733,Product_Sigma_36,Industrial Parts,Supplier_J,Hyderabad WH,North,2022-03-03,2022-03-06,Rail,Net 30,1786.23,50,50,243,157,40,20,89311.5,71449.2,In Stock,2,7,3
ORD-000299,SKU-04863,Product_Kappa_3,Apparel,Supplier_K,Bangalore WH,North,2022-03-03,2022-03-15,Rail,Immediate,751.05,496,496,842,102,38,0,372520.8,372520.8,In Stock,2,10,12
ORD-000300,SKU-08455,Product_Sigma_38,Furniture,Supplier_H,Hyderabad WH,East,2022-03-03,2022-03-12,Rail,Net 60,2986.37,261,261,137,114,7,0,779442.57,779442.57,In Stock,9,10,9
ORD-000301,SKU-05014,Product_Sigma_32,Industrial Parts,Supplier_G,Delhi WH,North,2022-03-03,2022-03-29,Rail,Net 15,4073.78,456,456,27,156,14,0,1857643.68,1857643.68,Low Stock,0,8,26
ORD-000302,SKU-02686,Product_Kappa_15,Electronics,Supplier_A,Bangalore WH,West,2022-03-04,2022-03-08,Sea,Immediate,1916.8,110,110,518,48,30,20,210848.0,168678.4,In Stock,6,7,4
ORD-000303,SKU-04009,Product_Alpha_1,Electronics,Supplier_J,Bangalore WH,South,2022-03-04,2022-03-28,Sea,Net 60,670.02,197,197,397,184,40,5,131993.94,125394.24,In Stock,9,0,24
ORD-000304,SKU-08806,Product_Gamma_17,Furniture,Supplier_I,Hyderabad WH,Central,2022-03-04,2022-03-05,Road,Net 30,991.47,378,378,332,129,12,10,374775.66,337298.09,In Stock,6,11,1
ORD-000305,SKU-01154,Product_Sigma_41,Industrial Parts,Supplier_H,Kolkata WH,North,2022-03-04,2022-03-06,Rail,Net 60,1195.04,252,252,964,90,28,10,301150.08,271035.07,In Stock,8,6,2
ORD-000306,SKU-02409,Product_Kappa_8,FMCG,Supplier_D,Delhi WH,North,2022-03-04,2022-03-17,Sea,Net 15,1506.49,88,88,316,57,14,15,132571.12,112685.45,In Stock,4,6,13
ORD-000307,SKU-01784,Product_Sigma_27,Pharmaceuticals,Supplier_B,Kolkata WH,Central,2022-03-05,2022-03-20,Rail,Net 30,3217.55,488,488,562,146,1,10,1570164.4,1413147.96,In Stock,3,3,15
ORD-000308,SKU-09096,Product_Gamma_32,Furniture,Supplier_C,Kolkata WH,West,2022-03-05,2022-03-29,Rail,Net 30,3008.72,313,313,425,91,4,5,941729.36,894642.89,In Stock,4,12,24
ORD-000309,SKU-08560,Product_Delta_2,FMCG,Supplier_G,Delhi WH,South,2022-03-05,2022-03-19,Air,Net 60,3483.44,26,26,135,78,18,10,90569.44,81512.5,In Stock,7,12,14
ORD-000310,SKU-08343,Product_Beta_49,Industrial Parts,Supplier_H,Bangalore WH,South,2022-03-05,2022-03-11,Air,Net 15,1818.88,262,262,689,47,36,10,476546.56,428891.9,In Stock,7,12,6
ORD-000311,SKU-08206,Product_Sigma_32,FMCG,Supplier_H,Chennai WH,Central,2022-03-05,2022-04-03,Road,Net 60,4121.75,144,446,640,175,32,0,593532.0,593532.0,In Stock,3,11,29
ORD-000312,SKU-06596,Product_Beta_39,Pharmaceuticals,Supplier_D,Bangalore WH,South,2022-03-05,2022-03-19,Road,Net 60,1028.4,60,60,708,65,28,0,61704.0,61704.0,In Stock,7,7,14
ORD-000313,SKU-06801,Product_Omega_38,Pharmaceuticals,Supplier_B,Bangalore WH,East,2022-03-06,2022-03-22,Rail,Net 60,2350.51,356,356,266,90,28,0,836781.56,836781.56,In Stock,3,4,16
ORD-000314,SKU-03806,Product_Kappa_37,Pharmaceuticals,Supplier_J,Kolkata WH,West,2022-03-06,2022-04-04,Road,Net 30,4006.68,268,268,106,57,38,0,1073790.24,1073790.24,In Stock,3,12,29
ORD-000315,SKU-01537,Product_Zeta_17,Furniture,Supplier_C,Hyderabad WH,North,2022-03-06,2022-03-19,Air,Net 30,908.99,75,75,559,136,32,5,68174.25,64765.54,In Stock,7,11,13
ORD-000316,SKU-06986,Product_Kappa_45,FMCG,Supplier_C,Chennai WH,Central,2022-03-06,2022-03-18,Road,Net 60,558.22,3,3,137,127,8,10,1674.66,1507.19,In Stock,1,3,12
ORD-000317,SKU-02841,Product_Beta_24,Furniture,Supplier_H,Kolkata WH,South,2022-03-06,2022-03-24,Sea,Immediate,4419.58,63,63,910,165,25,20,278433.54,222746.83,In Stock,3,12,18
ORD-000318,SKU-09716,Product_Alpha_17,Furniture,Supplier_K,Bangalore WH,North,2022-03-06,2022-03-19,Sea,Net 60,1721.22,236,15,614,114,20,0,406207.92,406207.92,In Stock,0,4,13
ORD-000319,SKU-07971,Product_Gamma_38,FMCG,Supplier_G,Mumbai WH,North,2022-03-07,2022-03-11,Air,Immediate,3422.51,448,448,46,82,33,10,1533284.48,1379956.03,Low Stock,0,10,4
ORD-000320,SKU-06625,Product_Alpha_10,Pharmaceuticals,Supplier_K,Hyderabad WH,Central,2022-03-07,2022-04-03,Rail,Net 60,136.49,446,446,988,122,30,5,60874.54,57830.81,In Stock,7,1,27
ORD-000321,SKU-03950,Product_Omega_30,Apparel,Supplier_A,Kolkata WH,North,2022-03-07,2022-03-23,Rail,Net 60,3453.33,229,229,664,24,37,0,790812.57,790812.57,In Stock,3,3,16
ORD-000322,SKU-08992,Product_Gamma_23,Furniture,Supplier_H,Delhi WH,West,2022-03-07,2022-04-02,Sea,Net 60,1587.35,390,390,367,191,16,10,619066.5,557159.85,In Stock,5,9,26
ORD-000323,SKU-05780,Product_Gamma_4,Furniture,Supplier_F,Chennai WH,Central,2022-03-07,2022-04-04,Rail,Immediate,288.15,275,275,5,176,25,20,79241.25,63393.0,Low Stock,4,7,28
ORD-000324,SKU-03368,Product_Sigma_24,Furniture,Supplier_L,Delhi WH,West,2022-03-07,2022-03-26,Road,Net 30,3052.97,18,18,522,126,38,0,54953.46,54953.46,In Stock,9,6,19
ORD-000325,SKU-07655,Product_Zeta_41,Pharmaceuticals,Supplier_J,Kolkata WH,North,2022-03-08,2022-03-29,Road,Net 30,1211.61,80,80,528,161,42,5,96928.8,92082.36,In Stock,5,11,21
ORD-000326,SKU-09173,Product_Omega_4,Pharmaceuticals,Supplier_I,Chennai WH,West,2022-03-08,2022-04-02,Rail,Immediate,1940.17,215,215,654,77,10,0,417136.55,417136.55,In Stock,3,7,25
ORD-000327,SKU-05495,Product_Sigma_19,Furniture,Supplier_I,Chennai WH,East,2022-03-09,2022-03-31,Sea,Net 15,412.1,171,171,271,191,5,0,70469.1,70469.1,Reorder Pending,3,13,22
ORD-000328,SKU-07002,Product_Beta_33,FMCG,Supplier_J,Delhi WH,West,2022-03-09,2022-03-17,Air,Net 60,744.34,485,485,823,165,8,10,361004.9,324904.41,In Stock,6,6,8
ORD-000329,SKU-07614,Product_Delta_50,Pharmaceuticals,Supplier_H,Delhi WH,Central,2022-03-09,2022-03-15,Rail,Immediate,1496.91,329,329,65,26,33,15,492483.39,418610.88,In Stock,0,6,6
ORD-000330,SKU-06919,Product_Gamma_49,Apparel,Supplier_K,Bangalore WH,Central,2022-03-09,2022-03-24,Road,Net 30,457.9,255,255,419,106,37,10,116764.5,105088.05,In Stock,8,10,15
ORD-000331,SKU-01853,Product_Beta_39,Apparel,Supplier_I,Delhi WH,Central,2022-03-09,2022-03-12,Air,Net 15,4555.02,387,387,338,116,1,5,1762792.74,1674653.1,In Stock,9,6,3
ORD-000332,SKU-05146,Product_Gamma_35,Electronics,Supplier_G,Hyderabad WH,East,2022-03-10,2022-04-05,Road,Net 15,40.17,126,126,933,64,31,20,5061.42,4049.14,In Stock,2,1,26
ORD-000333,SKU-04769,Product_Omega_21,Industrial Parts,Supplier_F,Mumbai WH,Central,2022-03-10,2022-04-07,Air,Immediate,2424.46,255,255,497,35,7,0,618237.3,618237.3,In Stock,3,2,28
ORD-000334,SKU-01574,Product_Sigma_18,Industrial Parts,Supplier_D,Delhi WH,West,2022-03-10,2022-03-12,Road,Net 60,625.0,72,72,468,83,23,10,45000.0,40500.0,In Stock,8,0,2
ORD-000335,SKU-02148,Product_Omega_7,FMCG,Supplier_K,Kolkata WH,East,2022-03-10,2022-03-20,Road,Net 30,1545.32,38,38,330,56,24,5,58722.16,55786.05,In Stock,4,14,10
ORD-000336,SKU-07293,Product_Omega_10,FMCG,Supplier_D,Bangalore WH,Central,2022-03-11,2022-03-12,Sea,Net 15,4631.04,324,324,767,172,14,15,1500456.96,1275388.42,In Stock,3,1,1
ORD-000337,SKU-07457,Product_Alpha_9,Pharmaceuticals,Supplier_K,Bangalore WH,Central,2022-03-11,2022-03-22,Air,Net 60,816.86,204,204,638,28,23,10,166639.44,149975.5,In Stock,5,9,11
ORD-000338,SKU-08509,Product_Sigma_24,FMCG,Supplier_K,Bangalore WH,West,2022-03-11,2022-03-20,Road,Immediate,4829.5,172,172,130,175,9,20,830674.0,664539.2,Low Stock,0,5,9
ORD-000339,SKU-05777,Product_Kappa_27,Industrial Parts,Supplier_J,Delhi WH,Central,2022-03-11,2022-03-15,Road,Net 15,1036.91,223,223,993,156,8,0,231230.93,231230.93,In Stock,9,1,4
ORD-000340,SKU-04854,Product_Omega_11,Furniture,Supplier_L,Hyderabad WH,Central,2022-03-11,2022-03-14,Road,Net 15,3710.41,217,217,529,159,8,10,805158.97,724643.07,In Stock,0,0,3
ORD-000341,SKU-03491,Product_Beta_14,Industrial Parts,Supplier_L,Bangalore WH,North,2022-03-11,2022-03-22,Air,Net 15,2737.92,245,245,718,165,3,10,670790.4,603711.36,In Stock,4,14,11
ORD-000342,SKU-04124,Product_Gamma_33,Electronics,Supplier_E,Delhi WH,East,2022-03-11,2022-03-17,Road,Net 30,4423.55,336,336,600,109,32,10,1486312.8,1337681.52,In Stock,4,7,6
ORD-000343,SKU-06691,Product_Delta_13,Pharmaceuticals,Supplier_D,Mumbai WH,South,2022-03-12,2022-04-10,Sea,Net 30,2774.43,191,191,437,93,4,5,529916.13,503420.32,In Stock,8,8,29
ORD-000344,SKU-04051,Product_Beta_27,FMCG,Supplier_B,Hyderabad WH,South,2022-03-12,2022-03-25,Sea,Net 15,2677.45,298,298,242,144,38,0,797880.1,797880.1,In Stock,0,6,13
ORD-000345,SKU-01004,Product_Kappa_5,FMCG,Supplier_J,Kolkata WH,North,2022-03-12,2022-03-18,Sea,Net 60,985.34,320,89,462,70,2,0,315308.8,315308.8,In Stock,2,2,6
ORD-000346,SKU-06222,Product_Beta_9,Electronics,Supplier_B,Hyderabad WH,West,2022-03-12,2022-04-05,Rail,Immediate,839.48,182,182,349,51,9,0,152785.36,152785.36,In Stock,2,0,24
ORD-000347,SKU-06315,Product_Alpha_31,Apparel,Supplier_K,Mumbai WH,North,2022-03-12,2022-03-15,Road,Immediate,4583.28,334,334,16,107,1,15,1530815.52,1301193.19,Low Stock,3,3,3
ORD-000348,SKU-05869,Product_Omega_20,Pharmaceuticals,Supplier_G,Mumbai WH,North,2022-03-12,2022-03-30,Sea,Net 15,1645.91,383,383,465,195,11,15,630383.53,535826.0,In Stock,6,12,18
ORD-000349,SKU-01876,Product_Omega_9,Apparel,Supplier_F,Delhi WH,East,2022-03-12,2022-04-10,Sea,Net 15,1866.69,205,371,734,155,29,0,382671.45,382671.45,In Stock,6,9,29
ORD-000350,SKU-08027,Product_Kappa_39,Apparel,Supplier_E,Hyderabad WH,Central,2022-03-12,2022-03-15,Sea,Net 15,3801.52,361,361,881,177,26,20,1372348.72,1097878.98,In Stock,9,14,3
ORD-000351,SKU-05142,Product_Omega_12,Apparel,Supplier_D,Delhi WH,West,2022-03-12,2022-03-23,Road,Net 15,1700.73,199,199,362,45,27,0,338445.27,338445.27,In Stock,4,10,11
ORD-000352,SKU-07966,Product_Sigma_2,Industrial Parts,Supplier_A,Kolkata WH,East,2022-03-12,2022-04-01,Sea,Immediate,4760.79,332,332,209,171,38,5,1580582.28,1501553.17,In Stock,8,2,20
ORD-000353,SKU-08079,Product_Beta_15,Apparel,Supplier_I,Mumbai WH,West,2022-03-12,2022-04-01,Rail,Net 60,3692.26,165,138,610,174,29,0,609222.9,609222.9,In Stock,6,14,20
ORD-000354,SKU-08987,Product_Gamma_45,Electronics,Supplier_K,Hyderabad WH,East,2022-03-13,2022-04-11,Road,Net 15,2991.17,242,242,524,186,33,15,723863.14,615283.67,In Stock,1,10,29
ORD-000355,SKU-07799,Product_Gamma_45,Furniture,Supplier_L,Chennai WH,Central,2022-03-13,2022-03-29,Sea,Net 30,4405.67,388,388,830,85,28,10,1709399.96,1538459.96,In Stock,2,2,16
ORD-000356,SKU-05465,Product_Delta_20,Pharmaceuticals,Supplier_J,Chennai WH,North,2022-03-13,2022-04-05,Road,Immediate,257.53,130,130,781,198,31,0,33478.9,33478.9,In Stock,6,1,23
ORD-000357,SKU-01635,Product_Gamma_14,Pharmaceuticals,Supplier_K,Mumbai WH,Central,2022-03-13,2022-03-14,Sea,Net 60,1292.74,227,227,698,92,19,10,293451.98,264106.78,In Stock,4,10,1
ORD-000358,SKU-02693,Product_Gamma_6,FMCG,Supplier_F,Kolkata WH,Central,2022-03-13,2022-03-27,Sea,Net 15,2330.53,122,122,419,69,26,0,284324.66,284324.66,In Stock,6,9,14
ORD-000359,SKU-05752,Product_Zeta_45,Industrial Parts,Supplier_C,Kolkata WH,Central,2022-03-14,2022-04-04,Air,Net 60,1142.62,44,44,785,64,29,0,50275.28,50275.28,In Stock,8,2,21
ORD-000360,SKU-09311,Product_Beta_5,Furniture,Supplier_D,Delhi WH,North,2022-03-14,2022-03-20,Road,Immediate,3722.09,451,98,132,106,11,0,1678662.59,1678662.59,Discontinued,8,10,6
ORD-000361,SKU-01830,Product_Alpha_50,Industrial Parts,Supplier_B,Mumbai WH,North,2022-03-14,2022-04-03,Road,Net 30,4596.85,196,196,13,52,41,0,900982.6,900982.6,Low Stock,2,4,20
ORD-000362,SKU-06177,Product_Kappa_49,Industrial Parts,Supplier_C,Hyderabad WH,West,2022-03-14,2022-04-12,Air,Immediate,2124.61,358,358,792,38,32,15,760610.38,646518.82,Discontinued,7,14,29
ORD-000363,SKU-09932,Product_Zeta_3,Pharmaceuticals,Supplier_A,Bangalore WH,North,2022-03-14,2022-03-28,Sea,Immediate,1717.24,204,204,43,160,21,10,350316.96,315285.26,Low Stock,5,3,14
ORD-000364,SKU-09308,Product_Delta_7,FMCG,Supplier_C,Hyderabad WH,West,2022-03-15,2022-03-21,Sea,Net 60,4808.14,467,467,376,132,38,0,2245401.38,2245401.38,In Stock,3,0,6
ORD-000365,SKU-06949,Product_Alpha_43,FMCG,Supplier_B,Hyderabad WH,South,2022-03-15,2022-03-17,Road,Immediate,2229.81,458,458,294,41,34,0,1021252.98,1021252.98,Discontinued,3,0,2
ORD-000366,SKU-03838,Product_Alpha_31,Electronics,Supplier_J,Chennai WH,East,2022-03-15,2022-03-19,Rail,Net 15,2450.35,318,318,395,167,40,0,779211.3,779211.3,In Stock,3,0,4
ORD-000367,SKU-02150,Product_Beta_17,Apparel,Supplier_B,Kolkata WH,West,2022-03-16,2022-03-27,Sea,Net 60,1764.73,257,56,103,116,22,0,453535.61,453535.61,Low Stock,6,11,11
ORD-000368,SKU-08560,Product_Alpha_5,Apparel,Supplier_F,Bangalore WH,South,2022-03-16,2022-03-23,Air,Net 15,4548.65,17,17,444,24,27,5,77327.05,73460.7,In Stock,5,9,7
ORD-000369,SKU-02931,Product_Sigma_43,Pharmaceuticals,Supplier_A,Kolkata WH,North,2022-03-16,2022-03-23,Air,Net 60,2849.09,272,272,61,145,8,0,774952.48,774952.48,Low Stock,1,8,7
ORD-000370,SKU-02664,Product_Alpha_49,Industrial Parts,Supplier_F,Kolkata WH,West,2022-03-16,2022-03-30,Sea,Net 15,3813.25,9,9,564,97,40,10,34319.25,30887.32,In Stock,4,8,14
ORD-000371,SKU-02081,Product_Beta_8,Furniture,Supplier_H,Kolkata WH,South,2022-03-16,2022-04-08,Road,Net 15,4060.92,249,249,820,179,31,5,1011169.08,960610.63,In Stock,4,8,23
ORD-000372,SKU-01512,Product_Delta_38,Electronics,Supplier_G,Delhi WH,North,2022-03-16,2022-04-03,Road,Net 60,1715.83,437,437,411,49,1,0,749817.71,749817.71,In Stock,5,14,18
ORD-000373,SKU-08805,Product_Delta_12,FMCG,Supplier_E,Kolkata WH,South,2022-03-17,2022-04-10,Road,Net 60,2174.13,201,201,930,110,39,20,437000.13,349600.1,In Stock,6,9,24
ORD-000374,SKU-06237,Product_Omega_2,Electronics,Supplier_E,Chennai WH,Central,2022-03-17,2022-04-16,Rail,Net 60,4243.87,59,59,629,173,34,0,250388.33,250388.33,Reorder Pending,7,3,30
ORD-000375,SKU-01559,Product_Beta_10,Industrial Parts,Supplier_J,Hyderabad WH,West,2022-03-17,2022-04-10,Rail,Immediate,1822.64,375,375,320,101,24,0,683490.0,683490.0,Reorder Pending,9,3,24
ORD-000376,SKU-04672,Product_Sigma_38,Industrial Parts,Supplier_K,Hyderabad WH,East,2022-03-17,2022-04-04,Rail,Net 15,3971.74,393,393,130,107,28,0,1560893.82,1560893.82,In Stock,7,13,18
ORD-000377,SKU-08404,Product_Omega_23,Industrial Parts,Supplier_H,Delhi WH,East,2022-03-17,2022-03-26,Sea,Net 60,4705.55,140,140,810,151,4,0,658777.0,658777.0,In Stock,4,13,9
ORD-000378,SKU-04343,Product_Gamma_33,Apparel,Supplier_E,Mumbai WH,West,2022-03-17,2022-04-08,Road,Net 15,3119.82,119,119,817,124,18,0,371258.58,371258.58,In Stock,1,9,22
ORD-000379,SKU-05070,Product_Delta_33,Industrial Parts,Supplier_H,Chennai WH,South,2022-03-17,2022-03-27,Rail,Net 60,3710.72,41,41,198,86,29,0,152139.52,152139.52,In Stock,9,6,10
ORD-000380,SKU-01580,Product_Beta_7,Industrial Parts,Supplier_A,Bangalore WH,West,2022-03-17,2022-03-27,Sea,Immediate,4027.44,399,399,904,137,23,15,1606948.56,1365906.28,In Stock,7,12,10
ORD-000381,SKU-08004,Product_Alpha_34,Electronics,Supplier_L,Mumbai WH,North,2022-03-17,2022-03-25,Road,Net 15,4226.75,322,322,35,190,37,10,1361013.5,1224912.15,Reorder Pending,5,2,8
ORD-000382,SKU-09130,Product_Delta_46,FMCG,Supplier_A,Hyderabad WH,West,2022-03-17,2022-03-21,Road,Net 60,1981.32,331,331,790,49,27,10,655816.92,590235.23,In Stock,2,9,4
ORD-000383,SKU-04147,Product_Delta_19,FMCG,Supplier_A,Kolkata WH,Central,2022-03-17,2022-03-19,Road,Net 15,265.8,267,267,215,130,16,5,70968.6,67420.17,In Stock,3,2,2
ORD-000384,SKU-05249,Product_Gamma_49,Electronics,Supplier_C,Bangalore WH,East,2022-03-18,2022-03-31,Sea,Net 30,2015.36,8,8,585,163,27,5,16122.88,15316.74,In Stock,0,3,13
ORD-000385,SKU-02679,Product_Alpha_47,FMCG,Supplier_G,Delhi WH,Central,2022-03-18,2022-04-06,Sea,Immediate,3372.04,183,183,305,58,9,0,617083.32,617083.32,In Stock,2,10,19
ORD-000386,SKU-04506,Product_Beta_14,Apparel,Supplier_I,Chennai WH,West,2022-03-18,2022-04-05,Air,Net 15,2257.25,480,385,566,105,5,0,1083480.0,1083480.0,In Stock,3,5,18
ORD-000387,SKU-08253,Product_Kappa_24,Industrial Parts,Supplier_H,Bangalore WH,South,2022-03-18,2022-04-14,Air,Net 60,3747.33,134,134,892,60,8,0,502142.22,502142.22,In Stock,1,0,27
ORD-000388,SKU-03744,Product_Gamma_29,Industrial Parts,Supplier_G,Kolkata WH,West,2022-03-18,2022-04-03,Rail,Net 60,1791.34,181,181,11,50,18,5,324232.54,308020.91,Low Stock,5,10,16
ORD-000389,SKU-06188,Product_Beta_12,Industrial Parts,Supplier_E,Chennai WH,Central,2022-03-18,2022-03-23,Rail,Net 60,3177.37,404,404,82,196,35,0,1283657.48,1283657.48,Low Stock,7,13,5
ORD-000390,SKU-03141,Product_Omega_25,Pharmaceuticals,Supplier_E,Kolkata WH,Central,2022-03-18,2022-03-20,Road,Immediate,940.23,423,127,31,160,6,0,397717.29,397717.29,Low Stock,5,2,2
ORD-000391,SKU-07617,Product_Zeta_14,Apparel,Supplier_I,Hyderabad WH,North,2022-03-19,2022-03-31,Rail,Immediate,3749.35,355,355,407,188,43,0,1331019.25,1331019.25,In Stock,9,11,12
ORD-000392,SKU-03479,Product_Delta_27,Industrial Parts,Supplier_K,Mumbai WH,North,2022-03-19,2022-03-20,Rail,Net 15,2733.02,72,121,85,175,23,0,196777.44,196777.44,Low Stock,2,14,1
ORD-000393,SKU-07484,Product_Beta_49,Industrial Parts,Supplier_G,Mumbai WH,Central,2022-03-19,2022-04-02,Sea,Net 15,1028.28,498,405,962,146,26,0,512083.44,512083.44,In Stock,8,14,14
ORD-000394,SKU-08421,Product_Omega_8,Apparel,Supplier_H,Kolkata WH,South,2022-03-19,2022-03-22,Road,Net 15,1466.64,113,113,743,83,39,0,165730.32,165730.32,In Stock,3,4,3
ORD-000395,SKU-05452,Product_Kappa_8,FMCG,Supplier_G,Mumbai WH,Central,2022-03-19,2022-03-29,Air,Net 30,3745.56,107,107,410,136,24,0,400774.92,400774.92,Reorder Pending,5,10,10
ORD-000396,SKU-06881,Product_Gamma_32,Apparel,Supplier_E,Bangalore WH,Central,2022-03-19,2022-04-15,Road,Net 30,2418.18,290,290,956,38,10,0,701272.2,701272.2,In Stock,3,14,27
ORD-000397,SKU-07665,Product_Omega_46,Pharmaceuticals,Supplier_J,Kolkata WH,Central,2022-03-19,2022-04-10,Sea,Immediate,1088.0,313,313,786,130,15,0,340544.0,340544.0,In Stock,3,3,22
ORD-000398,SKU-03849,Product_Sigma_36,Apparel,Supplier_H,Chennai WH,Central,2022-03-20,2022-04-10,Road,Net 30,4836.68,117,241,712,133,38,0,565891.56,565891.56,In Stock,1,7,21
ORD-000399,SKU-08390,Product_Alpha_6,FMCG,Supplier_J,Mumbai WH,North,2022-03-20,2022-04-09,Road,Immediate,3578.47,120,120,562,44,20,0,429416.4,429416.4,In Stock,9,8,20
ORD-000400,SKU-07905,Product_Omega_32,Apparel,Supplier_H,Mumbai WH,West,2022-03-20,2022-04-05,Road,Net 15,4786.1,147,147,831,185,29,10,703556.7,633201.03,In Stock,1,7,16
ORD-000401,SKU-03489,Product_Beta_25,Pharmaceuticals,Supplier_E,Delhi WH,Central,2022-03-20,2022-03-27,Rail,Net 30,2141.25,327,327,255,140,6,0,700188.75,700188.75,In Stock,1,10,7
ORD-000402,SKU-05611,Product_Sigma_30,FMCG,Supplier_B,Mumbai WH,South,2022-03-20,2022-03-24,Sea,Net 30,2380.75,415,415,240,118,9,0,988011.25,988011.25,In Stock,1,10,4
ORD-000403,SKU-03839,Product_Sigma_44,Pharmaceuticals,Supplier_G,Hyderabad WH,North,2022-03-20,2022-03-21,Air,Net 15,4490.8,210,210,716,109,5,0,943068.0,943068.0,In Stock,7,8,1
ORD-000404,SKU-09527,Product_Kappa_15,Industrial Parts,Supplier_D,Chennai WH,North,2022-03-21,2022-03-28,Rail,Net 15,2630.0,296,296,897,22,39,0,778480.0,778480.0,In Stock,9,13,7
ORD-000405,SKU-06878,Product_Zeta_19,Electronics,Supplier_G,Bangalore WH,South,2022-03-21,2022-03-27,Road,Net 60,3539.32,398,265,931,149,19,0,1408649.36,1408649.36,In Stock,3,14,6
ORD-000406,SKU-07303,Product_Zeta_13,Electronics,Supplier_F,Bangalore WH,North,2022-03-21,2022-04-11,Rail,Net 15,1268.34,103,227,988,24,5,20,130639.02,104511.22,Discontinued,3,13,21
ORD-000407,SKU-01851,Product_Beta_31,Electronics,Supplier_G,Delhi WH,West,2022-03-21,2022-03-31,Air,Net 15,2239.17,124,124,895,39,20,15,277657.08,236008.52,In Stock,9,13,10
ORD-000408,SKU-02687,Product_Omega_12,Electronics,Supplier_L,Hyderabad WH,North,2022-03-21,2022-03-24,Road,Net 60,626.01,245,245,906,57,11,0,153372.45,153372.45,In Stock,9,7,3
ORD-000409,SKU-07833,Product_Alpha_44,Furniture,Supplier_A,Hyderabad WH,West,2022-03-21,2022-04-06,Rail,Immediate,1037.84,379,379,993,120,27,10,393341.36,354007.22,In Stock,2,9,16
ORD-000410,SKU-03427,Product_Kappa_44,Electronics,Supplier_E,Delhi WH,West,2022-03-22,2022-04-19,Rail,Immediate,14.71,356,356,707,147,29,0,5236.76,5236.76,In Stock,4,12,28
ORD-000411,SKU-05000,Product_Beta_26,Apparel,Supplier_F,Chennai WH,East,2022-03-22,2022-03-26,Rail,Immediate,205.93,209,209,451,121,7,0,43039.37,43039.37,In Stock,3,0,4
ORD-000412,SKU-06052,Product_Kappa_34,Pharmaceuticals,Supplier_A,Chennai WH,South,2022-03-22,2022-04-01,Rail,Net 30,4886.65,421,421,755,55,3,10,2057279.65,1851551.68,In Stock,6,6,10
ORD-000413,SKU-03738,Product_Beta_8,Industrial Parts,Supplier_A,Delhi WH,South,2022-03-22,2022-04-17,Sea,Net 60,1219.34,428,428,831,193,5,0,521877.52,521877.52,Discontinued,9,13,26
ORD-000414,SKU-06732,Product_Gamma_26,Industrial Parts,Supplier_G,Hyderabad WH,North,2022-03-22,2022-04-04,Road,Immediate,3319.92,393,393,0,118,13,5,1304728.56,1239492.13,Out of Stock,6,8,13
ORD-000415,SKU-06387,Product_Zeta_45,Electronics,Supplier_D,Kolkata WH,West,2022-03-22,2022-04-07,Sea,Net 30,4197.11,314,314,600,132,16,10,1317892.54,1186103.29,In Stock,5,0,16
ORD-000416,SKU-09002,Product_Beta_48,Furniture,Supplier_F,Hyderabad WH,South,2022-03-22,2022-04-07,Sea,Net 15,2757.8,404,404,281,56,12,5,1114151.2,1058443.64,Discontinued,6,9,16
ORD-000417,SKU-06536,Product_Gamma_5,Furniture,Supplier_F,Hyderabad WH,South,2022-03-22,2022-04-20,Air,Immediate,774.19,109,109,650,73,39,20,84386.71,67509.37,In Stock,6,0,29
ORD-000418,SKU-04913,Product_Omega_13,Apparel,Supplier_L,Chennai WH,West,2022-03-22,2022-04-13,Rail,Net 15,3643.3,377,377,598,168,27,10,1373524.1,1236171.69,In Stock,7,9,22
ORD-000419,SKU-02066,Product_Omega_13,Electronics,Supplier_D,Delhi WH,North,2022-03-22,2022-03-31,Air,Net 30,3005.25,348,348,513,168,33,10,1045827.0,941244.3,In Stock,0,12,9
ORD-000420,SKU-08723,Product_Zeta_8,Electronics,Supplier_H,Hyderabad WH,South,2022-03-22,2022-03-25,Air,Net 60,3658.94,50,50,978,111,15,0,182947.0,182947.0,In Stock,2,1,3
ORD-000421,SKU-05380,Product_Delta_28,Industrial Parts,Supplier_D,Mumbai WH,North,2022-03-23,2022-04-13,Sea,Immediate,3851.04,404,404,860,89,21,0,1555820.16,1555820.16,In Stock,2,12,21
ORD-000422,SKU-05107,Product_Kappa_18,Apparel,Supplier_A,Delhi WH,West,2022-03-23,2022-04-10,Sea,Immediate,4877.3,105,105,679,103,44,10,512116.5,460904.85,In Stock,4,4,18
ORD-000423,SKU-06726,Product_Sigma_49,Electronics,Supplier_J,Kolkata WH,Central,2022-03-23,2022-04-05,Air,Net 30,2872.08,420,420,118,183,17,20,1206273.6,965018.88,Low Stock,9,12,13
ORD-000424,SKU-04373,Product_Zeta_23,Apparel,Supplier_L,Kolkata WH,Central,2022-03-24,2022-03-30,Rail,Net 60,1714.79,373,373,899,30,37,5,639616.67,607635.84,In Stock,6,11,6
ORD-000425,SKU-09945,Product_Kappa_43,FMCG,Supplier_G,Delhi WH,East,2022-03-24,2022-04-05,Sea,Net 60,3245.84,27,27,504,107,15,20,87637.68,70110.14,In Stock,9,7,12
ORD-000426,SKU-03082,Product_Zeta_32,FMCG,Supplier_E,Hyderabad WH,East,2022-03-24,2022-04-22,Rail,Net 30,351.52,456,456,79,106,20,0,160293.12,160293.12,Low Stock,5,12,29
ORD-000427,SKU-09967,Product_Sigma_10,Furniture,Supplier_J,Kolkata WH,Central,2022-03-24,2022-04-06,Sea,Net 60,4488.01,288,288,622,50,19,0,1292546.88,1292546.88,In Stock,3,7,13
ORD-000428,SKU-07748,Product_Kappa_7,Furniture,Supplier_G,Hyderabad WH,North,2022-03-24,2022-04-05,Sea,Net 30,605.71,257,257,676,120,1,0,155667.47,155667.47,In Stock,5,9,12
ORD-000429,SKU-01417,Product_Beta_17,Furniture,Supplier_J,Delhi WH,North,2022-03-24,2022-03-30,Road,Net 30,1645.94,273,273,893,184,4,5,449341.62,426874.54,In Stock,6,3,6
ORD-000430,SKU-09306,Product_Kappa_32,FMCG,Supplier_C,Hyderabad WH,East,2022-03-24,2022-04-08,Sea,Net 15,4080.57,137,137,956,79,3,10,559038.09,503134.28,In Stock,3,6,15
ORD-000431,SKU-09808,Product_Delta_41,Furniture,Supplier_H,Kolkata WH,Central,2022-03-25,2022-03-27,Rail,Net 60,2990.59,340,340,218,80,8,0,1016800.6,1016800.6,In Stock,7,6,2
ORD-000432,SKU-04974,Product_Gamma_2,Pharmaceuticals,Supplier_H,Kolkata WH,North,2022-03-25,2022-04-03,Sea,Immediate,1974.24,301,301,516,86,41,20,594246.24,475396.99,In Stock,4,8,9
ORD-000433,SKU-04267,Product_Beta_48,Electronics,Supplier_B,Kolkata WH,South,2022-03-25,2022-04-09,Air,Net 15,2372.44,480,481,910,176,44,5,1138771.2,1081832.64,In Stock,2,14,15
ORD-000434,SKU-01825,Product_Alpha_5,Electronics,Supplier_B,Bangalore WH,West,2022-03-25,2022-04-09,Rail,Net 15,4274.19,322,322,726,98,5,5,1376289.18,1307474.72,In Stock,1,8,15
ORD-000435,SKU-08668,Product_Kappa_44,Apparel,Supplier_K,Mumbai WH,South,2022-03-25,2022-04-03,Rail,Net 30,1706.62,32,32,706,90,9,10,54611.84,49150.66,In Stock,0,2,9
ORD-000436,SKU-06745,Product_Alpha_12,FMCG,Supplier_J,Delhi WH,Central,2022-03-25,2022-04-02,Rail,Net 60,4349.55,45,45,465,86,1,0,195729.75,195729.75,In Stock,3,12,8
ORD-000437,SKU-01412,Product_Zeta_39,FMCG,Supplier_K,Delhi WH,East,2022-03-25,2022-04-21,Sea,Net 60,449.79,265,265,793,147,43,10,119194.35,107274.92,In Stock,1,14,27
ORD-000438,SKU-08543,Product_Omega_10,Electronics,Supplier_F,Mumbai WH,East,2022-03-25,2022-04-03,Sea,Net 15,3886.22,30,30,517,130,30,0,116586.6,116586.6,Reorder Pending,2,10,9
ORD-000439,SKU-08587,Product_Sigma_40,Electronics,Supplier_C,Kolkata WH,East,2022-03-26,2022-04-14,Road,Net 15,4239.26,84,84,890,35,7,0,356097.84,356097.84,In Stock,0,7,19
ORD-000440,SKU-01728,Product_Beta_49,Pharmaceuticals,Supplier_J,Mumbai WH,Central,2022-03-26,2022-03-28,Road,Net 60,917.27,166,166,811,64,22,5,152266.82,144653.48,In Stock,5,4,2
ORD-000441,SKU-08164,Product_Beta_43,Electronics,Supplier_L,Chennai WH,East,2022-03-26,2022-03-31,Road,Net 30,2157.43,316,316,501,53,20,20,681747.88,545398.3,In Stock,3,14,5
ORD-000442,SKU-09867,Product_Kappa_30,Electronics,Supplier_G,Chennai WH,Central,2022-03-26,2022-04-20,Road,Net 30,835.84,1,450,57,63,29,5,835.84,794.05,Low Stock,4,4,25
ORD-000443,SKU-06988,Product_Delta_19,Pharmaceuticals,Supplier_D,Delhi WH,South,2022-03-26,2022-04-18,Air,Net 60,3535.95,249,249,336,136,27,10,880451.55,792406.4,Reorder Pending,7,7,23
ORD-000444,SKU-03504,Product_Kappa_32,Electronics,Supplier_F,Delhi WH,East,2022-03-26,2022-04-17,Road,Net 60,2681.39,261,261,509,144,25,10,699842.79,629858.51,In Stock,3,14,22
ORD-000445,SKU-03967,Product_Sigma_35,Apparel,Supplier_D,Bangalore WH,West,2022-03-27,2022-03-31,Rail,Net 30,3180.26,63,63,813,122,35,0,200356.38,200356.38,In Stock,5,5,4
ORD-000446,SKU-03786,Product_Omega_35,Apparel,Supplier_A,Hyderabad WH,South,2022-03-27,2022-03-30,Rail,Net 30,990.47,483,483,613,139,27,15,478397.01,406637.46,In Stock,2,9,3
ORD-000447,SKU-02122,Product_Alpha_49,Industrial Parts,Supplier_L,Bangalore WH,Central,2022-03-27,2022-04-18,Rail,Net 15,1066.61,164,164,425,189,11,5,174924.04,166177.84,In Stock,7,9,22
ORD-000448,SKU-05079,Product_Alpha_28,Industrial Parts,Supplier_F,Hyderabad WH,Central,2022-03-28,2022-04-09,Sea,Net 60,217.07,321,321,559,54,17,0,69679.47,69679.47,In Stock,2,0,12
ORD-000449,SKU-02571,Product_Beta_25,Electronics,Supplier_J,Bangalore WH,Central,2022-03-28,2022-04-23,Sea,Net 30,1617.12,334,334,369,145,31,0,540118.08,540118.08,In Stock,6,3,26
ORD-000450,SKU-06073,Product_Kappa_21,FMCG,Supplier_H,Hyderabad WH,North,2022-03-28,2022-04-15,Air,Immediate,2803.13,201,201,410,94,18,0,563429.13,563429.13,In Stock,6,8,18
ORD-000451,SKU-06104,Product_Zeta_29,Pharmaceuticals,Supplier_L,Delhi WH,South,2022-03-28,2022-04-11,Air,Net 60,4291.1,222,222,787,103,19,0,952624.2,952624.2,In Stock,2,4,14
ORD-000452,SKU-03143,Product_Kappa_3,FMCG,Supplier_A,Bangalore WH,West,2022-03-28,2022-04-22,Sea,Net 30,3337.97,152,152,965,177,38,0,507371.44,507371.44,In Stock,2,13,25
ORD-000453,SKU-07806,Product_Alpha_12,Pharmaceuticals,Supplier_C,Mumbai WH,East,2022-03-28,2022-04-16,Road,Net 30,2182.63,132,132,882,72,29,0,288107.16,288107.16,In Stock,9,3,19
ORD-000454,SKU-08357,Product_Sigma_46,Pharmaceuticals,Supplier_F,Chennai WH,South,2022-03-28,2022-04-05,Road,Net 60,4766.07,114,114,674,77,15,10,543331.98,488998.78,In Stock,9,10,8
ORD-000455,SKU-04440,Product_Gamma_32,Electronics,Supplier_F,Mumbai WH,Central,2022-03-28,2022-04-15,Rail,Net 60,3599.03,462,462,843,175,7,5,1662751.86,1579614.27,In Stock,7,12,18
ORD-000456,SKU-04766,Product_Zeta_9,Pharmaceuticals,Supplier_B,Mumbai WH,South,2022-03-29,2022-03-31,Rail,Net 30,4651.52,217,217,431,162,37,10,1009379.84,908441.86,In Stock,2,9,2
ORD-000457,SKU-06644,Product_Sigma_46,FMCG,Supplier_C,Kolkata WH,South,2022-03-29,2022-04-25,Rail,Immediate,2642.66,196,196,962,185,37,0,517961.36,517961.36,In Stock,1,0,27
ORD-000458,SKU-03914,Product_Zeta_32,Apparel,Supplier_I,Delhi WH,East,2022-03-29,2022-04-11,Road,Net 60,1301.93,281,281,195,69,7,10,365842.33,329258.1,In Stock,4,8,13
ORD-000459,SKU-05968,Product_Beta_37,Electronics,Supplier_C,Delhi WH,East,2022-03-29,2022-04-25,Sea,Net 60,273.61,202,202,376,160,22,0,55269.22,55269.22,In Stock,6,7,27
ORD-000460,SKU-06917,Product_Kappa_43,Industrial Parts,Supplier_H,Hyderabad WH,North,2022-03-29,2022-04-15,Rail,Net 30,3633.16,483,257,947,130,12,5,1754816.28,1667075.47,In Stock,7,2,17
ORD-000461,SKU-09787,Product_Kappa_31,Pharmaceuticals,Supplier_G,Kolkata WH,West,2022-03-29,2022-04-12,Air,Net 60,615.3,135,309,364,182,8,0,83065.5,83065.5,In Stock,0,8,14
ORD-000462,SKU-01728,Product_Gamma_33,FMCG,Supplier_K,Chennai WH,East,2022-03-29,2022-04-16,Sea,Net 60,1520.85,234,234,835,130,18,5,355878.9,338084.96,In Stock,1,0,18
ORD-000463,SKU-02365,Product_Alpha_26,Apparel,Supplier_D,Delhi WH,North,2022-03-29,2022-04-20,Sea,Net 15,2667.03,141,141,643,171,28,0,376051.23,376051.23,In Stock,6,14,22
ORD-000464,SKU-05492,Product_Sigma_32,Furniture,Supplier_G,Bangalore WH,Central,2022-03-30,2022-04-27,Air,Net 60,2826.44,196,196,934,139,18,10,553982.24,498584.02,In Stock,8,3,28
ORD-000465,SKU-01698,Product_Zeta_40,Furniture,Supplier_E,Chennai WH,South,2022-03-30,2022-04-29,Rail,Net 30,3006.91,498,498,404,84,31,15,1497441.18,1272825.0,In Stock,2,4,30
ORD-000466,SKU-08186,Product_Omega_50,Pharmaceuticals,Supplier_D,Kolkata WH,East,2022-03-30,2022-04-15,Road,Immediate,839.61,43,43,491,125,17,10,36103.23,32492.91,In Stock,7,3,16
ORD-000467,SKU-01395,Product_Sigma_21,Electronics,Supplier_B,Kolkata WH,Central,2022-03-30,2022-04-18,Air,Net 30,1904.89,57,57,65,110,23,0,108578.73,108578.73,Low Stock,9,3,19
ORD-000468,SKU-08400,Product_Alpha_2,Industrial Parts,Supplier_F,Mumbai WH,North,2022-03-30,2022-04-28,Air,Net 60,3089.8,420,420,911,165,11,0,1297716.0,1297716.0,In Stock,2,8,29
ORD-000469,SKU-09082,Product_Alpha_9,Pharmaceuticals,Supplier_J,Mumbai WH,East,2022-03-30,2022-04-07,Road,Net 30,4849.4,142,142,390,45,15,20,688614.8,550891.84,In Stock,3,14,8
ORD-000470,SKU-05171,Product_Omega_23,Apparel,Supplier_E,Delhi WH,West,2022-03-31,2022-04-16,Air,Net 60,3640.88,210,210,82,176,30,5,764584.8,726355.56,Low Stock,1,4,16
ORD-000471,SKU-05360,Product_Alpha_49,Furniture,Supplier_I,Bangalore WH,West,2022-03-31,2022-04-10,Road,Net 15,4613.79,72,72,480,91,31,20,332192.88,265754.3,In Stock,8,0,10
ORD-000472,SKU-03502,Product_Omega_25,FMCG,Supplier_J,Mumbai WH,South,2022-03-31,2022-04-03,Road,Net 30,3813.44,224,224,776,63,6,0,854210.56,854210.56,In Stock,4,13,3
ORD-000473,SKU-01717,Product_Beta_28,Electronics,Supplier_I,Hyderabad WH,North,2022-03-31,2022-04-13,Air,Net 60,2962.67,27,27,228,109,12,20,79992.09,63993.67,In Stock,4,6,13
ORD-000474,SKU-03782,Product_Omega_23,Industrial Parts,Supplier_J,Chennai WH,South,2022-04-01,2022-04-30,Air,Net 60,968.2,128,128,784,152,23,20,123929.6,99143.68,In Stock,3,5,29
ORD-000475,SKU-05946,Product_Zeta_23,FMCG,Supplier_F,Kolkata WH,South,2022-04-01,2022-04-29,Road,Net 30,3336.76,106,106,730,180,39,10,353696.56,318326.9,In Stock,4,14,28
ORD-000476,SKU-06486,Product_Alpha_43,Furniture,Supplier_J,Delhi WH,West,2022-04-02,2022-04-25,Sea,Net 15,3120.66,165,165,224,143,40,0,514908.9,514908.9,In Stock,0,8,23
ORD-000477,SKU-09335,Product_Delta_16,Apparel,Supplier_G,Chennai WH,North,2022-04-02,2022-04-04,Air,Net 15,3016.32,215,327,112,24,36,5,648508.8,616083.36,In Stock,9,3,2
ORD-000478,SKU-05980,Product_Delta_42,Furniture,Supplier_F,Chennai WH,North,2022-04-02,2022-04-19,Sea,Net 60,2454.03,71,71,651,146,35,20,174236.13,139388.9,In Stock,9,13,17
ORD-000479,SKU-08266,Product_Sigma_38,Industrial Parts,Supplier_E,Bangalore WH,Central,2022-04-03,2022-04-22,Road,Net 30,2648.0,204,204,184,132,3,15,540192.0,459163.2,In Stock,5,9,19
ORD-000480,SKU-05491,Product_Beta_45,Industrial Parts,Supplier_G,Bangalore WH,West,2022-04-03,2022-05-02,Road,Net 30,1678.87,153,153,511,130,42,0,256867.11,256867.11,In Stock,3,5,29
ORD-000481,SKU-08192,Product_Beta_20,FMCG,Supplier_K,Kolkata WH,South,2022-04-03,2022-04-20,Road,Net 60,2601.37,67,67,172,183,28,0,174291.79,174291.79,Low Stock,3,9,17
ORD-000482,SKU-06588,Product_Beta_22,Pharmaceuticals,Supplier_G,Bangalore WH,Central,2022-04-03,2022-04-29,Rail,Immediate,995.8,90,364,887,96,15,15,89622.0,76178.7,Reorder Pending,4,6,26
ORD-000483,SKU-08651,Product_Gamma_2,FMCG,Supplier_D,Bangalore WH,Central,2022-04-03,2022-04-22,Sea,Net 30,4027.82,260,260,522,32,13,5,1047233.2,994871.54,In Stock,0,3,19
ORD-000484,SKU-04636,Product_Omega_3,FMCG,Supplier_E,Chennai WH,East,2022-04-03,2022-04-25,Air,Net 60,937.03,362,362,908,172,19,15,339204.86,288324.13,In Stock,3,11,22
ORD-000485,SKU-02167,Product_Kappa_43,Furniture,Supplier_F,Kolkata WH,East,2022-04-04,2022-04-24,Rail,Net 30,433.98,228,228,670,77,40,15,98947.44,84105.32,Discontinued,9,8,20
ORD-000486,SKU-02062,Product_Zeta_37,Furniture,Supplier_E,Kolkata WH,East,2022-04-04,2022-04-09,Air,Net 15,2186.87,79,79,204,149,18,20,172762.73,138210.18,Discontinued,2,12,5
ORD-000487,SKU-03156,Product_Zeta_18,Industrial Parts,Supplier_E,Delhi WH,North,2022-04-04,2022-04-08,Air,Net 15,3294.95,96,96,741,107,31,0,316315.2,316315.2,In Stock,4,13,4
ORD-000488,SKU-08860,Product_Alpha_45,Industrial Parts,Supplier_L,Hyderabad WH,South,2022-04-04,2022-04-29,Air,Immediate,2194.21,349,349,537,55,37,0,765779.29,765779.29,In Stock,9,0,25
ORD-000489,SKU-06161,Product_Kappa_38,Apparel,Supplier_D,Kolkata WH,Central,2022-04-04,2022-04-19,Air,Net 15,1391.0,330,330,318,44,21,0,459030.0,459030.0,In Stock,4,0,15
ORD-000490,SKU-06305,Product_Alpha_21,FMCG,Supplier_E,Kolkata WH,East,2022-04-04,2022-04-10,Rail,Net 30,2795.27,469,469,158,53,39,20,1310981.63,1048785.3,In Stock,7,2,6
ORD-000491,SKU-07541,Product_Zeta_37,Furniture,Supplier_L,Mumbai WH,East,2022-04-04,2022-04-10,Road,Net 30,1741.54,382,382,277,159,5,5,665268.28,632004.87,In Stock,0,8,6
ORD-000492,SKU-05729,Product_Zeta_21,FMCG,Supplier_E,Kolkata WH,South,2022-04-04,2022-04-11,Road,Net 30,4665.01,246,246,901,38,17,0,1147592.46,1147592.46,In Stock,2,4,7
ORD-000493,SKU-08330,Product_Beta_32,Apparel,Supplier_B,Mumbai WH,North,2022-04-04,2022-04-30,Sea,Net 30,4614.0,272,272,147,133,19,0,1255008.0,1255008.0,In Stock,4,0,26
ORD-000494,SKU-06334,Product_Beta_45,Apparel,Supplier_E,Delhi WH,East,2022-04-04,2022-04-11,Rail,Net 30,2516.84,495,495,980,125,4,0,1245835.8,1245835.8,In Stock,2,11,7
ORD-000495,SKU-09924,Product_Delta_22,Industrial Parts,Supplier_J,Chennai WH,West,2022-04-04,2022-04-09,Road,Net 15,1646.14,403,403,777,56,26,15,663394.42,563885.26,In Stock,5,4,5
ORD-000496,SKU-05330,Product_Kappa_33,Apparel,Supplier_B,Delhi WH,South,2022-04-05,2022-04-07,Rail,Net 15,3688.29,157,157,82,126,24,10,579061.53,521155.38,Low Stock,9,5,2
ORD-000497,SKU-09010,Product_Omega_11,Furniture,Supplier_G,Bangalore WH,North,2022-04-05,2022-04-19,Sea,Immediate,193.2,116,469,418,148,39,10,22411.2,20170.08,In Stock,2,3,14
ORD-000498,SKU-07801,Product_Sigma_24,Apparel,Supplier_J,Chennai WH,Central,2022-04-05,2022-04-08,Sea,Net 60,2379.1,435,368,537,79,38,0,1034908.5,1034908.5,In Stock,5,6,3
ORD-000499,SKU-05846,Product_Zeta_13,Electronics,Supplier_J,Kolkata WH,South,2022-04-06,2022-04-28,Air,Net 60,1688.25,18,18,582,86,19,20,30388.5,24310.8,In Stock,7,10,22
ORD-000500,SKU-07731,Product_Kappa_41,Electronics,Supplier_J,Delhi WH,North,2022-04-06,2022-04-20,Road,Immediate,4603.47,442,442,548,196,30,0,2034733.74,2034733.74,In Stock,3,2,14
ORD-000501,SKU-08241,Product_Beta_35,Electronics,Supplier_D,Hyderabad WH,West,2022-04-06,2022-04-13,Sea,Immediate,69.9,172,172,391,98,26,10,12022.8,10820.52,Reorder Pending,7,4,7
ORD-000502,SKU-01953,Product_Delta_19,Pharmaceuticals,Supplier_J,Hyderabad WH,Central,2022-04-06,2022-05-03,Sea,Net 60,2768.55,16,16,132,193,11,0,44296.8,44296.8,Low Stock,6,5,27
ORD-000503,SKU-03539,Product_Sigma_4,Electronics,Supplier_D,Bangalore WH,West,2022-04-06,2022-04-27,Road,Immediate,3705.91,449,449,939,130,39,0,1663953.59,1663953.59,In Stock,3,6,21
ORD-000504,SKU-08056,Product_Sigma_37,Apparel,Supplier_L,Kolkata WH,Central,2022-04-06,2022-04-11,Sea,Net 60,2430.24,240,240,995,67,3,0,583257.6,583257.6,In Stock,2,9,5
ORD-000505,SKU-02542,Product_Zeta_15,Electronics,Supplier_E,Mumbai WH,East,2022-04-06,2022-05-03,Air,Net 15,436.16,386,386,637,166,22,5,168357.76,159939.87,In Stock,4,14,27
ORD-000506,SKU-06293,Product_Beta_46,Industrial Parts,Supplier_E,Hyderabad WH,Central,2022-04-06,2022-04-26,Rail,Net 30,4862.58,56,56,626,107,17,10,272304.48,245074.03,In Stock,4,1,20
ORD-000507,SKU-02191,Product_Beta_38,Apparel,Supplier_J,Bangalore WH,North,2022-04-06,2022-04-15,Sea,Immediate,2594.87,79,79,603,59,11,0,204994.73,204994.73,In Stock,6,4,9
ORD-000508,SKU-07313,Product_Omega_18,Apparel,Supplier_H,Chennai WH,Central,2022-04-06,2022-04-17,Rail,Net 30,3074.79,103,103,241,153,39,0,316703.37,316703.37,In Stock,0,12,11
ORD-000509,SKU-07938,Product_Beta_37,Furniture,Supplier_E,Chennai WH,West,2022-04-06,2022-05-06,Sea,Immediate,1190.68,284,284,450,115,27,15,338153.12,287430.15,In Stock,8,6,30
ORD-000510,SKU-03681,Product_Kappa_28,Electronics,Supplier_D,Chennai WH,East,2022-04-06,2022-04-30,Rail,Immediate,2422.66,193,193,998,182,43,0,467573.38,467573.38,In Stock,1,6,24
ORD-000511,SKU-02540,Product_Delta_23,FMCG,Supplier_J,Chennai WH,East,2022-04-06,2022-05-06,Sea,Net 15,2151.46,5,5,199,80,29,0,10757.3,10757.3,In Stock,8,11,30
ORD-000512,SKU-07172,Product_Beta_42,FMCG,Supplier_E,Mumbai WH,Central,2022-04-06,2022-05-02,Rail,Immediate,383.73,106,106,718,24,12,5,40675.38,38641.61,In Stock,8,2,26
ORD-000513,SKU-06541,Product_Sigma_33,Furniture,Supplier_G,Chennai WH,Central,2022-04-07,2022-04-10,Rail,Net 15,539.74,278,278,116,56,13,15,150047.72,127540.56,In Stock,2,7,3
ORD-000514,SKU-02365,Product_Sigma_28,FMCG,Supplier_E,Mumbai WH,West,2022-04-07,2022-04-10,Sea,Net 30,4188.99,373,373,218,158,11,0,1562493.27,1562493.27,In Stock,6,12,3
ORD-000515,SKU-09691,Product_Omega_13,Pharmaceuticals,Supplier_A,Mumbai WH,South,2022-04-07,2022-04-20,Rail,Net 30,1206.7,100,100,304,125,31,20,120670.0,96536.0,In Stock,2,0,13
ORD-000516,SKU-09702,Product_Zeta_26,Apparel,Supplier_I,Bangalore WH,East,2022-04-08,2022-04-26,Rail,Net 15,982.84,238,238,242,118,11,0,233915.92,233915.92,In Stock,7,3,18
ORD-000517,SKU-08494,Product_Sigma_40,Furniture,Supplier_K,Kolkata WH,North,2022-04-08,2022-04-21,Rail,Net 30,2529.51,269,269,291,187,41,0,680438.19,680438.19,In Stock,7,2,13
ORD-000518,SKU-05312,Product_Kappa_43,Industrial Parts,Supplier_K,Hyderabad WH,Central,2022-04-08,2022-04-26,Rail,Net 15,3846.05,321,321,975,27,43,0,1234582.05,1234582.05,In Stock,2,3,18
ORD-000519,SKU-02324,Product_Gamma_2,Industrial Parts,Supplier_L,Chennai WH,Central,2022-04-08,2022-04-19,Air,Net 30,319.11,400,400,793,106,36,10,127644.0,114879.6,In Stock,4,10,11
ORD-000520,SKU-04141,Product_Gamma_37,Industrial Parts,Supplier_I,Delhi WH,Central,2022-04-08,2022-05-06,Rail,Net 60,2888.27,489,489,300,103,2,0,1412364.03,1412364.03,In Stock,6,8,28
ORD-000521,SKU-08419,Product_Kappa_14,Electronics,Supplier_C,Bangalore WH,South,2022-04-08,2022-04-17,Rail,Net 15,604.86,86,86,828,30,23,10,52017.96,46816.16,In Stock,0,10,9
ORD-000522,SKU-04486,Product_Kappa_18,Furniture,Supplier_C,Mumbai WH,North,2022-04-09,2022-04-26,Road,Net 60,191.94,320,320,683,90,36,0,61420.8,61420.8,In Stock,2,11,17
ORD-000523,SKU-02810,Product_Zeta_37,Furniture,Supplier_D,Delhi WH,West,2022-04-09,2022-04-24,Sea,Net 60,273.19,32,89,387,113,14,0,8742.08,8742.08,In Stock,0,14,15
ORD-000524,SKU-07588,Product_Alpha_34,Furniture,Supplier_A,Mumbai WH,West,2022-04-10,2022-05-10,Road,Net 30,4172.48,336,336,587,142,37,15,1401953.28,1191660.29,In Stock,1,7,30
ORD-000525,SKU-03923,Product_Delta_24,Pharmaceuticals,Supplier_J,Kolkata WH,South,2022-04-10,2022-05-08,Air,Immediate,598.68,51,51,208,195,27,10,30532.68,27479.41,In Stock,6,10,28
ORD-000526,SKU-06301,Product_Kappa_10,Furniture,Supplier_F,Chennai WH,East,2022-04-10,2022-04-11,Sea,Net 30,235.31,79,79,313,160,12,0,18589.49,18589.49,In Stock,6,3,1
ORD-000527,SKU-05186,Product_Delta_10,Pharmaceuticals,Supplier_I,Delhi WH,North,2022-04-10,2022-05-06,Air,Net 30,2195.12,186,186,616,125,29,10,408292.32,367463.09,In Stock,2,12,26
ORD-000528,SKU-09905,Product_Sigma_28,FMCG,Supplier_G,Kolkata WH,West,2022-04-10,2022-05-03,Rail,Net 60,4221.53,174,174,25,68,6,10,734546.22,661091.6,Discontinued,5,7,23
ORD-000529,SKU-06977,Product_Zeta_21,Furniture,Supplier_C,Hyderabad WH,West,2022-04-10,2022-04-30,Rail,Net 30,1319.42,436,436,862,26,44,0,575267.12,575267.12,In Stock,5,0,20
ORD-000530,SKU-05268,Product_Beta_41,Apparel,Supplier_J,Bangalore WH,Central,2022-04-10,2022-04-29,Rail,Net 60,2114.35,106,106,78,120,23,5,224121.1,212915.04,Low Stock,1,11,19
ORD-000531,SKU-05748,Product_Delta_27,Industrial Parts,Supplier_L,Delhi WH,North,2022-04-11,2022-04-28,Air,Immediate,209.21,63,63,993,172,10,0,13180.23,13180.23,In Stock,8,7,17
ORD-000532,SKU-05849,Product_Sigma_19,Furniture,Supplier_H,Mumbai WH,North,2022-04-11,2022-05-07,Road,Net 30,2250.9,76,76,127,170,34,5,171068.4,162514.98,Low Stock,7,9,26
ORD-000533,SKU-04709,Product_Gamma_17,Electronics,Supplier_L,Bangalore WH,South,2022-04-11,2022-04-25,Rail,Net 60,2892.29,316,316,412,70,44,10,913963.64,822567.28,In Stock,1,1,14
ORD-000534,SKU-07619,Product_Delta_26,FMCG,Supplier_D,Chennai WH,South,2022-04-11,2022-04-15,Road,Net 60,2858.83,321,321,136,194,12,0,917684.43,917684.43,Low Stock,3,5,4
ORD-000535,SKU-09647,Product_Delta_8,Apparel,Supplier_J,Hyderabad WH,Central,2022-04-11,2022-04-25,Rail,Net 60,1668.81,373,373,333,24,32,0,622466.13,622466.13,In Stock,8,5,14
ORD-000536,SKU-04072,Product_Gamma_13,Industrial Parts,Supplier_K,Chennai WH,West,2022-04-11,2022-04-16,Road,Net 30,1584.51,81,169,547,32,26,0,128345.31,128345.31,In Stock,3,2,5
ORD-000537,SKU-07530,Product_Alpha_16,Apparel,Supplier_I,Delhi WH,South,2022-04-12,2022-04-17,Rail,Net 15,542.05,361,108,387,61,7,20,195680.05,156544.04,In Stock,6,12,5
ORD-000538,SKU-01504,Product_Sigma_30,FMCG,Supplier_K,Mumbai WH,West,2022-04-12,2022-05-01,Road,Net 30,1840.32,128,128,570,144,32,10,235560.96,212004.86,In Stock,4,4,19
ORD-000539,SKU-02214,Product_Kappa_36,Electronics,Supplier_I,Chennai WH,West,2022-04-12,2022-05-01,Air,Net 30,506.48,183,147,229,152,33,0,92685.84,92685.84,Reorder Pending,9,1,19
ORD-000540,SKU-02531,Product_Zeta_28,Electronics,Supplier_J,Hyderabad WH,North,2022-04-12,2022-05-01,Sea,Immediate,3835.31,243,243,420,170,18,5,931980.33,885381.31,In Stock,5,10,19
ORD-000541,SKU-08576,Product_Alpha_13,Electronics,Supplier_E,Chennai WH,West,2022-04-12,2022-05-07,Road,Net 60,4831.71,185,185,123,81,35,0,893866.35,893866.35,Discontinued,0,7,25
ORD-000542,SKU-01823,Product_Gamma_18,FMCG,Supplier_B,Delhi WH,South,2022-04-12,2022-04-16,Air,Net 60,4850.67,498,498,87,148,20,10,2415633.66,2174070.29,Low Stock,3,7,4
ORD-000543,SKU-01928,Product_Gamma_2,Industrial Parts,Supplier_D,Bangalore WH,North,2022-04-13,2022-05-13,Sea,Immediate,4326.7,220,220,848,93,31,5,951874.0,904280.3,In Stock,4,12,30
ORD-000544,SKU-06029,Product_Sigma_18,Apparel,Supplier_C,Delhi WH,West,2022-04-13,2022-04-17,Rail,Net 30,3007.95,71,71,140,133,5,20,213564.45,170851.56,In Stock,5,4,4
ORD-000545,SKU-01133,Product_Gamma_42,Industrial Parts,Supplier_B,Chennai WH,South,2022-04-13,2022-05-02,Air,Net 60,3507.32,457,457,915,73,32,0,1602845.24,1602845.24,In Stock,5,6,19
ORD-000546,SKU-03105,Product_Alpha_47,Industrial Parts,Supplier_A,Mumbai WH,East,2022-04-13,2022-05-08,Air,Net 60,1433.18,342,342,784,135,42,5,490147.56,465640.18,In Stock,4,7,25
ORD-000547,SKU-04627,Product_Kappa_2,Furniture,Supplier_J,Delhi WH,North,2022-04-13,2022-04-17,Road,Immediate,3157.54,154,154,50,150,19,10,486261.16,437635.04,Low Stock,2,10,4
ORD-000548,SKU-07316,Product_Alpha_6,Industrial Parts,Supplier_H,Chennai WH,South,2022-04-13,2022-05-09,Air,Net 60,2283.69,245,245,986,102,1,15,559504.05,475578.44,In Stock,1,3,26
ORD-000549,SKU-02852,Product_Omega_39,Furniture,Supplier_C,Chennai WH,East,2022-04-13,2022-04-23,Rail,Net 15,2415.27,140,140,566,198,7,5,338137.8,321230.91,In Stock,6,1,10
ORD-000550,SKU-05910,Product_Sigma_5,FMCG,Supplier_A,Mumbai WH,South,2022-04-13,2022-05-11,Rail,Net 15,3791.31,71,71,928,149,22,10,269183.01,242264.71,In Stock,0,13,28
ORD-000551,SKU-05175,Product_Zeta_24,Industrial Parts,Supplier_L,Chennai WH,South,2022-04-14,2022-05-02,Sea,Net 60,1416.77,46,46,404,68,34,0,65171.42,65171.42,Discontinued,4,14,18
ORD-000552,SKU-06348,Product_Beta_26,Apparel,Supplier_C,Delhi WH,South,2022-04-14,2022-05-13,Rail,Immediate,1597.02,47,47,336,50,10,5,75059.94,71306.94,In Stock,3,4,29
ORD-000553,SKU-07190,Product_Gamma_16,FMCG,Supplier_B,Bangalore WH,East,2022-04-14,2022-04-26,Rail,Net 60,4623.96,79,79,661,93,42,15,365292.84,310498.91,In Stock,6,6,12
ORD-000554,SKU-02256,Product_Beta_37,Furniture,Supplier_H,Delhi WH,North,2022-04-15,2022-05-14,Rail,Net 30,290.56,422,422,664,136,26,20,122616.32,98093.06,Reorder Pending,1,14,29
ORD-000555,SKU-04376,Product_Beta_34,Furniture,Supplier_A,Mumbai WH,Central,2022-04-15,2022-04-29,Road,Net 60,2433.32,149,149,962,22,32,10,362564.68,326308.21,In Stock,7,11,14
ORD-000556,SKU-06645,Product_Sigma_32,Industrial Parts,Supplier_H,Kolkata WH,Central,2022-04-15,2022-04-24,Air,Net 30,4564.88,398,398,730,143,42,0,1816822.24,1816822.24,In Stock,8,3,9
ORD-000557,SKU-04486,Product_Beta_16,Furniture,Supplier_F,Hyderabad WH,South,2022-04-15,2022-04-28,Road,Net 60,3055.71,130,130,730,182,27,15,397242.3,337655.95,In Stock,9,3,13
ORD-000558,SKU-04584,Product_Beta_50,FMCG,Supplier_E,Kolkata WH,North,2022-04-15,2022-05-06,Air,Net 30,2736.57,456,456,365,104,12,0,1247875.92,1247875.92,In Stock,0,3,21
ORD-000559,SKU-09053,Product_Omega_22,Pharmaceuticals,Supplier_I,Delhi WH,West,2022-04-15,2022-05-01,Road,Net 30,1256.22,127,127,907,183,40,0,159539.94,159539.94,In Stock,4,8,16
ORD-000560,SKU-04330,Product_Zeta_48,Furniture,Supplier_F,Kolkata WH,South,2022-04-15,2022-05-04,Sea,Net 15,1722.94,365,365,910,83,23,10,628873.1,565985.79,In Stock,3,8,19
ORD-000561,SKU-03703,Product_Delta_28,Apparel,Supplier_D,Kolkata WH,South,2022-04-15,2022-05-05,Sea,Net 15,4261.72,119,119,997,179,14,0,507144.68,507144.68,In Stock,4,13,20
ORD-000562,SKU-09662,Product_Delta_10,Electronics,Supplier_E,Chennai WH,South,2022-04-16,2022-05-02,Rail,Immediate,2800.5,454,454,979,37,34,20,1271427.0,1017141.6,In Stock,8,10,16
ORD-000563,SKU-09120,Product_Beta_12,Apparel,Supplier_K,Bangalore WH,West,2022-04-16,2022-04-18,Sea,Immediate,2578.56,485,485,853,53,17,5,1250601.6,1188071.52,In Stock,2,9,2
ORD-000564,SKU-08114,Product_Delta_18,FMCG,Supplier_L,Delhi WH,East,2022-04-16,2022-04-22,Road,Net 60,506.9,357,357,257,75,6,5,180963.3,171915.13,In Stock,0,7,6
ORD-000565,SKU-02353,Product_Kappa_27,Industrial Parts,Supplier_G,Hyderabad WH,East,2022-04-16,2022-04-25,Air,Net 60,89.98,417,417,387,86,27,10,37521.66,33769.49,In Stock,2,10,9
ORD-000566,SKU-06063,Product_Sigma_38,Electronics,Supplier_F,Hyderabad WH,North,2022-04-16,2022-04-29,Road,Net 60,4818.79,489,489,44,110,8,10,2356388.31,2120749.48,Low Stock,3,7,13
ORD-000567,SKU-09549,Product_Alpha_32,Industrial Parts,Supplier_F,Hyderabad WH,North,2022-04-16,2022-04-21,Rail,Net 15,1891.16,262,262,268,86,33,5,495483.92,470709.72,In Stock,1,6,5
ORD-000568,SKU-08575,Product_Omega_45,FMCG,Supplier_H,Delhi WH,Central,2022-04-16,2022-05-06,Air,Net 15,3020.03,244,244,310,129,35,0,736887.32,736887.32,In Stock,0,0,20
ORD-000569,SKU-01667,Product_Beta_21,Apparel,Supplier_J,Delhi WH,North,2022-04-16,2022-05-06,Road,Net 30,407.78,474,474,671,186,17,10,193287.72,173958.95,In Stock,0,7,20
ORD-000570,SKU-05468,Product_Zeta_31,Electronics,Supplier_C,Mumbai WH,East,2022-04-16,2022-05-08,Rail,Net 30,3418.74,382,382,277,185,26,0,1305958.68,1305958.68,In Stock,7,10,22
ORD-000571,SKU-07819,Product_Delta_18,Apparel,Supplier_C,Hyderabad WH,East,2022-04-17,2022-05-10,Road,Net 30,4663.51,103,103,856,59,7,0,480341.53,480341.53,In Stock,3,10,23
ORD-000572,SKU-04719,Product_Gamma_24,Apparel,Supplier_A,Delhi WH,East,2022-04-17,2022-04-30,Road,Net 15,2882.57,489,489,474,166,24,10,1409576.73,1268619.06,Discontinued,1,3,13
ORD-000573,SKU-03745,Product_Kappa_46,Pharmaceuticals,Supplier_D,Hyderabad WH,South,2022-04-17,2022-04-19,Air,Net 15,639.32,37,37,566,152,25,0,23654.84,23654.84,In Stock,9,12,2
ORD-000574,SKU-08483,Product_Omega_20,Pharmaceuticals,Supplier_A,Delhi WH,East,2022-04-17,2022-04-30,Road,Net 30,2912.79,142,142,144,161,35,20,413616.18,330892.94,Low Stock,2,0,13
ORD-000575,SKU-01539,Product_Alpha_42,Industrial Parts,Supplier_A,Mumbai WH,Central,2022-04-18,2022-05-17,Rail,Net 30,3834.07,37,37,965,110,26,10,141860.59,127674.53,In Stock,7,0,29
ORD-000576,SKU-05964,Product_Alpha_48,FMCG,Supplier_E,Delhi WH,East,2022-04-18,2022-05-17,Rail,Net 15,2038.02,8,8,234,68,5,20,16304.16,13043.33,In Stock,5,2,29
ORD-000577,SKU-05835,Product_Alpha_45,Apparel,Supplier_E,Kolkata WH,South,2022-04-19,2022-04-30,Air,Net 15,4400.39,231,231,690,83,38,0,1016490.09,1016490.09,In Stock,7,12,11
ORD-000578,SKU-04775,Product_Delta_17,Furniture,Supplier_J,Mumbai WH,North,2022-04-19,2022-05-12,Road,Net 15,3246.93,333,333,719,131,35,20,1081227.69,864982.15,In Stock,9,2,23
ORD-000579,SKU-07042,Product_Zeta_20,Apparel,Supplier_G,Kolkata WH,South,2022-04-19,2022-04-27,Road,Net 60,4497.25,397,397,135,119,30,0,1785408.25,1785408.25,Reorder Pending,4,9,8
ORD-000580,SKU-08102,Product_Omega_44,Industrial Parts,Supplier_E,Delhi WH,East,2022-04-19,2022-04-21,Sea,Net 30,3121.29,296,296,444,123,25,0,923901.84,923901.84,In Stock,2,0,2
ORD-000581,SKU-08312,Product_Beta_35,Electronics,Supplier_G,Mumbai WH,South,2022-04-19,2022-05-13,Road,Net 60,665.13,107,107,352,182,24,0,71168.91,71168.91,In Stock,5,7,24
ORD-000582,SKU-06320,Product_Delta_29,Electronics,Supplier_B,Bangalore WH,East,2022-04-19,2022-05-05,Rail,Immediate,1555.36,348,403,393,24,30,5,541265.28,514202.02,In Stock,9,3,16
ORD-000583,SKU-07132,Product_Zeta_1,Furniture,Supplier_C,Mumbai WH,North,2022-04-20,2022-05-20,Air,Net 30,1016.96,442,442,993,138,20,0,449496.32,449496.32,In Stock,7,11,30
ORD-000584,SKU-08891,Product_Zeta_17,FMCG,Supplier_L,Delhi WH,Central,2022-04-20,2022-04-29,Rail,Immediate,4545.04,18,18,274,107,3,5,81810.72,77720.18,In Stock,4,3,9
ORD-000585,SKU-03779,Product_Sigma_6,Furniture,Supplier_J,Hyderabad WH,East,2022-04-20,2022-05-19,Air,Net 60,3804.4,313,147,383,186,32,0,1190777.2,1190777.2,In Stock,4,13,29
ORD-000586,SKU-01924,Product_Delta_20,FMCG,Supplier_D,Bangalore WH,West,2022-04-20,2022-05-02,Road,Net 15,3385.23,83,83,909,146,8,0,280974.09,280974.09,In Stock,2,5,12
ORD-000587,SKU-02581,Product_Delta_11,Pharmaceuticals,Supplier_J,Bangalore WH,West,2022-04-20,2022-04-21,Air,Immediate,1511.82,422,24,322,43,23,10,637988.04,574189.24,In Stock,2,8,1
ORD-000588,SKU-08714,Product_Kappa_41,FMCG,Supplier_A,Mumbai WH,East,2022-04-20,2022-05-01,Air,Net 60,928.38,288,288,182,187,16,0,267373.44,267373.44,Low Stock,7,8,11
ORD-000589,SKU-04324,Product_Omega_50,FMCG,Supplier_A,Kolkata WH,North,2022-04-20,2022-05-17,Rail,Net 15,3784.69,470,470,572,126,35,10,1778804.3,1600923.87,In Stock,0,11,27
ORD-000590,SKU-06713,Product_Zeta_3,Electronics,Supplier_C,Mumbai WH,North,2022-04-21,2022-05-17,Road,Net 15,2376.05,194,194,439,69,25,5,460953.7,437906.02,Reorder Pending,3,7,26
ORD-000591,SKU-08026,Product_Sigma_6,Electronics,Supplier_L,Chennai WH,Central,2022-04-21,2022-05-01,Rail,Net 60,1136.69,461,461,62,77,15,20,524014.09,419211.27,Low Stock,8,14,10
ORD-000592,SKU-01255,Product_Kappa_31,Industrial Parts,Supplier_F,Bangalore WH,West,2022-04-21,2022-05-01,Sea,Net 30,3086.94,215,215,872,20,8,0,663692.1,663692.1,In Stock,5,0,10
ORD-000593,SKU-05804,Product_Zeta_22,Pharmaceuticals,Supplier_B,Hyderabad WH,North,2022-04-21,2022-04-30,Rail,Net 60,211.27,281,281,726,190,34,20,59366.87,47493.5,In Stock,5,11,9
ORD-000594,SKU-02838,Product_Zeta_7,Apparel,Supplier_C,Chennai WH,East,2022-04-21,2022-05-18,Air,Net 60,1637.59,220,220,871,186,25,5,360269.8,342256.31,In Stock,9,9,27
ORD-000595,SKU-01009,Product_Gamma_45,Apparel,Supplier_B,Kolkata WH,West,2022-04-21,2022-05-07,Air,Net 30,2348.1,442,442,650,157,44,20,1037860.2,830288.16,In Stock,6,9,16
ORD-000596,SKU-03871,Product_Sigma_33,Apparel,Supplier_D,Hyderabad WH,East,2022-04-22,2022-05-20,Rail,Immediate,748.31,459,459,942,21,19,0,343474.29,343474.29,In Stock,6,1,28
ORD-000597,SKU-09989,Product_Beta_23,FMCG,Supplier_L,Bangalore WH,North,2022-04-22,2022-05-15,Sea,Net 30,4923.43,289,289,645,82,43,10,1422871.27,1280584.14,In Stock,5,2,23
ORD-000598,SKU-08409,Product_Zeta_39,Furniture,Supplier_H,Mumbai WH,Central,2022-04-22,2022-05-14,Rail,Net 15,1053.4,344,344,33,35,13,15,362369.6,308014.16,Discontinued,8,10,22
ORD-000599,SKU-08418,Product_Omega_30,Furniture,Supplier_F,Delhi WH,Central,2022-04-22,2022-04-26,Air,Immediate,660.46,194,194,704,56,12,0,128129.24,128129.24,In Stock,7,4,4
ORD-000600,SKU-06124,Product_Alpha_49,Furniture,Supplier_G,Hyderabad WH,East,2022-04-22,2022-05-20,Road,Net 60,1025.64,158,158,866,35,15,5,162051.12,153948.56,In Stock,7,4,28
ORD-000601,SKU-02015,Product_Alpha_42,Furniture,Supplier_F,Kolkata WH,North,2022-04-22,2022-04-30,Road,Net 30,3847.62,465,465,984,106,23,15,1789143.3,1520771.8,In Stock,1,12,8
ORD-000602,SKU-03193,Product_Gamma_41,Pharmaceuticals,Supplier_I,Mumbai WH,East,2022-04-22,2022-04-27,Road,Immediate,2133.27,104,104,831,109,40,5,221860.08,210767.08,In Stock,6,9,5
ORD-000603,SKU-09415,Product_Kappa_42,FMCG,Supplier_L,Chennai WH,West,2022-04-23,2022-05-03,Rail,Net 30,2831.43,34,34,476,99,2,0,96268.62,96268.62,In Stock,0,7,10
ORD-000604,SKU-08449,Product_Gamma_1,Pharmaceuticals,Supplier_J,Delhi WH,East,2022-04-23,2022-05-17,Rail,Immediate,114.84,102,102,86,46,40,10,11713.68,10542.31,Discontinued,9,1,24
ORD-000605,SKU-05158,Product_Zeta_13,Industrial Parts,Supplier_G,Delhi WH,South,2022-04-23,2022-05-08,Sea,Net 60,181.81,127,127,209,130,23,0,23089.87,23089.87,In Stock,7,1,15
ORD-000606,SKU-04925,Product_Sigma_21,Pharmaceuticals,Supplier_D,Hyderabad WH,Central,2022-04-23,2022-05-18,Air,Net 30,2234.67,214,214,461,83,5,15,478219.38,406486.47,In Stock,2,7,25
ORD-000607,SKU-07970,Product_Beta_8,Pharmaceuticals,Supplier_F,Kolkata WH,Central,2022-04-24,2022-05-21,Air,Immediate,4085.11,325,325,80,116,34,0,1327660.75,1327660.75,Low Stock,8,0,27
ORD-000608,SKU-07938,Product_Gamma_16,Pharmaceuticals,Supplier_J,Hyderabad WH,Central,2022-04-24,2022-05-05,Air,Net 30,4427.34,432,432,321,179,10,0,1912610.88,1912610.88,In Stock,4,8,11
ORD-000609,SKU-05784,Product_Gamma_39,Pharmaceuticals,Supplier_F,Chennai WH,North,2022-04-24,2022-05-03,Air,Net 30,442.67,296,296,414,156,27,0,131030.32,131030.32,In Stock,6,1,9
ORD-000610,SKU-05000,Product_Zeta_21,Apparel,Supplier_K,Delhi WH,South,2022-04-25,2022-05-19,Road,Immediate,2696.43,179,179,850,30,42,10,482660.97,434394.87,In Stock,6,11,24
ORD-000611,SKU-02633,Product_Kappa_31,Industrial Parts,Supplier_K,Mumbai WH,West,2022-04-25,2022-05-09,Rail,Net 30,4567.02,80,80,991,89,4,20,365361.6,292289.28,In Stock,8,4,14
ORD-000612,SKU-08266,Product_Gamma_17,Furniture,Supplier_H,Chennai WH,North,2022-04-25,2022-05-15,Road,Net 15,1945.98,141,168,189,177,4,0,274383.18,274383.18,In Stock,1,2,20
ORD-000613,SKU-09702,Product_Gamma_44,Electronics,Supplier_A,Bangalore WH,East,2022-04-25,2022-05-16,Rail,Immediate,4149.53,474,474,949,162,8,0,1966877.22,1966877.22,In Stock,3,4,21
ORD-000614,SKU-01384,Product_Omega_19,Industrial Parts,Supplier_I,Chennai WH,East,2022-04-25,2022-04-28,Rail,Immediate,677.14,31,31,859,67,6,0,20991.34,20991.34,In Stock,7,11,3
ORD-000615,SKU-01404,Product_Delta_6,Furniture,Supplier_G,Bangalore WH,South,2022-04-26,2022-05-03,Sea,Net 30,4677.62,372,372,232,113,25,15,1740074.64,1479063.44,In Stock,4,7,7
ORD-000616,SKU-09175,Product_Zeta_24,Pharmaceuticals,Supplier_B,Kolkata WH,East,2022-04-26,2022-05-11,Air,Immediate,3759.6,423,74,391,95,27,5,1590310.8,1510795.26,In Stock,4,7,15
ORD-000617,SKU-03000,Product_Gamma_26,Pharmaceuticals,Supplier_J,Bangalore WH,East,2022-04-26,2022-05-03,Road,Immediate,4707.26,63,63,937,79,40,0,296557.38,296557.38,In Stock,2,5,7
ORD-000618,SKU-06989,Product_Zeta_37,FMCG,Supplier_J,Bangalore WH,North,2022-04-26,2022-05-26,Road,Net 60,3386.32,48,48,168,87,20,5,162543.36,154416.19,In Stock,4,8,30
ORD-000619,SKU-02460,Product_Delta_2,Pharmaceuticals,Supplier_D,Bangalore WH,Central,2022-04-27,2022-05-24,Sea,Immediate,1823.39,87,153,442,76,27,0,158634.93,158634.93,In Stock,6,6,27
ORD-000620,SKU-08190,Product_Alpha_36,Industrial Parts,Supplier_B,Kolkata WH,North,2022-04-27,2022-05-11,Road,Net 15,4691.52,304,304,762,83,7,5,1426222.08,1354910.98,In Stock,3,1,14
ORD-000621,SKU-08140,Product_Delta_6,Electronics,Supplier_E,Hyderabad WH,Central,2022-04-27,2022-05-21,Sea,Net 15,1385.08,61,61,167,99,23,0,84489.88,84489.88,In Stock,7,0,24
ORD-000622,SKU-04636,Product_Kappa_13,FMCG,Supplier_L,Mumbai WH,South,2022-04-27,2022-05-13,Sea,Net 15,1667.54,396,396,230,106,20,15,660345.84,561293.96,In Stock,5,7,16
ORD-000623,SKU-05809,Product_Sigma_45,FMCG,Supplier_F,Delhi WH,West,2022-04-27,2022-05-22,Sea,Net 30,3507.03,334,334,149,186,34,20,1171348.02,937078.42,Low Stock,5,0,25
ORD-000624,SKU-05178,Product_Gamma_4,Electronics,Supplier_I,Bangalore WH,North,2022-04-27,2022-05-14,Air,Net 60,3828.93,440,440,663,139,29,10,1684729.2,1516256.28,In Stock,5,7,17
ORD-000625,SKU-08245,Product_Zeta_40,Industrial Parts,Supplier_E,Bangalore WH,North,2022-04-27,2022-05-25,Road,Net 15,4647.72,274,274,549,162,44,5,1273475.28,1209801.52,In Stock,3,11,28
ORD-000626,SKU-07600,Product_Zeta_39,Pharmaceuticals,Supplier_D,Kolkata WH,North,2022-04-27,2022-05-09,Sea,Immediate,1031.96,411,411,385,98,5,5,424135.56,402928.78,In Stock,2,8,12
ORD-000627,SKU-06997,Product_Sigma_10,Furniture,Supplier_E,Hyderabad WH,South,2022-04-27,2022-05-24,Road,Net 15,3992.01,284,284,380,175,27,0,1133730.84,1133730.84,In Stock,9,0,27
ORD-000628,SKU-03048,Product_Beta_24,Electronics,Supplier_L,Hyderabad WH,East,2022-04-27,2022-04-29,Rail,Net 15,3695.34,466,466,808,55,12,10,1722028.44,1549825.6,In Stock,5,6,2
ORD-000629,SKU-05780,Product_Gamma_37,Industrial Parts,Supplier_F,Bangalore WH,West,2022-04-28,2022-05-15,Road,Net 15,328.33,80,80,274,73,17,5,26266.4,24953.08,In Stock,5,4,17
ORD-000630,SKU-01716,Product_Beta_1,Industrial Parts,Supplier_G,Kolkata WH,East,2022-04-28,2022-05-24,Air,Net 30,1942.24,180,180,616,164,37,20,349603.2,279682.56,In Stock,1,12,26
ORD-000631,SKU-08939,Product_Zeta_50,Industrial Parts,Supplier_G,Bangalore WH,Central,2022-04-28,2022-05-04,Air,Net 30,1421.0,272,272,897,119,34,0,386512.0,386512.0,In Stock,9,13,6
ORD-000632,SKU-06565,Product_Kappa_44,Pharmaceuticals,Supplier_D,Bangalore WH,East,2022-04-28,2022-05-01,Road,Net 60,1529.41,77,77,859,105,30,10,117764.57,105988.11,In Stock,8,7,3
ORD-000633,SKU-05544,Product_Kappa_8,Pharmaceuticals,Supplier_B,Mumbai WH,South,2022-04-28,2022-05-08,Air,Net 30,4914.9,442,442,863,41,36,10,2172385.8,1955147.22,In Stock,3,3,10
ORD-000634,SKU-05976,Product_Delta_46,Apparel,Supplier_B,Hyderabad WH,Central,2022-04-28,2022-05-21,Road,Net 15,3217.46,221,221,61,94,6,0,711058.66,711058.66,Low Stock,3,14,23
ORD-000635,SKU-04419,Product_Delta_13,FMCG,Supplier_D,Delhi WH,Central,2022-04-28,2022-05-15,Air,Net 15,3591.2,393,393,466,55,32,10,1411341.6,1270207.44,In Stock,9,1,17
ORD-000636,SKU-08239,Product_Sigma_19,Pharmaceuticals,Supplier_I,Delhi WH,South,2022-04-28,2022-05-11,Road,Immediate,4883.32,282,282,527,48,32,20,1377096.24,1101676.99,In Stock,7,6,13
ORD-000637,SKU-01249,Product_Kappa_25,Apparel,Supplier_I,Hyderabad WH,North,2022-04-28,2022-05-03,Air,Immediate,1892.24,28,28,861,189,9,20,52982.72,42386.18,Reorder Pending,2,12,5
ORD-000638,SKU-09865,Product_Gamma_28,Industrial Parts,Supplier_F,Delhi WH,South,2022-04-29,2022-05-24,Road,Net 30,4011.18,361,361,149,179,22,10,1448035.98,1303232.38,Low Stock,9,6,25
ORD-000639,SKU-01770,Product_Delta_39,FMCG,Supplier_A,Kolkata WH,South,2022-04-29,2022-05-27,Air,Immediate,2178.31,77,77,141,161,10,0,167729.87,167729.87,Low Stock,6,7,28
ORD-000640,SKU-05363,Product_Delta_19,FMCG,Supplier_D,Hyderabad WH,West,2022-04-29,2022-05-16,Air,Net 60,4348.97,164,164,115,37,29,15,713231.08,606246.42,In Stock,6,13,17
ORD-000641,SKU-02077,Product_Delta_27,Furniture,Supplier_E,Delhi WH,West,2022-04-29,2022-05-28,Rail,Immediate,911.48,9,9,823,57,11,10,8203.32,7382.99,In Stock,1,8,29
ORD-000642,SKU-09427,Product_Gamma_27,Electronics,Supplier_C,Kolkata WH,West,2022-04-29,2022-05-18,Rail,Immediate,4738.95,175,175,64,120,28,0,829316.25,829316.25,Low Stock,2,13,19
ORD-000643,SKU-09580,Product_Gamma_2,Apparel,Supplier_D,Hyderabad WH,West,2022-04-29,2022-04-30,Air,Net 30,1101.67,462,462,428,53,2,0,508971.54,508971.54,In Stock,3,5,1
ORD-000644,SKU-08901,Product_Sigma_17,Furniture,Supplier_G,Hyderabad WH,Central,2022-04-29,2022-05-05,Road,Net 30,1637.84,307,307,309,140,21,0,502816.88,502816.88,In Stock,1,2,6
ORD-000645,SKU-05858,Product_Delta_40,Pharmaceuticals,Supplier_C,Chennai WH,West,2022-04-29,2022-05-06,Air,Net 15,3783.4,76,76,705,192,31,0,287538.4,287538.4,In Stock,8,4,7
ORD-000646,SKU-07544,Product_Kappa_16,FMCG,Supplier_K,Bangalore WH,Central,2022-04-30,2022-05-29,Air,Net 60,1974.84,245,245,853,106,41,10,483835.8,435452.22,In Stock,9,13,29
ORD-000647,SKU-05719,Product_Omega_38,Industrial Parts,Supplier_L,Kolkata WH,South,2022-04-30,2022-05-27,Sea,Net 15,3044.97,122,122,429,179,17,0,371486.34,371486.34,In Stock,5,13,27
ORD-000648,SKU-03814,Product_Kappa_6,FMCG,Supplier_C,Bangalore WH,South,2022-04-30,2022-05-07,Sea,Net 60,2228.42,185,185,160,129,27,0,412257.7,412257.7,In Stock,0,2,7
ORD-000649,SKU-04374,Product_Alpha_31,Electronics,Supplier_A,Hyderabad WH,Central,2022-05-01,2022-05-28,Rail,Net 15,3714.43,32,32,974,86,30,0,118861.76,118861.76,In Stock,0,9,27
ORD-000650,SKU-02252,Product_Gamma_21,Pharmaceuticals,Supplier_D,Mumbai WH,East,2022-05-01,2022-05-03,Rail,Net 15,1149.37,486,486,305,62,41,5,558593.82,530664.13,In Stock,7,8,2
ORD-000651,SKU-07996,Product_Zeta_44,Apparel,Supplier_D,Bangalore WH,South,2022-05-01,2022-05-09,Road,Net 60,301.71,451,451,360,142,8,0,136071.21,136071.21,In Stock,5,4,8
ORD-000652,SKU-05673,Product_Delta_46,Electronics,Supplier_E,Bangalore WH,South,2022-05-01,2022-05-03,Road,Net 60,1506.65,250,203,277,41,37,0,376662.5,376662.5,In Stock,9,6,2
ORD-000653,SKU-05530,Product_Zeta_46,Apparel,Supplier_H,Bangalore WH,Central,2022-05-01,2022-05-16,Air,Net 60,2376.8,57,57,295,106,5,0,135477.6,135477.6,In Stock,6,9,15
ORD-000654,SKU-07881,Product_Zeta_48,Industrial Parts,Supplier_E,Chennai WH,West,2022-05-01,2022-05-03,Air,Net 30,848.42,310,310,550,96,26,10,263010.2,236709.18,In Stock,5,6,2
ORD-000655,SKU-07949,Product_Sigma_5,Apparel,Supplier_C,Chennai WH,North,2022-05-01,2022-05-31,Air,Net 30,1780.44,372,372,872,144,6,0,662323.68,662323.68,In Stock,1,6,30
ORD-000656,SKU-07241,Product_Beta_36,Industrial Parts,Supplier_E,Mumbai WH,Central,2022-05-02,2022-05-14,Road,Net 60,2005.92,144,144,168,115,16,5,288852.48,274409.86,In Stock,2,11,12
ORD-000657,SKU-09017,Product_Alpha_4,Electronics,Supplier_G,Mumbai WH,East,2022-05-02,2022-05-25,Air,Net 60,296.39,318,318,458,141,1,0,94252.02,94252.02,In Stock,7,9,23
ORD-000658,SKU-07941,Product_Omega_16,Industrial Parts,Supplier_D,Hyderabad WH,North,2022-05-02,2022-05-09,Road,Net 30,2920.7,84,84,579,176,9,0,245338.8,245338.8,In Stock,3,3,7
ORD-000659,SKU-08002,Product_Kappa_23,Electronics,Supplier_K,Kolkata WH,North,2022-05-02,2022-05-11,Road,Immediate,4422.87,480,480,6,59,21,0,2122977.6,2122977.6,Low Stock,7,3,9
ORD-000660,SKU-02331,Product_Alpha_1,Electronics,Supplier_B,Bangalore WH,Central,2022-05-03,2022-05-15,Rail,Net 30,767.2,56,56,596,123,7,0,42963.2,42963.2,In Stock,2,12,12
ORD-000661,SKU-05261,Product_Sigma_33,FMCG,Supplier_A,Mumbai WH,South,2022-05-03,2022-05-30,Sea,Net 30,2993.06,279,279,710,192,43,0,835063.74,835063.74,In Stock,1,2,27
ORD-000662,SKU-08648,Product_Zeta_20,Pharmaceuticals,Supplier_E,Delhi WH,Central,2022-05-03,2022-05-18,Road,Net 60,3327.05,273,273,131,138,15,0,908284.65,908284.65,Low Stock,6,3,15
ORD-000663,SKU-06115,Product_Zeta_43,Pharmaceuticals,Supplier_D,Chennai WH,North,2022-05-03,2022-05-20,Air,Net 30,2102.48,464,464,587,157,24,0,975550.72,975550.72,In Stock,0,8,17
ORD-000664,SKU-05637,Product_Omega_9,Industrial Parts,Supplier_K,Hyderabad WH,Central,2022-05-03,2022-05-16,Sea,Net 60,3508.48,166,166,761,192,5,10,582407.68,524166.91,In Stock,2,4,13
ORD-000665,SKU-05854,Product_Alpha_38,Electronics,Supplier_H,Chennai WH,South,2022-05-03,2022-05-24,Road,Immediate,2059.55,456,456,346,139,38,0,939154.8,939154.8,In Stock,1,13,21
ORD-000666,SKU-04177,Product_Gamma_17,Pharmaceuticals,Supplier_L,Delhi WH,East,2022-05-04,2022-06-03,Road,Net 30,2528.14,467,467,954,36,29,15,1180641.38,1003545.17,In Stock,4,5,30
ORD-000667,SKU-08730,Product_Gamma_33,Furniture,Supplier_J,Bangalore WH,South,2022-05-04,2022-05-08,Sea,Net 15,46.69,158,449,720,121,11,15,7377.02,6270.47,In Stock,1,3,4
ORD-000668,SKU-03180,Product_Kappa_22,Furniture,Supplier_G,Kolkata WH,East,2022-05-04,2022-05-26,Sea,Net 60,3461.68,249,249,595,149,4,10,861958.32,775762.49,In Stock,9,12,22
ORD-000669,SKU-05892,Product_Kappa_9,FMCG,Supplier_I,Chennai WH,South,2022-05-04,2022-05-05,Sea,Net 15,3310.1,186,84,734,164,10,0,615678.6,615678.6,Reorder Pending,4,0,1
ORD-000670,SKU-08043,Product_Beta_21,Pharmaceuticals,Supplier_L,Chennai WH,East,2022-05-04,2022-05-12,Air,Net 30,201.62,482,482,252,127,34,15,97180.84,82603.71,In Stock,2,12,8
ORD-000671,SKU-01137,Product_Zeta_10,Furniture,Supplier_L,Delhi WH,North,2022-05-05,2022-05-17,Rail,Net 30,1847.57,78,78,409,109,4,0,144110.46,144110.46,In Stock,8,6,12
ORD-000672,SKU-07327,Product_Sigma_8,Electronics,Supplier_K,Mumbai WH,West,2022-05-05,2022-05-21,Air,Net 30,4895.37,22,22,542,138,10,0,107698.14,107698.14,In Stock,9,12,16
ORD-000673,SKU-04472,Product_Omega_3,Industrial Parts,Supplier_K,Chennai WH,West,2022-05-05,2022-05-25,Sea,Immediate,2109.48,108,108,354,185,33,0,227823.84,227823.84,In Stock,8,6,20
ORD-000674,SKU-06449,Product_Gamma_32,Pharmaceuticals,Supplier_G,Delhi WH,South,2022-05-05,2022-05-20,Air,Net 30,2514.71,273,273,712,184,18,20,686515.83,549212.66,In Stock,7,5,15
ORD-000675,SKU-03832,Product_Sigma_48,Apparel,Supplier_I,Chennai WH,Central,2022-05-05,2022-05-11,Air,Net 60,4550.55,252,252,964,82,12,0,1146738.6,1146738.6,In Stock,4,3,6
ORD-000676,SKU-04579,Product_Omega_28,Pharmaceuticals,Supplier_A,Mumbai WH,South,2022-05-06,2022-06-03,Road,Immediate,3589.14,15,15,563,24,23,20,53837.1,43069.68,In Stock,9,9,28
ORD-000677,SKU-06971,Product_Sigma_17,Furniture,Supplier_A,Bangalore WH,East,2022-05-06,2022-05-22,Air,Net 30,2914.53,370,370,367,44,44,0,1078376.1,1078376.1,In Stock,6,12,16
ORD-000678,SKU-05164,Product_Sigma_34,Pharmaceuticals,Supplier_I,Hyderabad WH,West,2022-05-06,2022-05-25,Air,Net 15,3991.05,304,304,583,92,25,20,1213279.2,970623.36,In Stock,1,7,19
ORD-000679,SKU-08941,Product_Omega_28,FMCG,Supplier_K,Chennai WH,South,2022-05-06,2022-05-24,Sea,Immediate,4323.19,160,182,510,143,37,20,691710.4,553368.32,In Stock,2,11,18
ORD-000680,SKU-06569,Product_Gamma_21,Electronics,Supplier_F,Delhi WH,South,2022-05-07,2022-05-19,Rail,Net 30,2289.87,205,33,532,41,4,20,469423.35,375538.68,In Stock,1,13,12
ORD-000681,SKU-05300,Product_Kappa_49,Apparel,Supplier_L,Chennai WH,East,2022-05-07,2022-05-19,Air,Net 30,2380.79,469,469,527,112,13,5,1116590.51,1060760.98,In Stock,9,7,12
ORD-000682,SKU-07269,Product_Gamma_36,Industrial Parts,Supplier_L,Delhi WH,Central,2022-05-08,2022-05-14,Rail,Net 15,1936.39,113,113,946,54,18,15,218812.07,185990.26,In Stock,0,0,6
ORD-000683,SKU-04818,Product_Kappa_4,Pharmaceuticals,Supplier_C,Bangalore WH,Central,2022-05-08,2022-06-04,Air,Immediate,4833.86,168,168,527,74,29,20,812088.48,649670.78,In Stock,2,14,27
ORD-000684,SKU-02906,Product_Delta_10,Furniture,Supplier_J,Chennai WH,Central,2022-05-08,2022-06-06,Air,Net 15,3488.86,353,353,401,147,44,0,1231567.58,1231567.58,In Stock,3,8,29
ORD-000685,SKU-07254,Product_Alpha_15,FMCG,Supplier_E,Kolkata WH,South,2022-05-08,2022-05-17,Road,Net 30,425.28,253,253,174,39,30,5,107595.84,102216.05,In Stock,8,7,9
ORD-000686,SKU-01760,Product_Gamma_3,Apparel,Supplier_G,Mumbai WH,South,2022-05-08,2022-06-01,Road,Net 30,4316.17,441,441,823,24,38,10,1903430.97,1713087.87,In Stock,1,1,24
ORD-000687,SKU-08830,Product_Kappa_17,Pharmaceuticals,Supplier_J,Chennai WH,East,2022-05-08,2022-06-04,Road,Net 15,2407.99,186,186,923,186,28,0,447886.14,447886.14,In Stock,8,8,27
ORD-000688,SKU-08350,Product_Gamma_46,Furniture,Supplier_A,Chennai WH,South,2022-05-08,2022-05-31,Air,Net 30,353.08,347,347,849,82,7,10,122518.76,110266.88,In Stock,0,3,23
ORD-000689,SKU-07238,Product_Kappa_28,Apparel,Supplier_C,Delhi WH,West,2022-05-09,2022-05-12,Road,Net 15,2753.09,227,227,77,51,24,0,624951.43,624951.43,In Stock,8,9,3
ORD-000690,SKU-07090,Product_Beta_32,Electronics,Supplier_K,Mumbai WH,East,2022-05-09,2022-05-19,Rail,Immediate,2091.65,16,16,439,93,41,5,33466.4,31793.08,In Stock,5,14,10
ORD-000691,SKU-07031,Product_Alpha_29,Furniture,Supplier_B,Mumbai WH,North,2022-05-09,2022-05-10,Rail,Immediate,4389.97,156,156,751,187,10,0,684835.32,684835.32,In Stock,7,13,1
ORD-000692,SKU-08687,Product_Omega_46,Industrial Parts,Supplier_K,Bangalore WH,Central,2022-05-09,2022-05-22,Rail,Net 15,1027.93,354,354,548,164,37,0,363887.22,363887.22,In Stock,2,11,13
ORD-000693,SKU-09472,Product_Kappa_30,Electronics,Supplier_K,Delhi WH,West,2022-05-10,2022-05-12,Sea,Net 15,4134.06,111,15,231,120,27,0,458880.66,458880.66,In Stock,7,5,2
ORD-000694,SKU-02887,Product_Kappa_8,FMCG,Supplier_H,Bangalore WH,West,2022-05-10,2022-05-16,Air,Net 15,2792.87,1,1,399,98,21,15,2792.87,2373.94,In Stock,8,13,6
ORD-000695,SKU-04266,Product_Gamma_8,Furniture,Supplier_H,Hyderabad WH,Central,2022-05-10,2022-06-07,Sea,Net 60,282.51,41,41,212,179,36,0,11582.91,11582.91,In Stock,6,1,28
ORD-000696,SKU-01666,Product_Omega_6,Apparel,Supplier_E,Bangalore WH,East,2022-05-10,2022-05-29,Air,Net 30,4859.51,48,48,192,42,43,15,233256.48,198268.01,In Stock,3,9,19
ORD-000697,SKU-05188,Product_Delta_19,Industrial Parts,Supplier_B,Delhi WH,North,2022-05-10,2022-06-04,Rail,Net 60,2567.95,415,415,571,75,29,10,1065699.25,959129.32,In Stock,5,3,25
ORD-000698,SKU-01671,Product_Gamma_11,Electronics,Supplier_H,Delhi WH,Central,2022-05-10,2022-05-17,Sea,Immediate,1461.48,420,420,700,156,7,5,613821.6,583130.52,In Stock,5,1,7
ORD-000699,SKU-07777,Product_Sigma_37,Electronics,Supplier_E,Bangalore WH,West,2022-05-10,2022-06-07,Sea,Net 30,2352.34,108,108,266,125,13,0,254052.72,254052.72,In Stock,1,11,28
ORD-000700,SKU-08570,Product_Delta_38,Apparel,Supplier_D,Mumbai WH,East,2022-05-10,2022-05-18,Rail,Net 15,4290.71,161,161,125,88,23,0,690804.31,690804.31,In Stock,1,8,8
ORD-000701,SKU-08956,Product_Alpha_34,Furniture,Supplier_A,Kolkata WH,East,2022-05-10,2022-05-31,Air,Net 30,1531.47,161,161,714,41,25,5,246566.67,234238.34,In Stock,4,14,21
ORD-000702,SKU-06124,Product_Gamma_27,Furniture,Supplier_E,Delhi WH,South,2022-05-11,2022-05-19,Sea,Immediate,971.46,359,359,833,51,41,0,348754.14,348754.14,In Stock,0,8,8
ORD-000703,SKU-06585,Product_Beta_16,FMCG,Supplier_D,Delhi WH,East,2022-05-11,2022-06-02,Sea,Immediate,654.07,128,128,381,194,13,5,83720.96,79534.91,In Stock,4,14,22
ORD-000704,SKU-05777,Product_Kappa_44,Apparel,Supplier_F,Chennai WH,South,2022-05-11,2022-05-18,Rail,Net 30,1496.32,210,210,543,21,37,20,314227.2,251381.76,In Stock,9,4,7
ORD-000705,SKU-04900,Product_Beta_22,Furniture,Supplier_A,Mumbai WH,Central,2022-05-11,2022-05-20,Road,Net 60,3902.44,151,151,501,142,30,0,589268.44,589268.44,In Stock,2,2,9
ORD-000706,SKU-07677,Product_Alpha_19,FMCG,Supplier_C,Kolkata WH,South,2022-05-11,2022-06-01,Rail,Net 30,2363.42,444,444,402,104,26,5,1049358.48,996890.56,In Stock,2,2,21
ORD-000707,SKU-07981,Product_Beta_26,Furniture,Supplier_D,Kolkata WH,West,2022-05-12,2022-05-26,Sea,Net 30,1145.13,255,255,823,199,12,20,292008.15,233606.52,In Stock,7,0,14
ORD-000708,SKU-07376,Product_Omega_38,FMCG,Supplier_I,Kolkata WH,Central,2022-05-12,2022-05-29,Road,Net 30,839.26,471,471,260,33,1,15,395291.46,335997.74,In Stock,2,12,17
ORD-000709,SKU-01523,Product_Beta_21,Industrial Parts,Supplier_F,Delhi WH,South,2022-05-12,2022-05-13,Road,Net 30,1670.32,463,463,386,56,18,15,773358.16,657354.44,In Stock,2,7,1
ORD-000710,SKU-03393,Product_Gamma_2,Apparel,Supplier_A,Chennai WH,Central,2022-05-13,2022-06-10,Air,Immediate,4700.22,218,218,411,46,21,15,1024647.96,870950.77,In Stock,0,2,28
ORD-000711,SKU-03593,Product_Beta_30,Industrial Parts,Supplier_C,Chennai WH,East,2022-05-13,2022-06-07,Sea,Immediate,1721.7,30,30,345,171,24,0,51651.0,51651.0,In Stock,7,11,25
ORD-000712,SKU-08240,Product_Kappa_30,Apparel,Supplier_C,Delhi WH,East,2022-05-13,2022-06-07,Road,Net 15,4940.74,473,473,982,83,17,15,2336970.02,1986424.52,In Stock,9,3,25
ORD-000713,SKU-07937,Product_Sigma_39,Furniture,Supplier_I,Bangalore WH,North,2022-05-13,2022-06-04,Air,Net 15,2431.3,45,45,93,89,42,20,109408.5,87526.8,In Stock,9,1,22
ORD-000714,SKU-07190,Product_Alpha_22,Apparel,Supplier_J,Chennai WH,West,2022-05-14,2022-05-15,Sea,Net 15,904.03,80,184,327,173,9,5,72322.4,68706.28,In Stock,5,7,1
ORD-000715,SKU-06240,Product_Alpha_42,FMCG,Supplier_E,Delhi WH,East,2022-05-14,2022-05-30,Air,Net 15,4456.79,39,39,99,34,40,0,173814.81,173814.81,In Stock,7,2,16
ORD-000716,SKU-07493,Product_Kappa_21,Electronics,Supplier_G,Bangalore WH,South,2022-05-14,2022-06-13,Road,Net 15,2307.17,240,240,796,48,28,5,553720.8,526034.76,In Stock,2,13,30
ORD-000717,SKU-03878,Product_Gamma_14,FMCG,Supplier_G,Hyderabad WH,East,2022-05-14,2022-05-19,Sea,Net 15,3551.26,45,45,460,93,15,0,159806.7,159806.7,In Stock,5,11,5
ORD-000718,SKU-05143,Product_Alpha_42,FMCG,Supplier_F,Chennai WH,North,2022-05-14,2022-06-04,Air,Net 30,4918.72,78,78,314,47,13,0,383660.16,383660.16,In Stock,1,10,21
ORD-000719,SKU-04644,Product_Sigma_21,Pharmaceuticals,Supplier_C,Hyderabad WH,Central,2022-05-14,2022-05-20,Air,Immediate,260.37,337,337,24,78,28,10,87744.69,78970.22,Discontinued,2,1,6
ORD-000720,SKU-05432,Product_Alpha_48,Furniture,Supplier_H,Delhi WH,East,2022-05-15,2022-06-04,Air,Net 60,492.51,396,396,917,92,17,5,195033.96,185282.26,In Stock,3,0,20
ORD-000721,SKU-02276,Product_Beta_36,Pharmaceuticals,Supplier_F,Bangalore WH,South,2022-05-15,2022-06-10,Rail,Immediate,3605.08,349,349,493,168,9,5,1258172.92,1195264.27,In Stock,8,12,26
ORD-000722,SKU-06811,Product_Zeta_6,Furniture,Supplier_L,Mumbai WH,Central,2022-05-15,2022-05-16,Sea,Net 15,1416.31,288,288,352,29,21,0,407897.28,407897.28,In Stock,3,13,1
ORD-000723,SKU-01302,Product_Zeta_17,Electronics,Supplier_C,Mumbai WH,Central,2022-05-15,2022-05-23,Air,Net 30,929.66,440,440,868,151,30,10,409050.4,368145.36,In Stock,6,9,8
ORD-000724,SKU-01638,Product_Gamma_16,Electronics,Supplier_D,Bangalore WH,Central,2022-05-15,2022-05-24,Road,Net 30,206.42,280,280,116,81,11,0,57797.6,57797.6,In Stock,7,1,9
ORD-000725,SKU-01055,Product_Zeta_6,Apparel,Supplier_D,Bangalore WH,East,2022-05-16,2022-06-05,Sea,Net 15,119.02,116,116,198,151,30,0,13806.32,13806.32,Discontinued,4,1,20
ORD-000726,SKU-09717,Product_Alpha_14,Electronics,Supplier_C,Delhi WH,Central,2022-05-16,2022-06-11,Road,Net 30,3874.68,269,269,278,146,36,10,1042288.92,938060.03,In Stock,1,12,26
ORD-000727,SKU-09150,Product_Gamma_25,Electronics,Supplier_I,Mumbai WH,East,2022-05-16,2022-05-26,Air,Net 60,680.82,404,404,581,25,25,0,275051.28,275051.28,Reorder Pending,7,3,10
ORD-000728,SKU-03125,Product_Zeta_19,Apparel,Supplier_C,Mumbai WH,West,2022-05-16,2022-06-08,Sea,Net 30,2343.93,335,335,846,99,7,0,785216.55,785216.55,In Stock,4,10,23
ORD-000729,SKU-01364,Product_Gamma_8,Electronics,Supplier_J,Hyderabad WH,North,2022-05-16,2022-06-08,Sea,Net 15,3033.43,312,312,78,91,20,0,946430.16,946430.16,Low Stock,4,0,23
ORD-000730,SKU-07809,Product_Sigma_32,FMCG,Supplier_D,Bangalore WH,South,2022-05-16,2022-06-06,Sea,Net 15,2147.48,53,53,423,35,35,10,113816.44,102434.8,In Stock,6,14,21
ORD-000731,SKU-05621,Product_Zeta_48,Apparel,Supplier_A,Bangalore WH,Central,2022-05-16,2022-05-25,Air,Immediate,145.26,68,68,353,57,10,10,9877.68,8889.91,In Stock,5,0,9
ORD-000732,SKU-06126,Product_Sigma_44,Electronics,Supplier_C,Chennai WH,West,2022-05-16,2022-05-30,Air,Immediate,3919.67,182,182,525,196,35,0,713379.94,713379.94,In Stock,2,5,14
ORD-000733,SKU-06122,Product_Gamma_23,Industrial Parts,Supplier_A,Hyderabad WH,Central,2022-05-16,2022-06-14,Rail,Net 30,62.46,34,34,540,84,1,0,2123.64,2123.64,In Stock,6,4,29
ORD-000734,SKU-02646,Product_Beta_24,FMCG,Supplier_C,Bangalore WH,West,2022-05-16,2022-05-29,Rail,Net 15,3811.83,284,284,655,145,14,10,1082559.72,974303.75,In Stock,0,0,13
ORD-000735,SKU-01918,Product_Delta_32,Electronics,Supplier_F,Delhi WH,East,2022-05-17,2022-06-14,Sea,Net 15,4467.59,306,306,476,102,5,15,1367082.54,1162020.16,In Stock,3,5,28
ORD-000736,SKU-03797,Product_Kappa_25,Pharmaceuticals,Supplier_G,Kolkata WH,East,2022-05-17,2022-05-29,Sea,Net 30,2169.87,386,386,854,197,40,10,837569.82,753812.84,In Stock,3,13,12
ORD-000737,SKU-07506,Product_Kappa_18,Pharmaceuticals,Supplier_J,Chennai WH,South,2022-05-17,2022-06-01,Sea,Net 60,2682.36,249,249,9,36,44,15,667907.64,567721.49,Low Stock,5,7,15
ORD-000738,SKU-06870,Product_Zeta_6,Industrial Parts,Supplier_B,Bangalore WH,East,2022-05-17,2022-05-26,Road,Net 60,2390.15,111,111,558,132,38,5,265306.65,252041.32,In Stock,5,12,9
ORD-000739,SKU-02531,Product_Zeta_24,Pharmaceuticals,Supplier_D,Kolkata WH,Central,2022-05-17,2022-05-24,Road,Net 60,1952.15,94,345,502,175,34,10,183502.1,165151.89,In Stock,9,4,7
ORD-000740,SKU-09172,Product_Gamma_28,Electronics,Supplier_D,Kolkata WH,North,2022-05-17,2022-06-01,Road,Net 30,4438.25,410,410,259,191,24,15,1819682.5,1546730.12,In Stock,7,2,15
ORD-000741,SKU-04345,Product_Zeta_6,Industrial Parts,Supplier_A,Bangalore WH,West,2022-05-18,2022-05-28,Road,Immediate,4470.73,179,179,523,159,4,10,800260.67,720234.6,In Stock,0,2,10
ORD-000742,SKU-08673,Product_Alpha_33,Furniture,Supplier_D,Mumbai WH,West,2022-05-18,2022-06-09,Sea,Immediate,1685.72,47,47,809,89,27,20,79228.84,63383.07,In Stock,6,12,22
ORD-000743,SKU-07949,Product_Omega_30,Pharmaceuticals,Supplier_A,Delhi WH,East,2022-05-18,2022-06-04,Air,Net 60,3079.2,282,282,737,90,5,5,868334.4,824917.68,In Stock,3,10,17
ORD-000744,SKU-07882,Product_Delta_42,FMCG,Supplier_D,Kolkata WH,North,2022-05-18,2022-06-14,Air,Immediate,4635.27,340,340,771,150,43,20,1575991.8,1260793.44,In Stock,5,11,27
ORD-000745,SKU-02906,Product_Gamma_32,Electronics,Supplier_D,Bangalore WH,East,2022-05-18,2022-06-07,Sea,Net 15,4810.67,362,362,595,68,13,10,1741462.54,1567316.29,Discontinued,9,1,20
ORD-000746,SKU-04086,Product_Beta_19,FMCG,Supplier_E,Kolkata WH,West,2022-05-19,2022-06-01,Air,Net 60,2549.71,92,92,859,40,40,15,234573.32,199387.32,In Stock,8,8,13
ORD-000747,SKU-09152,Product_Kappa_28,Electronics,Supplier_G,Chennai WH,North,2022-05-19,2022-06-07,Rail,Net 15,2269.6,376,376,859,155,21,0,853369.6,853369.6,In Stock,2,8,19
ORD-000748,SKU-06750,Product_Beta_31,FMCG,Supplier_H,Hyderabad WH,Central,2022-05-19,2022-05-23,Air,Net 15,1400.68,212,212,5,83,37,10,296944.16,267249.74,Low Stock,7,6,4
ORD-000749,SKU-09905,Product_Sigma_10,Apparel,Supplier_H,Delhi WH,Central,2022-05-19,2022-05-20,Air,Net 60,4794.77,75,75,909,177,32,15,359607.75,305666.59,In Stock,2,0,1
ORD-000750,SKU-02062,Product_Gamma_44,Industrial Parts,Supplier_B,Bangalore WH,South,2022-05-19,2022-06-05,Sea,Immediate,722.64,378,378,758,51,38,0,273157.92,273157.92,In Stock,5,0,17
ORD-000751,SKU-02976,Product_Sigma_16,Apparel,Supplier_L,Kolkata WH,North,2022-05-19,2022-06-10,Air,Net 60,2903.35,202,316,34,39,31,10,586476.7,527829.03,Low Stock,1,3,22
ORD-000752,SKU-02296,Product_Zeta_19,Pharmaceuticals,Supplier_L,Chennai WH,North,2022-05-19,2022-06-15,Rail,Net 60,1419.93,445,445,174,35,32,15,631868.85,537088.52,In Stock,8,11,27
ORD-000753,SKU-07229,Product_Alpha_36,FMCG,Supplier_B,Delhi WH,Central,2022-05-20,2022-06-16,Air,Net 30,1402.25,407,407,441,172,15,0,570715.75,570715.75,In Stock,1,1,27
ORD-000754,SKU-08641,Product_Beta_3,Furniture,Supplier_K,Hyderabad WH,Central,2022-05-20,2022-06-01,Sea,Immediate,2030.79,421,421,576,79,30,5,854962.59,812214.46,In Stock,4,12,12
ORD-000755,SKU-01125,Product_Beta_33,Electronics,Supplier_G,Kolkata WH,East,2022-05-20,2022-06-07,Road,Net 60,4993.98,297,297,146,192,43,5,1483212.06,1409051.46,Low Stock,5,2,18
ORD-000756,SKU-05632,Product_Zeta_27,Pharmaceuticals,Supplier_H,Delhi WH,East,2022-05-20,2022-06-10,Road,Immediate,284.28,308,308,568,156,7,5,87558.24,83180.33,In Stock,3,1,21
ORD-000757,SKU-07288,Product_Beta_30,Electronics,Supplier_F,Kolkata WH,South,2022-05-21,2022-06-10,Road,Net 15,2896.92,211,211,192,198,38,0,611250.12,611250.12,Low Stock,6,14,20
ORD-000758,SKU-04596,Product_Sigma_23,Electronics,Supplier_A,Hyderabad WH,Central,2022-05-21,2022-06-10,Road,Net 60,422.04,493,493,12,122,31,0,208065.72,208065.72,Low Stock,6,0,20
ORD-000759,SKU-07168,Product_Sigma_38,Apparel,Supplier_H,Kolkata WH,Central,2022-05-21,2022-05-31,Rail,Immediate,781.06,338,338,903,80,44,0,263998.28,263998.28,In Stock,6,2,10
ORD-000760,SKU-08561,Product_Beta_50,Apparel,Supplier_G,Hyderabad WH,West,2022-05-21,2022-05-31,Road,Net 15,2203.42,433,433,529,187,26,0,954080.86,954080.86,In Stock,6,6,10
ORD-000761,SKU-09258,Product_Alpha_8,FMCG,Supplier_C,Hyderabad WH,South,2022-05-21,2022-06-12,Air,Net 60,2557.2,411,411,245,123,36,0,1051009.2,1051009.2,In Stock,9,9,22
ORD-000762,SKU-01232,Product_Kappa_12,Apparel,Supplier_H,Chennai WH,East,2022-05-21,2022-05-25,Sea,Net 15,1301.37,134,134,674,80,43,10,174383.58,156945.22,In Stock,9,8,4
ORD-000763,SKU-07371,Product_Gamma_26,Pharmaceuticals,Supplier_J,Chennai WH,East,2022-05-21,2022-06-06,Rail,Net 60,1589.12,330,330,854,95,26,5,524409.6,498189.12,In Stock,8,9,16
ORD-000764,SKU-05206,Product_Alpha_6,Furniture,Supplier_J,Kolkata WH,Central,2022-05-21,2022-05-24,Sea,Net 60,443.97,66,66,113,34,44,10,29302.02,26371.82,In Stock,1,8,3
ORD-000765,SKU-08943,Product_Zeta_46,Pharmaceuticals,Supplier_F,Bangalore WH,West,2022-05-21,2022-06-01,Rail,Net 60,1523.07,280,60,793,151,2,0,426459.6,426459.6,In Stock,4,7,11
ORD-000766,SKU-07891,Product_Sigma_21,Apparel,Supplier_F,Kolkata WH,West,2022-05-21,2022-05-30,Rail,Immediate,4833.13,422,422,232,170,43,5,2039580.86,1937601.82,In Stock,9,5,9
ORD-000767,SKU-07738,Product_Kappa_49,Industrial Parts,Supplier_D,Chennai WH,Central,2022-05-21,2022-06-11,Road,Net 15,4724.09,28,28,677,174,43,0,132274.52,132274.52,In Stock,8,0,21
ORD-000768,SKU-03472,Product_Kappa_40,Furniture,Supplier_L,Hyderabad WH,West,2022-05-22,2022-06-02,Road,Net 30,1681.04,412,241,979,122,9,15,692588.48,588700.21,In Stock,1,7,11
ORD-000769,SKU-03739,Product_Sigma_22,FMCG,Supplier_A,Mumbai WH,West,2022-05-22,2022-06-19,Road,Net 60,2858.56,117,117,321,184,5,10,334451.52,301006.37,Reorder Pending,2,7,28
ORD-000770,SKU-06401,Product_Gamma_14,Electronics,Supplier_C,Chennai WH,West,2022-05-22,2022-05-31,Sea,Immediate,4548.88,493,493,537,190,27,15,2242597.84,1906208.16,In Stock,6,13,9
ORD-000771,SKU-02761,Product_Gamma_6,FMCG,Supplier_E,Bangalore WH,Central,2022-05-22,2022-05-31,Rail,Net 30,40.86,370,370,125,184,12,0,15118.2,15118.2,Low Stock,8,11,9
ORD-000772,SKU-01876,Product_Sigma_44,Industrial Parts,Supplier_K,Chennai WH,Central,2022-05-22,2022-06-12,Air,Net 60,4055.31,487,487,312,176,35,10,1974935.97,1777442.37,Reorder Pending,2,8,21
ORD-000773,SKU-04812,Product_Beta_28,Industrial Parts,Supplier_F,Delhi WH,Central,2022-05-23,2022-06-15,Sea,Net 15,4742.36,450,450,510,176,29,5,2134062.0,2027358.9,In Stock,9,9,23
ORD-000774,SKU-02460,Product_Alpha_1,Electronics,Supplier_D,Hyderabad WH,Central,2022-05-23,2022-06-21,Road,Net 15,465.72,317,317,483,196,16,15,147633.24,125488.25,Reorder Pending,7,10,29
ORD-000775,SKU-02733,Product_Zeta_8,Pharmaceuticals,Supplier_A,Mumbai WH,East,2022-05-23,2022-06-13,Road,Net 60,815.62,430,430,280,94,19,5,350716.6,333180.77,In Stock,7,11,21
ORD-000776,SKU-02605,Product_Alpha_11,Industrial Parts,Supplier_B,Mumbai WH,West,2022-05-23,2022-06-02,Rail,Immediate,4804.12,325,325,797,198,43,5,1561339.0,1483272.05,In Stock,3,5,10
ORD-000777,SKU-06622,Product_Kappa_30,Apparel,Supplier_C,Bangalore WH,North,2022-05-23,2022-05-30,Road,Net 15,2692.33,114,114,977,197,27,0,306925.62,306925.62,In Stock,5,2,7
ORD-000778,SKU-07767,Product_Zeta_43,Apparel,Supplier_D,Kolkata WH,West,2022-05-23,2022-05-28,Rail,Immediate,80.84,75,75,902,47,18,10,6063.0,5456.7,In Stock,7,5,5
ORD-000779,SKU-07986,Product_Kappa_20,Apparel,Supplier_L,Hyderabad WH,North,2022-05-23,2022-06-09,Rail,Immediate,1295.58,202,202,282,93,41,0,261707.16,261707.16,In Stock,8,7,17
ORD-000780,SKU-04517,Product_Omega_45,Pharmaceuticals,Supplier_J,Chennai WH,West,2022-05-24,2022-06-18,Rail,Immediate,2255.22,427,427,650,152,13,0,962978.94,962978.94,In Stock,1,6,25
ORD-000781,SKU-04735,Product_Zeta_20,Furniture,Supplier_I,Bangalore WH,North,2022-05-24,2022-06-01,Rail,Net 60,3467.62,59,59,612,144,30,0,204589.58,204589.58,Reorder Pending,0,12,8
ORD-000782,SKU-09434,Product_Beta_9,Industrial Parts,Supplier_E,Kolkata WH,West,2022-05-24,2022-06-22,Rail,Net 15,3668.47,386,386,391,75,26,20,1416029.42,1132823.54,In Stock,4,7,29
ORD-000783,SKU-03590,Product_Gamma_1,Pharmaceuticals,Supplier_H,Kolkata WH,Central,2022-05-24,2022-05-26,Air,Net 60,4977.15,15,15,522,83,6,0,74657.25,74657.25,In Stock,9,2,2
ORD-000784,SKU-02063,Product_Delta_8,Furniture,Supplier_C,Hyderabad WH,North,2022-05-24,2022-06-19,Road,Net 60,1444.68,231,365,381,146,3,15,333721.08,283662.92,In Stock,2,7,26
ORD-000785,SKU-05324,Product_Alpha_45,Furniture,Supplier_D,Chennai WH,North,2022-05-24,2022-06-21,Air,Immediate,2695.72,105,105,215,140,23,20,283050.6,226440.48,In Stock,5,4,28
ORD-000786,SKU-06342,Product_Delta_2,Electronics,Supplier_A,Chennai WH,East,2022-05-24,2022-06-19,Sea,Net 15,2671.28,165,165,541,108,12,20,440761.2,352608.96,In Stock,0,6,26
ORD-000787,SKU-01005,Product_Delta_31,Furniture,Supplier_D,Hyderabad WH,Central,2022-05-24,2022-06-19,Air,Immediate,2034.17,199,199,605,36,41,15,404799.83,344079.86,Discontinued,3,12,26
ORD-000788,SKU-08489,Product_Gamma_42,Apparel,Supplier_E,Delhi WH,West,2022-05-24,2022-06-13,Road,Net 60,854.12,404,404,115,116,41,15,345064.48,293304.81,Low Stock,5,3,20
ORD-000789,SKU-09659,Product_Delta_28,Furniture,Supplier_L,Bangalore WH,North,2022-05-24,2022-06-06,Rail,Net 60,4887.51,354,354,508,74,15,0,1730178.54,1730178.54,In Stock,1,2,13
ORD-000790,SKU-09195,Product_Delta_6,Industrial Parts,Supplier_C,Kolkata WH,North,2022-05-25,2022-06-16,Road,Net 30,4268.05,35,35,499,156,1,0,149381.75,149381.75,In Stock,7,5,22
ORD-000791,SKU-06966,Product_Sigma_50,Pharmaceuticals,Supplier_A,Chennai WH,North,2022-05-25,2022-06-05,Road,Net 15,2496.68,162,162,270,129,8,10,404462.16,364015.94,In Stock,3,8,11
ORD-000792,SKU-09837,Product_Kappa_10,Industrial Parts,Supplier_C,Delhi WH,South,2022-05-25,2022-06-16,Sea,Net 15,3020.19,245,245,439,35,31,5,739946.55,702949.22,In Stock,1,3,22
ORD-000793,SKU-01117,Product_Kappa_28,Industrial Parts,Supplier_I,Mumbai WH,Central,2022-05-25,2022-05-30,Sea,Net 15,1144.03,470,470,290,163,11,0,537694.1,537694.1,In Stock,0,11,5
ORD-000794,SKU-03551,Product_Alpha_8,FMCG,Supplier_E,Mumbai WH,East,2022-05-26,2022-06-19,Road,Net 60,2723.5,287,287,38,32,17,10,781644.5,703480.05,In Stock,7,8,24
ORD-000795,SKU-06560,Product_Gamma_10,Furniture,Supplier_H,Kolkata WH,West,2022-05-26,2022-05-27,Sea,Net 60,3477.9,383,383,23,97,27,5,1332035.7,1265433.91,Low Stock,9,2,1
ORD-000796,SKU-05289,Product_Kappa_32,FMCG,Supplier_B,Kolkata WH,North,2022-05-26,2022-06-16,Road,Net 15,2580.68,471,471,775,104,31,15,1215500.28,1033175.24,In Stock,0,5,21
ORD-000797,SKU-01846,Product_Kappa_2,Apparel,Supplier_J,Chennai WH,East,2022-05-26,2022-06-11,Sea,Net 60,4951.52,19,19,42,92,27,10,94078.88,84670.99,Low Stock,6,11,16
ORD-000798,SKU-07316,Product_Kappa_38,Electronics,Supplier_L,Chennai WH,West,2022-05-26,2022-06-05,Road,Immediate,3060.59,452,452,169,138,14,5,1383386.68,1314217.35,In Stock,6,4,10
ORD-000799,SKU-07469,Product_Delta_13,Electronics,Supplier_A,Kolkata WH,West,2022-05-27,2022-06-05,Road,Net 60,1861.16,280,280,339,188,23,5,521124.8,495068.56,In Stock,5,8,9
ORD-000800,SKU-09915,Product_Sigma_37,Industrial Parts,Supplier_B,Delhi WH,East,2022-05-27,2022-06-26,Road,Net 60,3863.04,340,340,168,87,5,5,1313433.6,1247761.92,In Stock,7,5,30
ORD-000801,SKU-01224,Product_Zeta_4,Apparel,Supplier_H,Hyderabad WH,West,2022-05-27,2022-06-10,Air,Immediate,860.61,423,423,814,93,30,20,364038.03,291230.42,In Stock,9,1,14
ORD-000802,SKU-05208,Product_Omega_1,Electronics,Supplier_L,Bangalore WH,West,2022-05-27,2022-06-09,Air,Net 30,1928.73,348,348,537,118,34,0,671198.04,671198.04,In Stock,0,3,13
ORD-000803,SKU-07283,Product_Beta_41,Pharmaceuticals,Supplier_C,Mumbai WH,East,2022-05-27,2022-06-09,Rail,Net 15,1741.33,182,274,691,136,19,5,316922.06,301075.96,In Stock,0,13,13
ORD-000804,SKU-03048,Product_Zeta_27,FMCG,Supplier_C,Delhi WH,North,2022-05-27,2022-06-20,Road,Net 60,2164.72,423,423,471,156,31,10,915676.56,824108.9,In Stock,0,4,24
ORD-000805,SKU-07233,Product_Kappa_48,Electronics,Supplier_K,Kolkata WH,East,2022-05-28,2022-05-30,Sea,Net 30,3911.08,401,401,661,198,16,5,1568343.08,1489925.93,In Stock,5,10,2
ORD-000806,SKU-02828,Product_Sigma_3,Furniture,Supplier_C,Delhi WH,North,2022-05-28,2022-06-16,Rail,Net 30,2426.02,147,147,644,195,27,0,356624.94,356624.94,In Stock,6,10,19
ORD-000807,SKU-02917,Product_Kappa_26,FMCG,Supplier_E,Hyderabad WH,Central,2022-05-28,2022-06-20,Sea,Net 15,3972.13,374,374,142,196,26,0,1485576.62,1485576.62,Low Stock,9,8,23
ORD-000808,SKU-05234,Product_Kappa_33,Furniture,Supplier_A,Mumbai WH,Central,2022-05-28,2022-06-16,Rail,Net 15,2886.68,176,205,675,165,39,0,508055.68,508055.68,In Stock,8,12,19
ORD-000809,SKU-07988,Product_Kappa_15,FMCG,Supplier_F,Mumbai WH,West,2022-05-28,2022-06-24,Rail,Net 60,1716.93,163,163,100,157,29,0,279859.59,279859.59,Low Stock,9,0,27
ORD-000810,SKU-03026,Product_Alpha_34,Industrial Parts,Supplier_A,Delhi WH,North,2022-05-28,2022-06-04,Sea,Net 60,4051.79,416,416,574,134,39,15,1685544.64,1432712.94,In Stock,4,11,7
ORD-000811,SKU-04744,Product_Alpha_28,Furniture,Supplier_H,Hyderabad WH,North,2022-05-29,2022-06-09,Sea,Immediate,1199.07,175,175,604,73,44,5,209837.25,199345.39,Reorder Pending,0,8,11
ORD-000812,SKU-01009,Product_Omega_36,Electronics,Supplier_L,Bangalore WH,West,2022-05-29,2022-06-22,Rail,Net 30,1129.67,494,494,718,98,29,0,558056.98,558056.98,In Stock,8,9,24
ORD-000813,SKU-01260,Product_Beta_18,FMCG,Supplier_G,Chennai WH,West,2022-05-30,2022-06-22,Sea,Net 30,2527.47,47,47,474,34,31,0,118791.09,118791.09,In Stock,4,0,23
ORD-000814,SKU-07038,Product_Zeta_31,Industrial Parts,Supplier_E,Chennai WH,East,2022-05-30,2022-06-07,Sea,Immediate,1311.64,256,256,944,158,2,0,335779.84,335779.84,In Stock,5,0,8
ORD-000815,SKU-03219,Product_Beta_32,Electronics,Supplier_K,Mumbai WH,East,2022-05-30,2022-06-21,Rail,Net 60,55.34,448,194,310,187,6,20,24792.32,19833.86,In Stock,8,3,22
ORD-000816,SKU-08041,Product_Omega_29,Apparel,Supplier_I,Mumbai WH,Central,2022-05-30,2022-06-17,Air,Net 30,3245.0,174,174,583,137,9,5,564630.0,536398.5,In Stock,1,12,18
ORD-000817,SKU-03060,Product_Zeta_2,Electronics,Supplier_H,Mumbai WH,South,2022-05-30,2022-06-20,Sea,Immediate,2560.36,103,103,59,131,15,20,263717.08,210973.66,Low Stock,2,5,21
ORD-000818,SKU-06287,Product_Gamma_19,Pharmaceuticals,Supplier_L,Mumbai WH,South,2022-05-30,2022-06-25,Road,Net 15,2233.13,121,121,952,125,20,0,270208.73,270208.73,In Stock,6,13,26
ORD-000819,SKU-02619,Product_Delta_31,Pharmaceuticals,Supplier_B,Kolkata WH,East,2022-05-30,2022-06-15,Sea,Net 60,4835.17,419,419,28,124,2,15,2025936.23,1722045.8,Reorder Pending,2,1,16
ORD-000820,SKU-09512,Product_Omega_29,Pharmaceuticals,Supplier_H,Kolkata WH,South,2022-05-31,2022-06-30,Air,Immediate,2860.28,350,350,530,66,3,0,1001098.0,1001098.0,In Stock,1,0,30
ORD-000821,SKU-02342,Product_Delta_33,Electronics,Supplier_K,Hyderabad WH,East,2022-05-31,2022-06-22,Road,Immediate,4318.52,145,145,990,137,30,0,626185.4,626185.4,In Stock,6,11,22
ORD-000822,SKU-03832,Product_Delta_38,Pharmaceuticals,Supplier_K,Kolkata WH,Central,2022-06-01,2022-06-13,Air,Net 60,705.86,42,42,72,145,8,0,29646.12,29646.12,Low Stock,7,3,12
ORD-000823,SKU-03824,Product_Omega_39,Apparel,Supplier_L,Chennai WH,West,2022-06-01,2022-06-18,Sea,Net 15,2850.34,367,367,393,167,40,10,1046074.78,941467.3,In Stock,8,7,17
ORD-000824,SKU-02994,Product_Kappa_9,Industrial Parts,Supplier_H,Mumbai WH,Central,2022-06-01,2022-06-11,Road,Net 60,4341.22,29,29,868,117,21,0,125895.38,125895.38,In Stock,1,5,10
ORD-000825,SKU-04490,Product_Sigma_47,Industrial Parts,Supplier_F,Kolkata WH,Central,2022-06-01,2022-06-29,Air,Net 15,2919.7,454,454,393,169,39,5,1325543.8,1259266.61,In Stock,1,11,28
ORD-000826,SKU-08984,Product_Zeta_27,Pharmaceuticals,Supplier_E,Mumbai WH,East,2022-06-01,2022-06-07,Sea,Net 60,3592.89,380,14,757,67,43,15,1365298.2,1160503.47,In Stock,6,4,6
ORD-000827,SKU-02604,Product_Omega_31,Pharmaceuticals,Supplier_G,Mumbai WH,North,2022-06-01,2022-06-28,Rail,Net 15,1866.5,273,280,480,101,13,0,509554.5,509554.5,In Stock,3,0,27
ORD-000828,SKU-01235,Product_Gamma_40,Furniture,Supplier_B,Hyderabad WH,East,2022-06-01,2022-06-23,Rail,Net 60,471.32,465,465,472,35,40,0,219163.8,219163.8,In Stock,4,2,22
ORD-000829,SKU-02908,Product_Delta_19,FMCG,Supplier_J,Chennai WH,East,2022-06-02,2022-07-01,Road,Net 60,2294.92,14,14,312,152,41,15,32128.88,27309.55,In Stock,0,13,29
ORD-000830,SKU-09567,Product_Beta_43,Electronics,Supplier_J,Bangalore WH,North,2022-06-02,2022-06-20,Sea,Net 60,1978.45,408,436,437,93,37,5,807207.6,766847.22,In Stock,5,6,18
ORD-000831,SKU-04530,Product_Kappa_9,Pharmaceuticals,Supplier_C,Bangalore WH,East,2022-06-02,2022-06-08,Sea,Immediate,4336.63,441,441,951,40,32,15,1912453.83,1625585.76,In Stock,9,14,6
ORD-000832,SKU-06256,Product_Gamma_13,Electronics,Supplier_E,Delhi WH,West,2022-06-02,2022-06-12,Sea,Net 15,1227.54,306,306,323,80,14,0,375627.24,375627.24,In Stock,7,13,10
ORD-000833,SKU-03635,Product_Gamma_39,Furniture,Supplier_A,Mumbai WH,West,2022-06-02,2022-06-06,Air,Net 30,4834.0,313,313,964,43,1,0,1513042.0,1513042.0,In Stock,0,9,4
ORD-000834,SKU-09162,Product_Kappa_7,FMCG,Supplier_G,Hyderabad WH,Central,2022-06-02,2022-06-18,Air,Immediate,4791.11,485,485,86,42,27,0,2323688.35,2323688.35,In Stock,1,2,16
ORD-000835,SKU-03560,Product_Zeta_32,Apparel,Supplier_F,Mumbai WH,South,2022-06-02,2022-06-07,Rail,Immediate,1245.68,189,189,358,106,24,20,235433.52,188346.82,In Stock,6,4,5
ORD-000836,SKU-06415,Product_Sigma_16,FMCG,Supplier_K,Bangalore WH,West,2022-06-03,2022-06-27,Rail,Immediate,1746.78,360,360,694,158,22,15,628840.8,534514.68,In Stock,1,14,24
ORD-000837,SKU-04391,Product_Delta_36,Pharmaceuticals,Supplier_I,Mumbai WH,East,2022-06-03,2022-06-12,Rail,Immediate,4478.82,295,295,196,194,14,20,1321251.9,1057001.52,In Stock,8,5,9
ORD-000838,SKU-06951,Product_Alpha_2,Industrial Parts,Supplier_D,Mumbai WH,East,2022-06-03,2022-06-27,Air,Immediate,4833.44,183,183,755,21,8,5,884519.52,840293.54,In Stock,5,8,24
ORD-000839,SKU-06468,Product_Omega_17,FMCG,Supplier_I,Chennai WH,North,2022-06-03,2022-06-29,Air,Net 30,2222.76,352,352,839,72,27,15,782411.52,665049.79,In Stock,4,10,26
ORD-000840,SKU-09007,Product_Omega_44,Electronics,Supplier_H,Chennai WH,South,2022-06-04,2022-06-22,Air,Immediate,1611.78,36,36,976,158,3,5,58024.08,55122.88,In Stock,6,2,18
ORD-000841,SKU-07413,Product_Gamma_12,Electronics,Supplier_C,Chennai WH,East,2022-06-04,2022-06-29,Rail,Net 60,2635.21,370,370,384,34,33,5,975027.7,926276.32,In Stock,9,14,25
ORD-000842,SKU-07941,Product_Alpha_5,Electronics,Supplier_K,Hyderabad WH,South,2022-06-04,2022-07-04,Rail,Immediate,3441.97,37,280,117,159,21,15,127352.89,108249.96,Low Stock,7,5,30
ORD-000843,SKU-05820,Product_Omega_28,FMCG,Supplier_H,Hyderabad WH,Central,2022-06-04,2022-06-10,Air,Immediate,1374.64,496,132,497,141,32,0,681821.44,681821.44,In Stock,8,10,6
ORD-000844,SKU-03898,Product_Beta_40,Furniture,Supplier_K,Kolkata WH,West,2022-06-04,2022-06-26,Rail,Net 60,3685.0,14,14,907,142,40,0,51590.0,51590.0,In Stock,5,1,22
ORD-000845,SKU-08546,Product_Delta_8,Apparel,Supplier_C,Mumbai WH,North,2022-06-04,2022-07-03,Sea,Net 30,267.77,411,411,930,183,41,0,110053.47,110053.47,In Stock,4,8,29
ORD-000846,SKU-01077,Product_Delta_32,Furniture,Supplier_F,Bangalore WH,West,2022-06-05,2022-06-16,Road,Net 30,255.98,123,123,883,111,44,10,31485.54,28336.99,In Stock,6,11,11
ORD-000847,SKU-08577,Product_Sigma_22,FMCG,Supplier_I,Mumbai WH,Central,2022-06-05,2022-06-26,Air,Net 30,1937.58,83,83,461,42,41,0,160819.14,160819.14,In Stock,1,8,21
ORD-000848,SKU-05227,Product_Omega_50,Industrial Parts,Supplier_B,Chennai WH,Central,2022-06-05,2022-06-08,Rail,Net 15,1773.83,159,499,495,174,32,0,282038.97,282038.97,In Stock,7,6,3
ORD-000849,SKU-01600,Product_Alpha_50,Apparel,Supplier_C,Chennai WH,South,2022-06-05,2022-06-13,Road,Immediate,1585.01,494,494,593,107,24,20,782994.94,626395.95,In Stock,3,13,8
ORD-000850,SKU-02065,Product_Sigma_10,FMCG,Supplier_C,Mumbai WH,East,2022-06-06,2022-06-18,Sea,Immediate,2460.19,329,329,969,161,11,0,809402.51,809402.51,In Stock,0,10,12
ORD-000851,SKU-03136,Product_Beta_46,FMCG,Supplier_F,Hyderabad WH,West,2022-06-06,2022-06-14,Air,Immediate,1610.46,102,102,246,118,37,0,164266.92,164266.92,In Stock,2,8,8
ORD-000852,SKU-07943,Product_Alpha_29,Industrial Parts,Supplier_J,Kolkata WH,North,2022-06-06,2022-06-30,Air,Immediate,969.37,337,337,974,46,21,10,326677.69,294009.92,In Stock,8,3,24
ORD-000853,SKU-08804,Product_Kappa_49,Electronics,Supplier_A,Mumbai WH,East,2022-06-06,2022-07-04,Sea,Immediate,1554.25,83,462,233,40,18,15,129002.75,109652.34,In Stock,3,9,28
ORD-000854,SKU-07565,Product_Beta_7,Pharmaceuticals,Supplier_J,Mumbai WH,North,2022-06-06,2022-06-16,Sea,Net 15,4874.77,44,44,416,68,11,0,214489.88,214489.88,In Stock,9,0,10
ORD-000855,SKU-06984,Product_Beta_36,FMCG,Supplier_L,Kolkata WH,South,2022-06-06,2022-06-20,Air,Immediate,2061.46,68,202,466,63,27,10,140179.28,126161.35,In Stock,9,0,14
ORD-000856,SKU-06142,Product_Alpha_33,Electronics,Supplier_F,Hyderabad WH,East,2022-06-06,2022-07-02,Air,Net 60,2229.12,48,48,481,63,43,0,106997.76,106997.76,In Stock,2,1,26
ORD-000857,SKU-05670,Product_Beta_11,Industrial Parts,Supplier_G,Bangalore WH,North,2022-06-06,2022-07-05,Rail,Net 30,2886.96,57,57,364,147,38,5,164556.72,156328.88,In Stock,3,9,29
ORD-000858,SKU-03190,Product_Beta_14,FMCG,Supplier_G,Kolkata WH,South,2022-06-06,2022-06-17,Sea,Immediate,4916.87,75,385,152,189,1,0,368765.25,368765.25,Low Stock,2,13,11
ORD-000859,SKU-03712,Product_Omega_11,Furniture,Supplier_I,Mumbai WH,Central,2022-06-06,2022-06-18,Air,Net 60,1215.59,22,22,271,42,29,0,26742.98,26742.98,In Stock,2,10,12
ORD-000860,SKU-03192,Product_Sigma_46,FMCG,Supplier_E,Delhi WH,East,2022-06-06,2022-06-15,Road,Immediate,3409.6,132,132,391,148,21,5,450067.2,427563.84,In Stock,1,2,9
ORD-000861,SKU-02248,Product_Kappa_49,Industrial Parts,Supplier_L,Mumbai WH,West,2022-06-07,2022-06-26,Sea,Net 15,3582.76,465,465,546,144,29,20,1665983.4,1332786.72,In Stock,5,13,19
ORD-000862,SKU-05033,Product_Kappa_47,Electronics,Supplier_E,Mumbai WH,West,2022-06-07,2022-06-17,Air,Net 60,3040.55,456,456,724,55,9,10,1386490.8,1247841.72,In Stock,9,1,10
ORD-000863,SKU-02997,Product_Beta_10,Electronics,Supplier_I,Kolkata WH,South,2022-06-07,2022-06-22,Air,Net 30,452.01,302,302,722,74,7,20,136507.02,109205.62,In Stock,5,3,15
ORD-000864,SKU-04687,Product_Omega_22,FMCG,Supplier_L,Mumbai WH,West,2022-06-07,2022-07-05,Road,Immediate,3387.59,443,443,429,129,38,10,1500702.37,1350632.13,In Stock,9,7,28
ORD-000865,SKU-05018,Product_Gamma_8,FMCG,Supplier_L,Delhi WH,East,2022-06-07,2022-06-11,Sea,Net 30,329.83,418,489,650,35,31,0,137868.94,137868.94,In Stock,3,2,4
ORD-000866,SKU-02970,Product_Delta_29,Apparel,Supplier_C,Hyderabad WH,Central,2022-06-07,2022-06-23,Air,Net 60,2984.75,267,267,188,108,27,0,796928.25,796928.25,In Stock,7,3,16
ORD-000867,SKU-09389,Product_Zeta_50,Furniture,Supplier_D,Delhi WH,North,2022-06-07,2022-06-09,Rail,Net 30,3700.51,287,213,811,37,42,20,1062046.37,849637.1,Discontinued,5,1,2
ORD-000868,SKU-06765,Product_Alpha_16,Electronics,Supplier_H,Bangalore WH,West,2022-06-08,2022-07-06,Rail,Net 30,1062.74,395,395,906,57,32,10,419782.3,377804.07,In Stock,7,0,28
ORD-000869,SKU-02202,Product_Kappa_22,Apparel,Supplier_D,Kolkata WH,South,2022-06-08,2022-06-29,Rail,Net 15,4209.69,120,120,251,39,5,20,505162.8,404130.24,In Stock,5,13,21
ORD-000870,SKU-09135,Product_Sigma_33,Pharmaceuticals,Supplier_K,Delhi WH,Central,2022-06-08,2022-06-27,Rail,Immediate,161.47,246,389,394,38,33,0,39721.62,39721.62,In Stock,8,7,19
ORD-000871,SKU-06567,Product_Gamma_6,Pharmaceuticals,Supplier_D,Delhi WH,East,2022-06-08,2022-06-27,Sea,Net 15,4220.63,56,56,661,32,15,0,236355.28,236355.28,In Stock,2,6,19
ORD-000872,SKU-08667,Product_Sigma_24,Pharmaceuticals,Supplier_H,Chennai WH,Central,2022-06-08,2022-06-28,Rail,Net 60,2307.04,38,38,852,36,5,0,87667.52,87667.52,Reorder Pending,2,9,20
ORD-000873,SKU-06742,Product_Zeta_24,Electronics,Supplier_J,Hyderabad WH,South,2022-06-08,2022-06-11,Rail,Immediate,1095.76,245,245,218,49,20,0,268461.2,268461.2,In Stock,1,1,3
ORD-000874,SKU-06788,Product_Delta_10,FMCG,Supplier_B,Mumbai WH,West,2022-06-08,2022-06-24,Road,Net 15,677.55,21,21,593,62,38,0,14228.55,14228.55,In Stock,9,7,16
ORD-000875,SKU-06408,Product_Zeta_15,Electronics,Supplier_C,Mumbai WH,Central,2022-06-09,2022-07-08,Sea,Immediate,4767.0,110,110,189,67,37,5,524370.0,498151.5,In Stock,5,12,29
ORD-000876,SKU-09669,Product_Gamma_28,Electronics,Supplier_B,Mumbai WH,North,2022-06-09,2022-06-16,Road,Net 60,372.6,94,94,233,62,17,10,35024.4,31521.96,In Stock,6,9,7
ORD-000877,SKU-01922,Product_Zeta_27,FMCG,Supplier_C,Hyderabad WH,West,2022-06-09,2022-06-26,Sea,Net 15,1003.48,394,394,687,112,4,0,395371.12,395371.12,In Stock,6,2,17
ORD-000878,SKU-01419,Product_Kappa_34,FMCG,Supplier_B,Bangalore WH,South,2022-06-09,2022-06-13,Rail,Net 60,1745.63,410,410,231,133,21,0,715708.3,715708.3,In Stock,4,6,4
ORD-000879,SKU-03204,Product_Omega_2,FMCG,Supplier_B,Bangalore WH,East,2022-06-09,2022-07-07,Road,Immediate,3104.97,475,475,357,85,34,10,1474860.75,1327374.68,In Stock,5,0,28
ORD-000880,SKU-02120,Product_Kappa_10,Electronics,Supplier_A,Mumbai WH,Central,2022-06-10,2022-07-02,Sea,Net 15,2728.56,136,136,477,138,40,5,371084.16,352529.95,In Stock,6,11,22
ORD-000881,SKU-01950,Product_Alpha_46,Apparel,Supplier_B,Mumbai WH,East,2022-06-10,2022-06-23,Sea,Net 60,636.96,231,231,574,72,5,5,147137.76,139780.87,In Stock,1,12,13
ORD-000882,SKU-03336,Product_Beta_6,Pharmaceuticals,Supplier_I,Bangalore WH,South,2022-06-11,2022-06-28,Air,Immediate,1455.74,8,8,946,91,4,5,11645.92,11063.62,In Stock,9,14,17
ORD-000883,SKU-06373,Product_Omega_21,Apparel,Supplier_H,Chennai WH,North,2022-06-11,2022-06-21,Rail,Net 60,1201.37,444,444,428,97,22,15,533408.28,453397.04,In Stock,6,13,10
ORD-000884,SKU-03243,Product_Zeta_50,Pharmaceuticals,Supplier_I,Kolkata WH,North,2022-06-11,2022-06-25,Air,Net 15,1075.58,328,328,236,181,14,5,352790.24,335150.73,In Stock,0,2,14
ORD-000885,SKU-03645,Product_Gamma_28,Electronics,Supplier_A,Delhi WH,North,2022-06-11,2022-06-13,Road,Immediate,2061.61,375,375,32,93,4,20,773103.75,618483.0,Low Stock,5,8,2
ORD-000886,SKU-05612,Product_Alpha_26,Apparel,Supplier_D,Hyderabad WH,North,2022-06-11,2022-07-09,Rail,Net 30,3523.12,290,290,212,91,8,5,1021704.8,970619.56,In Stock,7,14,28
ORD-000887,SKU-02865,Product_Alpha_43,Electronics,Supplier_L,Hyderabad WH,South,2022-06-11,2022-07-09,Rail,Immediate,1095.09,251,251,571,32,3,0,274867.59,274867.59,In Stock,0,3,28
ORD-000888,SKU-07028,Product_Gamma_37,FMCG,Supplier_F,Hyderabad WH,West,2022-06-11,2022-06-16,Rail,Net 60,1839.73,400,400,378,78,29,0,735892.0,735892.0,In Stock,0,0,5
ORD-000889,SKU-08326,Product_Alpha_41,FMCG,Supplier_L,Mumbai WH,Central,2022-06-11,2022-06-16,Rail,Net 30,1960.68,361,361,1,51,26,5,707805.48,672415.21,Low Stock,5,10,5
ORD-000890,SKU-07371,Product_Sigma_27,Pharmaceuticals,Supplier_I,Hyderabad WH,Central,2022-06-11,2022-06-18,Rail,Net 30,4882.52,397,397,908,102,30,5,1938360.44,1841442.42,In Stock,4,13,7
ORD-000891,SKU-07359,Product_Zeta_44,Pharmaceuticals,Supplier_G,Delhi WH,West,2022-06-11,2022-06-22,Rail,Net 15,4773.79,87,388,449,139,12,10,415319.73,373787.76,In Stock,2,5,11
ORD-000892,SKU-08863,Product_Sigma_47,Electronics,Supplier_L,Kolkata WH,Central,2022-06-11,2022-06-25,Sea,Immediate,4002.69,204,476,568,73,15,0,816548.76,816548.76,In Stock,9,0,14
ORD-000893,SKU-04228,Product_Omega_23,Furniture,Supplier_J,Chennai WH,East,2022-06-11,2022-06-30,Sea,Net 30,1215.88,219,219,426,21,41,10,266277.72,239649.95,In Stock,9,9,19
ORD-000894,SKU-04719,Product_Alpha_18,Pharmaceuticals,Supplier_A,Bangalore WH,North,2022-06-12,2022-07-11,Air,Immediate,349.51,406,406,812,137,2,10,141901.06,127710.95,In Stock,6,0,29
ORD-000895,SKU-03371,Product_Gamma_45,Pharmaceuticals,Supplier_K,Bangalore WH,Central,2022-06-12,2022-07-12,Air,Immediate,1591.35,480,480,798,56,1,10,763848.0,687463.2,In Stock,6,1,30
ORD-000896,SKU-03891,Product_Zeta_29,Furniture,Supplier_B,Delhi WH,South,2022-06-12,2022-06-27,Road,Net 30,1341.3,241,241,649,116,28,5,323253.3,307090.63,In Stock,6,14,15
ORD-000897,SKU-04756,Product_Delta_35,Pharmaceuticals,Supplier_H,Bangalore WH,North,2022-06-12,2022-06-17,Air,Net 60,2534.57,411,411,278,122,40,20,1041708.27,833366.62,In Stock,5,13,5
ORD-000898,SKU-05225,Product_Kappa_45,FMCG,Supplier_A,Bangalore WH,East,2022-06-13,2022-06-24,Air,Immediate,3890.86,320,320,213,133,35,5,1245075.2,1182821.44,In Stock,3,2,11
ORD-000899,SKU-01094,Product_Omega_42,Pharmaceuticals,Supplier_H,Kolkata WH,Central,2022-06-13,2022-07-11,Air,Net 15,4293.03,258,102,750,180,34,0,1107601.74,1107601.74,Discontinued,8,12,28
ORD-000900,SKU-03674,Product_Zeta_50,Furniture,Supplier_E,Bangalore WH,East,2022-06-13,2022-07-06,Sea,Net 60,4225.87,109,186,284,20,4,15,460619.83,391526.86,In Stock,8,1,23
ORD-000901,SKU-07898,Product_Delta_20,FMCG,Supplier_L,Mumbai WH,South,2022-06-13,2022-06-19,Road,Net 60,1804.78,256,256,992,147,18,0,462023.68,462023.68,In Stock,6,7,6
ORD-000902,SKU-01793,Product_Beta_3,Electronics,Supplier_A,Chennai WH,West,2022-06-13,2022-07-08,Road,Net 30,3439.3,481,481,542,122,12,10,1654303.3,1488872.97,In Stock,6,5,25
ORD-000903,SKU-03116,Product_Omega_25,Industrial Parts,Supplier_K,Delhi WH,West,2022-06-13,2022-06-16,Sea,Immediate,1571.04,282,282,717,175,21,0,443033.28,443033.28,In Stock,7,14,3
ORD-000904,SKU-06779,Product_Gamma_34,Electronics,Supplier_D,Chennai WH,East,2022-06-13,2022-06-29,Road,Net 15,313.92,220,220,969,164,10,0,69062.4,69062.4,In Stock,4,0,16
ORD-000905,SKU-07166,Product_Sigma_14,FMCG,Supplier_J,Bangalore WH,Central,2022-06-13,2022-06-24,Road,Net 60,3510.81,83,83,273,76,21,0,291397.23,291397.23,In Stock,8,5,11
ORD-000906,SKU-01814,Product_Beta_33,Industrial Parts,Supplier_C,Chennai WH,West,2022-06-14,2022-07-05,Sea,Immediate,59.04,107,107,10,89,40,0,6317.28,6317.28,Low Stock,5,0,21
ORD-000907,SKU-01345,Product_Sigma_34,Electronics,Supplier_F,Hyderabad WH,West,2022-06-14,2022-06-20,Sea,Immediate,2051.82,69,69,870,199,25,0,141575.58,141575.58,In Stock,6,8,6
ORD-000908,SKU-09554,Product_Omega_49,Furniture,Supplier_B,Kolkata WH,North,2022-06-15,2022-06-26,Rail,Net 60,1653.6,97,97,46,63,17,0,160399.2,160399.2,Low Stock,6,13,11
ORD-000909,SKU-03443,Product_Gamma_2,FMCG,Supplier_J,Hyderabad WH,South,2022-06-15,2022-07-06,Road,Net 30,3469.95,212,212,514,194,6,10,735629.4,662066.46,In Stock,8,2,21
ORD-000910,SKU-08783,Product_Alpha_35,FMCG,Supplier_J,Hyderabad WH,West,2022-06-15,2022-06-17,Air,Net 30,3833.56,286,286,641,160,14,10,1096398.16,986758.34,In Stock,6,11,2
ORD-000911,SKU-01984,Product_Sigma_16,Furniture,Supplier_J,Delhi WH,East,2022-06-15,2022-06-16,Sea,Net 30,1527.43,237,237,437,95,37,15,362000.91,307700.77,In Stock,2,0,1
ORD-000912,SKU-08790,Product_Sigma_47,Electronics,Supplier_E,Mumbai WH,West,2022-06-16,2022-07-01,Road,Net 60,4060.02,8,8,583,177,40,15,32480.16,27608.14,In Stock,5,0,15
ORD-000913,SKU-01827,Product_Zeta_33,Apparel,Supplier_L,Hyderabad WH,South,2022-06-16,2022-06-25,Sea,Immediate,1476.64,294,294,670,104,40,5,434132.16,412425.55,In Stock,5,1,9
ORD-000914,SKU-04531,Product_Beta_47,Electronics,Supplier_F,Mumbai WH,North,2022-06-16,2022-06-23,Road,Net 15,2237.17,189,189,903,85,18,15,422825.13,359401.36,In Stock,6,12,7
ORD-000915,SKU-08147,Product_Alpha_24,Electronics,Supplier_C,Delhi WH,South,2022-06-16,2022-07-11,Rail,Immediate,3637.82,81,81,426,72,30,5,294663.42,279930.25,In Stock,5,5,25
ORD-000916,SKU-05451,Product_Sigma_41,Pharmaceuticals,Supplier_J,Delhi WH,West,2022-06-16,2022-07-11,Air,Net 60,3467.67,108,108,431,37,9,5,374508.36,355782.94,In Stock,3,0,25
ORD-000917,SKU-04876,Product_Omega_8,Electronics,Supplier_F,Delhi WH,South,2022-06-16,2022-06-22,Rail,Net 15,4936.97,321,321,129,47,14,10,1584767.37,1426290.63,In Stock,5,6,6
ORD-000918,SKU-06959,Product_Alpha_49,Electronics,Supplier_L,Kolkata WH,East,2022-06-17,2022-07-06,Sea,Net 15,1133.55,67,67,21,151,17,0,75947.85,75947.85,Low Stock,2,10,19
ORD-000919,SKU-01126,Product_Beta_29,Industrial Parts,Supplier_B,Chennai WH,East,2022-06-17,2022-07-12,Air,Net 60,3314.97,174,174,891,61,34,10,576804.78,519124.3,Discontinued,0,11,25
ORD-000920,SKU-04177,Product_Sigma_37,Electronics,Supplier_H,Bangalore WH,East,2022-06-17,2022-06-23,Road,Immediate,3052.31,346,283,388,145,22,5,1056099.26,1003294.3,In Stock,0,3,6
ORD-000921,SKU-09795,Product_Alpha_30,Industrial Parts,Supplier_B,Mumbai WH,South,2022-06-18,2022-07-04,Rail,Net 60,4576.34,351,351,134,136,32,0,1606295.34,1606295.34,Low Stock,4,6,16
ORD-000922,SKU-07024,Product_Omega_16,FMCG,Supplier_C,Mumbai WH,Central,2022-06-18,2022-07-14,Air,Net 30,790.25,328,328,531,153,12,0,259202.0,259202.0,In Stock,7,3,26
ORD-000923,SKU-06109,Product_Delta_23,Industrial Parts,Supplier_C,Kolkata WH,East,2022-06-18,2022-07-13,Air,Net 30,3761.47,43,323,219,121,16,0,161743.21,161743.21,In Stock,2,10,25
ORD-000924,SKU-05146,Product_Sigma_19,Pharmaceuticals,Supplier_C,Mumbai WH,West,2022-06-18,2022-07-13,Sea,Immediate,2845.66,187,187,332,156,22,15,532138.42,452317.66,In Stock,1,3,25
ORD-000925,SKU-08196,Product_Gamma_46,Electronics,Supplier_H,Mumbai WH,Central,2022-06-18,2022-06-21,Rail,Net 15,1380.58,302,302,129,167,38,20,416935.16,333548.13,Low Stock,7,13,3
ORD-000926,SKU-04368,Product_Zeta_34,FMCG,Supplier_G,Chennai WH,Central,2022-06-18,2022-06-23,Air,Net 30,2377.43,200,200,31,57,39,0,475486.0,475486.0,Low Stock,8,3,5
ORD-000927,SKU-04797,Product_Delta_7,Apparel,Supplier_L,Kolkata WH,West,2022-06-18,2022-07-08,Air,Net 15,1675.55,381,381,601,69,2,0,638384.55,638384.55,In Stock,8,9,20
ORD-000928,SKU-02792,Product_Omega_34,Pharmaceuticals,Supplier_E,Kolkata WH,South,2022-06-19,2022-07-03,Air,Net 15,2900.77,419,419,770,79,8,0,1215422.63,1215422.63,In Stock,1,11,14
ORD-000929,SKU-06732,Product_Delta_50,Pharmaceuticals,Supplier_D,Mumbai WH,South,2022-06-19,2022-07-10,Road,Net 15,4446.11,39,39,424,160,44,15,173398.29,147388.55,In Stock,7,9,21
ORD-000930,SKU-04476,Product_Omega_30,Apparel,Supplier_D,Mumbai WH,North,2022-06-19,2022-07-03,Sea,Net 30,2850.83,220,220,297,138,1,0,627182.6,627182.6,In Stock,1,7,14
ORD-000931,SKU-04417,Product_Beta_10,Electronics,Supplier_I,Chennai WH,Central,2022-06-19,2022-07-02,Rail,Net 30,3162.29,307,307,503,118,41,20,970823.03,776658.42,In Stock,6,1,13
ORD-000932,SKU-02645,Product_Zeta_27,FMCG,Supplier_H,Chennai WH,North,2022-06-19,2022-07-03,Air,Net 15,2598.55,4,4,844,113,40,10,10394.2,9354.78,In Stock,7,7,14
ORD-000933,SKU-04030,Product_Beta_6,Apparel,Supplier_C,Chennai WH,South,2022-06-19,2022-07-05,Road,Net 15,265.32,121,121,760,189,41,15,32103.72,27288.16,In Stock,0,9,16
ORD-000934,SKU-03872,Product_Alpha_28,Apparel,Supplier_C,Chennai WH,South,2022-06-20,2022-07-03,Rail,Net 60,1171.96,336,336,980,87,5,5,393778.56,374089.63,In Stock,7,10,13
ORD-000935,SKU-04072,Product_Gamma_31,Furniture,Supplier_A,Mumbai WH,South,2022-06-20,2022-06-21,Rail,Net 15,2465.09,77,77,684,172,36,10,189811.93,170830.74,In Stock,2,0,1
ORD-000936,SKU-02854,Product_Delta_29,Pharmaceuticals,Supplier_F,Mumbai WH,East,2022-06-20,2022-06-22,Rail,Immediate,1558.07,468,468,356,178,17,10,729176.76,656259.08,In Stock,0,12,2
ORD-000937,SKU-05021,Product_Beta_24,Furniture,Supplier_E,Delhi WH,West,2022-06-20,2022-07-08,Road,Net 30,917.0,179,179,982,159,41,15,164143.0,139521.55,In Stock,6,6,18
ORD-000938,SKU-05662,Product_Zeta_38,Electronics,Supplier_C,Chennai WH,West,2022-06-20,2022-06-27,Sea,Net 60,2525.62,133,133,454,83,30,15,335907.46,285521.34,In Stock,9,6,7
ORD-000939,SKU-07514,Product_Zeta_17,Furniture,Supplier_C,Kolkata WH,North,2022-06-20,2022-07-14,Sea,Net 30,1620.82,311,311,400,98,15,5,504075.02,478871.27,Discontinued,2,5,24
ORD-000940,SKU-06031,Product_Kappa_41,Electronics,Supplier_B,Hyderabad WH,West,2022-06-20,2022-07-02,Air,Net 15,1297.96,229,229,987,72,20,10,297232.84,267509.56,In Stock,7,13,12
ORD-000941,SKU-03708,Product_Zeta_29,Industrial Parts,Supplier_G,Kolkata WH,North,2022-06-21,2022-06-22,Air,Net 30,2325.29,276,276,895,45,36,20,641780.04,513424.03,In Stock,8,3,1
ORD-000942,SKU-08112,Product_Kappa_47,Apparel,Supplier_C,Delhi WH,West,2022-06-21,2022-07-20,Sea,Net 15,675.09,152,152,558,157,2,20,102613.68,82090.94,In Stock,1,4,29
ORD-000943,SKU-09393,Product_Zeta_11,Furniture,Supplier_G,Chennai WH,South,2022-06-21,2022-07-02,Road,Immediate,4639.45,164,164,989,159,4,10,760869.8,684782.82,In Stock,0,0,11
ORD-000944,SKU-04507,Product_Gamma_33,Furniture,Supplier_K,Chennai WH,North,2022-06-22,2022-07-17,Sea,Net 30,4339.83,290,290,708,169,24,0,1258550.7,1258550.7,In Stock,7,1,25
ORD-000945,SKU-07456,Product_Gamma_32,Apparel,Supplier_F,Bangalore WH,West,2022-06-22,2022-07-19,Rail,Net 15,3541.03,378,378,919,40,42,0,1338509.34,1338509.34,In Stock,9,9,27
ORD-000946,SKU-05212,Product_Kappa_9,Apparel,Supplier_K,Kolkata WH,East,2022-06-22,2022-07-09,Rail,Net 30,540.01,109,109,454,182,2,15,58861.09,50031.93,In Stock,5,6,17
ORD-000947,SKU-08970,Product_Beta_45,Furniture,Supplier_E,Chennai WH,East,2022-06-22,2022-06-29,Air,Immediate,3881.63,126,126,890,90,2,0,489085.38,489085.38,In Stock,9,1,7
ORD-000948,SKU-09766,Product_Delta_30,Furniture,Supplier_J,Delhi WH,East,2022-06-22,2022-06-23,Rail,Net 15,4041.71,240,240,33,101,1,0,970010.4,970010.4,Low Stock,0,7,1
ORD-000949,SKU-01536,Product_Kappa_3,Pharmaceuticals,Supplier_K,Chennai WH,West,2022-06-23,2022-07-15,Road,Net 30,3841.15,310,310,765,174,13,0,1190756.5,1190756.5,In Stock,2,6,22
ORD-000950,SKU-02625,Product_Gamma_36,Apparel,Supplier_G,Delhi WH,West,2022-06-23,2022-06-24,Rail,Immediate,578.69,418,418,247,79,6,10,241892.42,217703.18,In Stock,8,9,1
ORD-000951,SKU-08973,Product_Omega_8,Industrial Parts,Supplier_D,Mumbai WH,West,2022-06-23,2022-07-14,Rail,Net 30,3223.1,467,409,945,118,22,5,1505187.7,1429928.32,In Stock,8,7,21
ORD-000952,SKU-09577,Product_Zeta_8,Electronics,Supplier_D,Hyderabad WH,South,2022-06-23,2022-07-17,Rail,Net 30,4173.28,401,401,41,66,17,0,1673485.28,1673485.28,Low Stock,5,3,24
ORD-000953,SKU-09070,Product_Beta_24,Furniture,Supplier_L,Bangalore WH,West,2022-06-24,2022-07-02,Sea,Net 30,2890.99,389,389,800,162,22,0,1124595.11,1124595.11,In Stock,2,0,8
ORD-000954,SKU-09666,Product_Sigma_3,Pharmaceuticals,Supplier_L,Delhi WH,South,2022-06-24,2022-07-02,Sea,Net 60,3235.57,345,345,122,43,43,10,1116271.65,1004644.48,In Stock,7,6,8
ORD-000955,SKU-09609,Product_Gamma_8,FMCG,Supplier_A,Mumbai WH,West,2022-06-25,2022-07-18,Rail,Immediate,2297.23,146,146,26,29,6,20,335395.58,268316.46,Low Stock,5,0,23
ORD-000956,SKU-07490,Product_Omega_20,Pharmaceuticals,Supplier_L,Chennai WH,South,2022-06-25,2022-07-24,Rail,Net 30,2648.25,252,252,461,139,3,0,667359.0,667359.0,Reorder Pending,0,14,29
ORD-000957,SKU-04600,Product_Omega_20,Furniture,Supplier_I,Delhi WH,West,2022-06-25,2022-07-07,Road,Net 60,181.54,183,183,570,171,6,0,33221.82,33221.82,In Stock,5,6,12
ORD-000958,SKU-07783,Product_Sigma_32,Apparel,Supplier_D,Bangalore WH,West,2022-06-25,2022-07-05,Air,Net 60,3198.43,309,309,146,107,17,10,988314.87,889483.38,In Stock,4,8,10
ORD-000959,SKU-05971,Product_Alpha_10,Industrial Parts,Supplier_D,Hyderabad WH,Central,2022-06-26,2022-07-01,Sea,Net 30,416.42,306,306,495,123,35,15,127424.52,108310.84,In Stock,7,4,5
ORD-000960,SKU-02205,Product_Gamma_38,Pharmaceuticals,Supplier_E,Bangalore WH,East,2022-06-26,2022-06-30,Rail,Net 15,2180.72,72,72,626,143,37,10,157011.84,141310.66,In Stock,1,13,4
ORD-000961,SKU-02990,Product_Zeta_4,Apparel,Supplier_E,Mumbai WH,North,2022-06-26,2022-07-09,Sea,Net 30,1470.35,219,219,485,53,35,10,322006.65,289805.99,In Stock,6,14,13
ORD-000962,SKU-06299,Product_Sigma_19,Electronics,Supplier_E,Hyderabad WH,Central,2022-06-26,2022-07-13,Road,Net 30,2731.69,207,207,459,60,23,15,565459.83,480640.86,In Stock,5,1,17
ORD-000963,SKU-04572,Product_Delta_12,Industrial Parts,Supplier_H,Hyderabad WH,Central,2022-06-27,2022-07-16,Sea,Immediate,675.75,173,93,898,187,8,0,116904.75,116904.75,In Stock,0,10,19
ORD-000964,SKU-06975,Product_Kappa_1,Apparel,Supplier_A,Bangalore WH,Central,2022-06-27,2022-07-07,Rail,Net 30,3461.3,141,141,710,30,7,0,488043.3,488043.3,In Stock,7,13,10
ORD-000965,SKU-07320,Product_Beta_36,Pharmaceuticals,Supplier_E,Mumbai WH,Central,2022-06-27,2022-07-03,Road,Net 60,3977.11,272,272,127,20,10,10,1081773.92,973596.53,In Stock,5,0,6
ORD-000966,SKU-05380,Product_Omega_5,Furniture,Supplier_I,Kolkata WH,West,2022-06-27,2022-06-30,Air,Net 15,825.14,214,214,375,177,26,15,176579.96,150092.97,In Stock,2,7,3
ORD-000967,SKU-05757,Product_Alpha_27,Industrial Parts,Supplier_I,Bangalore WH,West,2022-06-28,2022-07-25,Air,Net 60,530.52,468,468,994,190,10,5,248283.36,235869.19,In Stock,4,12,27
ORD-000968,SKU-03713,Product_Kappa_37,Apparel,Supplier_H,Delhi WH,East,2022-06-28,2022-06-30,Air,Net 15,736.12,269,269,664,101,19,20,198016.28,158413.02,In Stock,6,3,2
ORD-000969,SKU-06588,Product_Sigma_37,Pharmaceuticals,Supplier_I,Kolkata WH,West,2022-06-28,2022-07-08,Sea,Net 60,4386.87,20,20,880,45,23,10,87737.4,78963.66,In Stock,8,7,10
ORD-000970,SKU-01966,Product_Kappa_22,FMCG,Supplier_J,Delhi WH,East,2022-06-28,2022-07-08,Air,Net 60,2645.66,66,66,782,72,31,10,174613.56,157152.2,In Stock,3,1,10
ORD-000971,SKU-05944,Product_Zeta_31,FMCG,Supplier_J,Kolkata WH,Central,2022-06-28,2022-07-13,Sea,Net 30,2341.63,483,483,850,144,33,0,1131007.29,1131007.29,Reorder Pending,1,12,15
ORD-000972,SKU-04432,Product_Gamma_49,Apparel,Supplier_F,Chennai WH,East,2022-06-28,2022-07-22,Road,Net 60,542.49,303,303,955,194,2,0,164374.47,164374.47,In Stock,2,13,24
ORD-000973,SKU-01688,Product_Gamma_33,Industrial Parts,Supplier_A,Kolkata WH,East,2022-06-29,2022-07-16,Rail,Net 30,3251.28,147,147,82,28,28,10,477938.16,430144.34,In Stock,6,2,17
ORD-000974,SKU-05243,Product_Kappa_49,Pharmaceuticals,Supplier_E,Bangalore WH,South,2022-06-29,2022-07-19,Rail,Net 15,4341.32,429,429,534,28,32,0,1862426.28,1862426.28,In Stock,7,2,20
ORD-000975,SKU-04701,Product_Kappa_43,Industrial Parts,Supplier_H,Kolkata WH,East,2022-06-29,2022-07-16,Sea,Net 30,4142.65,165,165,522,148,33,0,683537.25,683537.25,In Stock,4,3,17
ORD-000976,SKU-09533,Product_Kappa_10,Pharmaceuticals,Supplier_A,Delhi WH,Central,2022-06-29,2022-07-10,Rail,Immediate,3134.01,378,378,698,191,9,20,1184655.78,947724.62,In Stock,2,8,11
ORD-000977,SKU-06182,Product_Omega_6,FMCG,Supplier_C,Mumbai WH,East,2022-06-29,2022-07-13,Rail,Immediate,385.64,310,310,980,78,29,15,119548.4,101616.14,In Stock,0,8,14
ORD-000978,SKU-07704,Product_Zeta_25,FMCG,Supplier_A,Chennai WH,South,2022-06-29,2022-07-28,Road,Net 60,570.86,6,210,627,125,15,0,3425.16,3425.16,In Stock,9,4,29
ORD-000979,SKU-05422,Product_Delta_26,Apparel,Supplier_F,Bangalore WH,Central,2022-06-29,2022-07-21,Road,Immediate,256.05,14,14,673,198,18,10,3584.7,3226.23,In Stock,0,6,22
ORD-000980,SKU-02759,Product_Omega_35,Pharmaceuticals,Supplier_J,Delhi WH,East,2022-06-29,2022-07-04,Rail,Net 30,1294.82,132,132,102,144,18,0,170916.24,170916.24,Low Stock,1,13,5
ORD-000981,SKU-03482,Product_Alpha_43,Electronics,Supplier_K,Kolkata WH,South,2022-06-29,2022-07-10,Air,Net 15,686.95,342,342,754,35,7,0,234936.9,234936.9,In Stock,4,12,11
ORD-000982,SKU-09058,Product_Kappa_48,Furniture,Supplier_G,Kolkata WH,West,2022-06-30,2022-07-29,Sea,Net 15,1307.64,243,243,518,57,14,10,317756.52,285980.87,In Stock,2,13,29
ORD-000983,SKU-01951,Product_Sigma_42,Industrial Parts,Supplier_I,Chennai WH,West,2022-06-30,2022-07-16,Road,Net 15,1931.44,439,439,361,158,29,10,847902.16,763111.94,In Stock,6,8,16
ORD-000984,SKU-09914,Product_Beta_11,FMCG,Supplier_K,Chennai WH,East,2022-06-30,2022-07-12,Road,Net 15,4715.48,231,231,683,172,19,0,1089275.88,1089275.88,In Stock,1,0,12
ORD-000985,SKU-03079,Product_Alpha_37,Furniture,Supplier_F,Bangalore WH,North,2022-07-01,2022-07-26,Road,Immediate,3055.78,228,228,255,78,5,0,696717.84,696717.84,In Stock,1,12,25
ORD-000986,SKU-03717,Product_Sigma_36,Pharmaceuticals,Supplier_B,Hyderabad WH,South,2022-07-01,2022-07-08,Sea,Net 60,4176.52,162,162,246,48,41,0,676596.24,676596.24,In Stock,2,1,7
ORD-000987,SKU-05524,Product_Beta_42,Industrial Parts,Supplier_J,Mumbai WH,West,2022-07-01,2022-07-07,Rail,Net 30,3554.65,283,162,986,187,5,20,1005965.95,804772.76,In Stock,0,13,6
ORD-000988,SKU-09477,Product_Beta_13,Electronics,Supplier_F,Chennai WH,West,2022-07-02,2022-08-01,Sea,Net 30,571.39,263,130,191,27,15,10,150275.57,135248.01,In Stock,1,5,30
ORD-000989,SKU-08311,Product_Alpha_37,Electronics,Supplier_D,Chennai WH,West,2022-07-02,2022-08-01,Air,Net 30,3682.24,131,131,625,117,26,5,482373.44,458254.77,In Stock,4,2,30
ORD-000990,SKU-08186,Product_Delta_49,Industrial Parts,Supplier_K,Chennai WH,West,2022-07-02,2022-07-28,Air,Immediate,1382.74,431,431,534,153,24,0,595960.94,595960.94,In Stock,2,10,26
ORD-000991,SKU-03065,Product_Kappa_33,Pharmaceuticals,Supplier_H,Mumbai WH,Central,2022-07-03,2022-07-16,Air,Net 30,3199.15,225,83,869,192,19,5,719808.75,683818.31,In Stock,9,11,13
ORD-000992,SKU-01768,Product_Alpha_8,Apparel,Supplier_H,Bangalore WH,West,2022-07-03,2022-07-04,Air,Immediate,1711.4,258,258,313,128,20,10,441541.2,397387.08,In Stock,5,10,1
ORD-000993,SKU-06490,Product_Gamma_2,Furniture,Supplier_E,Hyderabad WH,East,2022-07-03,2022-07-11,Sea,Immediate,4988.38,234,234,275,127,43,15,1167280.92,992188.78,In Stock,1,13,8
ORD-000994,SKU-07645,Product_Sigma_14,FMCG,Supplier_J,Delhi WH,North,2022-07-03,2022-07-11,Air,Net 60,1325.12,336,336,922,168,9,0,445240.32,445240.32,In Stock,7,6,8
ORD-000995,SKU-06083,Product_Delta_46,Furniture,Supplier_L,Chennai WH,East,2022-07-03,2022-07-27,Sea,Immediate,1402.86,409,409,372,76,28,20,573769.74,459015.79,In Stock,3,4,24
ORD-000996,SKU-06232,Product_Kappa_6,Apparel,Supplier_C,Mumbai WH,South,2022-07-03,2022-07-08,Air,Net 15,4654.05,316,316,443,95,16,5,1470679.8,1397145.81,In Stock,2,9,5
ORD-000997,SKU-06797,Product_Omega_26,Pharmaceuticals,Supplier_G,Delhi WH,North,2022-07-04,2022-07-11,Road,Net 30,132.98,463,463,647,132,11,0,61569.74,61569.74,In Stock,4,7,7
ORD-000998,SKU-05926,Product_Alpha_32,Apparel,Supplier_G,Delhi WH,West,2022-07-04,2022-07-28,Rail,Net 15,3486.48,24,24,868,25,34,0,83675.52,83675.52,In Stock,7,12,24
ORD-000999,SKU-07016,Product_Alpha_22,Furniture,Supplier_K,Mumbai WH,West,2022-07-04,2022-07-05,Rail,Net 60,3629.38,271,271,194,143,25,5,983561.98,934383.88,In Stock,8,0,1
ORD-001000,SKU-04335,Product_Zeta_12,Pharmaceuticals,Supplier_K,Kolkata WH,West,2022-07-04,2022-07-23,Sea,Net 15,4183.53,95,95,257,153,40,20,397435.35,317948.28,In Stock,0,13,19
ORD-001001,SKU-09038,Product_Zeta_2,Electronics,Supplier_D,Chennai WH,East,2022-07-04,2022-07-21,Sea,Net 60,4872.45,142,142,789,72,21,10,691887.9,622699.11,In Stock,3,8,17
ORD-001002,SKU-05873,Product_Omega_25,Furniture,Supplier_C,Mumbai WH,North,2022-07-04,2022-07-10,Air,Net 60,4878.25,182,182,581,151,5,5,887841.5,843449.42,In Stock,5,13,6
ORD-001003,SKU-02481,Product_Sigma_6,Apparel,Supplier_J,Hyderabad WH,East,2022-07-05,2022-07-09,Road,Net 15,335.73,206,128,870,28,11,0,69160.38,69160.38,In Stock,5,10,4
ORD-001004,SKU-07305,Product_Beta_7,Apparel,Supplier_L,Kolkata WH,Central,2022-07-05,2022-07-17,Air,Net 30,4110.98,390,390,359,88,43,0,1603282.2,1603282.2,In Stock,8,9,12
ORD-001005,SKU-04451,Product_Gamma_19,Furniture,Supplier_F,Bangalore WH,West,2022-07-05,2022-07-28,Rail,Immediate,3235.09,462,18,547,93,9,5,1494611.58,1419881.0,In Stock,0,5,23
ORD-001006,SKU-01054,Product_Gamma_12,Electronics,Supplier_G,Kolkata WH,East,2022-07-06,2022-07-27,Rail,Immediate,3240.24,81,81,107,130,11,10,262459.44,236213.5,Low Stock,4,11,21
ORD-001007,SKU-08643,Product_Sigma_50,Apparel,Supplier_D,Chennai WH,South,2022-07-06,2022-08-01,Rail,Net 60,650.47,274,274,23,106,37,10,178228.78,160405.9,Low Stock,9,4,26
ORD-001008,SKU-04462,Product_Beta_10,Apparel,Supplier_E,Bangalore WH,East,2022-07-06,2022-07-08,Air,Immediate,3254.43,276,276,651,23,41,0,898222.68,898222.68,In Stock,0,7,2
ORD-001009,SKU-01832,Product_Sigma_27,Furniture,Supplier_C,Chennai WH,North,2022-07-06,2022-07-19,Rail,Immediate,4912.59,371,378,464,56,1,0,1822570.89,1822570.89,In Stock,5,11,13
ORD-001010,SKU-06954,Product_Gamma_4,Electronics,Supplier_H,Kolkata WH,North,2022-07-07,2022-08-05,Road,Net 15,4559.97,446,446,21,90,26,0,2033746.62,2033746.62,Low Stock,8,11,29
ORD-001011,SKU-09519,Product_Omega_12,Furniture,Supplier_H,Delhi WH,East,2022-07-07,2022-07-28,Road,Immediate,2201.26,465,465,501,25,10,20,1023585.9,818868.72,In Stock,3,3,21
ORD-001012,SKU-08221,Product_Alpha_46,Electronics,Supplier_H,Bangalore WH,West,2022-07-08,2022-07-17,Rail,Net 15,209.34,208,208,850,70,40,5,43542.72,41365.58,In Stock,9,11,9
ORD-001013,SKU-04310,Product_Alpha_20,Furniture,Supplier_F,Hyderabad WH,South,2022-07-08,2022-08-02,Rail,Net 15,1817.84,296,296,840,118,19,0,538080.64,538080.64,In Stock,9,12,25
ORD-001014,SKU-04300,Product_Zeta_7,Industrial Parts,Supplier_C,Chennai WH,South,2022-07-08,2022-07-26,Road,Net 60,4133.69,39,39,715,197,16,0,161213.91,161213.91,In Stock,8,8,18
ORD-001015,SKU-07722,Product_Omega_10,Apparel,Supplier_C,Bangalore WH,North,2022-07-08,2022-07-28,Road,Net 15,3510.48,436,436,891,115,37,0,1530569.28,1530569.28,In Stock,2,4,20
ORD-001016,SKU-08218,Product_Zeta_21,Apparel,Supplier_F,Bangalore WH,Central,2022-07-09,2022-07-11,Road,Net 60,2302.12,288,288,735,161,41,5,663010.56,629860.03,In Stock,6,0,2
ORD-001017,SKU-08776,Product_Sigma_25,FMCG,Supplier_J,Hyderabad WH,Central,2022-07-09,2022-07-29,Sea,Net 60,284.96,124,338,500,30,4,10,35335.04,31801.54,In Stock,4,7,20
ORD-001018,SKU-04675,Product_Beta_4,Electronics,Supplier_C,Chennai WH,North,2022-07-10,2022-07-12,Road,Net 30,2140.2,364,266,734,29,14,20,779032.8,623226.24,In Stock,9,8,2
ORD-001019,SKU-04054,Product_Delta_16,Pharmaceuticals,Supplier_A,Kolkata WH,North,2022-07-10,2022-08-01,Sea,Immediate,2350.43,457,457,592,32,30,5,1074146.51,1020439.18,In Stock,0,4,22
ORD-001020,SKU-08970,Product_Delta_32,Electronics,Supplier_G,Hyderabad WH,North,2022-07-10,2022-07-14,Rail,Immediate,4643.49,283,283,406,140,7,0,1314107.67,1314107.67,Discontinued,6,12,4
ORD-001021,SKU-03143,Product_Zeta_8,Furniture,Supplier_B,Mumbai WH,Central,2022-07-10,2022-07-31,Sea,Net 15,3209.02,366,360,329,181,12,10,1174501.32,1057051.19,In Stock,7,4,21
ORD-001022,SKU-06207,Product_Sigma_4,Apparel,Supplier_G,Delhi WH,East,2022-07-10,2022-08-06,Sea,Net 15,1565.15,180,180,702,79,24,10,281727.0,253554.3,In Stock,5,5,27
ORD-001023,SKU-03538,Product_Omega_30,Furniture,Supplier_F,Hyderabad WH,North,2022-07-10,2022-07-11,Air,Net 15,2631.34,97,97,285,198,39,0,255239.98,255239.98,In Stock,0,8,1
ORD-001024,SKU-05547,Product_Zeta_5,Electronics,Supplier_I,Mumbai WH,West,2022-07-10,2022-07-12,Road,Net 60,339.62,191,191,146,24,43,15,64867.42,55137.31,In Stock,8,4,2
ORD-001025,SKU-06619,Product_Kappa_2,Furniture,Supplier_B,Hyderabad WH,East,2022-07-11,2022-08-03,Air,Net 15,4863.12,74,74,793,179,22,15,359870.88,305890.25,In Stock,6,1,23
ORD-001026,SKU-09356,Product_Zeta_41,Electronics,Supplier_C,Kolkata WH,West,2022-07-11,2022-07-15,Road,Net 15,1806.7,447,447,985,31,30,5,807594.9,767215.16,In Stock,5,2,4
ORD-001027,SKU-07612,Product_Delta_2,Industrial Parts,Supplier_J,Hyderabad WH,East,2022-07-11,2022-07-25,Sea,Net 15,2394.56,273,273,383,199,39,5,653714.88,621029.14,Discontinued,3,10,14
ORD-001028,SKU-06005,Product_Sigma_36,Electronics,Supplier_C,Kolkata WH,Central,2022-07-11,2022-07-26,Rail,Net 30,1782.87,497,497,10,160,20,10,886086.39,797477.75,Low Stock,2,9,15
ORD-001029,SKU-01822,Product_Beta_16,FMCG,Supplier_A,Chennai WH,South,2022-07-11,2022-07-24,Sea,Net 15,3415.73,49,181,275,104,26,10,167370.77,150633.69,In Stock,3,2,13
ORD-001030,SKU-01943,Product_Gamma_20,Apparel,Supplier_K,Kolkata WH,South,2022-07-12,2022-07-16,Rail,Immediate,3314.54,484,484,885,136,5,0,1604237.36,1604237.36,In Stock,0,8,4
ORD-001031,SKU-07150,Product_Zeta_29,Industrial Parts,Supplier_F,Hyderabad WH,East,2022-07-12,2022-07-30,Sea,Net 30,3579.46,337,273,567,141,40,0,1206278.02,1206278.02,In Stock,8,7,18
ORD-001032,SKU-05425,Product_Beta_41,Apparel,Supplier_J,Hyderabad WH,East,2022-07-12,2022-07-21,Sea,Net 30,1348.03,210,210,684,60,42,0,283086.3,283086.3,In Stock,1,12,9
ORD-001033,SKU-09966,Product_Delta_10,Apparel,Supplier_L,Kolkata WH,East,2022-07-13,2022-07-29,Air,Immediate,1585.19,116,116,963,67,6,10,183882.04,165493.84,Reorder Pending,1,12,16
ORD-001034,SKU-03198,Product_Omega_35,Furniture,Supplier_C,Bangalore WH,South,2022-07-13,2022-08-05,Air,Net 60,635.0,23,23,302,70,34,5,14605.0,13874.75,In Stock,2,14,23
ORD-001035,SKU-05242,Product_Gamma_16,Furniture,Supplier_C,Hyderabad WH,Central,2022-07-13,2022-07-18,Rail,Immediate,3280.99,98,98,203,194,5,5,321537.02,305460.17,In Stock,0,5,5
ORD-001036,SKU-04695,Product_Zeta_36,Electronics,Supplier_J,Delhi WH,East,2022-07-14,2022-07-21,Road,Net 30,208.59,328,328,344,197,10,10,68417.52,61575.77,In Stock,9,4,7
ORD-001037,SKU-04452,Product_Kappa_3,FMCG,Supplier_E,Bangalore WH,West,2022-07-14,2022-08-06,Air,Immediate,2992.43,397,397,759,137,28,0,1187994.71,1187994.71,Reorder Pending,2,9,23
ORD-001038,SKU-02308,Product_Alpha_30,FMCG,Supplier_B,Hyderabad WH,East,2022-07-14,2022-08-05,Sea,Net 30,4349.78,407,407,825,115,3,10,1770360.46,1593324.41,In Stock,3,1,22
ORD-001039,SKU-05177,Product_Sigma_42,Industrial Parts,Supplier_B,Kolkata WH,South,2022-07-14,2022-08-04,Air,Immediate,4455.25,313,313,265,95,13,5,1394493.25,1324768.59,In Stock,8,8,21
ORD-001040,SKU-09705,Product_Gamma_1,Industrial Parts,Supplier_F,Hyderabad WH,East,2022-07-14,2022-07-15,Rail,Net 60,2250.7,190,190,21,65,2,0,427633.0,427633.0,Low Stock,4,9,1
ORD-001041,SKU-07852,Product_Alpha_31,Furniture,Supplier_G,Chennai WH,South,2022-07-14,2022-07-24,Air,Net 30,2301.93,182,182,838,119,35,0,418951.26,418951.26,In Stock,5,7,10
ORD-001042,SKU-07035,Product_Sigma_39,Pharmaceuticals,Supplier_D,Delhi WH,South,2022-07-14,2022-07-28,Air,Net 60,394.08,148,148,535,57,28,20,58323.84,46659.07,In Stock,0,13,14
ORD-001043,SKU-04594,Product_Sigma_44,Furniture,Supplier_A,Hyderabad WH,South,2022-07-14,2022-08-05,Sea,Immediate,3357.12,342,342,705,111,37,10,1148135.04,1033321.54,In Stock,2,4,22
ORD-001044,SKU-05841,Product_Zeta_23,FMCG,Supplier_C,Kolkata WH,West,2022-07-15,2022-07-19,Air,Net 15,4108.08,495,495,95,160,23,0,2033499.6,2033499.6,Low Stock,6,5,4
ORD-001045,SKU-02409,Product_Delta_38,Industrial Parts,Supplier_J,Hyderabad WH,West,2022-07-15,2022-08-06,Air,Net 30,1230.83,436,436,980,169,43,20,536641.88,429313.5,Reorder Pending,6,14,22
ORD-001046,SKU-05566,Product_Sigma_3,Furniture,Supplier_F,Bangalore WH,North,2022-07-15,2022-08-01,Sea,Net 60,2112.29,23,80,444,149,23,10,48582.67,43724.4,Reorder Pending,9,8,17
ORD-001047,SKU-05491,Product_Gamma_48,Apparel,Supplier_F,Bangalore WH,North,2022-07-15,2022-07-24,Air,Immediate,4195.81,105,496,262,112,35,0,440560.05,440560.05,In Stock,0,0,9
ORD-001048,SKU-02555,Product_Beta_20,Furniture,Supplier_K,Delhi WH,North,2022-07-15,2022-08-04,Air,Net 15,4386.83,163,163,583,96,41,0,715053.29,715053.29,In Stock,8,12,20
ORD-001049,SKU-01804,Product_Beta_26,Apparel,Supplier_L,Bangalore WH,East,2022-07-16,2022-08-05,Rail,Net 15,1223.47,67,67,754,32,39,0,81972.49,81972.49,In Stock,0,3,20
ORD-001050,SKU-02279,Product_Beta_9,Apparel,Supplier_J,Hyderabad WH,West,2022-07-16,2022-08-08,Sea,Net 15,2757.35,290,290,382,76,32,10,799631.5,719668.35,In Stock,6,4,23
ORD-001051,SKU-08083,Product_Sigma_28,Industrial Parts,Supplier_G,Kolkata WH,North,2022-07-16,2022-07-21,Rail,Net 30,970.54,289,289,549,181,2,10,280486.06,252437.45,In Stock,1,8,5
ORD-001052,SKU-06986,Product_Delta_40,FMCG,Supplier_D,Kolkata WH,Central,2022-07-16,2022-07-30,Rail,Net 15,518.38,46,46,916,166,44,0,23845.48,23845.48,In Stock,8,11,14
ORD-001053,SKU-06619,Product_Omega_44,Apparel,Supplier_G,Mumbai WH,North,2022-07-16,2022-08-12,Sea,Net 60,4556.49,81,81,391,156,16,5,369075.69,350621.91,In Stock,8,4,27
ORD-001054,SKU-02387,Product_Omega_41,Furniture,Supplier_D,Mumbai WH,North,2022-07-16,2022-08-14,Air,Immediate,4104.33,429,429,888,135,16,0,1760757.57,1760757.57,In Stock,8,4,29
ORD-001055,SKU-03679,Product_Sigma_49,Furniture,Supplier_H,Chennai WH,North,2022-07-16,2022-07-20,Air,Immediate,3802.57,147,147,600,114,3,0,558977.79,558977.79,In Stock,3,11,4
ORD-001056,SKU-03106,Product_Kappa_18,Apparel,Supplier_K,Chennai WH,South,2022-07-17,2022-08-03,Road,Net 15,253.34,222,222,539,180,28,5,56241.48,53429.41,In Stock,5,11,17
ORD-001057,SKU-09173,Product_Delta_43,Industrial Parts,Supplier_L,Bangalore WH,East,2022-07-17,2022-08-10,Air,Net 15,4220.21,343,343,91,174,29,0,1447532.03,1447532.03,Low Stock,1,2,24
ORD-001058,SKU-05223,Product_Omega_22,Industrial Parts,Supplier_C,Mumbai WH,Central,2022-07-17,2022-08-06,Sea,Net 30,2195.84,15,186,565,192,20,5,32937.6,31290.72,Reorder Pending,2,7,20
ORD-001059,SKU-05831,Product_Delta_30,FMCG,Supplier_K,Mumbai WH,East,2022-07-17,2022-07-21,Rail,Net 15,1718.55,379,379,158,149,36,20,651330.45,521064.36,In Stock,5,13,4
ORD-001060,SKU-03768,Product_Omega_2,Industrial Parts,Supplier_G,Mumbai WH,West,2022-07-18,2022-07-28,Rail,Immediate,2736.92,121,121,883,98,33,0,331167.32,331167.32,In Stock,0,6,10
ORD-001061,SKU-04186,Product_Gamma_42,Electronics,Supplier_C,Kolkata WH,North,2022-07-18,2022-07-22,Road,Net 30,465.85,78,78,227,76,22,0,36336.3,36336.3,In Stock,6,7,4
ORD-001062,SKU-03573,Product_Alpha_39,FMCG,Supplier_J,Mumbai WH,North,2022-07-18,2022-08-13,Rail,Net 60,3785.67,322,322,472,114,8,0,1218985.74,1218985.74,In Stock,1,3,26
ORD-001063,SKU-03599,Product_Kappa_1,Electronics,Supplier_L,Hyderabad WH,Central,2022-07-19,2022-07-23,Sea,Net 30,2916.35,295,295,371,76,24,5,860323.25,817307.09,In Stock,7,7,4
ORD-001064,SKU-05033,Product_Alpha_44,Industrial Parts,Supplier_E,Bangalore WH,Central,2022-07-19,2022-08-04,Road,Net 30,941.08,241,241,375,163,37,10,226800.28,204120.25,In Stock,4,9,16
ORD-001065,SKU-09428,Product_Gamma_27,Industrial Parts,Supplier_K,Chennai WH,Central,2022-07-19,2022-07-26,Rail,Net 30,949.28,18,18,552,126,20,5,17087.04,16232.69,In Stock,6,3,7
ORD-001066,SKU-02304,Product_Kappa_49,Apparel,Supplier_C,Delhi WH,Central,2022-07-20,2022-08-09,Road,Immediate,929.4,256,210,36,98,12,5,237926.4,226030.08,Discontinued,7,0,20
ORD-001067,SKU-08368,Product_Zeta_35,Electronics,Supplier_A,Mumbai WH,Central,2022-07-20,2022-07-27,Road,Net 60,294.44,454,454,636,153,20,0,133675.76,133675.76,In Stock,2,14,7
ORD-001068,SKU-06877,Product_Beta_42,Electronics,Supplier_G,Delhi WH,West,2022-07-20,2022-08-14,Sea,Net 15,2943.11,443,443,933,33,20,0,1303797.73,1303797.73,In Stock,5,3,25
ORD-001069,SKU-02301,Product_Beta_35,Furniture,Supplier_G,Mumbai WH,East,2022-07-21,2022-07-30,Sea,Net 60,4203.34,416,416,690,46,4,0,1748589.44,1748589.44,In Stock,8,4,9
ORD-001070,SKU-03541,Product_Alpha_43,Industrial Parts,Supplier_B,Kolkata WH,North,2022-07-21,2022-08-17,Rail,Net 60,97.32,277,277,843,57,30,10,26957.64,24261.88,In Stock,3,9,27
ORD-001071,SKU-03051,Product_Kappa_44,Pharmaceuticals,Supplier_F,Hyderabad WH,North,2022-07-21,2022-08-07,Sea,Net 15,254.53,424,424,36,166,31,0,107920.72,107920.72,Low Stock,9,14,17
ORD-001072,SKU-07809,Product_Beta_23,FMCG,Supplier_K,Hyderabad WH,Central,2022-07-22,2022-07-29,Sea,Immediate,2868.12,476,476,100,184,22,10,1365225.12,1228702.61,Low Stock,6,7,7
ORD-001073,SKU-09633,Product_Zeta_39,Apparel,Supplier_E,Kolkata WH,North,2022-07-22,2022-08-03,Air,Immediate,4099.28,27,27,542,146,15,5,110680.56,105146.53,In Stock,0,14,12
ORD-001074,SKU-09996,Product_Omega_25,Industrial Parts,Supplier_J,Hyderabad WH,East,2022-07-22,2022-08-14,Air,Net 30,1640.43,2,2,189,23,38,0,3280.86,3280.86,In Stock,6,11,23
ORD-001075,SKU-01074,Product_Gamma_50,Electronics,Supplier_I,Kolkata WH,Central,2022-07-23,2022-08-06,Sea,Net 30,1754.58,353,353,511,77,37,5,619366.74,588398.4,In Stock,8,9,14
ORD-001076,SKU-07981,Product_Alpha_8,FMCG,Supplier_A,Delhi WH,South,2022-07-23,2022-08-02,Air,Net 60,2985.77,464,464,657,156,28,20,1385397.28,1108317.82,In Stock,9,5,10
ORD-001077,SKU-06475,Product_Kappa_24,Apparel,Supplier_K,Kolkata WH,West,2022-07-23,2022-07-29,Road,Immediate,1378.32,295,295,89,132,11,0,406604.4,406604.4,Low Stock,7,14,6
ORD-001078,SKU-09232,Product_Delta_29,FMCG,Supplier_K,Delhi WH,East,2022-07-23,2022-07-25,Rail,Immediate,142.78,470,470,5,187,14,0,67106.6,67106.6,Low Stock,3,14,2
ORD-001079,SKU-08184,Product_Alpha_15,FMCG,Supplier_I,Bangalore WH,West,2022-07-23,2022-08-10,Road,Immediate,3678.79,312,312,904,162,11,5,1147782.48,1090393.36,Reorder Pending,2,10,18
ORD-001080,SKU-06796,Product_Alpha_49,Apparel,Supplier_F,Hyderabad WH,West,2022-07-23,2022-08-08,Road,Net 30,3131.99,363,217,138,23,9,10,1136912.37,1023221.13,In Stock,6,9,16
ORD-001081,SKU-08141,Product_Sigma_44,Industrial Parts,Supplier_B,Bangalore WH,North,2022-07-24,2022-08-23,Rail,Immediate,2907.97,383,383,94,71,24,0,1113752.51,1113752.51,In Stock,0,4,30
ORD-001082,SKU-02622,Product_Omega_13,Electronics,Supplier_D,Hyderabad WH,East,2022-07-24,2022-07-31,Air,Net 60,3711.0,239,239,630,165,10,20,886929.0,709543.2,In Stock,7,2,7
ORD-001083,SKU-09041,Product_Beta_40,Industrial Parts,Supplier_D,Bangalore WH,East,2022-07-24,2022-08-16,Road,Immediate,3379.4,13,13,877,118,38,10,43932.2,39538.98,In Stock,0,3,23
ORD-001084,SKU-01341,Product_Sigma_46,Pharmaceuticals,Supplier_L,Mumbai WH,West,2022-07-24,2022-08-23,Air,Net 15,1037.35,382,382,631,188,43,15,396267.7,336827.54,In Stock,6,5,30
ORD-001085,SKU-03074,Product_Delta_15,Electronics,Supplier_B,Bangalore WH,West,2022-07-24,2022-08-09,Air,Immediate,1768.88,184,184,385,112,41,0,325473.92,325473.92,In Stock,5,14,16
ORD-001086,SKU-08992,Product_Kappa_24,Pharmaceuticals,Supplier_D,Delhi WH,West,2022-07-24,2022-08-04,Road,Net 60,639.29,194,194,122,136,37,15,124022.26,105418.92,Low Stock,9,5,11
ORD-001087,SKU-01645,Product_Alpha_18,Industrial Parts,Supplier_K,Delhi WH,North,2022-07-24,2022-08-01,Road,Immediate,657.99,462,462,284,23,42,0,303991.38,303991.38,In Stock,7,14,8
ORD-001088,SKU-05263,Product_Kappa_46,FMCG,Supplier_I,Kolkata WH,Central,2022-07-25,2022-07-26,Sea,Net 60,3384.22,56,56,365,104,32,0,189516.32,189516.32,In Stock,5,5,1
ORD-001089,SKU-09801,Product_Delta_1,FMCG,Supplier_A,Delhi WH,West,2022-07-25,2022-07-26,Sea,Immediate,4294.41,230,230,888,186,20,20,987714.3,790171.44,In Stock,4,1,1
ORD-001090,SKU-07136,Product_Delta_41,Furniture,Supplier_A,Mumbai WH,Central,2022-07-25,2022-08-16,Air,Net 60,4814.04,489,489,690,26,14,0,2354065.56,2354065.56,In Stock,8,10,22
ORD-001091,SKU-09646,Product_Zeta_8,Apparel,Supplier_E,Kolkata WH,West,2022-07-25,2022-07-28,Sea,Net 15,3145.45,28,28,489,144,38,20,88072.6,70458.08,In Stock,3,11,3
ORD-001092,SKU-03969,Product_Sigma_37,Industrial Parts,Supplier_J,Chennai WH,North,2022-07-25,2022-08-24,Sea,Net 15,928.67,320,320,324,170,4,5,297174.4,282315.68,In Stock,6,13,30
ORD-001093,SKU-04028,Product_Kappa_11,Apparel,Supplier_I,Chennai WH,East,2022-07-26,2022-07-30,Sea,Immediate,537.2,71,71,406,104,24,20,38141.2,30512.96,In Stock,5,7,4
ORD-001094,SKU-08643,Product_Delta_43,Furniture,Supplier_D,Kolkata WH,West,2022-07-26,2022-08-22,Air,Net 30,4066.13,210,210,995,82,32,5,853887.3,811192.94,In Stock,9,7,27
ORD-001095,SKU-03681,Product_Gamma_5,FMCG,Supplier_L,Kolkata WH,Central,2022-07-27,2022-08-15,Road,Net 15,2897.99,448,448,518,142,10,10,1298299.52,1168469.57,In Stock,5,5,19
ORD-001096,SKU-04629,Product_Gamma_48,Industrial Parts,Supplier_C,Mumbai WH,West,2022-07-27,2022-08-18,Sea,Net 15,3095.24,184,232,895,188,43,0,569524.16,569524.16,In Stock,4,13,22
ORD-001097,SKU-05225,Product_Beta_9,Industrial Parts,Supplier_B,Mumbai WH,West,2022-07-27,2022-08-12,Rail,Immediate,3909.5,425,425,823,108,16,5,1661537.5,1578460.62,In Stock,1,13,16
ORD-001098,SKU-04067,Product_Sigma_37,FMCG,Supplier_K,Mumbai WH,West,2022-07-28,2022-08-02,Road,Immediate,3519.35,375,375,638,114,39,10,1319756.25,1187780.62,In Stock,3,3,5
ORD-001099,SKU-06941,Product_Delta_34,Apparel,Supplier_B,Hyderabad WH,Central,2022-07-28,2022-07-31,Road,Net 15,4173.95,356,249,76,138,32,10,1485926.2,1337333.58,Low Stock,0,1,3
ORD-001100,SKU-02386,Product_Sigma_13,Industrial Parts,Supplier_C,Hyderabad WH,South,2022-07-28,2022-08-22,Rail,Net 60,290.51,41,41,233,63,18,0,11910.91,11910.91,In Stock,8,5,25
ORD-001101,SKU-03866,Product_Alpha_45,Apparel,Supplier_C,Kolkata WH,Central,2022-07-28,2022-08-14,Sea,Net 15,3740.13,484,484,829,121,25,5,1810222.92,1719711.77,In Stock,8,5,17
ORD-001102,SKU-05788,Product_Sigma_44,Industrial Parts,Supplier_B,Bangalore WH,North,2022-07-28,2022-07-31,Air,Immediate,4255.76,492,492,585,64,7,5,2093833.92,1989142.22,In Stock,7,9,3
ORD-001103,SKU-06490,Product_Kappa_1,Apparel,Supplier_C,Chennai WH,East,2022-07-28,2022-08-21,Sea,Immediate,1437.81,260,260,483,136,18,0,373830.6,373830.6,In Stock,3,2,24
ORD-001104,SKU-05124,Product_Zeta_42,Electronics,Supplier_B,Bangalore WH,South,2022-07-28,2022-08-21,Rail,Net 60,3205.83,441,441,463,70,18,5,1413771.03,1343082.48,In Stock,4,1,24
ORD-001105,SKU-09340,Product_Alpha_21,Apparel,Supplier_F,Mumbai WH,East,2022-07-29,2022-08-02,Sea,Immediate,1577.67,414,414,270,84,3,15,653155.38,555182.07,In Stock,0,3,4
ORD-001106,SKU-04850,Product_Zeta_27,Furniture,Supplier_L,Kolkata WH,West,2022-07-29,2022-08-27,Road,Net 30,4790.28,344,344,820,73,1,0,1647856.32,1647856.32,In Stock,3,7,29
ORD-001107,SKU-06415,Product_Sigma_8,Industrial Parts,Supplier_E,Mumbai WH,East,2022-07-29,2022-08-07,Air,Net 60,176.78,84,84,938,91,33,5,14849.52,14107.04,In Stock,3,4,9
ORD-001108,SKU-08679,Product_Kappa_32,Industrial Parts,Supplier_I,Bangalore WH,Central,2022-07-30,2022-08-20,Air,Net 60,2903.17,46,46,466,139,7,20,133545.82,106836.66,In Stock,4,14,21
ORD-001109,SKU-07819,Product_Omega_34,Apparel,Supplier_K,Chennai WH,Central,2022-07-30,2022-08-07,Air,Immediate,840.85,440,440,468,187,10,0,369974.0,369974.0,Reorder Pending,1,2,8
ORD-001110,SKU-09378,Product_Alpha_47,Pharmaceuticals,Supplier_B,Kolkata WH,East,2022-07-30,2022-08-14,Road,Immediate,3563.98,159,159,631,162,44,5,566672.82,538339.18,In Stock,1,12,15
ORD-001111,SKU-02333,Product_Delta_4,Pharmaceuticals,Supplier_L,Chennai WH,North,2022-07-30,2022-08-09,Sea,Net 15,887.69,344,344,546,38,8,10,305365.36,274828.82,In Stock,1,13,10
ORD-001112,SKU-05150,Product_Sigma_27,Furniture,Supplier_F,Kolkata WH,Central,2022-07-30,2022-08-08,Air,Net 15,1184.56,7,7,718,29,32,10,8291.92,7462.73,In Stock,7,12,9
ORD-001113,SKU-07766,Product_Kappa_21,Apparel,Supplier_I,Hyderabad WH,Central,2022-07-31,2022-08-15,Air,Net 30,2476.91,474,474,269,35,23,10,1174055.34,1056649.81,In Stock,1,11,15
ORD-001114,SKU-03711,Product_Alpha_26,Electronics,Supplier_C,Kolkata WH,North,2022-07-31,2022-08-02,Sea,Net 30,4575.03,333,333,604,190,17,10,1523484.99,1371136.49,In Stock,5,4,2
ORD-001115,SKU-05853,Product_Delta_22,FMCG,Supplier_G,Chennai WH,East,2022-07-31,2022-08-04,Air,Net 15,1066.45,438,438,964,178,14,0,467105.1,467105.1,Discontinued,1,8,4
ORD-001116,SKU-07212,Product_Beta_37,Furniture,Supplier_I,Delhi WH,South,2022-07-31,2022-08-27,Road,Immediate,729.76,136,136,377,127,17,5,99247.36,94284.99,In Stock,7,10,27
ORD-001117,SKU-08479,Product_Alpha_48,FMCG,Supplier_G,Hyderabad WH,South,2022-07-31,2022-08-06,Sea,Net 60,3797.29,183,183,176,35,25,10,694904.07,625413.66,In Stock,0,7,6
ORD-001118,SKU-06408,Product_Delta_45,Pharmaceuticals,Supplier_I,Hyderabad WH,South,2022-08-01,2022-08-29,Air,Net 60,2508.09,197,197,273,99,21,0,494093.73,494093.73,In Stock,1,11,28
ORD-001119,SKU-08715,Product_Zeta_5,FMCG,Supplier_H,Hyderabad WH,North,2022-08-01,2022-08-03,Sea,Net 15,4559.81,172,172,690,47,6,0,784287.32,784287.32,In Stock,4,9,2
ORD-001120,SKU-09942,Product_Delta_13,Furniture,Supplier_G,Mumbai WH,South,2022-08-01,2022-08-29,Sea,Net 60,741.61,397,397,640,167,20,15,294419.17,250256.29,In Stock,5,6,28
ORD-001121,SKU-02762,Product_Gamma_22,Electronics,Supplier_E,Mumbai WH,Central,2022-08-01,2022-08-11,Road,Immediate,3233.18,349,349,636,182,20,10,1128379.82,1015541.84,In Stock,8,3,10
ORD-001122,SKU-08101,Product_Sigma_5,FMCG,Supplier_A,Mumbai WH,South,2022-08-01,2022-08-13,Road,Net 15,1172.07,276,195,26,28,26,5,323491.32,307316.75,Low Stock,5,1,12
ORD-001123,SKU-08674,Product_Beta_2,Furniture,Supplier_B,Chennai WH,West,2022-08-01,2022-08-27,Air,Immediate,792.23,78,78,575,123,32,20,61793.94,49435.15,In Stock,7,11,26
ORD-001124,SKU-07122,Product_Kappa_28,Pharmaceuticals,Supplier_J,Hyderabad WH,West,2022-08-02,2022-08-24,Sea,Net 60,3420.31,416,122,59,157,8,10,1422848.96,1280564.06,Low Stock,6,8,22
ORD-001125,SKU-01481,Product_Alpha_38,FMCG,Supplier_B,Kolkata WH,East,2022-08-03,2022-08-14,Air,Net 60,2972.49,444,444,730,64,44,20,1319785.56,1055828.45,In Stock,0,2,11
ORD-001126,SKU-01153,Product_Omega_17,Furniture,Supplier_I,Hyderabad WH,North,2022-08-03,2022-08-17,Road,Net 15,3776.59,178,178,216,128,29,20,672233.02,537786.42,In Stock,1,5,14
ORD-001127,SKU-08617,Product_Delta_7,Industrial Parts,Supplier_F,Kolkata WH,East,2022-08-03,2022-08-27,Rail,Net 15,1554.22,27,27,680,162,17,5,41963.94,39865.74,In Stock,3,13,24
ORD-001128,SKU-02524,Product_Kappa_16,Electronics,Supplier_E,Chennai WH,East,2022-08-04,2022-08-08,Rail,Immediate,2245.38,120,120,660,49,18,10,269445.6,242501.04,In Stock,0,12,4
ORD-001129,SKU-03120,Product_Omega_4,Electronics,Supplier_I,Delhi WH,West,2022-08-04,2022-08-08,Road,Net 30,2033.3,281,281,269,67,40,10,571357.3,514221.57,In Stock,7,6,4
ORD-001130,SKU-03343,Product_Omega_34,Pharmaceuticals,Supplier_I,Bangalore WH,South,2022-08-04,2022-09-01,Sea,Net 60,4920.61,308,308,115,187,18,15,1515547.88,1288215.7,Low Stock,3,11,28
ORD-001131,SKU-06136,Product_Delta_5,Electronics,Supplier_A,Kolkata WH,Central,2022-08-04,2022-08-29,Sea,Net 30,1468.32,196,196,244,110,11,10,287790.72,259011.65,In Stock,6,2,25
ORD-001132,SKU-06760,Product_Kappa_49,Apparel,Supplier_G,Hyderabad WH,Central,2022-08-05,2022-09-03,Rail,Net 60,1481.14,277,479,659,110,12,0,410275.78,410275.78,Reorder Pending,6,2,29
ORD-001133,SKU-02240,Product_Beta_41,FMCG,Supplier_E,Bangalore WH,West,2022-08-05,2022-08-07,Sea,Immediate,1779.2,18,18,603,93,15,0,32025.6,32025.6,In Stock,7,2,2
ORD-001134,SKU-01060,Product_Kappa_38,FMCG,Supplier_E,Delhi WH,South,2022-08-05,2022-08-06,Sea,Immediate,2827.32,295,295,84,63,26,0,834059.4,834059.4,In Stock,8,2,1
ORD-001135,SKU-02639,Product_Beta_6,Apparel,Supplier_C,Chennai WH,South,2022-08-05,2022-09-02,Road,Net 30,1269.09,271,271,598,193,3,15,343923.39,292334.88,In Stock,8,2,28
ORD-001136,SKU-07185,Product_Alpha_3,Furniture,Supplier_K,Hyderabad WH,North,2022-08-05,2022-08-10,Sea,Net 15,4577.3,53,53,906,153,3,15,242596.9,206207.36,In Stock,6,6,5
ORD-001137,SKU-08970,Product_Zeta_21,Pharmaceuticals,Supplier_A,Delhi WH,East,2022-08-05,2022-08-27,Rail,Net 30,1335.77,294,294,631,136,38,5,392716.38,373080.56,In Stock,8,12,22
ORD-001138,SKU-02252,Product_Beta_9,Pharmaceuticals,Supplier_A,Chennai WH,North,2022-08-05,2022-08-26,Air,Net 30,4480.12,432,432,449,43,35,5,1935411.84,1838641.25,In Stock,4,13,21
ORD-001139,SKU-05203,Product_Alpha_29,Pharmaceuticals,Supplier_G,Kolkata WH,East,2022-08-05,2022-08-11,Sea,Immediate,526.34,52,52,851,26,9,15,27369.68,23264.23,In Stock,9,4,6
ORD-001140,SKU-09363,Product_Alpha_20,Pharmaceuticals,Supplier_C,Delhi WH,North,2022-08-06,2022-08-17,Rail,Net 30,3286.25,216,216,535,25,43,0,709830.0,709830.0,In Stock,3,3,11
ORD-001141,SKU-04549,Product_Zeta_5,Apparel,Supplier_J,Kolkata WH,South,2022-08-06,2022-08-18,Rail,Immediate,4535.86,72,72,886,137,40,0,326581.92,326581.92,In Stock,2,5,12
ORD-001142,SKU-05197,Product_Beta_44,Furniture,Supplier_I,Mumbai WH,North,2022-08-06,2022-09-04,Rail,Net 30,852.06,28,28,88,180,4,5,23857.68,22664.8,Low Stock,5,13,29
ORD-001143,SKU-08009,Product_Alpha_36,Industrial Parts,Supplier_H,Kolkata WH,Central,2022-08-06,2022-08-21,Sea,Net 60,4841.95,469,469,548,104,20,20,2270874.55,1816699.64,In Stock,9,7,15
ORD-001144,SKU-07667,Product_Alpha_19,Pharmaceuticals,Supplier_H,Kolkata WH,West,2022-08-07,2022-08-27,Rail,Immediate,2269.89,400,400,853,129,15,10,907956.0,817160.4,In Stock,8,1,20
ORD-001145,SKU-03322,Product_Zeta_26,Electronics,Supplier_K,Bangalore WH,West,2022-08-07,2022-08-16,Sea,Net 60,4729.12,252,252,894,185,29,0,1191738.24,1191738.24,In Stock,3,11,9
ORD-001146,SKU-05090,Product_Beta_40,Apparel,Supplier_I,Hyderabad WH,North,2022-08-07,2022-09-05,Road,Net 15,3387.33,374,374,506,191,5,0,1266861.42,1266861.42,In Stock,1,14,29
ORD-001147,SKU-07960,Product_Zeta_15,Electronics,Supplier_H,Kolkata WH,East,2022-08-07,2022-08-31,Sea,Immediate,1514.92,400,469,407,164,39,10,605968.0,545371.2,In Stock,2,2,24
ORD-001148,SKU-04004,Product_Alpha_30,FMCG,Supplier_D,Bangalore WH,West,2022-08-07,2022-08-10,Sea,Net 15,949.63,35,35,270,50,40,15,33237.05,28251.49,In Stock,2,1,3
ORD-001149,SKU-06136,Product_Zeta_30,Furniture,Supplier_F,Chennai WH,East,2022-08-08,2022-08-20,Sea,Immediate,1525.64,401,401,523,184,7,10,611781.64,550603.48,In Stock,1,13,12
ORD-001150,SKU-01329,Product_Zeta_40,Pharmaceuticals,Supplier_I,Bangalore WH,West,2022-08-08,2022-09-04,Rail,Net 60,474.16,201,201,493,158,8,5,95306.16,90540.85,In Stock,8,14,27
ORD-001151,SKU-04640,Product_Beta_22,Industrial Parts,Supplier_F,Chennai WH,South,2022-08-08,2022-08-19,Rail,Immediate,727.9,249,249,606,152,32,0,181247.1,181247.1,In Stock,3,6,11
ORD-001152,SKU-08982,Product_Alpha_30,Pharmaceuticals,Supplier_L,Kolkata WH,South,2022-08-08,2022-08-14,Air,Net 30,532.26,99,99,447,83,36,20,52693.74,42154.99,In Stock,2,11,6
ORD-001153,SKU-05107,Product_Omega_38,FMCG,Supplier_G,Hyderabad WH,Central,2022-08-08,2022-08-12,Road,Net 60,2120.49,308,308,542,95,33,0,653110.92,653110.92,In Stock,9,1,4
ORD-001154,SKU-02341,Product_Delta_7,Electronics,Supplier_K,Hyderabad WH,Central,2022-08-08,2022-08-21,Air,Net 15,3979.94,477,477,948,150,37,0,1898431.38,1898431.38,In Stock,5,13,13
ORD-001155,SKU-09407,Product_Beta_1,Industrial Parts,Supplier_G,Hyderabad WH,North,2022-08-09,2022-08-22,Sea,Net 15,715.5,487,487,349,75,32,15,348448.5,296181.22,In Stock,7,4,13
ORD-001156,SKU-01338,Product_Beta_38,Apparel,Supplier_E,Bangalore WH,East,2022-08-09,2022-08-24,Rail,Net 60,660.3,466,466,744,82,43,20,307699.8,246159.84,In Stock,7,10,15
ORD-001157,SKU-06895,Product_Delta_37,Apparel,Supplier_G,Chennai WH,West,2022-08-09,2022-08-18,Sea,Immediate,3220.71,140,140,851,124,36,10,450899.4,405809.46,In Stock,9,14,9
ORD-001158,SKU-03708,Product_Gamma_41,Electronics,Supplier_L,Delhi WH,Central,2022-08-09,2022-09-05,Sea,Net 60,993.94,83,83,327,57,34,10,82497.02,74247.32,In Stock,5,9,27
ORD-001159,SKU-02750,Product_Sigma_23,Furniture,Supplier_E,Kolkata WH,East,2022-08-09,2022-08-22,Rail,Immediate,497.07,48,67,811,73,25,0,23859.36,23859.36,Discontinued,4,8,13
ORD-001160,SKU-06604,Product_Zeta_31,FMCG,Supplier_L,Bangalore WH,South,2022-08-09,2022-09-01,Air,Net 15,842.57,278,278,285,149,44,0,234234.46,234234.46,In Stock,6,7,23
ORD-001161,SKU-03421,Product_Kappa_12,Furniture,Supplier_B,Hyderabad WH,East,2022-08-09,2022-09-06,Air,Net 30,4619.42,379,379,34,21,32,0,1750760.18,1750760.18,In Stock,2,7,28
ORD-001162,SKU-08119,Product_Delta_9,Industrial Parts,Supplier_J,Chennai WH,West,2022-08-09,2022-08-25,Road,Immediate,4109.14,248,248,532,159,2,5,1019066.72,968113.38,In Stock,9,2,16
ORD-001163,SKU-09901,Product_Alpha_4,FMCG,Supplier_G,Kolkata WH,East,2022-08-10,2022-09-05,Rail,Net 60,1776.78,383,383,622,59,9,0,680506.74,680506.74,In Stock,1,12,26
ORD-001164,SKU-06319,Product_Gamma_20,Furniture,Supplier_L,Chennai WH,East,2022-08-10,2022-08-24,Rail,Net 15,3282.55,177,177,487,21,38,15,581011.35,493859.65,In Stock,7,12,14
ORD-001165,SKU-07609,Product_Zeta_33,FMCG,Supplier_C,Hyderabad WH,South,2022-08-11,2022-09-01,Road,Net 60,2691.01,52,124,830,124,29,0,139932.52,139932.52,In Stock,8,11,21
ORD-001166,SKU-06387,Product_Omega_20,Pharmaceuticals,Supplier_D,Bangalore WH,North,2022-08-11,2022-09-09,Road,Net 30,3388.85,79,79,859,144,38,5,267719.15,254333.19,In Stock,5,14,29
ORD-001167,SKU-04993,Product_Gamma_10,Apparel,Supplier_E,Hyderabad WH,South,2022-08-11,2022-09-06,Air,Immediate,3416.53,385,385,486,99,18,5,1315364.05,1249595.85,In Stock,3,13,26
ORD-001168,SKU-09680,Product_Kappa_20,Furniture,Supplier_K,Chennai WH,East,2022-08-11,2022-08-17,Road,Net 30,3147.38,322,322,144,66,22,10,1013456.36,912110.72,In Stock,5,0,6
ORD-001169,SKU-09044,Product_Omega_19,Industrial Parts,Supplier_C,Mumbai WH,Central,2022-08-11,2022-08-15,Sea,Immediate,1337.85,64,64,523,183,35,0,85622.4,85622.4,In Stock,6,1,4
ORD-001170,SKU-09238,Product_Omega_1,Furniture,Supplier_B,Kolkata WH,East,2022-08-12,2022-08-17,Road,Net 60,204.64,8,8,755,151,15,15,1637.12,1391.55,In Stock,7,6,5
ORD-001171,SKU-05873,Product_Gamma_4,Pharmaceuticals,Supplier_J,Hyderabad WH,East,2022-08-12,2022-09-04,Sea,Net 30,2283.28,214,214,145,171,7,5,488621.92,464190.82,Low Stock,2,3,23
ORD-001172,SKU-05806,Product_Delta_33,Pharmaceuticals,Supplier_C,Mumbai WH,North,2022-08-12,2022-09-05,Road,Net 15,4455.96,25,25,750,110,13,10,111399.0,100259.1,In Stock,5,12,24
ORD-001173,SKU-09592,Product_Alpha_28,Pharmaceuticals,Supplier_L,Delhi WH,North,2022-08-12,2022-08-14,Air,Net 60,2851.79,450,450,502,120,42,10,1283305.5,1154974.95,In Stock,9,9,2
ORD-001174,SKU-06913,Product_Omega_13,FMCG,Supplier_G,Hyderabad WH,South,2022-08-12,2022-09-09,Road,Net 60,4163.63,256,256,603,149,36,0,1065889.28,1065889.28,In Stock,5,4,28
ORD-001175,SKU-08124,Product_Delta_41,Electronics,Supplier_C,Chennai WH,South,2022-08-12,2022-08-18,Road,Immediate,4958.21,243,243,827,34,16,10,1204845.03,1084360.53,In Stock,9,12,6
ORD-001176,SKU-04157,Product_Delta_5,Industrial Parts,Supplier_C,Mumbai WH,Central,2022-08-12,2022-08-16,Sea,Net 15,826.44,457,457,834,68,41,5,377683.08,358798.93,In Stock,6,0,4
ORD-001177,SKU-01390,Product_Omega_13,Industrial Parts,Supplier_B,Mumbai WH,West,2022-08-13,2022-08-27,Rail,Net 30,3461.97,457,457,626,131,21,15,1582120.29,1344802.25,In Stock,3,10,14
ORD-001178,SKU-05430,Product_Kappa_45,Pharmaceuticals,Supplier_D,Chennai WH,South,2022-08-13,2022-09-12,Rail,Net 30,3374.72,461,461,526,54,28,15,1555745.92,1322384.03,In Stock,5,1,30
ORD-001179,SKU-09820,Product_Kappa_39,Apparel,Supplier_C,Delhi WH,East,2022-08-13,2022-09-01,Road,Net 15,4899.98,198,198,271,135,10,0,970196.04,970196.04,In Stock,1,8,19
ORD-001180,SKU-08686,Product_Omega_38,Apparel,Supplier_A,Delhi WH,North,2022-08-13,2022-08-29,Rail,Net 15,4928.15,94,94,533,113,19,0,463246.1,463246.1,In Stock,7,5,16
ORD-001181,SKU-05232,Product_Omega_40,FMCG,Supplier_E,Hyderabad WH,Central,2022-08-13,2022-09-08,Sea,Net 60,3436.53,207,207,629,194,17,0,711361.71,711361.71,In Stock,2,6,26
ORD-001182,SKU-09007,Product_Sigma_27,Electronics,Supplier_L,Delhi WH,West,2022-08-13,2022-09-01,Road,Net 15,1225.64,435,435,880,43,1,20,533153.4,426522.72,In Stock,8,12,19
ORD-001183,SKU-02521,Product_Omega_11,FMCG,Supplier_B,Hyderabad WH,West,2022-08-14,2022-09-05,Road,Net 60,3994.79,437,437,94,79,13,0,1745723.23,1745723.23,In Stock,7,4,22
ORD-001184,SKU-02500,Product_Beta_30,FMCG,Supplier_A,Mumbai WH,East,2022-08-14,2022-08-29,Air,Net 60,544.08,15,15,446,96,36,10,8161.2,7345.08,In Stock,5,8,15
ORD-001185,SKU-07737,Product_Alpha_32,Industrial Parts,Supplier_E,Chennai WH,West,2022-08-14,2022-08-20,Air,Net 15,3905.69,178,178,414,67,42,10,695212.82,625691.54,In Stock,9,13,6
ORD-001186,SKU-04294,Product_Delta_1,Apparel,Supplier_C,Delhi WH,West,2022-08-14,2022-09-03,Sea,Immediate,4551.88,455,455,256,170,20,10,2071105.4,1863994.86,In Stock,1,9,20
ORD-001187,SKU-06085,Product_Delta_45,Pharmaceuticals,Supplier_J,Chennai WH,East,2022-08-14,2022-08-27,Rail,Net 60,1920.34,378,378,842,159,41,0,725888.52,725888.52,In Stock,7,4,13
ORD-001188,SKU-03419,Product_Delta_30,FMCG,Supplier_E,Chennai WH,North,2022-08-15,2022-09-09,Air,Net 60,3156.87,75,75,261,60,40,0,236765.25,236765.25,In Stock,5,5,25
ORD-001189,SKU-04042,Product_Delta_16,Industrial Parts,Supplier_I,Mumbai WH,South,2022-08-15,2022-08-27,Sea,Net 30,2156.41,104,104,86,176,6,5,224266.64,213053.31,Low Stock,0,9,12
ORD-001190,SKU-05497,Product_Kappa_48,Apparel,Supplier_D,Delhi WH,North,2022-08-15,2022-09-04,Road,Immediate,2194.45,294,294,904,198,23,0,645168.3,645168.3,In Stock,5,8,20
ORD-001191,SKU-02466,Product_Omega_48,Industrial Parts,Supplier_B,Delhi WH,South,2022-08-15,2022-08-16,Rail,Net 30,1558.75,168,432,435,147,42,0,261870.0,261870.0,In Stock,4,4,1
ORD-001192,SKU-04561,Product_Zeta_14,Pharmaceuticals,Supplier_E,Chennai WH,East,2022-08-15,2022-09-12,Air,Net 30,3813.03,450,450,975,170,24,0,1715863.5,1715863.5,In Stock,5,3,28
ORD-001193,SKU-01614,Product_Zeta_12,Electronics,Supplier_L,Bangalore WH,North,2022-08-15,2022-09-06,Sea,Net 15,4681.52,115,115,829,50,5,5,538374.8,511456.06,In Stock,0,11,22
ORD-001194,SKU-06392,Product_Alpha_24,Furniture,Supplier_H,Bangalore WH,Central,2022-08-15,2022-09-13,Rail,Net 30,4704.35,496,496,569,168,32,0,2333357.6,2333357.6,In Stock,3,4,29
ORD-001195,SKU-08693,Product_Alpha_5,Electronics,Supplier_I,Bangalore WH,South,2022-08-15,2022-09-11,Road,Net 15,882.16,39,39,741,43,17,0,34404.24,34404.24,In Stock,6,10,27
ORD-001196,SKU-04223,Product_Omega_2,Electronics,Supplier_J,Kolkata WH,North,2022-08-16,2022-09-09,Road,Net 30,4374.97,458,458,107,28,11,0,2003736.26,2003736.26,In Stock,4,12,24
ORD-001197,SKU-08138,Product_Beta_10,Pharmaceuticals,Supplier_L,Chennai WH,South,2022-08-16,2022-09-14,Rail,Net 60,3689.78,364,364,18,169,27,0,1343079.92,1343079.92,Low Stock,5,4,29
ORD-001198,SKU-03667,Product_Sigma_29,Apparel,Supplier_B,Kolkata WH,East,2022-08-16,2022-08-21,Sea,Net 60,1271.66,273,273,364,151,4,5,347163.18,329805.02,In Stock,1,4,5
ORD-001199,SKU-08980,Product_Delta_41,Apparel,Supplier_B,Hyderabad WH,Central,2022-08-17,2022-09-02,Sea,Net 60,345.75,135,135,652,96,23,0,46676.25,46676.25,In Stock,7,0,16
ORD-001200,SKU-01130,Product_Omega_3,Industrial Parts,Supplier_H,Chennai WH,East,2022-08-17,2022-09-16,Sea,Net 30,1347.31,374,374,378,150,23,10,503893.94,453504.55,In Stock,9,4,30
ORD-001201,SKU-03983,Product_Alpha_13,Electronics,Supplier_J,Bangalore WH,South,2022-08-17,2022-09-02,Rail,Immediate,4561.92,232,232,159,139,34,0,1058365.44,1058365.44,Reorder Pending,3,4,16
ORD-001202,SKU-05278,Product_Delta_19,Apparel,Supplier_H,Bangalore WH,East,2022-08-17,2022-08-21,Air,Immediate,3169.56,39,39,99,175,21,20,123612.84,98890.27,Low Stock,5,0,4
ORD-001203,SKU-08126,Product_Gamma_15,Industrial Parts,Supplier_C,Chennai WH,West,2022-08-18,2022-09-16,Road,Immediate,3608.06,452,452,264,109,22,0,1630843.12,1630843.12,In Stock,2,12,29
ORD-001204,SKU-09230,Product_Sigma_47,Industrial Parts,Supplier_G,Kolkata WH,East,2022-08-18,2022-09-01,Rail,Net 30,1293.19,291,291,749,136,1,20,376318.29,301054.63,In Stock,8,3,14
ORD-001205,SKU-08694,Product_Gamma_22,Pharmaceuticals,Supplier_J,Hyderabad WH,Central,2022-08-18,2022-09-02,Road,Immediate,3599.75,307,307,749,129,32,15,1105123.25,939354.76,In Stock,7,7,15
ORD-001206,SKU-07640,Product_Delta_12,Furniture,Supplier_J,Chennai WH,North,2022-08-18,2022-08-20,Sea,Net 60,150.33,47,47,48,140,28,10,7065.51,6358.96,Low Stock,5,3,2
ORD-001207,SKU-06468,Product_Delta_2,Electronics,Supplier_J,Bangalore WH,East,2022-08-18,2022-08-21,Air,Net 15,1882.85,36,301,676,117,18,20,67782.6,54226.08,In Stock,8,6,3
ORD-001208,SKU-01920,Product_Gamma_17,Electronics,Supplier_J,Bangalore WH,South,2022-08-19,2022-08-28,Air,Net 15,3137.5,320,320,798,34,7,0,1004000.0,1004000.0,In Stock,9,5,9
ORD-001209,SKU-08564,Product_Beta_2,Furniture,Supplier_E,Bangalore WH,Central,2022-08-19,2022-09-09,Rail,Net 30,739.02,95,95,414,155,38,0,70206.9,70206.9,In Stock,8,14,21
ORD-001210,SKU-09684,Product_Gamma_25,Pharmaceuticals,Supplier_J,Chennai WH,Central,2022-08-19,2022-08-30,Road,Net 60,4116.79,473,473,58,195,6,0,1947241.67,1947241.67,Low Stock,1,14,11
ORD-001211,SKU-09502,Product_Beta_22,Industrial Parts,Supplier_L,Bangalore WH,Central,2022-08-19,2022-08-20,Sea,Net 30,1182.81,361,361,182,71,14,0,426994.41,426994.41,In Stock,8,4,1
ORD-001212,SKU-09930,Product_Delta_20,Furniture,Supplier_I,Delhi WH,East,2022-08-19,2022-09-11,Sea,Net 60,3264.88,13,13,658,74,30,0,42443.44,42443.44,In Stock,7,8,23
ORD-001213,SKU-04241,Product_Kappa_16,Apparel,Supplier_B,Mumbai WH,South,2022-08-19,2022-09-16,Road,Net 30,2031.93,146,146,446,56,44,5,296661.78,281828.69,In Stock,1,12,28
ORD-001214,SKU-01545,Product_Omega_24,Apparel,Supplier_K,Bangalore WH,North,2022-08-19,2022-09-10,Road,Net 60,2984.26,405,405,897,151,14,0,1208625.3,1208625.3,In Stock,8,7,22
ORD-001215,SKU-05346,Product_Gamma_34,Furniture,Supplier_C,Chennai WH,West,2022-08-19,2022-09-05,Road,Net 15,546.18,368,368,300,74,44,0,200994.24,200994.24,In Stock,4,4,17
ORD-001216,SKU-04810,Product_Zeta_46,Apparel,Supplier_I,Chennai WH,Central,2022-08-20,2022-09-14,Sea,Net 30,94.39,65,65,607,31,41,0,6135.35,6135.35,In Stock,8,13,25
ORD-001217,SKU-08206,Product_Beta_8,Apparel,Supplier_L,Bangalore WH,Central,2022-08-20,2022-09-13,Sea,Net 60,4548.73,228,228,554,166,9,10,1037110.44,933399.4,In Stock,2,9,24
ORD-001218,SKU-03032,Product_Gamma_9,FMCG,Supplier_D,Delhi WH,East,2022-08-20,2022-09-08,Road,Net 30,1355.45,242,242,353,56,31,20,328018.9,262415.12,In Stock,3,6,19
ORD-001219,SKU-09436,Product_Delta_13,Electronics,Supplier_B,Delhi WH,East,2022-08-20,2022-09-13,Road,Net 30,4100.19,8,8,768,26,2,5,32801.52,31161.44,In Stock,0,13,24
ORD-001220,SKU-01271,Product_Zeta_45,Electronics,Supplier_L,Delhi WH,Central,2022-08-20,2022-09-08,Rail,Net 60,4996.76,304,92,212,74,18,5,1519015.04,1443064.29,In Stock,4,10,19
ORD-001221,SKU-04511,Product_Omega_21,FMCG,Supplier_I,Chennai WH,Central,2022-08-20,2022-08-28,Road,Net 15,1065.04,341,341,188,47,5,0,363178.64,363178.64,In Stock,6,8,8
ORD-001222,SKU-02771,Product_Zeta_41,Electronics,Supplier_A,Hyderabad WH,North,2022-08-20,2022-09-11,Road,Net 15,1333.2,43,19,642,56,26,10,57327.6,51594.84,In Stock,6,6,22
ORD-001223,SKU-05361,Product_Delta_3,Pharmaceuticals,Supplier_A,Chennai WH,Central,2022-08-21,2022-09-18,Rail,Net 15,3317.67,244,244,346,94,23,0,809511.48,809511.48,Reorder Pending,5,2,28
ORD-001224,SKU-08069,Product_Delta_35,Industrial Parts,Supplier_D,Bangalore WH,Central,2022-08-21,2022-09-01,Sea,Net 15,4827.59,181,181,811,133,12,20,873793.79,699035.03,In Stock,5,9,11
ORD-001225,SKU-01920,Product_Sigma_10,Electronics,Supplier_G,Hyderabad WH,East,2022-08-22,2022-09-08,Road,Net 15,4579.91,85,85,902,186,14,5,389292.35,369827.73,Reorder Pending,7,10,17
ORD-001226,SKU-09190,Product_Omega_16,FMCG,Supplier_G,Chennai WH,North,2022-08-22,2022-09-08,Road,Net 15,2519.35,155,155,800,125,13,0,390499.25,390499.25,In Stock,9,4,17
ORD-001227,SKU-04430,Product_Alpha_41,Furniture,Supplier_G,Hyderabad WH,South,2022-08-22,2022-09-14,Sea,Net 15,3977.6,275,275,136,170,35,20,1093840.0,875072.0,Low Stock,8,11,23
ORD-001228,SKU-05435,Product_Sigma_9,Pharmaceuticals,Supplier_A,Mumbai WH,Central,2022-08-22,2022-09-14,Road,Net 60,687.37,23,23,29,199,15,20,15809.51,12647.61,Low Stock,3,8,23
ORD-001229,SKU-04760,Product_Kappa_14,Industrial Parts,Supplier_L,Bangalore WH,West,2022-08-22,2022-09-11,Road,Net 15,4887.42,115,115,145,129,35,10,562053.3,505847.97,In Stock,3,8,20
ORD-001230,SKU-03050,Product_Beta_31,Apparel,Supplier_L,Kolkata WH,East,2022-08-22,2022-08-26,Sea,Immediate,4822.12,306,306,823,103,19,0,1475568.72,1475568.72,In Stock,7,7,4
ORD-001231,SKU-02165,Product_Beta_11,Electronics,Supplier_L,Delhi WH,East,2022-08-23,2022-09-06,Road,Net 15,827.01,435,435,985,30,15,10,359749.35,323774.41,In Stock,4,12,14
ORD-001232,SKU-09567,Product_Zeta_49,FMCG,Supplier_C,Bangalore WH,Central,2022-08-23,2022-09-14,Road,Net 15,1504.12,299,299,467,85,8,0,449731.88,449731.88,In Stock,9,5,22
ORD-001233,SKU-03033,Product_Omega_32,Apparel,Supplier_L,Delhi WH,North,2022-08-23,2022-09-16,Rail,Immediate,509.77,99,99,997,32,23,0,50467.23,50467.23,In Stock,8,14,24
ORD-001234,SKU-07467,Product_Kappa_12,Pharmaceuticals,Supplier_A,Chennai WH,West,2022-08-23,2022-08-31,Road,Immediate,1365.87,104,104,616,188,13,0,142050.48,142050.48,In Stock,5,6,8
ORD-001235,SKU-01145,Product_Omega_46,Electronics,Supplier_A,Chennai WH,West,2022-08-24,2022-09-09,Air,Immediate,4081.62,372,372,502,196,23,5,1518362.64,1442444.51,In Stock,8,6,16
ORD-001236,SKU-05388,Product_Omega_34,Electronics,Supplier_A,Bangalore WH,East,2022-08-24,2022-09-05,Air,Immediate,1897.79,51,51,798,34,31,10,96787.29,87108.56,In Stock,3,10,12
ORD-001237,SKU-08832,Product_Kappa_46,FMCG,Supplier_F,Bangalore WH,Central,2022-08-24,2022-09-15,Road,Immediate,451.1,362,362,967,75,30,0,163298.2,163298.2,In Stock,0,0,22
ORD-001238,SKU-09623,Product_Kappa_31,Pharmaceuticals,Supplier_D,Bangalore WH,South,2022-08-24,2022-09-15,Road,Net 30,1717.71,112,303,190,178,42,20,192383.52,153906.82,In Stock,3,7,22
ORD-001239,SKU-09896,Product_Sigma_38,Pharmaceuticals,Supplier_L,Delhi WH,South,2022-08-24,2022-09-14,Sea,Net 60,4907.1,453,453,470,72,2,0,2222916.3,2222916.3,In Stock,8,5,21
ORD-001240,SKU-09173,Product_Zeta_41,Furniture,Supplier_C,Mumbai WH,Central,2022-08-24,2022-09-06,Air,Immediate,3152.12,244,244,689,80,11,0,769117.28,769117.28,In Stock,6,6,13
ORD-001241,SKU-03632,Product_Alpha_14,Furniture,Supplier_I,Mumbai WH,South,2022-08-25,2022-08-30,Air,Net 30,2086.64,169,169,344,147,25,10,352642.16,317377.94,Discontinued,5,14,5
ORD-001242,SKU-05494,Product_Delta_13,Apparel,Supplier_F,Bangalore WH,North,2022-08-25,2022-09-21,Rail,Immediate,841.03,72,72,750,61,29,15,60554.16,51471.04,In Stock,1,9,27
ORD-001243,SKU-09056,Product_Kappa_16,Electronics,Supplier_D,Bangalore WH,Central,2022-08-25,2022-09-21,Road,Immediate,4931.02,139,139,0,48,22,20,685411.78,548329.42,Out of Stock,3,14,27
ORD-001244,SKU-08511,Product_Zeta_14,Industrial Parts,Supplier_I,Bangalore WH,South,2022-08-26,2022-09-13,Road,Net 60,4106.04,336,336,109,174,19,10,1379629.44,1241666.5,Low Stock,0,9,18
ORD-001245,SKU-02828,Product_Sigma_28,Furniture,Supplier_G,Delhi WH,East,2022-08-26,2022-09-24,Rail,Immediate,1414.57,231,231,849,63,9,0,326765.67,326765.67,In Stock,2,10,29
ORD-001246,SKU-05805,Product_Zeta_37,FMCG,Supplier_D,Hyderabad WH,Central,2022-08-26,2022-09-15,Air,Net 30,359.64,239,377,786,152,41,20,85953.96,68763.17,In Stock,1,1,20
ORD-001247,SKU-01806,Product_Gamma_24,Pharmaceuticals,Supplier_B,Hyderabad WH,Central,2022-08-26,2022-08-28,Road,Net 30,292.56,472,472,882,199,38,20,138088.32,110470.66,In Stock,3,6,2
ORD-001248,SKU-08486,Product_Sigma_36,Apparel,Supplier_A,Hyderabad WH,North,2022-08-26,2022-08-27,Sea,Net 30,610.69,253,253,893,132,29,0,154504.57,154504.57,In Stock,3,7,1
ORD-001249,SKU-09202,Product_Beta_9,Furniture,Supplier_F,Chennai WH,Central,2022-08-26,2022-09-16,Air,Net 60,2908.04,469,469,745,125,10,5,1363870.76,1295677.22,In Stock,8,11,21
ORD-001250,SKU-02868,Product_Beta_19,Furniture,Supplier_K,Bangalore WH,North,2022-08-27,2022-09-26,Rail,Net 15,4644.53,436,436,63,199,22,5,2025015.08,1923764.33,Low Stock,6,4,30
ORD-001251,SKU-08878,Product_Kappa_34,Furniture,Supplier_A,Delhi WH,North,2022-08-27,2022-09-02,Road,Net 60,2488.75,407,407,755,57,24,5,1012921.25,962275.19,In Stock,2,14,6
ORD-001252,SKU-06690,Product_Omega_15,Electronics,Supplier_F,Mumbai WH,South,2022-08-27,2022-09-13,Road,Immediate,4216.3,49,49,52,191,8,20,206598.7,165278.96,Low Stock,6,0,17
ORD-001253,SKU-08827,Product_Alpha_30,Industrial Parts,Supplier_C,Mumbai WH,Central,2022-08-27,2022-09-24,Road,Immediate,2234.97,422,422,261,134,6,0,943157.34,943157.34,In Stock,7,5,28
ORD-001254,SKU-06429,Product_Omega_28,Apparel,Supplier_E,Mumbai WH,North,2022-08-27,2022-09-12,Road,Net 60,3545.83,303,303,528,149,7,10,1074386.49,966947.84,In Stock,6,12,16
ORD-001255,SKU-04564,Product_Kappa_30,Industrial Parts,Supplier_D,Hyderabad WH,East,2022-08-28,2022-09-25,Air,Net 60,3662.04,72,72,301,128,20,0,263666.88,263666.88,In Stock,7,2,28
ORD-001256,SKU-02389,Product_Zeta_27,FMCG,Supplier_I,Chennai WH,West,2022-08-28,2022-09-13,Road,Net 30,878.08,263,122,967,103,17,5,230935.04,219388.29,In Stock,8,4,16
ORD-001257,SKU-08274,Product_Omega_32,Electronics,Supplier_D,Hyderabad WH,South,2022-08-28,2022-09-25,Rail,Net 60,1812.47,322,322,885,182,36,10,583615.34,525253.81,In Stock,0,8,28
ORD-001258,SKU-01824,Product_Omega_18,Electronics,Supplier_I,Chennai WH,East,2022-08-28,2022-09-03,Rail,Net 60,3190.14,222,222,233,65,8,0,708211.08,708211.08,In Stock,9,6,6
ORD-001259,SKU-03265,Product_Zeta_2,Pharmaceuticals,Supplier_L,Delhi WH,South,2022-08-28,2022-08-31,Sea,Net 60,362.78,77,77,72,111,13,0,27934.06,27934.06,Low Stock,5,7,3
ORD-001260,SKU-01936,Product_Gamma_29,Pharmaceuticals,Supplier_A,Hyderabad WH,Central,2022-08-28,2022-09-22,Air,Net 60,1814.09,62,436,356,124,24,20,112473.58,89978.86,In Stock,3,5,25
ORD-001261,SKU-07402,Product_Delta_17,Apparel,Supplier_F,Mumbai WH,South,2022-08-28,2022-09-13,Road,Net 30,2678.65,471,471,950,91,31,10,1261644.15,1135479.73,In Stock,0,8,16
ORD-001262,SKU-04845,Product_Beta_23,Pharmaceuticals,Supplier_I,Bangalore WH,East,2022-08-28,2022-09-08,Rail,Net 60,4981.16,157,157,602,158,23,5,782042.12,742940.01,In Stock,1,2,11
ORD-001263,SKU-02796,Product_Beta_19,FMCG,Supplier_L,Chennai WH,South,2022-08-29,2022-09-06,Sea,Immediate,2377.92,294,294,483,48,17,0,699108.48,699108.48,In Stock,9,0,8
ORD-001264,SKU-09245,Product_Beta_18,Electronics,Supplier_C,Delhi WH,North,2022-08-29,2022-09-09,Air,Net 30,4082.12,125,232,5,66,24,5,510265.0,484751.75,Low Stock,3,9,11
ORD-001265,SKU-08214,Product_Delta_7,Industrial Parts,Supplier_G,Kolkata WH,Central,2022-08-29,2022-09-07,Rail,Immediate,2166.02,229,303,709,130,43,10,496018.58,446416.72,In Stock,0,13,9
ORD-001266,SKU-01726,Product_Beta_5,Furniture,Supplier_J,Delhi WH,East,2022-08-29,2022-08-31,Sea,Immediate,3983.99,340,340,876,26,10,15,1354556.6,1151373.11,In Stock,5,13,2
ORD-001267,SKU-03736,Product_Omega_3,FMCG,Supplier_C,Chennai WH,Central,2022-08-29,2022-09-15,Road,Immediate,2981.12,161,161,707,136,31,0,479960.32,479960.32,Discontinued,0,12,17
ORD-001268,SKU-02913,Product_Delta_22,FMCG,Supplier_K,Delhi WH,West,2022-08-30,2022-09-07,Sea,Net 30,4434.11,29,29,981,83,20,10,128589.19,115730.27,In Stock,8,11,8
ORD-001269,SKU-08657,Product_Delta_44,Industrial Parts,Supplier_J,Mumbai WH,South,2022-08-30,2022-09-17,Air,Net 15,2060.6,114,114,807,101,16,0,234908.4,234908.4,In Stock,9,11,18
ORD-001270,SKU-03466,Product_Omega_17,Pharmaceuticals,Supplier_J,Chennai WH,North,2022-08-30,2022-09-20,Rail,Net 30,3025.48,79,79,858,83,14,0,239012.92,239012.92,In Stock,2,11,21
ORD-001271,SKU-08312,Product_Sigma_48,Furniture,Supplier_A,Mumbai WH,Central,2022-08-30,2022-09-12,Air,Net 60,3153.79,23,23,996,111,3,5,72537.17,68910.31,In Stock,0,10,13
ORD-001272,SKU-09194,Product_Sigma_13,Apparel,Supplier_A,Delhi WH,North,2022-08-30,2022-09-12,Sea,Net 15,2092.74,106,106,833,31,30,0,221830.44,221830.44,In Stock,5,3,13
ORD-001273,SKU-08906,Product_Gamma_49,Electronics,Supplier_H,Hyderabad WH,South,2022-08-30,2022-09-26,Sea,Immediate,730.12,131,131,136,31,18,0,95645.72,95645.72,In Stock,5,7,27
ORD-001274,SKU-05876,Product_Sigma_1,Furniture,Supplier_G,Bangalore WH,North,2022-08-31,2022-09-08,Sea,Net 30,476.86,357,357,778,55,6,10,170239.02,153215.12,Reorder Pending,6,5,8
ORD-001275,SKU-08287,Product_Sigma_19,Electronics,Supplier_I,Bangalore WH,Central,2022-08-31,2022-09-03,Air,Net 15,93.19,477,477,403,48,20,5,44451.63,42229.05,In Stock,6,6,3
ORD-001276,SKU-01892,Product_Omega_26,Furniture,Supplier_L,Mumbai WH,East,2022-08-31,2022-09-15,Sea,Net 60,4368.94,173,173,627,158,35,10,755826.62,680243.96,In Stock,9,13,15
ORD-001277,SKU-05675,Product_Zeta_38,Pharmaceuticals,Supplier_G,Mumbai WH,South,2022-08-31,2022-09-15,Rail,Net 15,1190.01,264,264,554,104,19,10,314162.64,282746.38,In Stock,3,12,15
ORD-001278,SKU-02933,Product_Alpha_31,Electronics,Supplier_C,Hyderabad WH,West,2022-08-31,2022-09-26,Rail,Net 30,1065.42,342,360,742,93,26,10,364373.64,327936.28,In Stock,4,8,26
ORD-001279,SKU-02380,Product_Gamma_26,Furniture,Supplier_H,Kolkata WH,South,2022-08-31,2022-09-19,Rail,Net 15,3682.82,373,373,569,66,35,0,1373691.86,1373691.86,In Stock,2,1,19
ORD-001280,SKU-02290,Product_Delta_15,FMCG,Supplier_G,Chennai WH,East,2022-08-31,2022-09-15,Rail,Net 15,1606.88,285,285,205,180,12,0,457960.8,457960.8,In Stock,5,6,15
ORD-001281,SKU-02640,Product_Delta_31,Apparel,Supplier_D,Delhi WH,North,2022-09-01,2022-09-04,Rail,Immediate,2535.16,2,2,409,100,8,10,5070.32,4563.29,In Stock,6,11,3
ORD-001282,SKU-08490,Product_Delta_34,Apparel,Supplier_D,Mumbai WH,North,2022-09-01,2022-09-29,Road,Net 30,820.93,233,323,805,140,37,0,191276.69,191276.69,In Stock,8,3,28
ORD-001283,SKU-02218,Product_Kappa_47,Apparel,Supplier_C,Delhi WH,East,2022-09-01,2022-09-17,Air,Immediate,4799.13,369,369,605,62,10,15,1770878.97,1505247.12,In Stock,8,6,16
ORD-001284,SKU-06016,Product_Kappa_22,Apparel,Supplier_I,Kolkata WH,West,2022-09-01,2022-09-16,Rail,Net 30,4259.39,251,251,35,165,21,5,1069106.89,1015651.55,Low Stock,4,7,15
ORD-001285,SKU-07881,Product_Beta_21,Furniture,Supplier_D,Bangalore WH,North,2022-09-01,2022-09-12,Sea,Immediate,4320.31,434,434,229,93,41,0,1875014.54,1875014.54,In Stock,3,11,11
ORD-001286,SKU-01954,Product_Delta_28,Electronics,Supplier_I,Kolkata WH,South,2022-09-02,2022-09-06,Road,Immediate,2039.8,493,493,226,72,42,10,1005621.4,905059.26,In Stock,6,1,4
ORD-001287,SKU-08291,Product_Zeta_14,Furniture,Supplier_J,Delhi WH,South,2022-09-02,2022-09-18,Sea,Net 15,3814.18,321,321,694,58,29,20,1224351.78,979481.42,In Stock,2,12,16
ORD-001288,SKU-01974,Product_Kappa_29,Apparel,Supplier_G,Hyderabad WH,North,2022-09-02,2022-09-26,Road,Net 15,727.94,108,108,261,126,31,0,78617.52,78617.52,Reorder Pending,3,14,24
ORD-001289,SKU-05133,Product_Alpha_24,Apparel,Supplier_K,Hyderabad WH,East,2022-09-02,2022-09-23,Sea,Net 60,53.01,276,276,130,181,40,0,14630.76,14630.76,Low Stock,8,6,21
ORD-001290,SKU-06370,Product_Gamma_37,Apparel,Supplier_D,Kolkata WH,East,2022-09-02,2022-09-03,Rail,Net 30,109.66,180,180,576,56,7,15,19738.8,16777.98,In Stock,4,7,1
ORD-001291,SKU-04972,Product_Gamma_20,Apparel,Supplier_D,Hyderabad WH,East,2022-09-02,2022-09-06,Air,Net 15,2937.14,213,213,891,188,34,0,625610.82,625610.82,In Stock,9,11,4
ORD-001292,SKU-06295,Product_Alpha_32,Apparel,Supplier_H,Mumbai WH,South,2022-09-02,2022-09-15,Rail,Immediate,2282.42,293,293,447,116,34,0,668749.06,668749.06,In Stock,6,0,13
ORD-001293,SKU-09228,Product_Omega_22,FMCG,Supplier_G,Delhi WH,North,2022-09-02,2022-09-16,Road,Net 60,2594.9,72,72,185,68,30,0,186832.8,186832.8,In Stock,1,10,14
ORD-001294,SKU-04020,Product_Delta_27,Industrial Parts,Supplier_L,Hyderabad WH,North,2022-09-03,2022-09-05,Road,Immediate,47.24,283,283,628,147,4,5,13368.92,12700.47,In Stock,8,9,2
ORD-001295,SKU-09987,Product_Zeta_44,Electronics,Supplier_B,Bangalore WH,East,2022-09-03,2022-09-21,Sea,Net 60,2119.21,175,175,185,29,41,5,370861.75,352318.66,In Stock,4,4,18
ORD-001296,SKU-05036,Product_Zeta_49,Furniture,Supplier_I,Kolkata WH,South,2022-09-03,2022-09-21,Road,Net 15,3593.16,123,123,273,59,30,5,441958.68,419860.75,In Stock,4,13,18
ORD-001297,SKU-06068,Product_Sigma_21,Industrial Parts,Supplier_F,Delhi WH,North,2022-09-03,2022-09-04,Sea,Net 15,2219.04,227,227,662,165,25,20,503722.08,402977.66,In Stock,3,8,1
ORD-001298,SKU-06233,Product_Alpha_37,Apparel,Supplier_K,Mumbai WH,South,2022-09-03,2022-09-30,Rail,Net 60,3663.77,390,390,351,172,14,10,1428870.3,1285983.27,In Stock,7,1,27
ORD-001299,SKU-01317,Product_Alpha_9,Pharmaceuticals,Supplier_B,Bangalore WH,North,2022-09-03,2022-09-06,Road,Net 30,1172.76,444,444,412,125,24,20,520705.44,416564.35,In Stock,3,5,3
ORD-001300,SKU-03396,Product_Gamma_22,Apparel,Supplier_K,Kolkata WH,East,2022-09-04,2022-09-30,Rail,Net 60,4067.58,301,301,150,60,43,5,1224341.58,1163124.5,In Stock,1,1,26
ORD-001301,SKU-03162,Product_Zeta_25,Electronics,Supplier_I,Hyderabad WH,East,2022-09-04,2022-09-24,Road,Immediate,2946.27,428,428,383,183,31,0,1261003.56,1261003.56,In Stock,4,2,20
ORD-001302,SKU-03745,Product_Delta_26,Electronics,Supplier_G,Delhi WH,North,2022-09-04,2022-09-24,Road,Net 30,1061.71,83,83,35,21,39,20,88121.93,70497.54,In Stock,2,10,20
ORD-001303,SKU-02591,Product_Beta_35,Furniture,Supplier_C,Hyderabad WH,West,2022-09-04,2022-09-25,Air,Net 15,1191.24,253,253,325,196,28,0,301383.72,301383.72,In Stock,3,13,21
ORD-001304,SKU-07183,Product_Zeta_13,Furniture,Supplier_G,Chennai WH,West,2022-09-04,2022-09-14,Road,Immediate,3143.87,146,146,464,72,25,10,459005.02,413104.52,In Stock,2,5,10
ORD-001305,SKU-04930,Product_Kappa_7,Apparel,Supplier_H,Kolkata WH,Central,2022-09-04,2022-10-03,Sea,Net 15,4151.4,120,120,465,166,19,0,498168.0,498168.0,In Stock,6,4,29
ORD-001306,SKU-02312,Product_Omega_37,FMCG,Supplier_B,Delhi WH,North,2022-09-04,2022-09-21,Sea,Net 60,2083.98,65,65,94,45,4,10,135458.7,121912.83,In Stock,5,3,17
ORD-001307,SKU-05311,Product_Kappa_41,Furniture,Supplier_D,Hyderabad WH,North,2022-09-04,2022-09-22,Road,Immediate,1298.92,281,281,133,73,34,20,364996.52,291997.22,In Stock,1,6,18
ORD-001308,SKU-08314,Product_Sigma_6,FMCG,Supplier_G,Chennai WH,North,2022-09-04,2022-09-11,Road,Net 60,4336.39,283,283,161,70,32,0,1227198.37,1227198.37,In Stock,7,13,7
ORD-001309,SKU-03383,Product_Gamma_7,Furniture,Supplier_I,Hyderabad WH,Central,2022-09-04,2022-09-25,Air,Net 30,3349.65,391,391,555,172,25,0,1309713.15,1309713.15,In Stock,4,2,21
ORD-001310,SKU-04239,Product_Gamma_3,Industrial Parts,Supplier_E,Chennai WH,West,2022-09-04,2022-09-26,Rail,Net 60,2245.95,428,428,299,133,22,0,961266.6,961266.6,In Stock,5,12,22
ORD-001311,SKU-03139,Product_Kappa_2,Apparel,Supplier_B,Hyderabad WH,East,2022-09-05,2022-09-20,Air,Net 60,2444.62,106,106,794,36,28,5,259129.72,246173.23,In Stock,7,9,15
ORD-001312,SKU-02704,Product_Gamma_13,Furniture,Supplier_A,Chennai WH,Central,2022-09-05,2022-09-16,Road,Immediate,1029.24,413,413,355,139,18,0,425076.12,425076.12,In Stock,6,6,11
ORD-001313,SKU-07924,Product_Beta_25,Electronics,Supplier_B,Mumbai WH,Central,2022-09-05,2022-09-17,Road,Net 60,3137.75,479,479,239,65,7,10,1502982.25,1352684.02,In Stock,2,11,12
ORD-001314,SKU-01362,Product_Sigma_14,Apparel,Supplier_D,Bangalore WH,East,2022-09-05,2022-10-02,Air,Net 15,1800.13,300,300,563,74,11,0,540039.0,540039.0,In Stock,1,8,27
ORD-001315,SKU-03604,Product_Delta_19,Industrial Parts,Supplier_C,Bangalore WH,East,2022-09-06,2022-09-08,Rail,Net 15,4978.27,107,107,937,69,42,0,532674.89,532674.89,In Stock,2,1,2
ORD-001316,SKU-05286,Product_Beta_30,Industrial Parts,Supplier_K,Mumbai WH,East,2022-09-06,2022-10-03,Sea,Net 30,2406.12,36,36,792,94,11,5,86620.32,82289.3,In Stock,7,14,27
ORD-001317,SKU-04738,Product_Alpha_24,Electronics,Supplier_I,Hyderabad WH,West,2022-09-06,2022-09-14,Rail,Net 60,2434.57,147,147,585,30,9,5,357881.79,339987.7,Reorder Pending,3,4,8
ORD-001318,SKU-03469,Product_Alpha_11,Apparel,Supplier_C,Bangalore WH,West,2022-09-06,2022-10-04,Rail,Immediate,2833.6,262,262,806,159,35,0,742403.2,742403.2,In Stock,7,0,28
ORD-001319,SKU-05795,Product_Omega_27,FMCG,Supplier_D,Delhi WH,West,2022-09-06,2022-09-21,Air,Net 60,4584.61,409,409,749,187,37,10,1875105.49,1687594.94,In Stock,3,6,15
ORD-001320,SKU-07150,Product_Zeta_11,Electronics,Supplier_D,Mumbai WH,South,2022-09-06,2022-09-17,Air,Immediate,4006.08,159,159,166,67,23,15,636966.72,541421.71,In Stock,6,1,11
ORD-001321,SKU-01556,Product_Beta_9,Pharmaceuticals,Supplier_L,Bangalore WH,East,2022-09-06,2022-09-24,Road,Net 30,2261.14,265,265,139,140,33,0,599202.1,599202.1,Low Stock,5,10,18
ORD-001322,SKU-03808,Product_Zeta_31,Apparel,Supplier_J,Chennai WH,East,2022-09-06,2022-10-01,Rail,Immediate,3596.31,468,433,138,75,1,0,1683073.08,1683073.08,In Stock,9,4,25
ORD-001323,SKU-06150,Product_Beta_25,Furniture,Supplier_C,Hyderabad WH,East,2022-09-06,2022-09-26,Air,Immediate,2935.32,202,202,880,27,20,10,592934.64,533641.18,In Stock,0,0,20
ORD-001324,SKU-08561,Product_Delta_9,Industrial Parts,Supplier_B,Bangalore WH,North,2022-09-07,2022-09-27,Sea,Net 30,2466.91,421,421,234,33,5,0,1038569.11,1038569.11,In Stock,7,13,20
ORD-001325,SKU-03719,Product_Delta_20,Electronics,Supplier_K,Hyderabad WH,Central,2022-09-07,2022-09-23,Sea,Net 15,969.66,155,155,2,133,29,0,150297.3,150297.3,Low Stock,5,10,16
ORD-001326,SKU-07506,Product_Zeta_46,Electronics,Supplier_I,Delhi WH,South,2022-09-07,2022-09-30,Sea,Immediate,2325.04,13,13,255,73,26,10,30225.52,27202.97,In Stock,1,13,23
ORD-001327,SKU-04741,Product_Kappa_11,Apparel,Supplier_I,Bangalore WH,Central,2022-09-07,2022-09-29,Sea,Net 30,1236.63,297,297,370,36,38,0,367279.11,367279.11,In Stock,4,13,22
ORD-001328,SKU-04998,Product_Sigma_38,Apparel,Supplier_L,Bangalore WH,Central,2022-09-07,2022-09-19,Air,Immediate,4575.06,384,384,277,192,3,0,1756823.04,1756823.04,Reorder Pending,1,0,12
ORD-001329,SKU-03403,Product_Delta_33,Electronics,Supplier_D,Delhi WH,North,2022-09-07,2022-09-30,Sea,Immediate,1683.68,322,322,515,152,21,20,542144.96,433715.97,In Stock,9,3,23
ORD-001330,SKU-09780,Product_Kappa_18,Apparel,Supplier_F,Chennai WH,South,2022-09-07,2022-09-22,Sea,Net 15,4761.8,498,498,903,150,13,0,2371376.4,2371376.4,In Stock,6,6,15
ORD-001331,SKU-01294,Product_Delta_1,Industrial Parts,Supplier_C,Mumbai WH,West,2022-09-07,2022-09-11,Road,Immediate,2669.95,85,85,781,28,31,20,226945.75,181556.6,In Stock,9,6,4
ORD-001332,SKU-06343,Product_Gamma_29,Electronics,Supplier_H,Bangalore WH,Central,2022-09-08,2022-09-12,Rail,Immediate,3161.41,481,481,211,141,17,0,1520638.21,1520638.21,Discontinued,5,7,4
ORD-001333,SKU-02136,Product_Beta_26,Industrial Parts,Supplier_L,Chennai WH,Central,2022-09-08,2022-10-03,Sea,Net 15,2719.27,280,280,215,133,35,15,761395.6,647186.26,In Stock,6,11,25
ORD-001334,SKU-03064,Product_Delta_34,Apparel,Supplier_J,Kolkata WH,East,2022-09-08,2022-09-30,Sea,Immediate,655.61,245,245,269,39,23,5,160624.45,152593.23,In Stock,5,12,22
ORD-001335,SKU-08009,Product_Omega_37,Furniture,Supplier_L,Chennai WH,East,2022-09-08,2022-09-16,Sea,Immediate,1885.35,300,300,475,102,3,0,565605.0,565605.0,In Stock,9,8,8
ORD-001336,SKU-05543,Product_Kappa_30,Apparel,Supplier_B,Bangalore WH,South,2022-09-08,2022-09-09,Air,Net 60,504.74,362,362,527,40,2,10,182715.88,164444.29,In Stock,0,14,1
ORD-001337,SKU-02007,Product_Kappa_37,FMCG,Supplier_I,Hyderabad WH,North,2022-09-08,2022-09-19,Rail,Net 60,3118.54,354,354,927,52,3,15,1103963.16,938368.69,In Stock,2,3,11
ORD-001338,SKU-06445,Product_Alpha_48,Furniture,Supplier_H,Delhi WH,West,2022-09-08,2022-09-20,Sea,Net 30,2239.9,316,316,63,152,20,0,707808.4,707808.4,Low Stock,9,1,12
ORD-001339,SKU-06352,Product_Beta_19,Pharmaceuticals,Supplier_F,Hyderabad WH,East,2022-09-08,2022-10-05,Road,Net 30,3892.15,9,9,750,171,44,10,35029.35,31526.42,In Stock,1,9,27
ORD-001340,SKU-02435,Product_Kappa_23,Furniture,Supplier_L,Bangalore WH,North,2022-09-08,2022-09-29,Road,Immediate,1110.15,386,386,459,45,9,5,428517.9,407092.0,In Stock,0,11,21
ORD-001341,SKU-01571,Product_Sigma_26,Pharmaceuticals,Supplier_L,Chennai WH,Central,2022-09-09,2022-10-05,Rail,Net 30,831.18,247,307,15,127,4,10,205301.46,184771.31,Low Stock,0,14,26
ORD-001342,SKU-03382,Product_Gamma_27,Furniture,Supplier_L,Kolkata WH,North,2022-09-09,2022-09-19,Air,Immediate,2037.6,312,118,563,108,25,10,635731.2,572158.08,In Stock,3,13,10
ORD-001343,SKU-06084,Product_Delta_12,Pharmaceuticals,Supplier_A,Kolkata WH,North,2022-09-09,2022-09-27,Air,Net 60,4633.66,414,414,18,111,1,0,1918335.24,1918335.24,Low Stock,0,13,18
ORD-001344,SKU-01277,Product_Zeta_30,Pharmaceuticals,Supplier_G,Mumbai WH,West,2022-09-10,2022-09-27,Road,Immediate,3555.0,278,278,324,52,39,0,988290.0,988290.0,In Stock,1,11,17
ORD-001345,SKU-08059,Product_Zeta_43,Pharmaceuticals,Supplier_H,Hyderabad WH,North,2022-09-10,2022-09-22,Rail,Net 60,2100.43,238,238,907,37,12,5,499902.34,474907.22,In Stock,0,12,12
ORD-001346,SKU-02887,Product_Gamma_45,FMCG,Supplier_H,Bangalore WH,West,2022-09-10,2022-10-03,Road,Net 15,2591.19,203,203,92,37,40,20,526011.57,420809.26,In Stock,5,13,23
ORD-001347,SKU-02265,Product_Beta_26,Industrial Parts,Supplier_G,Kolkata WH,West,2022-09-10,2022-09-14,Rail,Net 15,430.22,247,396,772,185,40,0,106264.34,106264.34,In Stock,3,12,4
ORD-001348,SKU-08491,Product_Alpha_16,Apparel,Supplier_B,Delhi WH,Central,2022-09-10,2022-09-12,Road,Immediate,4923.03,235,235,809,52,24,10,1156912.05,1041220.85,In Stock,7,9,2
ORD-001349,SKU-02040,Product_Gamma_18,Pharmaceuticals,Supplier_K,Bangalore WH,North,2022-09-11,2022-10-10,Sea,Immediate,3335.37,81,304,16,46,9,0,270164.97,270164.97,Low Stock,4,2,29
ORD-001350,SKU-09073,Product_Sigma_43,Pharmaceuticals,Supplier_A,Hyderabad WH,North,2022-09-11,2022-09-17,Sea,Immediate,1434.17,356,356,622,68,20,10,510564.52,459508.07,In Stock,9,8,6
ORD-001351,SKU-03752,Product_Beta_45,Furniture,Supplier_G,Kolkata WH,North,2022-09-11,2022-09-27,Road,Net 15,2933.18,13,13,839,197,5,10,38131.34,34318.21,In Stock,4,10,16
ORD-001352,SKU-09213,Product_Delta_32,Pharmaceuticals,Supplier_K,Hyderabad WH,Central,2022-09-11,2022-09-16,Road,Net 30,556.32,327,327,871,162,20,10,181916.64,163724.98,In Stock,7,12,5
ORD-001353,SKU-05569,Product_Zeta_49,Apparel,Supplier_L,Delhi WH,South,2022-09-11,2022-10-08,Air,Net 30,4829.52,16,16,487,127,21,20,77272.32,61817.86,In Stock,9,7,27
ORD-001354,SKU-07353,Product_Beta_24,Industrial Parts,Supplier_F,Mumbai WH,South,2022-09-11,2022-10-04,Rail,Net 15,882.18,481,481,93,199,2,0,424328.58,424328.58,Low Stock,5,5,23
ORD-001355,SKU-03353,Product_Beta_49,Industrial Parts,Supplier_J,Kolkata WH,East,2022-09-11,2022-10-05,Rail,Net 15,3243.67,45,45,9,87,21,0,145965.15,145965.15,Low Stock,5,10,24
ORD-001356,SKU-08437,Product_Beta_33,Apparel,Supplier_C,Chennai WH,South,2022-09-11,2022-10-05,Sea,Immediate,1234.82,321,321,723,118,42,20,396377.22,317101.78,In Stock,2,12,24
ORD-001357,SKU-05799,Product_Omega_27,Pharmaceuticals,Supplier_A,Delhi WH,North,2022-09-11,2022-09-25,Road,Net 30,3590.63,139,139,748,38,24,0,499097.57,499097.57,In Stock,5,14,14
ORD-001358,SKU-01686,Product_Kappa_11,Industrial Parts,Supplier_K,Mumbai WH,West,2022-09-11,2022-09-15,Sea,Net 30,3886.34,326,326,765,44,9,10,1266946.84,1140252.16,In Stock,9,2,4
ORD-001359,SKU-09476,Product_Sigma_14,FMCG,Supplier_I,Kolkata WH,Central,2022-09-12,2022-09-21,Rail,Immediate,3370.36,148,148,527,123,39,10,498813.28,448931.95,In Stock,6,9,9
ORD-001360,SKU-05811,Product_Alpha_30,FMCG,Supplier_I,Hyderabad WH,South,2022-09-12,2022-10-02,Road,Net 15,3076.35,355,355,488,95,30,10,1092104.25,982893.82,In Stock,1,7,20
ORD-001361,SKU-09954,Product_Alpha_5,FMCG,Supplier_B,Bangalore WH,West,2022-09-12,2022-09-19,Sea,Net 15,4463.42,236,236,143,95,18,0,1053367.12,1053367.12,In Stock,2,12,7
ORD-001362,SKU-06346,Product_Kappa_25,Pharmaceuticals,Supplier_K,Bangalore WH,Central,2022-09-12,2022-09-19,Road,Net 30,402.35,191,191,553,125,44,0,76848.85,76848.85,In Stock,5,1,7
ORD-001363,SKU-06043,Product_Omega_48,Apparel,Supplier_E,Mumbai WH,South,2022-09-12,2022-09-16,Rail,Net 60,1661.26,101,367,514,172,43,10,167787.26,151008.53,In Stock,9,10,4
ORD-001364,SKU-03428,Product_Zeta_13,Furniture,Supplier_D,Kolkata WH,South,2022-09-12,2022-10-12,Rail,Net 15,1248.95,105,105,918,52,10,0,131139.75,131139.75,In Stock,8,3,30
ORD-001365,SKU-06126,Product_Zeta_3,Electronics,Supplier_B,Delhi WH,North,2022-09-12,2022-10-10,Rail,Net 15,4940.19,474,474,469,56,41,10,2341650.06,2107485.05,In Stock,8,3,28
ORD-001366,SKU-09220,Product_Alpha_17,Apparel,Supplier_J,Mumbai WH,West,2022-09-12,2022-09-25,Air,Net 60,1953.06,250,250,376,111,21,5,488265.0,463851.75,In Stock,7,8,13
ORD-001367,SKU-08813,Product_Beta_46,Industrial Parts,Supplier_C,Delhi WH,East,2022-09-12,2022-09-19,Road,Immediate,3665.74,396,396,667,143,22,0,1451633.04,1451633.04,In Stock,7,7,7
ORD-001368,SKU-04356,Product_Gamma_21,FMCG,Supplier_H,Bangalore WH,West,2022-09-13,2022-09-28,Rail,Net 30,3426.78,446,446,493,62,17,0,1528343.88,1528343.88,In Stock,8,6,15
ORD-001369,SKU-09707,Product_Kappa_32,Industrial Parts,Supplier_J,Hyderabad WH,South,2022-09-13,2022-10-10,Rail,Net 60,1068.29,94,210,684,145,5,20,100419.26,80335.41,In Stock,8,3,27
ORD-001370,SKU-08266,Product_Kappa_5,Pharmaceuticals,Supplier_H,Hyderabad WH,West,2022-09-13,2022-10-09,Rail,Net 30,1202.6,220,220,483,28,6,5,264572.0,251343.4,In Stock,9,6,26
ORD-001371,SKU-07540,Product_Beta_36,Industrial Parts,Supplier_G,Mumbai WH,Central,2022-09-13,2022-09-20,Sea,Net 30,1413.61,475,475,451,33,10,5,671464.75,637891.51,In Stock,8,0,7
ORD-001372,SKU-01038,Product_Delta_46,Electronics,Supplier_B,Bangalore WH,Central,2022-09-13,2022-10-06,Rail,Immediate,2061.53,298,298,997,150,43,20,614335.94,491468.75,Discontinued,4,10,23
ORD-001373,SKU-04342,Product_Kappa_9,Pharmaceuticals,Supplier_H,Hyderabad WH,West,2022-09-13,2022-09-24,Sea,Net 30,1179.28,339,339,535,88,2,10,399775.92,359798.33,Discontinued,5,7,11
ORD-001374,SKU-03844,Product_Kappa_18,Electronics,Supplier_I,Bangalore WH,South,2022-09-14,2022-09-18,Rail,Net 15,108.06,453,453,786,45,7,20,48951.18,39160.94,In Stock,4,7,4
ORD-001375,SKU-02098,Product_Gamma_11,Furniture,Supplier_L,Hyderabad WH,North,2022-09-14,2022-10-09,Road,Net 15,4398.17,442,442,74,146,4,0,1943991.14,1943991.14,Low Stock,0,8,25
ORD-001376,SKU-08027,Product_Alpha_39,Apparel,Supplier_B,Delhi WH,Central,2022-09-14,2022-09-28,Air,Net 30,4828.39,133,133,39,72,37,15,642175.87,545849.49,Low Stock,3,8,14
ORD-001377,SKU-02823,Product_Beta_12,Electronics,Supplier_F,Chennai WH,South,2022-09-14,2022-09-16,Sea,Net 15,1714.44,361,361,301,60,19,0,618912.84,618912.84,In Stock,0,0,2
ORD-001378,SKU-04155,Product_Sigma_8,Apparel,Supplier_J,Mumbai WH,East,2022-09-14,2022-10-14,Air,Net 60,1699.15,155,155,551,101,28,15,263368.25,223863.01,Reorder Pending,0,14,30
ORD-001379,SKU-04093,Product_Zeta_11,Furniture,Supplier_G,Bangalore WH,West,2022-09-14,2022-10-05,Sea,Immediate,45.39,28,28,61,121,20,15,1270.92,1080.28,Reorder Pending,2,9,21
ORD-001380,SKU-06658,Product_Beta_43,Furniture,Supplier_J,Mumbai WH,Central,2022-09-14,2022-10-11,Road,Net 15,3404.45,282,160,749,40,30,0,960054.9,960054.9,In Stock,6,6,27
ORD-001381,SKU-04778,Product_Alpha_44,Pharmaceuticals,Supplier_I,Delhi WH,North,2022-09-15,2022-10-07,Air,Net 30,4128.95,475,475,502,140,42,5,1961251.25,1863188.69,In Stock,0,14,22
ORD-001382,SKU-03896,Product_Sigma_10,Electronics,Supplier_K,Mumbai WH,North,2022-09-15,2022-10-04,Air,Net 60,741.58,116,116,998,58,38,10,86023.28,77420.95,In Stock,6,0,19
ORD-001383,SKU-01988,Product_Kappa_23,Pharmaceuticals,Supplier_D,Delhi WH,North,2022-09-15,2022-09-19,Road,Net 30,806.74,305,305,244,170,2,0,246055.7,246055.7,In Stock,9,5,4
ORD-001384,SKU-05116,Product_Gamma_14,Industrial Parts,Supplier_I,Hyderabad WH,East,2022-09-15,2022-10-10,Air,Net 15,3952.52,234,234,17,88,3,10,924889.68,832400.71,Low Stock,9,4,25
ORD-001385,SKU-07446,Product_Alpha_44,Industrial Parts,Supplier_L,Kolkata WH,Central,2022-09-16,2022-10-15,Air,Net 30,3085.29,405,405,651,94,42,0,1249542.45,1249542.45,In Stock,0,10,29
ORD-001386,SKU-05179,Product_Delta_29,Furniture,Supplier_E,Chennai WH,South,2022-09-16,2022-10-01,Road,Net 60,233.85,1,1,397,176,39,20,233.85,187.08,In Stock,8,1,15
ORD-001387,SKU-02682,Product_Alpha_41,Pharmaceuticals,Supplier_F,Kolkata WH,South,2022-09-16,2022-10-01,Sea,Immediate,3116.51,348,348,593,81,25,0,1084545.48,1084545.48,In Stock,4,12,15
ORD-001388,SKU-06626,Product_Beta_25,Furniture,Supplier_K,Chennai WH,East,2022-09-16,2022-10-08,Road,Net 30,1551.5,240,240,188,64,2,5,372360.0,353742.0,In Stock,5,2,22
ORD-001389,SKU-08424,Product_Sigma_29,Furniture,Supplier_H,Chennai WH,West,2022-09-16,2022-10-05,Sea,Net 15,1849.94,58,58,619,46,39,0,107296.52,107296.52,In Stock,8,14,19
ORD-001390,SKU-01933,Product_Alpha_39,Apparel,Supplier_C,Bangalore WH,South,2022-09-16,2022-10-03,Sea,Net 60,3850.96,335,335,745,135,15,0,1290071.6,1290071.6,In Stock,2,7,17
ORD-001391,SKU-04598,Product_Alpha_4,Electronics,Supplier_L,Hyderabad WH,South,2022-09-17,2022-09-22,Road,Net 30,4056.57,183,183,779,181,3,5,742352.31,705234.69,In Stock,2,1,5
ORD-001392,SKU-02980,Product_Zeta_50,Pharmaceuticals,Supplier_K,Chennai WH,Central,2022-09-17,2022-10-03,Road,Net 15,2007.78,337,337,103,161,5,5,676621.86,642790.77,Low Stock,4,14,16
ORD-001393,SKU-04056,Product_Delta_16,Apparel,Supplier_A,Chennai WH,West,2022-09-18,2022-09-19,Rail,Immediate,4736.29,26,26,922,60,40,0,123143.54,123143.54,In Stock,6,10,1
ORD-001394,SKU-09984,Product_Omega_16,Pharmaceuticals,Supplier_L,Bangalore WH,North,2022-09-18,2022-10-05,Sea,Immediate,2038.25,468,468,645,125,36,15,953901.0,810815.85,In Stock,2,3,17
ORD-001395,SKU-01791,Product_Delta_6,Apparel,Supplier_L,Hyderabad WH,South,2022-09-18,2022-10-12,Sea,Net 15,3861.46,409,24,343,93,40,0,1579337.14,1579337.14,In Stock,3,2,24
ORD-001396,SKU-06390,Product_Alpha_27,Apparel,Supplier_C,Bangalore WH,South,2022-09-19,2022-09-21,Road,Immediate,2424.55,77,77,370,79,38,10,186690.35,168021.32,In Stock,1,11,2
ORD-001397,SKU-07635,Product_Alpha_1,Apparel,Supplier_L,Delhi WH,South,2022-09-19,2022-10-07,Road,Net 60,4488.69,417,417,32,61,37,5,1871783.73,1778194.54,Low Stock,8,6,18
ORD-001398,SKU-03255,Product_Omega_13,Electronics,Supplier_G,Kolkata WH,North,2022-09-19,2022-10-19,Road,Net 15,4539.73,217,217,748,141,27,5,985121.41,935865.34,In Stock,9,7,30
ORD-001399,SKU-04610,Product_Beta_15,Pharmaceuticals,Supplier_G,Bangalore WH,North,2022-09-19,2022-10-03,Road,Immediate,446.21,328,328,373,198,5,0,146356.88,146356.88,In Stock,8,3,14
ORD-001400,SKU-02607,Product_Beta_43,Pharmaceuticals,Supplier_F,Delhi WH,West,2022-09-19,2022-10-16,Rail,Immediate,4683.1,325,325,847,30,17,10,1522007.5,1369806.75,In Stock,1,5,27
ORD-001401,SKU-06179,Product_Gamma_47,Pharmaceuticals,Supplier_L,Hyderabad WH,East,2022-09-20,2022-10-09,Sea,Net 60,4129.42,262,262,177,182,38,5,1081908.04,1027812.64,Discontinued,4,2,19
ORD-001402,SKU-07573,Product_Gamma_3,Electronics,Supplier_G,Chennai WH,Central,2022-09-20,2022-10-06,Rail,Net 60,3958.64,23,23,11,166,41,0,91048.72,91048.72,Low Stock,0,6,16
ORD-001403,SKU-01984,Product_Zeta_33,Apparel,Supplier_I,Kolkata WH,East,2022-09-20,2022-10-20,Road,Net 60,1012.55,244,244,862,137,12,0,247062.2,247062.2,In Stock,7,7,30
ORD-001404,SKU-06776,Product_Beta_21,Pharmaceuticals,Supplier_G,Bangalore WH,Central,2022-09-20,2022-10-07,Air,Net 15,4027.54,158,158,952,84,42,0,636351.32,636351.32,In Stock,5,6,17
ORD-001405,SKU-04676,Product_Omega_36,Pharmaceuticals,Supplier_C,Kolkata WH,West,2022-09-21,2022-10-16,Sea,Net 15,4252.16,206,206,740,66,31,0,875944.96,875944.96,In Stock,9,3,25
ORD-001406,SKU-04380,Product_Delta_40,Electronics,Supplier_J,Hyderabad WH,South,2022-09-21,2022-10-21,Sea,Immediate,1452.86,310,310,820,33,33,0,450386.6,450386.6,In Stock,9,13,30
ORD-001407,SKU-09711,Product_Delta_35,FMCG,Supplier_F,Kolkata WH,East,2022-09-21,2022-10-21,Air,Net 30,4761.78,87,87,780,86,43,0,414274.86,414274.86,In Stock,1,9,30
ORD-001408,SKU-09782,Product_Zeta_28,Pharmaceuticals,Supplier_J,Mumbai WH,South,2022-09-22,2022-09-28,Air,Immediate,258.8,267,224,889,199,29,10,69099.6,62189.64,In Stock,1,11,6
ORD-001409,SKU-02050,Product_Beta_15,Pharmaceuticals,Supplier_B,Mumbai WH,Central,2022-09-22,2022-10-15,Air,Net 30,758.05,415,415,455,128,38,0,314590.75,314590.75,In Stock,9,8,23
ORD-001410,SKU-04633,Product_Delta_7,Electronics,Supplier_C,Delhi WH,West,2022-09-23,2022-10-12,Air,Net 15,2692.53,134,134,869,179,3,0,360799.02,360799.02,In Stock,4,9,19
ORD-001411,SKU-07342,Product_Omega_21,FMCG,Supplier_F,Hyderabad WH,North,2022-09-23,2022-09-29,Air,Net 15,2883.2,267,267,642,29,38,0,769814.4,769814.4,In Stock,6,14,6
ORD-001412,SKU-01959,Product_Gamma_1,FMCG,Supplier_H,Hyderabad WH,South,2022-09-24,2022-10-18,Rail,Net 30,3229.3,333,333,248,143,41,5,1075356.9,1021589.05,In Stock,8,7,24
ORD-001413,SKU-07059,Product_Zeta_42,FMCG,Supplier_D,Kolkata WH,Central,2022-09-24,2022-10-21,Sea,Immediate,94.68,268,268,447,36,40,0,25374.24,25374.24,Reorder Pending,8,5,27
ORD-001414,SKU-09884,Product_Omega_1,Pharmaceuticals,Supplier_E,Mumbai WH,East,2022-09-24,2022-09-29,Sea,Immediate,4802.23,450,450,979,187,30,10,2161003.5,1944903.15,In Stock,5,1,5
ORD-001415,SKU-06655,Product_Zeta_14,Apparel,Supplier_J,Hyderabad WH,North,2022-09-25,2022-09-29,Air,Net 15,232.49,53,53,569,162,22,10,12321.97,11089.77,In Stock,1,9,4
ORD-001416,SKU-05473,Product_Kappa_15,Apparel,Supplier_I,Bangalore WH,East,2022-09-25,2022-10-08,Sea,Net 30,723.88,99,99,3,116,38,5,71664.12,68080.91,Low Stock,5,6,13
ORD-001417,SKU-03946,Product_Beta_43,Electronics,Supplier_J,Kolkata WH,East,2022-09-25,2022-10-17,Road,Immediate,79.93,247,247,235,186,32,0,19742.71,19742.71,In Stock,0,8,22
ORD-001418,SKU-08725,Product_Sigma_42,Industrial Parts,Supplier_J,Hyderabad WH,South,2022-09-25,2022-10-15,Road,Immediate,2838.62,36,36,172,76,43,5,102190.32,97080.8,In Stock,1,8,20
ORD-001419,SKU-01526,Product_Omega_3,Industrial Parts,Supplier_C,Chennai WH,North,2022-09-25,2022-10-15,Sea,Net 15,4662.01,401,401,321,157,10,0,1869466.01,1869466.01,In Stock,2,8,20
ORD-001420,SKU-04224,Product_Beta_14,Apparel,Supplier_F,Kolkata WH,East,2022-09-25,2022-10-24,Rail,Net 15,3333.08,28,28,370,90,32,20,93326.24,74660.99,In Stock,4,8,29
ORD-001421,SKU-02875,Product_Zeta_20,Apparel,Supplier_F,Hyderabad WH,Central,2022-09-25,2022-10-06,Rail,Net 30,4115.06,220,220,547,116,43,10,905313.2,814781.88,In Stock,9,5,11
ORD-001422,SKU-02763,Product_Kappa_7,Apparel,Supplier_D,Bangalore WH,North,2022-09-26,2022-10-13,Sea,Net 15,76.27,406,406,790,36,4,5,30965.62,29417.34,In Stock,0,0,17
ORD-001423,SKU-09712,Product_Gamma_17,Furniture,Supplier_J,Delhi WH,South,2022-09-26,2022-10-25,Road,Net 15,2714.66,102,102,748,95,29,20,276895.32,221516.26,In Stock,9,13,29
ORD-001424,SKU-06797,Product_Beta_39,Furniture,Supplier_E,Hyderabad WH,Central,2022-09-26,2022-10-09,Sea,Immediate,2303.22,263,5,786,36,8,5,605746.86,575459.52,In Stock,4,5,13
ORD-001425,SKU-08099,Product_Omega_41,Electronics,Supplier_K,Chennai WH,West,2022-09-26,2022-10-10,Rail,Net 30,2499.85,271,271,295,130,20,0,677459.35,677459.35,In Stock,4,4,14
ORD-001426,SKU-06109,Product_Zeta_44,Pharmaceuticals,Supplier_G,Mumbai WH,North,2022-09-26,2022-10-16,Rail,Net 60,370.34,224,253,839,139,7,0,82956.16,82956.16,In Stock,3,6,20
ORD-001427,SKU-07644,Product_Gamma_22,Apparel,Supplier_K,Mumbai WH,West,2022-09-27,2022-10-27,Rail,Net 15,3425.33,139,139,399,163,1,5,476120.87,452314.83,In Stock,2,12,30
ORD-001428,SKU-01116,Product_Gamma_41,Pharmaceuticals,Supplier_K,Kolkata WH,North,2022-09-27,2022-10-20,Air,Net 60,2521.07,280,280,57,138,25,15,705899.6,600014.66,Reorder Pending,6,7,23
ORD-001429,SKU-03433,Product_Omega_43,Industrial Parts,Supplier_A,Mumbai WH,East,2022-09-27,2022-10-22,Sea,Net 15,3828.09,451,451,874,97,26,15,1726468.59,1467498.3,In Stock,6,0,25
ORD-001430,SKU-06463,Product_Kappa_5,Electronics,Supplier_H,Mumbai WH,Central,2022-09-27,2022-10-05,Sea,Immediate,2431.6,286,286,529,22,9,10,695437.6,625893.84,In Stock,0,13,8
ORD-001431,SKU-01583,Product_Omega_2,Industrial Parts,Supplier_L,Chennai WH,North,2022-09-28,2022-10-07,Air,Net 15,755.41,454,454,547,127,23,0,342956.14,342956.14,In Stock,6,9,9
ORD-001432,SKU-09586,Product_Kappa_25,Furniture,Supplier_E,Delhi WH,South,2022-09-28,2022-10-11,Air,Net 30,3244.8,250,250,407,70,40,10,811200.0,730080.0,In Stock,2,3,13
ORD-001433,SKU-04788,Product_Delta_33,Furniture,Supplier_C,Kolkata WH,South,2022-09-28,2022-10-09,Road,Immediate,870.21,322,322,640,133,2,10,280207.62,252186.86,In Stock,2,3,11
ORD-001434,SKU-05167,Product_Alpha_15,Pharmaceuticals,Supplier_J,Kolkata WH,East,2022-09-28,2022-10-08,Sea,Immediate,4363.25,317,317,512,113,26,5,1383150.25,1313992.74,In Stock,5,12,10
ORD-001435,SKU-09465,Product_Alpha_40,Electronics,Supplier_J,Bangalore WH,North,2022-09-28,2022-10-13,Air,Immediate,3069.45,78,78,63,193,14,5,239417.1,227446.24,Low Stock,5,0,15
ORD-001436,SKU-02389,Product_Beta_20,Furniture,Supplier_A,Kolkata WH,West,2022-09-28,2022-10-24,Sea,Net 30,794.45,297,297,573,135,44,10,235951.65,212356.48,In Stock,3,10,26
ORD-001437,SKU-09357,Product_Delta_48,FMCG,Supplier_H,Hyderabad WH,East,2022-09-28,2022-10-03,Rail,Net 15,4812.07,338,318,877,124,31,15,1626479.66,1382507.71,In Stock,4,3,5
ORD-001438,SKU-07154,Product_Zeta_49,Industrial Parts,Supplier_E,Chennai WH,East,2022-09-28,2022-10-03,Rail,Net 30,2596.64,307,307,419,118,26,10,797168.48,717451.63,In Stock,2,6,5
ORD-001439,SKU-06420,Product_Delta_40,Apparel,Supplier_K,Kolkata WH,West,2022-09-29,2022-10-13,Air,Net 30,373.76,428,428,842,173,19,0,159969.28,159969.28,In Stock,2,14,14
ORD-001440,SKU-09920,Product_Beta_4,Furniture,Supplier_H,Hyderabad WH,East,2022-09-29,2022-10-19,Air,Net 60,3137.9,351,351,145,95,38,0,1101402.9,1101402.9,In Stock,8,13,20
ORD-001441,SKU-03043,Product_Gamma_24,FMCG,Supplier_C,Bangalore WH,West,2022-09-29,2022-10-22,Rail,Net 60,1273.46,13,13,271,178,5,15,16554.98,14071.73,In Stock,4,14,23
ORD-001442,SKU-05197,Product_Kappa_19,FMCG,Supplier_J,Mumbai WH,West,2022-09-29,2022-10-28,Rail,Immediate,4020.43,346,346,16,100,6,15,1391068.78,1182408.46,Low Stock,0,5,29
ORD-001443,SKU-04496,Product_Delta_10,Electronics,Supplier_G,Chennai WH,Central,2022-09-29,2022-10-23,Sea,Net 15,4090.93,492,492,791,91,35,0,2012737.56,2012737.56,In Stock,8,3,24
ORD-001444,SKU-01778,Product_Zeta_14,Electronics,Supplier_G,Chennai WH,East,2022-09-29,2022-10-16,Road,Net 60,4894.95,396,396,97,166,16,5,1938400.2,1841480.19,Low Stock,9,1,17
ORD-001445,SKU-01213,Product_Alpha_16,Electronics,Supplier_J,Chennai WH,North,2022-09-29,2022-10-09,Rail,Net 60,2514.33,82,82,451,162,31,20,206175.06,164940.05,In Stock,5,11,10
ORD-001446,SKU-04762,Product_Kappa_48,Electronics,Supplier_E,Bangalore WH,Central,2022-09-29,2022-10-26,Sea,Net 60,2280.23,9,9,738,130,18,20,20522.07,16417.66,In Stock,8,12,27
ORD-001447,SKU-07731,Product_Omega_9,Furniture,Supplier_B,Hyderabad WH,North,2022-09-29,2022-10-22,Sea,Immediate,3769.84,497,497,974,77,14,10,1873610.48,1686249.43,In Stock,6,6,23
ORD-001448,SKU-04117,Product_Sigma_21,Furniture,Supplier_H,Mumbai WH,East,2022-09-29,2022-10-17,Rail,Immediate,671.03,213,213,897,97,25,0,142929.39,142929.39,In Stock,9,7,18
ORD-001449,SKU-06791,Product_Alpha_34,Electronics,Supplier_J,Delhi WH,North,2022-09-29,2022-10-27,Rail,Net 30,2739.11,48,48,242,177,15,10,131477.28,118329.55,In Stock,9,8,28
ORD-001450,SKU-09783,Product_Zeta_42,Furniture,Supplier_J,Chennai WH,Central,2022-09-30,2022-10-11,Sea,Net 60,2735.78,49,49,478,67,26,0,134053.22,134053.22,In Stock,6,8,11
ORD-001451,SKU-03720,Product_Sigma_49,Electronics,Supplier_G,Mumbai WH,Central,2022-10-01,2022-10-24,Road,Immediate,456.47,309,383,200,75,36,15,141049.23,119891.85,In Stock,4,13,23
ORD-001452,SKU-09905,Product_Alpha_15,Electronics,Supplier_H,Kolkata WH,Central,2022-10-01,2022-10-25,Road,Net 15,2095.74,440,440,905,61,11,0,922125.6,922125.6,In Stock,6,3,24
ORD-001453,SKU-07047,Product_Omega_22,FMCG,Supplier_A,Delhi WH,East,2022-10-01,2022-10-31,Sea,Net 15,4267.89,40,40,948,43,37,10,170715.6,153644.04,In Stock,9,2,30
ORD-001454,SKU-09032,Product_Delta_14,Apparel,Supplier_I,Chennai WH,West,2022-10-01,2022-10-19,Air,Net 30,4282.21,363,250,472,129,41,10,1554442.23,1398998.01,In Stock,3,4,18
ORD-001455,SKU-01001,Product_Alpha_43,Furniture,Supplier_A,Chennai WH,West,2022-10-01,2022-10-22,Rail,Net 60,505.2,280,280,178,71,37,10,141456.0,127310.4,In Stock,5,5,21
ORD-001456,SKU-07368,Product_Delta_44,Furniture,Supplier_I,Mumbai WH,East,2022-10-01,2022-10-08,Road,Net 30,462.7,226,226,507,190,7,5,104570.2,99341.69,Discontinued,1,11,7
ORD-001457,SKU-02949,Product_Delta_39,Pharmaceuticals,Supplier_J,Hyderabad WH,South,2022-10-01,2022-10-08,Air,Net 60,1320.85,456,456,452,53,18,0,602307.6,602307.6,In Stock,9,12,7
ORD-001458,SKU-07732,Product_Zeta_34,Electronics,Supplier_H,Mumbai WH,North,2022-10-01,2022-10-08,Rail,Net 15,4375.08,108,108,269,22,20,10,472508.64,425257.78,In Stock,2,7,7
ORD-001459,SKU-08833,Product_Omega_12,Electronics,Supplier_E,Kolkata WH,North,2022-10-01,2022-10-21,Sea,Net 15,653.22,245,245,233,87,2,0,160038.9,160038.9,In Stock,1,2,20
ORD-001460,SKU-01917,Product_Kappa_41,Furniture,Supplier_K,Kolkata WH,West,2022-10-01,2022-10-24,Sea,Immediate,3602.78,255,255,623,158,26,0,918708.9,918708.9,In Stock,9,13,23
ORD-001461,SKU-04174,Product_Alpha_5,Apparel,Supplier_K,Kolkata WH,East,2022-10-01,2022-10-11,Rail,Net 15,514.82,33,33,485,160,23,20,16989.06,13591.25,In Stock,1,14,10
ORD-001462,SKU-08014,Product_Kappa_5,Industrial Parts,Supplier_H,Delhi WH,East,2022-10-02,2022-10-24,Air,Net 15,3119.46,23,23,999,69,32,5,71747.58,68160.2,In Stock,6,12,22
ORD-001463,SKU-01089,Product_Delta_4,Electronics,Supplier_E,Bangalore WH,West,2022-10-02,2022-10-14,Road,Immediate,1786.78,333,333,577,101,13,10,594997.74,535497.97,In Stock,4,5,12
ORD-001464,SKU-02709,Product_Gamma_14,Industrial Parts,Supplier_I,Delhi WH,South,2022-10-02,2022-11-01,Sea,Net 15,3946.68,54,265,337,38,13,5,213120.72,202464.68,In Stock,5,4,30
ORD-001465,SKU-04041,Product_Gamma_6,Pharmaceuticals,Supplier_F,Hyderabad WH,South,2022-10-02,2022-10-24,Rail,Net 15,1176.12,309,309,860,63,17,10,363421.08,327078.97,In Stock,2,12,22
ORD-001466,SKU-01105,Product_Gamma_38,Furniture,Supplier_K,Delhi WH,Central,2022-10-02,2022-10-07,Sea,Net 60,3199.62,49,49,948,180,25,10,156781.38,141103.24,In Stock,9,6,5
ORD-001467,SKU-09619,Product_Delta_16,FMCG,Supplier_J,Chennai WH,Central,2022-10-02,2022-10-25,Sea,Net 30,1186.06,462,462,756,185,22,10,547959.72,493163.75,In Stock,4,13,23
ORD-001468,SKU-02895,Product_Beta_28,Electronics,Supplier_J,Hyderabad WH,West,2022-10-02,2022-10-23,Air,Net 15,3571.16,78,78,756,22,27,20,278550.48,222840.38,Reorder Pending,4,8,21
ORD-001469,SKU-07090,Product_Kappa_20,Furniture,Supplier_E,Hyderabad WH,Central,2022-10-03,2022-10-09,Road,Net 60,4369.65,336,336,979,132,17,5,1468202.4,1394792.28,In Stock,3,6,6
ORD-001470,SKU-09508,Product_Gamma_47,Furniture,Supplier_G,Mumbai WH,Central,2022-10-03,2022-10-20,Sea,Net 30,642.74,433,335,447,84,26,10,278306.42,250475.78,In Stock,9,10,17
ORD-001471,SKU-07082,Product_Delta_16,Pharmaceuticals,Supplier_E,Bangalore WH,Central,2022-10-03,2022-10-21,Rail,Immediate,4334.31,358,358,583,182,38,10,1551682.98,1396514.68,In Stock,3,5,18
ORD-001472,SKU-01634,Product_Zeta_12,Electronics,Supplier_B,Mumbai WH,West,2022-10-03,2022-10-26,Road,Net 60,2971.94,122,122,356,183,14,0,362576.68,362576.68,In Stock,7,8,23
ORD-001473,SKU-02925,Product_Delta_20,Furniture,Supplier_I,Chennai WH,West,2022-10-04,2022-10-25,Rail,Net 15,644.28,444,444,48,185,14,5,286060.32,271757.3,Low Stock,5,9,21
ORD-001474,SKU-03056,Product_Sigma_37,Apparel,Supplier_D,Bangalore WH,East,2022-10-04,2022-10-15,Rail,Net 30,2143.43,359,359,495,58,12,20,769491.37,615593.1,In Stock,1,3,11
ORD-001475,SKU-07917,Product_Kappa_41,FMCG,Supplier_J,Bangalore WH,West,2022-10-04,2022-10-27,Air,Immediate,812.69,90,90,345,172,5,0,73142.1,73142.1,In Stock,1,13,23
ORD-001476,SKU-04144,Product_Delta_18,FMCG,Supplier_I,Hyderabad WH,Central,2022-10-05,2022-10-09,Sea,Net 60,3504.74,346,346,701,83,37,0,1212640.04,1212640.04,In Stock,1,0,4
ORD-001477,SKU-01552,Product_Kappa_6,Industrial Parts,Supplier_E,Bangalore WH,Central,2022-10-05,2022-10-30,Rail,Net 15,3796.75,193,193,292,123,4,5,732772.75,696134.11,In Stock,5,7,25
ORD-001478,SKU-09907,Product_Omega_26,Furniture,Supplier_B,Chennai WH,South,2022-10-05,2022-10-17,Road,Net 60,537.92,416,416,688,32,29,0,223774.72,223774.72,In Stock,0,5,12
ORD-001479,SKU-06383,Product_Zeta_11,Electronics,Supplier_G,Hyderabad WH,North,2022-10-05,2022-10-23,Air,Net 60,2535.64,377,377,963,87,25,15,955936.28,812545.84,In Stock,2,5,18
ORD-001480,SKU-04911,Product_Kappa_29,Pharmaceuticals,Supplier_H,Hyderabad WH,South,2022-10-06,2022-10-22,Sea,Immediate,4074.98,463,463,672,89,4,0,1886715.74,1886715.74,In Stock,0,13,16
ORD-001481,SKU-04389,Product_Zeta_33,Furniture,Supplier_D,Hyderabad WH,West,2022-10-06,2022-10-25,Road,Net 30,4681.45,244,244,149,94,16,0,1142273.8,1142273.8,In Stock,3,14,19
ORD-001482,SKU-09442,Product_Zeta_49,FMCG,Supplier_E,Delhi WH,North,2022-10-06,2022-10-25,Rail,Net 15,2572.45,149,149,581,20,2,15,383295.05,325800.79,In Stock,0,4,19
ORD-001483,SKU-03430,Product_Gamma_31,FMCG,Supplier_H,Chennai WH,West,2022-10-06,2022-10-28,Air,Immediate,4751.89,146,146,544,117,23,0,693775.94,693775.94,Reorder Pending,8,9,22
ORD-001484,SKU-01458,Product_Alpha_49,FMCG,Supplier_I,Mumbai WH,South,2022-10-06,2022-10-29,Road,Net 60,2683.09,478,252,795,123,4,10,1282517.02,1154265.32,In Stock,5,10,23
ORD-001485,SKU-01207,Product_Zeta_28,Apparel,Supplier_K,Mumbai WH,South,2022-10-06,2022-10-20,Road,Net 60,1977.01,316,429,855,135,20,15,624735.16,531024.89,In Stock,7,2,14
ORD-001486,SKU-01899,Product_Beta_49,Electronics,Supplier_F,Mumbai WH,Central,2022-10-06,2022-10-28,Air,Net 30,4242.53,378,378,259,156,17,10,1603676.34,1443308.71,In Stock,1,5,22
ORD-001487,SKU-01021,Product_Sigma_39,Pharmaceuticals,Supplier_D,Chennai WH,North,2022-10-07,2022-10-31,Sea,Net 30,2469.98,141,141,321,183,6,10,348267.18,313440.46,In Stock,5,0,24
ORD-001488,SKU-09601,Product_Gamma_36,Apparel,Supplier_G,Kolkata WH,North,2022-10-07,2022-11-05,Rail,Net 60,2364.79,408,408,76,132,18,0,964834.32,964834.32,Low Stock,3,6,29
ORD-001489,SKU-01894,Product_Gamma_17,Pharmaceuticals,Supplier_L,Mumbai WH,North,2022-10-07,2022-11-03,Sea,Net 15,2456.66,286,286,109,122,20,0,702604.76,702604.76,Low Stock,6,5,27
ORD-001490,SKU-01514,Product_Zeta_30,Furniture,Supplier_J,Mumbai WH,South,2022-10-07,2022-10-25,Road,Immediate,4235.46,386,386,816,56,39,0,1634887.56,1634887.56,In Stock,7,4,18
ORD-001491,SKU-08294,Product_Sigma_30,Pharmaceuticals,Supplier_I,Kolkata WH,Central,2022-10-07,2022-10-17,Rail,Net 15,4161.39,339,339,895,125,41,0,1410711.21,1410711.21,In Stock,5,12,10
ORD-001492,SKU-05904,Product_Sigma_25,Pharmaceuticals,Supplier_I,Chennai WH,West,2022-10-07,2022-11-05,Road,Net 30,2023.56,111,111,650,127,34,5,224615.16,213384.4,In Stock,0,13,29
ORD-001493,SKU-08867,Product_Kappa_5,Industrial Parts,Supplier_B,Delhi WH,North,2022-10-07,2022-11-04,Rail,Net 30,1673.17,108,182,546,40,40,0,180702.36,180702.36,In Stock,7,2,28
ORD-001494,SKU-05109,Product_Omega_9,FMCG,Supplier_G,Chennai WH,East,2022-10-07,2022-10-21,Road,Net 15,2464.72,367,367,422,167,24,5,904552.24,859324.63,In Stock,0,7,14
ORD-001495,SKU-08179,Product_Kappa_13,Industrial Parts,Supplier_E,Hyderabad WH,West,2022-10-07,2022-11-02,Rail,Net 15,2868.13,281,281,393,148,18,0,805944.53,805944.53,In Stock,8,12,26
ORD-001496,SKU-02560,Product_Gamma_13,Pharmaceuticals,Supplier_J,Hyderabad WH,Central,2022-10-08,2022-10-09,Rail,Net 60,1199.3,50,50,234,47,30,5,59965.0,56966.75,In Stock,1,3,1
ORD-001497,SKU-02266,Product_Alpha_1,Electronics,Supplier_I,Hyderabad WH,East,2022-10-08,2022-10-25,Sea,Net 30,3971.84,14,14,329,127,1,0,55605.76,55605.76,In Stock,9,8,17
ORD-001498,SKU-04638,Product_Omega_32,Apparel,Supplier_A,Delhi WH,West,2022-10-08,2022-10-12,Rail,Net 30,2437.55,134,134,711,28,23,0,326631.7,326631.7,In Stock,5,8,4
ORD-001499,SKU-09941,Product_Zeta_27,Apparel,Supplier_E,Mumbai WH,North,2022-10-09,2022-10-10,Road,Net 15,1676.89,76,76,324,183,29,10,127443.64,114699.28,In Stock,7,4,1
ORD-001500,SKU-04427,Product_Zeta_48,FMCG,Supplier_E,Mumbai WH,Central,2022-10-09,2022-10-22,Air,Net 60,543.04,84,84,150,181,41,10,45615.36,41053.82,Low Stock,4,10,13
ORD-001501,SKU-05780,Product_Omega_25,Pharmaceuticals,Supplier_F,Mumbai WH,Central,2022-10-09,2022-10-14,Road,Net 15,1201.84,343,343,545,51,41,15,412231.12,350396.45,In Stock,1,6,5
ORD-001502,SKU-02927,Product_Kappa_20,Pharmaceuticals,Supplier_A,Chennai WH,North,2022-10-09,2022-10-11,Air,Net 30,4746.91,158,158,635,85,32,15,750011.78,637510.01,In Stock,4,5,2
ORD-001503,SKU-03356,Product_Beta_27,Electronics,Supplier_J,Kolkata WH,South,2022-10-09,2022-10-31,Rail,Immediate,1532.45,286,286,878,119,2,10,438280.7,394452.63,In Stock,0,11,22
ORD-001504,SKU-05790,Product_Alpha_8,FMCG,Supplier_C,Hyderabad WH,Central,2022-10-09,2022-10-11,Sea,Immediate,852.61,422,422,31,172,36,10,359801.42,323821.28,Low Stock,7,11,2
ORD-001505,SKU-01306,Product_Zeta_37,Industrial Parts,Supplier_K,Delhi WH,North,2022-10-09,2022-10-16,Air,Net 60,2308.76,314,314,271,198,17,0,724950.64,724950.64,Reorder Pending,7,5,7
ORD-001506,SKU-08979,Product_Gamma_13,Industrial Parts,Supplier_K,Delhi WH,South,2022-10-09,2022-10-18,Road,Net 15,1542.37,94,94,835,192,43,0,144982.78,144982.78,Reorder Pending,1,14,9
ORD-001507,SKU-04665,Product_Zeta_17,Electronics,Supplier_I,Kolkata WH,East,2022-10-09,2022-11-03,Sea,Net 30,185.44,297,297,821,173,2,15,55075.68,46814.33,In Stock,5,3,25
ORD-001508,SKU-08057,Product_Omega_33,Pharmaceuticals,Supplier_G,Chennai WH,North,2022-10-09,2022-11-04,Air,Net 15,1622.49,94,94,635,40,4,0,152514.06,152514.06,In Stock,7,9,26
ORD-001509,SKU-01661,Product_Kappa_41,Industrial Parts,Supplier_A,Bangalore WH,East,2022-10-10,2022-10-16,Air,Net 60,2725.1,57,57,923,101,44,0,155330.7,155330.7,In Stock,9,12,6
ORD-001510,SKU-05644,Product_Omega_45,Industrial Parts,Supplier_F,Bangalore WH,Central,2022-10-10,2022-10-20,Air,Net 60,2763.04,164,164,367,198,34,0,453138.56,453138.56,In Stock,7,11,10
ORD-001511,SKU-09503,Product_Alpha_42,Electronics,Supplier_C,Kolkata WH,Central,2022-10-10,2022-11-01,Road,Net 60,1789.23,320,320,491,43,1,0,572553.6,572553.6,In Stock,6,14,22
ORD-001512,SKU-03920,Product_Zeta_28,Electronics,Supplier_B,Hyderabad WH,East,2022-10-10,2022-10-19,Rail,Net 30,2242.04,497,497,315,130,23,10,1114293.88,1002864.49,In Stock,2,7,9
ORD-001513,SKU-09946,Product_Delta_16,Pharmaceuticals,Supplier_A,Kolkata WH,South,2022-10-10,2022-10-15,Rail,Net 15,4827.93,98,98,589,111,6,0,473137.14,473137.14,In Stock,3,12,5
ORD-001514,SKU-07236,Product_Kappa_3,Electronics,Supplier_C,Kolkata WH,Central,2022-10-11,2022-11-07,Sea,Net 60,1892.97,16,16,587,31,16,5,30287.52,28773.14,In Stock,0,10,27
ORD-001515,SKU-07078,Product_Omega_41,Electronics,Supplier_G,Chennai WH,South,2022-10-11,2022-10-13,Rail,Immediate,1298.55,344,344,571,158,2,0,446701.2,446701.2,In Stock,8,10,2
ORD-001516,SKU-01352,Product_Alpha_45,Furniture,Supplier_C,Delhi WH,Central,2022-10-11,2022-11-03,Sea,Net 15,1224.9,78,78,596,174,12,10,95542.2,85987.98,In Stock,9,13,23
ORD-001517,SKU-08005,Product_Gamma_17,FMCG,Supplier_H,Kolkata WH,East,2022-10-11,2022-11-06,Sea,Net 15,2294.25,346,346,367,42,27,10,793810.5,714429.45,In Stock,9,10,26
ORD-001518,SKU-01158,Product_Kappa_44,Apparel,Supplier_A,Hyderabad WH,East,2022-10-11,2022-10-21,Air,Net 60,3800.01,72,331,79,180,19,0,273600.72,273600.72,Low Stock,1,9,10
ORD-001519,SKU-01956,Product_Gamma_17,Industrial Parts,Supplier_G,Bangalore WH,North,2022-10-11,2022-10-18,Rail,Immediate,1037.88,270,270,885,111,28,10,280227.6,252204.84,In Stock,9,2,7
ORD-001520,SKU-03071,Product_Delta_39,FMCG,Supplier_G,Chennai WH,Central,2022-10-12,2022-11-06,Air,Net 15,3549.39,287,287,171,185,35,0,1018674.93,1018674.93,Low Stock,6,4,25
ORD-001521,SKU-09595,Product_Gamma_1,Furniture,Supplier_E,Chennai WH,North,2022-10-12,2022-10-30,Road,Net 15,115.54,66,66,257,189,43,10,7625.64,6863.08,In Stock,7,0,18
ORD-001522,SKU-04453,Product_Beta_50,FMCG,Supplier_I,Hyderabad WH,East,2022-10-12,2022-10-14,Sea,Immediate,2100.48,368,368,278,142,4,10,772976.64,695678.98,In Stock,3,0,2
ORD-001523,SKU-07675,Product_Beta_42,Electronics,Supplier_J,Bangalore WH,West,2022-10-12,2022-10-24,Sea,Net 15,3881.57,68,68,503,176,7,20,263946.76,211157.41,In Stock,9,12,12
ORD-001524,SKU-01955,Product_Zeta_26,FMCG,Supplier_A,Kolkata WH,Central,2022-10-12,2022-11-08,Rail,Immediate,1700.28,193,193,732,53,37,0,328154.04,328154.04,In Stock,0,8,27
ORD-001525,SKU-07295,Product_Beta_34,Furniture,Supplier_A,Bangalore WH,North,2022-10-12,2022-10-27,Sea,Net 60,2823.05,55,281,557,144,25,0,155267.75,155267.75,Discontinued,4,3,15
ORD-001526,SKU-02712,Product_Delta_28,Pharmaceuticals,Supplier_I,Delhi WH,East,2022-10-12,2022-10-16,Rail,Immediate,1032.85,468,468,490,76,41,0,483373.8,483373.8,In Stock,9,8,4
ORD-001527,SKU-05703,Product_Gamma_28,FMCG,Supplier_C,Kolkata WH,South,2022-10-13,2022-11-02,Sea,Net 30,3712.56,379,379,584,22,17,0,1407060.24,1407060.24,In Stock,9,6,20
ORD-001528,SKU-07563,Product_Sigma_45,Pharmaceuticals,Supplier_E,Chennai WH,East,2022-10-13,2022-11-10,Sea,Net 30,270.87,462,462,565,25,41,0,125141.94,125141.94,In Stock,5,9,28
ORD-001529,SKU-06631,Product_Sigma_33,Apparel,Supplier_I,Chennai WH,West,2022-10-13,2022-11-04,Air,Immediate,4264.19,168,168,838,67,14,0,716383.92,716383.92,Discontinued,6,7,22
ORD-001530,SKU-02394,Product_Zeta_38,Industrial Parts,Supplier_E,Chennai WH,South,2022-10-13,2022-11-06,Air,Net 30,999.0,409,409,732,121,37,5,408591.0,388161.45,In Stock,0,10,24
ORD-001531,SKU-05732,Product_Sigma_47,Industrial Parts,Supplier_F,Bangalore WH,Central,2022-10-13,2022-10-31,Sea,Net 30,4373.25,25,25,892,139,2,20,109331.25,87465.0,Discontinued,3,8,18
ORD-001532,SKU-04714,Product_Zeta_49,Pharmaceuticals,Supplier_I,Bangalore WH,South,2022-10-13,2022-11-10,Air,Net 60,1769.12,131,131,336,32,24,0,231754.72,231754.72,In Stock,4,0,28
ORD-001533,SKU-01529,Product_Beta_7,Electronics,Supplier_B,Mumbai WH,Central,2022-10-13,2022-10-21,Road,Net 60,3616.19,325,325,520,55,15,20,1175261.75,940209.4,In Stock,4,6,8
ORD-001534,SKU-03958,Product_Omega_10,Apparel,Supplier_D,Hyderabad WH,East,2022-10-13,2022-11-06,Road,Net 15,1602.93,102,102,325,89,33,15,163498.86,138974.03,In Stock,6,7,24
ORD-001535,SKU-08904,Product_Sigma_48,Industrial Parts,Supplier_A,Hyderabad WH,North,2022-10-13,2022-11-03,Air,Net 60,4530.5,374,374,171,52,12,15,1694407.0,1440245.95,In Stock,3,13,21
ORD-001536,SKU-04591,Product_Delta_48,Apparel,Supplier_I,Delhi WH,West,2022-10-14,2022-11-01,Rail,Net 30,641.92,282,282,83,124,19,20,181021.44,144817.15,Low Stock,9,1,18
ORD-001537,SKU-07895,Product_Zeta_45,FMCG,Supplier_I,Hyderabad WH,West,2022-10-14,2022-10-27,Air,Net 60,900.81,296,381,841,76,5,10,266639.76,239975.78,In Stock,6,13,13
ORD-001538,SKU-01525,Product_Sigma_1,Pharmaceuticals,Supplier_J,Hyderabad WH,South,2022-10-14,2022-10-22,Road,Net 60,2470.22,294,442,840,74,1,10,726244.68,653620.21,In Stock,7,9,8
ORD-001539,SKU-07477,Product_Gamma_32,Apparel,Supplier_I,Hyderabad WH,North,2022-10-14,2022-10-31,Sea,Immediate,418.87,422,422,523,126,43,5,176763.14,167924.98,In Stock,1,8,17
ORD-001540,SKU-01001,Product_Alpha_7,FMCG,Supplier_D,Kolkata WH,Central,2022-10-15,2022-11-10,Rail,Net 60,987.94,452,452,480,160,9,5,446548.88,424221.44,In Stock,0,11,26
ORD-001541,SKU-01374,Product_Beta_50,FMCG,Supplier_K,Delhi WH,East,2022-10-15,2022-11-10,Rail,Net 15,4719.39,263,263,543,70,39,20,1241199.57,992959.66,In Stock,9,0,26
ORD-001542,SKU-05648,Product_Zeta_34,Furniture,Supplier_A,Chennai WH,South,2022-10-15,2022-11-10,Sea,Immediate,4882.68,478,478,417,111,34,0,2333921.04,2333921.04,In Stock,9,11,26
ORD-001543,SKU-03365,Product_Zeta_42,Electronics,Supplier_F,Kolkata WH,South,2022-10-16,2022-11-08,Air,Net 15,1887.53,414,414,338,72,29,0,781437.42,781437.42,In Stock,0,13,23
ORD-001544,SKU-02525,Product_Sigma_47,FMCG,Supplier_H,Mumbai WH,West,2022-10-16,2022-10-26,Air,Net 60,4617.2,120,120,800,55,2,10,554064.0,498657.6,In Stock,0,14,10
ORD-001545,SKU-02646,Product_Zeta_11,FMCG,Supplier_E,Chennai WH,West,2022-10-16,2022-11-08,Air,Immediate,2728.68,403,403,319,152,19,5,1099658.04,1044675.14,In Stock,8,2,23
ORD-001546,SKU-01013,Product_Gamma_24,Apparel,Supplier_K,Hyderabad WH,North,2022-10-17,2022-11-08,Rail,Net 60,1356.01,231,231,303,138,28,15,313238.31,266252.56,In Stock,3,12,22
ORD-001547,SKU-05599,Product_Gamma_46,Pharmaceuticals,Supplier_I,Delhi WH,Central,2022-10-17,2022-10-19,Air,Net 60,3514.97,291,291,271,44,35,0,1022856.27,1022856.27,In Stock,8,10,2
ORD-001548,SKU-03278,Product_Gamma_13,Industrial Parts,Supplier_I,Bangalore WH,East,2022-10-17,2022-11-16,Rail,Immediate,3297.92,488,488,689,100,40,10,1609384.96,1448446.46,In Stock,6,8,30
ORD-001549,SKU-04155,Product_Kappa_12,Furniture,Supplier_D,Hyderabad WH,Central,2022-10-17,2022-10-30,Road,Net 15,4945.74,161,161,113,56,22,0,796264.14,796264.14,Discontinued,6,0,13
ORD-001550,SKU-09321,Product_Beta_29,Electronics,Supplier_J,Delhi WH,Central,2022-10-17,2022-10-30,Road,Net 30,1332.59,161,161,406,38,4,20,214546.99,171637.59,In Stock,1,3,13
ORD-001551,SKU-04814,Product_Delta_12,Pharmaceuticals,Supplier_J,Bangalore WH,West,2022-10-17,2022-10-31,Road,Net 30,3363.58,78,78,25,54,8,0,262359.24,262359.24,Low Stock,1,9,14
ORD-001552,SKU-04216,Product_Delta_4,Furniture,Supplier_L,Chennai WH,Central,2022-10-18,2022-11-13,Rail,Net 60,269.6,38,38,236,126,1,15,10244.8,8708.08,In Stock,4,5,26
ORD-001553,SKU-09219,Product_Gamma_49,Electronics,Supplier_H,Hyderabad WH,West,2022-10-18,2022-11-09,Road,Net 30,577.09,394,394,309,181,36,0,227373.46,227373.46,In Stock,9,5,22
ORD-001554,SKU-03113,Product_Delta_17,Furniture,Supplier_E,Delhi WH,East,2022-10-18,2022-10-29,Sea,Net 60,29.55,441,441,683,73,7,0,13031.55,13031.55,In Stock,0,13,11
ORD-001555,SKU-05356,Product_Zeta_29,Industrial Parts,Supplier_L,Hyderabad WH,West,2022-10-18,2022-11-05,Sea,Net 30,4997.31,28,28,232,193,25,0,139924.68,139924.68,In Stock,6,3,18
ORD-001556,SKU-06543,Product_Beta_41,Electronics,Supplier_B,Hyderabad WH,South,2022-10-18,2022-10-20,Air,Net 15,4013.35,462,462,548,25,29,0,1854167.7,1854167.7,In Stock,6,9,2
ORD-001557,SKU-05555,Product_Gamma_6,Industrial Parts,Supplier_I,Bangalore WH,Central,2022-10-19,2022-10-20,Air,Immediate,3935.75,100,325,264,148,1,10,393575.0,354217.5,In Stock,7,9,1
ORD-001558,SKU-08062,Product_Sigma_6,Apparel,Supplier_F,Bangalore WH,South,2022-10-19,2022-11-12,Road,Net 15,2553.53,294,294,989,53,18,0,750737.82,750737.82,In Stock,6,14,24
ORD-001559,SKU-04374,Product_Zeta_8,Apparel,Supplier_G,Hyderabad WH,East,2022-10-19,2022-10-28,Rail,Net 60,1507.33,400,400,12,75,4,5,602932.0,572785.4,Low Stock,7,9,9
ORD-001560,SKU-07430,Product_Sigma_5,Industrial Parts,Supplier_D,Hyderabad WH,Central,2022-10-19,2022-10-26,Rail,Net 30,764.81,124,124,495,116,20,0,94836.44,94836.44,In Stock,2,9,7
ORD-001561,SKU-04466,Product_Omega_2,Pharmaceuticals,Supplier_A,Kolkata WH,South,2022-10-19,2022-11-08,Air,Immediate,1430.53,405,445,315,45,8,15,579364.65,492459.95,In Stock,2,0,20
ORD-001562,SKU-04081,Product_Delta_31,Pharmaceuticals,Supplier_C,Kolkata WH,South,2022-10-19,2022-11-16,Air,Net 60,1886.1,92,92,617,189,27,0,173521.2,173521.2,In Stock,7,4,28
ORD-001563,SKU-01629,Product_Kappa_44,Pharmaceuticals,Supplier_H,Chennai WH,Central,2022-10-20,2022-11-14,Road,Net 30,3783.99,255,255,637,110,39,0,964917.45,964917.45,In Stock,8,13,25
ORD-001564,SKU-01269,Product_Beta_1,Industrial Parts,Supplier_F,Mumbai WH,South,2022-10-20,2022-11-17,Rail,Net 30,2702.91,97,97,847,57,35,10,262182.27,235964.04,In Stock,9,4,28
ORD-001565,SKU-06724,Product_Alpha_18,Pharmaceuticals,Supplier_A,Chennai WH,Central,2022-10-20,2022-11-17,Sea,Net 30,396.64,6,6,383,173,25,20,2379.84,1903.87,In Stock,3,2,28
ORD-001566,SKU-06897,Product_Alpha_43,FMCG,Supplier_A,Hyderabad WH,North,2022-10-20,2022-11-04,Road,Net 60,99.96,169,169,641,78,14,15,16893.24,14359.25,In Stock,7,10,15
ORD-001567,SKU-04432,Product_Alpha_7,Electronics,Supplier_A,Mumbai WH,North,2022-10-20,2022-11-16,Air,Net 30,520.64,383,383,990,146,44,15,199405.12,169494.35,Discontinued,0,2,27
ORD-001568,SKU-07276,Product_Delta_34,Pharmaceuticals,Supplier_D,Hyderabad WH,Central,2022-10-20,2022-10-28,Air,Net 15,2058.39,271,271,315,43,40,0,557823.69,557823.69,In Stock,1,3,8
ORD-001569,SKU-06895,Product_Alpha_25,Furniture,Supplier_A,Bangalore WH,South,2022-10-21,2022-11-20,Air,Net 15,4666.63,108,108,255,130,31,15,503996.04,428396.63,In Stock,9,2,30
ORD-001570,SKU-08115,Product_Sigma_32,Pharmaceuticals,Supplier_K,Hyderabad WH,South,2022-10-21,2022-11-11,Air,Net 30,3190.64,387,387,440,40,5,10,1234777.68,1111299.91,In Stock,9,13,21
ORD-001571,SKU-07656,Product_Kappa_49,Apparel,Supplier_F,Hyderabad WH,South,2022-10-21,2022-11-13,Road,Net 60,4011.11,299,299,114,79,17,20,1199321.89,959457.51,In Stock,9,14,23
ORD-001572,SKU-01575,Product_Omega_39,Apparel,Supplier_L,Chennai WH,East,2022-10-21,2022-11-13,Rail,Net 15,2337.21,47,47,298,109,10,0,109848.87,109848.87,In Stock,8,2,23
ORD-001573,SKU-08029,Product_Zeta_22,Electronics,Supplier_G,Chennai WH,South,2022-10-21,2022-11-11,Rail,Net 15,1814.71,99,99,914,167,43,20,179656.29,143725.03,In Stock,1,2,21
ORD-001574,SKU-07099,Product_Omega_44,Electronics,Supplier_K,Mumbai WH,North,2022-10-21,2022-11-02,Sea,Net 15,550.92,14,14,123,25,16,5,7712.88,7327.24,In Stock,1,6,12
ORD-001575,SKU-04192,Product_Omega_21,FMCG,Supplier_G,Hyderabad WH,West,2022-10-21,2022-11-15,Air,Net 15,4380.91,194,194,255,29,4,10,849896.54,764906.89,In Stock,7,8,25
ORD-001576,SKU-04178,Product_Delta_24,Electronics,Supplier_B,Delhi WH,Central,2022-10-22,2022-11-10,Air,Net 60,3917.97,157,157,650,159,5,5,615121.29,584365.23,In Stock,4,10,19
ORD-001577,SKU-07052,Product_Zeta_25,Electronics,Supplier_J,Mumbai WH,Central,2022-10-22,2022-11-09,Rail,Net 15,848.91,388,388,717,116,42,5,329377.08,312908.23,In Stock,4,14,18
ORD-001578,SKU-03734,Product_Alpha_23,Industrial Parts,Supplier_J,Delhi WH,East,2022-10-22,2022-11-15,Air,Immediate,2566.18,154,154,46,169,41,5,395191.72,375432.13,Low Stock,5,12,24
ORD-001579,SKU-07116,Product_Omega_7,FMCG,Supplier_F,Kolkata WH,West,2022-10-22,2022-11-11,Sea,Net 15,2442.0,115,115,728,99,20,0,280830.0,280830.0,In Stock,7,0,20
ORD-001580,SKU-04568,Product_Alpha_30,Pharmaceuticals,Supplier_K,Chennai WH,Central,2022-10-22,2022-10-29,Air,Net 60,3129.21,396,396,830,36,6,10,1239167.16,1115250.44,In Stock,7,7,7
ORD-001581,SKU-03203,Product_Zeta_47,Electronics,Supplier_D,Chennai WH,East,2022-10-22,2022-11-16,Rail,Net 30,4731.47,258,258,902,157,11,10,1220719.26,1098647.33,In Stock,8,9,25
ORD-001582,SKU-02390,Product_Gamma_2,Pharmaceuticals,Supplier_A,Delhi WH,West,2022-10-22,2022-11-15,Air,Net 60,2903.06,145,145,462,159,17,10,420943.7,378849.33,In Stock,9,11,24
ORD-001583,SKU-02742,Product_Beta_34,Pharmaceuticals,Supplier_F,Mumbai WH,West,2022-10-23,2022-10-30,Road,Net 60,2705.68,291,291,349,102,41,0,787352.88,787352.88,In Stock,2,0,7
ORD-001584,SKU-02925,Product_Sigma_45,Furniture,Supplier_G,Mumbai WH,West,2022-10-23,2022-11-02,Sea,Net 15,261.11,10,10,122,59,3,20,2611.1,2088.88,In Stock,8,8,10
ORD-001585,SKU-01619,Product_Delta_24,Electronics,Supplier_E,Hyderabad WH,West,2022-10-23,2022-11-07,Rail,Immediate,323.91,368,400,30,170,16,10,119198.88,107278.99,Low Stock,2,12,15
ORD-001586,SKU-02274,Product_Kappa_40,FMCG,Supplier_B,Chennai WH,Central,2022-10-23,2022-10-29,Air,Immediate,944.86,214,214,983,187,36,0,202200.04,202200.04,In Stock,0,7,6
ORD-001587,SKU-01956,Product_Kappa_33,Furniture,Supplier_I,Kolkata WH,North,2022-10-23,2022-11-14,Rail,Immediate,172.03,233,233,54,93,26,10,40082.99,36074.69,Low Stock,4,14,22
ORD-001588,SKU-02939,Product_Zeta_43,Furniture,Supplier_E,Delhi WH,Central,2022-10-23,2022-10-26,Rail,Net 30,3719.33,171,171,152,93,24,0,636005.43,636005.43,Discontinued,6,5,3
ORD-001589,SKU-04953,Product_Delta_1,FMCG,Supplier_J,Mumbai WH,West,2022-10-23,2022-10-29,Air,Net 60,3619.42,21,21,455,69,34,0,76007.82,76007.82,In Stock,2,5,6
ORD-001590,SKU-01968,Product_Omega_2,Furniture,Supplier_D,Delhi WH,East,2022-10-23,2022-10-29,Air,Net 60,688.92,15,15,285,29,20,5,10333.8,9817.11,In Stock,8,10,6
ORD-001591,SKU-01281,Product_Omega_3,Apparel,Supplier_H,Kolkata WH,East,2022-10-24,2022-11-17,Road,Net 15,4182.03,419,419,35,122,17,5,1752270.57,1664657.04,Low Stock,0,9,24
ORD-001592,SKU-07262,Product_Omega_44,Pharmaceuticals,Supplier_I,Kolkata WH,Central,2022-10-24,2022-11-10,Sea,Net 30,782.38,368,368,817,113,20,0,287915.84,287915.84,In Stock,5,6,17
ORD-001593,SKU-02058,Product_Kappa_15,Industrial Parts,Supplier_K,Hyderabad WH,South,2022-10-24,2022-10-28,Sea,Net 60,1512.87,126,126,909,151,16,0,190621.62,190621.62,In Stock,5,7,4
ORD-001594,SKU-05293,Product_Kappa_26,Industrial Parts,Supplier_E,Delhi WH,West,2022-10-24,2022-11-06,Air,Immediate,1252.39,341,341,796,148,4,20,427064.99,341651.99,In Stock,7,12,13
ORD-001595,SKU-06178,Product_Beta_23,Apparel,Supplier_G,Kolkata WH,East,2022-10-24,2022-10-26,Sea,Net 30,1867.81,341,341,922,62,18,0,636923.21,636923.21,In Stock,2,6,2
ORD-001596,SKU-07980,Product_Zeta_31,Pharmaceuticals,Supplier_H,Bangalore WH,East,2022-10-24,2022-11-07,Sea,Net 60,1280.77,213,213,884,102,36,0,272804.01,272804.01,In Stock,4,14,14
ORD-001597,SKU-02229,Product_Beta_47,Apparel,Supplier_J,Kolkata WH,Central,2022-10-24,2022-11-02,Air,Net 15,2449.87,188,188,255,152,35,20,460575.56,368460.45,In Stock,9,12,9
ORD-001598,SKU-05585,Product_Zeta_19,Industrial Parts,Supplier_A,Delhi WH,East,2022-10-25,2022-11-12,Sea,Immediate,2042.97,172,172,177,123,30,0,351390.84,351390.84,In Stock,4,0,18
ORD-001599,SKU-09467,Product_Delta_46,Furniture,Supplier_I,Hyderabad WH,Central,2022-10-25,2022-11-03,Air,Net 60,4932.98,480,480,547,53,18,10,2367830.4,2131047.36,In Stock,7,9,9
ORD-001600,SKU-03740,Product_Gamma_34,Apparel,Supplier_H,Hyderabad WH,West,2022-10-25,2022-10-30,Air,Immediate,289.07,247,247,253,43,21,0,71400.29,71400.29,In Stock,6,14,5
ORD-001601,SKU-03289,Product_Alpha_9,Pharmaceuticals,Supplier_L,Delhi WH,East,2022-10-26,2022-11-01,Rail,Net 60,719.49,5,5,507,161,32,5,3597.45,3417.58,In Stock,2,12,6
ORD-001602,SKU-02239,Product_Kappa_6,Furniture,Supplier_A,Mumbai WH,South,2022-10-26,2022-11-14,Road,Net 30,273.6,231,231,673,60,5,0,63201.6,63201.6,In Stock,6,13,19
ORD-001603,SKU-06370,Product_Sigma_44,Electronics,Supplier_K,Hyderabad WH,North,2022-10-26,2022-11-23,Road,Net 60,3132.95,201,201,20,189,41,20,629722.95,503778.36,Low Stock,9,3,28
ORD-001604,SKU-01125,Product_Kappa_11,Industrial Parts,Supplier_B,Kolkata WH,South,2022-10-26,2022-11-04,Road,Net 60,282.0,373,373,805,32,23,5,105186.0,99926.7,In Stock,7,14,9
ORD-001605,SKU-08473,Product_Kappa_8,FMCG,Supplier_I,Hyderabad WH,East,2022-10-26,2022-10-27,Rail,Immediate,4183.83,402,402,74,176,30,5,1681899.66,1597804.68,Low Stock,4,3,1
ORD-001606,SKU-06342,Product_Kappa_43,Apparel,Supplier_H,Hyderabad WH,South,2022-10-26,2022-11-06,Air,Immediate,2564.57,149,149,992,193,27,20,382120.93,305696.74,In Stock,4,12,11
ORD-001607,SKU-08351,Product_Delta_16,Apparel,Supplier_C,Kolkata WH,North,2022-10-26,2022-11-10,Sea,Net 60,2639.77,72,164,718,181,15,20,190063.44,152050.75,In Stock,0,8,15
ORD-001608,SKU-07638,Product_Delta_11,Furniture,Supplier_G,Chennai WH,West,2022-10-26,2022-11-18,Air,Net 15,2812.36,492,492,459,151,41,0,1383681.12,1383681.12,Discontinued,7,14,23
ORD-001609,SKU-07570,Product_Beta_7,Electronics,Supplier_K,Kolkata WH,East,2022-10-27,2022-11-26,Sea,Immediate,862.36,226,226,983,47,14,15,194893.36,165659.36,In Stock,5,11,30
ORD-001610,SKU-04249,Product_Zeta_46,Apparel,Supplier_A,Delhi WH,East,2022-10-27,2022-11-01,Air,Net 15,996.47,74,23,177,102,21,0,73738.78,73738.78,In Stock,5,8,5
ORD-001611,SKU-08595,Product_Alpha_11,Furniture,Supplier_A,Hyderabad WH,East,2022-10-27,2022-10-29,Road,Net 15,1600.9,307,307,381,148,34,5,491476.3,466902.48,In Stock,4,2,2
ORD-001612,SKU-07294,Product_Omega_25,Industrial Parts,Supplier_B,Mumbai WH,Central,2022-10-28,2022-11-02,Road,Net 30,2971.55,169,169,36,183,26,0,502191.95,502191.95,Low Stock,4,10,5
ORD-001613,SKU-07527,Product_Sigma_15,Pharmaceuticals,Supplier_K,Delhi WH,South,2022-10-28,2022-11-27,Road,Immediate,1058.49,249,249,970,126,25,5,263564.01,250385.81,In Stock,2,14,30
ORD-001614,SKU-06757,Product_Sigma_43,Furniture,Supplier_D,Kolkata WH,Central,2022-10-28,2022-11-08,Road,Net 30,590.5,280,280,119,32,31,0,165340.0,165340.0,In Stock,2,8,11
ORD-001615,SKU-02969,Product_Kappa_43,FMCG,Supplier_G,Chennai WH,Central,2022-10-28,2022-11-17,Air,Net 60,4850.88,488,488,914,133,6,5,2367229.44,2248867.97,In Stock,1,4,20
ORD-001616,SKU-01891,Product_Beta_43,Furniture,Supplier_F,Delhi WH,West,2022-10-28,2022-10-30,Road,Net 30,119.69,152,92,629,125,4,5,18192.88,17283.24,In Stock,8,10,2
ORD-001617,SKU-05470,Product_Gamma_35,Apparel,Supplier_L,Chennai WH,East,2022-10-29,2022-11-23,Rail,Immediate,4015.46,224,224,0,24,24,0,899463.04,899463.04,Out of Stock,7,5,25
ORD-001618,SKU-08175,Product_Kappa_6,Pharmaceuticals,Supplier_B,Chennai WH,Central,2022-10-29,2022-11-28,Rail,Net 15,3942.3,225,225,720,116,42,5,887017.5,842666.62,In Stock,2,14,30
ORD-001619,SKU-09320,Product_Omega_15,Pharmaceuticals,Supplier_A,Kolkata WH,West,2022-10-30,2022-11-20,Road,Net 15,1493.1,38,38,935,33,31,20,56737.8,45390.24,In Stock,4,6,21
ORD-001620,SKU-07812,Product_Beta_42,Furniture,Supplier_D,Hyderabad WH,East,2022-10-30,2022-11-19,Road,Net 30,686.78,44,44,310,99,19,10,30218.32,27196.49,In Stock,9,2,20
ORD-001621,SKU-08519,Product_Omega_25,Furniture,Supplier_E,Delhi WH,North,2022-10-30,2022-11-26,Air,Net 15,736.69,185,185,207,139,11,5,136287.65,129473.27,In Stock,4,13,27
ORD-001622,SKU-05612,Product_Zeta_42,Furniture,Supplier_E,Delhi WH,North,2022-10-30,2022-11-21,Rail,Net 30,3490.18,499,499,153,179,29,20,1741599.82,1393279.86,Low Stock,7,3,22
ORD-001623,SKU-02198,Product_Zeta_15,Furniture,Supplier_E,Delhi WH,East,2022-10-30,2022-11-09,Air,Net 60,3217.6,443,443,761,197,5,5,1425396.8,1354126.96,In Stock,5,4,10
ORD-001624,SKU-06238,Product_Delta_17,FMCG,Supplier_E,Chennai WH,Central,2022-10-30,2022-11-15,Air,Net 15,3915.9,241,241,682,174,18,0,943731.9,943731.9,In Stock,6,0,16
ORD-001625,SKU-07089,Product_Beta_19,Industrial Parts,Supplier_C,Hyderabad WH,West,2022-10-30,2022-11-25,Road,Immediate,4688.03,418,418,314,54,3,5,1959596.54,1861616.71,In Stock,4,7,26
ORD-001626,SKU-07257,Product_Beta_8,FMCG,Supplier_J,Mumbai WH,South,2022-10-30,2022-11-18,Sea,Net 60,3462.72,331,453,306,22,40,0,1146160.32,1146160.32,In Stock,0,10,19
ORD-001627,SKU-08705,Product_Beta_22,Apparel,Supplier_J,Mumbai WH,West,2022-10-30,2022-11-17,Air,Immediate,787.7,351,351,503,23,11,10,276482.7,248834.43,In Stock,7,6,18
ORD-001628,SKU-04719,Product_Delta_48,Electronics,Supplier_A,Chennai WH,West,2022-10-30,2022-11-11,Sea,Immediate,1224.78,210,407,618,154,21,20,257203.8,205763.04,In Stock,3,12,12
ORD-001629,SKU-01302,Product_Beta_37,Apparel,Supplier_G,Mumbai WH,East,2022-10-30,2022-11-02,Sea,Net 30,4212.55,23,23,654,150,30,0,96888.65,96888.65,In Stock,4,10,3
ORD-001630,SKU-01986,Product_Omega_9,Industrial Parts,Supplier_H,Hyderabad WH,North,2022-10-30,2022-11-25,Rail,Immediate,1054.44,124,124,519,100,19,5,130750.56,124213.03,In Stock,0,11,26
ORD-001631,SKU-05440,Product_Omega_25,Furniture,Supplier_E,Hyderabad WH,North,2022-10-30,2022-11-22,Rail,Net 60,371.89,86,86,605,130,25,5,31982.54,30383.41,In Stock,2,12,23
ORD-001632,SKU-05909,Product_Alpha_20,Apparel,Supplier_K,Mumbai WH,Central,2022-10-31,2022-11-11,Sea,Net 60,3519.37,43,33,909,78,35,0,151332.91,151332.91,In Stock,1,1,11
ORD-001633,SKU-04072,Product_Alpha_38,FMCG,Supplier_F,Chennai WH,Central,2022-10-31,2022-11-17,Road,Net 60,2018.61,466,466,96,93,12,10,940672.26,846605.03,In Stock,1,6,17
ORD-001634,SKU-04124,Product_Delta_25,Furniture,Supplier_G,Hyderabad WH,West,2022-11-01,2022-11-09,Sea,Net 30,4601.0,40,40,489,148,26,10,184040.0,165636.0,In Stock,0,11,8
ORD-001635,SKU-09125,Product_Zeta_21,Furniture,Supplier_I,Hyderabad WH,West,2022-11-01,2022-11-07,Rail,Net 30,3254.77,303,303,6,175,5,0,986195.31,986195.31,Low Stock,5,8,6
ORD-001636,SKU-04291,Product_Omega_44,Pharmaceuticals,Supplier_G,Mumbai WH,East,2022-11-01,2022-11-18,Air,Immediate,461.19,169,169,785,78,19,15,77941.11,66249.94,In Stock,7,4,17
ORD-001637,SKU-05033,Product_Gamma_34,Industrial Parts,Supplier_F,Mumbai WH,East,2022-11-01,2022-11-04,Sea,Net 30,4739.8,175,175,11,137,27,0,829465.0,829465.0,Low Stock,2,13,3
ORD-001638,SKU-06105,Product_Delta_7,Apparel,Supplier_C,Bangalore WH,South,2022-11-01,2022-11-27,Sea,Immediate,1300.2,487,487,513,157,38,20,633197.4,506557.92,In Stock,0,10,26
ORD-001639,SKU-01703,Product_Zeta_1,Electronics,Supplier_E,Kolkata WH,East,2022-11-02,2022-11-19,Air,Net 15,1692.69,20,20,945,122,29,0,33853.8,33853.8,In Stock,9,5,17
ORD-001640,SKU-09133,Product_Kappa_21,FMCG,Supplier_A,Hyderabad WH,Central,2022-11-02,2022-11-08,Air,Net 15,2017.28,461,461,348,150,12,10,929966.08,836969.47,In Stock,1,4,6
ORD-001641,SKU-01574,Product_Gamma_19,FMCG,Supplier_G,Kolkata WH,West,2022-11-02,2022-11-16,Road,Net 15,265.61,109,109,916,154,19,0,28951.49,28951.49,In Stock,2,0,14
ORD-001642,SKU-06704,Product_Delta_32,Electronics,Supplier_C,Chennai WH,East,2022-11-02,2022-11-20,Sea,Net 15,2487.61,193,193,6,28,9,0,480108.73,480108.73,Low Stock,5,5,18
ORD-001643,SKU-08848,Product_Kappa_10,Industrial Parts,Supplier_C,Kolkata WH,East,2022-11-02,2022-11-20,Road,Immediate,625.36,244,244,499,118,18,15,152587.84,129699.66,In Stock,2,13,18
ORD-001644,SKU-06208,Product_Sigma_10,Electronics,Supplier_B,Bangalore WH,North,2022-11-02,2022-11-15,Air,Net 30,2010.84,324,324,474,160,29,5,651512.16,618936.55,In Stock,8,13,13
ORD-001645,SKU-07924,Product_Alpha_39,Industrial Parts,Supplier_F,Hyderabad WH,East,2022-11-03,2022-11-06,Road,Net 60,1760.04,280,280,523,187,3,20,492811.2,394248.96,In Stock,0,6,3
ORD-001646,SKU-04828,Product_Omega_20,FMCG,Supplier_F,Chennai WH,West,2022-11-03,2022-11-15,Air,Net 15,3866.47,228,228,851,133,23,5,881555.16,837477.4,In Stock,6,4,12
ORD-001647,SKU-04230,Product_Beta_18,Furniture,Supplier_J,Delhi WH,East,2022-11-03,2022-11-11,Sea,Net 30,4017.82,36,230,56,81,30,20,144641.52,115713.22,Low Stock,9,2,8
ORD-001648,SKU-01488,Product_Kappa_41,Industrial Parts,Supplier_J,Mumbai WH,North,2022-11-03,2022-12-02,Rail,Net 15,775.53,45,45,589,81,24,20,34898.85,27919.08,In Stock,7,14,29
ORD-001649,SKU-08114,Product_Delta_32,Apparel,Supplier_G,Kolkata WH,Central,2022-11-03,2022-11-10,Air,Immediate,1839.09,386,386,585,29,37,5,709888.74,674394.3,In Stock,8,5,7
ORD-001650,SKU-04173,Product_Sigma_46,FMCG,Supplier_H,Bangalore WH,West,2022-11-03,2022-11-25,Sea,Net 15,1873.03,28,28,232,106,37,5,52444.84,49822.6,In Stock,7,11,22
ORD-001651,SKU-02667,Product_Zeta_4,FMCG,Supplier_C,Delhi WH,West,2022-11-03,2022-11-14,Rail,Net 15,765.54,154,154,790,30,4,15,117893.16,100209.19,In Stock,4,11,11
ORD-001652,SKU-05114,Product_Omega_10,FMCG,Supplier_F,Chennai WH,Central,2022-11-03,2022-11-14,Sea,Immediate,3994.28,23,23,29,81,28,0,91868.44,91868.44,Low Stock,0,10,11
ORD-001653,SKU-04553,Product_Delta_47,Electronics,Supplier_G,Chennai WH,Central,2022-11-03,2022-11-15,Air,Net 60,3539.07,207,108,366,96,16,15,732587.49,622699.37,In Stock,0,6,12
ORD-001654,SKU-08761,Product_Delta_45,Apparel,Supplier_C,Bangalore WH,West,2022-11-04,2022-11-14,Road,Net 60,960.01,420,420,825,123,13,5,403204.2,383043.99,In Stock,7,9,10
ORD-001655,SKU-02000,Product_Alpha_50,Industrial Parts,Supplier_C,Chennai WH,South,2022-11-04,2022-11-11,Air,Net 60,1839.94,91,91,606,75,8,10,167434.54,150691.09,In Stock,6,9,7
ORD-001656,SKU-02388,Product_Gamma_32,Apparel,Supplier_C,Hyderabad WH,North,2022-11-04,2022-11-29,Air,Net 15,537.97,390,390,819,129,25,0,209808.3,209808.3,In Stock,4,11,25
ORD-001657,SKU-06450,Product_Zeta_20,Furniture,Supplier_B,Hyderabad WH,North,2022-11-04,2022-11-24,Sea,Net 30,3144.75,419,419,55,68,2,10,1317650.25,1185885.23,Low Stock,9,13,20
ORD-001658,SKU-04712,Product_Gamma_2,Furniture,Supplier_J,Chennai WH,Central,2022-11-04,2022-11-21,Air,Immediate,615.65,359,359,9,35,30,0,221018.35,221018.35,Low Stock,2,8,17
ORD-001659,SKU-02367,Product_Zeta_22,FMCG,Supplier_A,Hyderabad WH,South,2022-11-04,2022-11-20,Air,Immediate,4929.81,38,38,914,92,40,15,187332.78,159232.86,In Stock,8,12,16
ORD-001660,SKU-09189,Product_Zeta_44,FMCG,Supplier_F,Kolkata WH,East,2022-11-04,2022-11-22,Air,Net 30,3905.6,419,419,146,135,3,5,1636446.4,1554624.08,In Stock,3,6,18
ORD-001661,SKU-01454,Product_Kappa_23,Pharmaceuticals,Supplier_D,Mumbai WH,Central,2022-11-04,2022-12-01,Air,Net 60,1957.29,228,228,363,112,23,0,446262.12,446262.12,In Stock,5,2,27
ORD-001662,SKU-03772,Product_Zeta_26,Furniture,Supplier_D,Mumbai WH,South,2022-11-04,2022-11-29,Road,Immediate,2897.03,202,202,598,156,29,20,585200.06,468160.05,In Stock,3,0,25
ORD-001663,SKU-04726,Product_Beta_34,Apparel,Supplier_K,Bangalore WH,North,2022-11-05,2022-11-26,Road,Immediate,4557.6,350,350,252,52,41,10,1595160.0,1435644.0,In Stock,8,14,21
ORD-001664,SKU-08232,Product_Sigma_19,FMCG,Supplier_K,Bangalore WH,North,2022-11-05,2022-11-06,Road,Immediate,2774.96,309,309,698,107,30,20,857462.64,685970.11,In Stock,3,13,1
ORD-001665,SKU-05806,Product_Delta_45,Apparel,Supplier_K,Kolkata WH,West,2022-11-05,2022-11-09,Road,Net 60,880.75,489,489,939,182,11,0,430686.75,430686.75,In Stock,7,12,4
ORD-001666,SKU-03190,Product_Zeta_7,Furniture,Supplier_E,Chennai WH,South,2022-11-05,2022-11-27,Air,Immediate,1899.73,254,254,744,58,21,10,482531.42,434278.28,Discontinued,2,6,22
ORD-001667,SKU-03875,Product_Gamma_21,Electronics,Supplier_H,Delhi WH,North,2022-11-05,2022-11-17,Road,Immediate,4217.29,38,471,252,133,27,10,160257.02,144231.32,In Stock,7,11,12
ORD-001668,SKU-06592,Product_Alpha_46,Furniture,Supplier_A,Chennai WH,North,2022-11-05,2022-11-20,Rail,Net 15,3224.62,221,221,442,96,24,10,712641.02,641376.92,In Stock,2,7,15
ORD-001669,SKU-02440,Product_Sigma_30,Electronics,Supplier_E,Chennai WH,East,2022-11-05,2022-11-13,Rail,Net 15,3257.11,187,187,735,106,31,0,609079.57,609079.57,In Stock,4,14,8
ORD-001670,SKU-09927,Product_Gamma_37,Industrial Parts,Supplier_H,Mumbai WH,Central,2022-11-06,2022-12-05,Sea,Net 15,4335.44,43,43,339,172,30,0,186423.92,186423.92,In Stock,0,10,29
ORD-001671,SKU-07059,Product_Gamma_29,Industrial Parts,Supplier_E,Kolkata WH,West,2022-11-06,2022-11-27,Road,Net 15,4470.93,359,359,515,133,1,20,1605063.87,1284051.1,In Stock,5,0,21
ORD-001672,SKU-08010,Product_Kappa_19,FMCG,Supplier_H,Delhi WH,South,2022-11-06,2022-11-26,Air,Net 30,4599.76,114,114,352,75,1,5,524372.64,498154.01,In Stock,1,4,20
ORD-001673,SKU-08117,Product_Gamma_14,Industrial Parts,Supplier_G,Mumbai WH,South,2022-11-06,2022-12-06,Sea,Net 60,483.3,260,260,623,195,8,20,125658.0,100526.4,In Stock,2,11,30
ORD-001674,SKU-03989,Product_Delta_48,FMCG,Supplier_E,Kolkata WH,East,2022-11-06,2022-11-26,Road,Net 15,2725.19,5,5,704,157,42,0,13625.95,13625.95,In Stock,0,11,20
ORD-001675,SKU-07228,Product_Delta_48,FMCG,Supplier_I,Mumbai WH,South,2022-11-06,2022-11-14,Road,Immediate,3705.14,68,68,652,60,34,20,251949.52,201559.62,In Stock,5,12,8
ORD-001676,SKU-07471,Product_Alpha_24,Pharmaceuticals,Supplier_E,Delhi WH,South,2022-11-06,2022-11-08,Air,Immediate,3787.06,228,228,322,123,16,10,863449.68,777104.71,In Stock,4,7,2
ORD-001677,SKU-03863,Product_Beta_44,Pharmaceuticals,Supplier_K,Bangalore WH,Central,2022-11-06,2022-11-28,Rail,Net 30,3037.51,123,472,139,118,27,10,373613.73,336252.36,In Stock,9,9,22
ORD-001678,SKU-02177,Product_Gamma_25,Pharmaceuticals,Supplier_F,Bangalore WH,East,2022-11-07,2022-12-06,Rail,Net 30,842.27,173,173,860,78,4,0,145712.71,145712.71,In Stock,1,6,29
ORD-001679,SKU-05760,Product_Zeta_44,Pharmaceuticals,Supplier_F,Bangalore WH,Central,2022-11-07,2022-11-18,Sea,Net 30,3989.13,336,336,950,175,19,20,1340347.68,1072278.14,In Stock,7,14,11
ORD-001680,SKU-01011,Product_Gamma_4,Electronics,Supplier_J,Kolkata WH,South,2022-11-07,2022-11-20,Air,Immediate,3603.36,153,153,444,141,29,5,551314.08,523748.38,In Stock,8,1,13
ORD-001681,SKU-06252,Product_Beta_23,Apparel,Supplier_D,Delhi WH,East,2022-11-07,2022-12-07,Air,Immediate,439.82,462,462,94,139,41,10,203196.84,182877.16,Low Stock,2,12,30
ORD-001682,SKU-05399,Product_Kappa_12,Furniture,Supplier_J,Kolkata WH,Central,2022-11-08,2022-12-04,Sea,Net 15,2324.41,267,267,552,60,3,0,620617.47,620617.47,In Stock,5,12,26
ORD-001683,SKU-09234,Product_Alpha_8,Electronics,Supplier_G,Bangalore WH,South,2022-11-08,2022-11-12,Air,Net 15,878.15,157,157,419,85,11,10,137869.55,124082.59,In Stock,5,12,4
ORD-001684,SKU-06445,Product_Omega_38,FMCG,Supplier_F,Chennai WH,West,2022-11-08,2022-11-21,Sea,Net 60,1694.01,162,162,513,198,8,15,274429.62,233265.18,In Stock,9,3,13
ORD-001685,SKU-07570,Product_Zeta_10,Apparel,Supplier_C,Kolkata WH,West,2022-11-08,2022-11-17,Air,Net 60,100.22,214,214,789,81,39,0,21447.08,21447.08,In Stock,5,5,9
ORD-001686,SKU-09212,Product_Zeta_16,Pharmaceuticals,Supplier_B,Delhi WH,West,2022-11-08,2022-11-26,Rail,Net 60,2007.65,398,398,149,177,33,10,799044.7,719140.23,Low Stock,7,6,18
ORD-001687,SKU-01406,Product_Alpha_8,Furniture,Supplier_D,Bangalore WH,Central,2022-11-08,2022-12-02,Rail,Immediate,2753.89,376,376,552,59,8,0,1035462.64,1035462.64,In Stock,4,13,24
ORD-001688,SKU-05431,Product_Delta_26,Pharmaceuticals,Supplier_I,Mumbai WH,North,2022-11-08,2022-11-18,Air,Net 60,3101.72,408,408,350,59,25,20,1265501.76,1012401.41,In Stock,9,6,10
ORD-001689,SKU-06243,Product_Kappa_20,Pharmaceuticals,Supplier_D,Kolkata WH,Central,2022-11-08,2022-11-09,Rail,Net 15,3320.82,443,443,115,121,24,20,1471123.26,1176898.61,Low Stock,9,2,1
ORD-001690,SKU-07542,Product_Gamma_42,Apparel,Supplier_F,Delhi WH,Central,2022-11-09,2022-12-09,Road,Net 30,4183.09,423,423,631,34,26,0,1769447.07,1769447.07,In Stock,7,11,30
ORD-001691,SKU-07936,Product_Zeta_50,FMCG,Supplier_A,Hyderabad WH,East,2022-11-09,2022-11-26,Air,Net 30,1085.16,26,26,236,143,26,0,28214.16,28214.16,In Stock,2,7,17
ORD-001692,SKU-09906,Product_Beta_50,FMCG,Supplier_H,Chennai WH,West,2022-11-09,2022-12-06,Air,Immediate,611.2,427,427,269,150,17,10,260982.4,234884.16,In Stock,6,6,27
ORD-001693,SKU-05146,Product_Kappa_42,Furniture,Supplier_B,Hyderabad WH,North,2022-11-09,2022-12-04,Road,Net 30,4259.17,292,63,860,43,27,0,1243677.64,1243677.64,In Stock,0,3,25
ORD-001694,SKU-01140,Product_Zeta_18,Apparel,Supplier_C,Hyderabad WH,North,2022-11-10,2022-11-22,Air,Net 60,791.5,423,270,290,188,29,5,334804.5,318064.27,In Stock,3,9,12
ORD-001695,SKU-05882,Product_Kappa_24,Industrial Parts,Supplier_E,Kolkata WH,Central,2022-11-10,2022-11-27,Road,Net 15,4874.05,189,189,433,67,43,0,921195.45,921195.45,In Stock,4,12,17
ORD-001696,SKU-07012,Product_Alpha_8,Pharmaceuticals,Supplier_F,Kolkata WH,North,2022-11-10,2022-12-06,Sea,Net 30,4214.27,400,400,8,67,39,5,1685708.0,1601422.6,Low Stock,6,3,26
ORD-001697,SKU-01963,Product_Beta_6,Furniture,Supplier_L,Mumbai WH,East,2022-11-11,2022-11-28,Air,Net 15,2509.37,122,122,750,66,9,0,306143.14,306143.14,In Stock,5,3,17
ORD-001698,SKU-08151,Product_Beta_32,Electronics,Supplier_F,Hyderabad WH,North,2022-11-11,2022-11-26,Air,Net 15,4907.29,230,230,629,124,14,0,1128676.7,1128676.7,In Stock,5,4,15
ORD-001699,SKU-09564,Product_Delta_2,Furniture,Supplier_D,Bangalore WH,South,2022-11-11,2022-11-27,Sea,Net 30,495.91,59,59,863,132,5,0,29258.69,29258.69,In Stock,1,13,16
ORD-001700,SKU-04610,Product_Kappa_18,Furniture,Supplier_B,Kolkata WH,South,2022-11-11,2022-11-13,Rail,Immediate,1522.3,96,96,826,27,30,10,146140.8,131526.72,In Stock,1,10,2
ORD-001701,SKU-07894,Product_Beta_38,FMCG,Supplier_C,Bangalore WH,East,2022-11-12,2022-11-22,Air,Net 60,3194.74,262,262,823,37,28,5,837021.88,795170.79,In Stock,1,1,10
ORD-001702,SKU-08311,Product_Gamma_25,Electronics,Supplier_L,Bangalore WH,Central,2022-11-12,2022-12-11,Air,Net 15,1756.53,354,354,474,127,37,0,621811.62,621811.62,In Stock,9,8,29
ORD-001703,SKU-01105,Product_Kappa_42,FMCG,Supplier_J,Delhi WH,North,2022-11-12,2022-12-03,Rail,Net 30,4642.58,312,312,521,103,8,10,1448484.96,1303636.46,Reorder Pending,7,5,21
ORD-001704,SKU-06539,Product_Zeta_20,Furniture,Supplier_A,Bangalore WH,North,2022-11-12,2022-11-19,Rail,Net 15,337.47,136,136,536,170,15,15,45895.92,39011.53,In Stock,6,11,7
ORD-001705,SKU-07787,Product_Gamma_7,Furniture,Supplier_A,Bangalore WH,East,2022-11-12,2022-11-23,Sea,Net 30,2751.57,350,350,684,84,28,0,963049.5,963049.5,In Stock,0,7,11
ORD-001706,SKU-03137,Product_Omega_5,Electronics,Supplier_L,Hyderabad WH,South,2022-11-12,2022-11-29,Air,Net 15,2958.42,283,283,736,128,36,15,837232.86,711647.93,In Stock,8,10,17
ORD-001707,SKU-05445,Product_Gamma_26,FMCG,Supplier_D,Hyderabad WH,West,2022-11-12,2022-11-15,Air,Net 60,3267.11,455,455,10,65,33,10,1486535.05,1337881.55,Low Stock,7,0,3
ORD-001708,SKU-04530,Product_Alpha_26,Apparel,Supplier_G,Mumbai WH,South,2022-11-12,2022-11-16,Sea,Net 30,1285.77,411,411,612,85,6,0,528451.47,528451.47,In Stock,8,14,4
ORD-001709,SKU-02286,Product_Kappa_5,Apparel,Supplier_C,Delhi WH,East,2022-11-13,2022-11-19,Air,Net 60,1829.19,473,473,776,99,12,0,865206.87,865206.87,In Stock,3,5,6
ORD-001710,SKU-08052,Product_Beta_49,Apparel,Supplier_K,Delhi WH,Central,2022-11-13,2022-12-08,Rail,Net 30,4219.97,120,120,902,169,7,5,506396.4,481076.58,In Stock,4,14,25
ORD-001711,SKU-04654,Product_Delta_43,Apparel,Supplier_C,Bangalore WH,West,2022-11-13,2022-12-01,Air,Net 60,982.76,430,430,326,159,28,10,422586.8,380328.12,In Stock,4,5,18
ORD-001712,SKU-08102,Product_Beta_12,FMCG,Supplier_B,Delhi WH,West,2022-11-13,2022-12-01,Road,Net 60,4136.07,425,425,929,166,7,0,1757829.75,1757829.75,In Stock,8,7,18
ORD-001713,SKU-03359,Product_Gamma_1,Apparel,Supplier_B,Bangalore WH,West,2022-11-13,2022-11-14,Rail,Net 30,2817.65,463,463,594,169,41,20,1304571.95,1043657.56,In Stock,7,12,1
ORD-001714,SKU-09105,Product_Kappa_21,Pharmaceuticals,Supplier_L,Chennai WH,North,2022-11-13,2022-12-04,Sea,Net 30,3813.32,25,25,275,125,1,10,95333.0,85799.7,In Stock,9,0,21
ORD-001715,SKU-09636,Product_Beta_3,FMCG,Supplier_H,Delhi WH,East,2022-11-13,2022-11-16,Rail,Net 60,3570.9,342,342,369,145,24,0,1221247.8,1221247.8,In Stock,5,4,3
ORD-001716,SKU-07441,Product_Gamma_37,Pharmaceuticals,Supplier_D,Kolkata WH,East,2022-11-14,2022-11-21,Rail,Net 30,1045.48,146,146,489,198,19,0,152640.08,152640.08,In Stock,9,14,7
ORD-001717,SKU-06047,Product_Delta_42,FMCG,Supplier_K,Kolkata WH,East,2022-11-14,2022-12-06,Rail,Net 15,2848.38,12,12,344,195,32,0,34180.56,34180.56,In Stock,9,13,22
ORD-001718,SKU-09227,Product_Gamma_6,Furniture,Supplier_C,Delhi WH,East,2022-11-14,2022-12-05,Rail,Net 15,4339.94,87,87,772,164,30,5,377574.78,358696.04,In Stock,0,13,21
ORD-001719,SKU-06203,Product_Sigma_49,Electronics,Supplier_K,Mumbai WH,West,2022-11-14,2022-12-09,Air,Net 15,2166.26,435,83,367,32,1,5,942323.1,895206.94,In Stock,6,13,25
ORD-001720,SKU-02798,Product_Alpha_6,Industrial Parts,Supplier_H,Mumbai WH,North,2022-11-14,2022-11-21,Sea,Net 15,4833.29,109,109,732,47,32,10,526828.61,474145.75,In Stock,8,2,7
ORD-001721,SKU-06291,Product_Beta_33,Furniture,Supplier_H,Kolkata WH,East,2022-11-14,2022-12-12,Air,Net 60,2266.55,423,423,310,142,20,10,958750.65,862875.59,In Stock,3,5,28
ORD-001722,SKU-06495,Product_Sigma_24,Apparel,Supplier_C,Bangalore WH,South,2022-11-14,2022-12-06,Rail,Net 15,722.5,345,485,730,86,21,0,249262.5,249262.5,In Stock,3,8,22
ORD-001723,SKU-07284,Product_Gamma_28,Apparel,Supplier_G,Delhi WH,Central,2022-11-14,2022-11-28,Air,Net 60,1953.28,266,266,600,24,19,5,519572.48,493593.86,In Stock,4,9,14
ORD-001724,SKU-08285,Product_Alpha_16,Electronics,Supplier_E,Mumbai WH,South,2022-11-15,2022-12-12,Sea,Net 30,4759.0,222,222,484,119,30,0,1056498.0,1056498.0,In Stock,7,2,27
ORD-001725,SKU-02300,Product_Sigma_3,Electronics,Supplier_I,Chennai WH,West,2022-11-15,2022-11-19,Road,Net 60,1605.41,74,74,14,162,28,0,118800.34,118800.34,Low Stock,4,8,4
ORD-001726,SKU-07869,Product_Sigma_43,Electronics,Supplier_K,Hyderabad WH,North,2022-11-15,2022-11-22,Sea,Net 15,4341.81,482,482,757,100,32,10,2092752.42,1883477.18,In Stock,3,11,7
ORD-001727,SKU-04097,Product_Kappa_9,Furniture,Supplier_I,Chennai WH,Central,2022-11-15,2022-12-03,Rail,Net 60,4407.44,494,494,687,63,30,0,2177275.36,2177275.36,In Stock,7,8,18
ORD-001728,SKU-05616,Product_Kappa_45,Pharmaceuticals,Supplier_L,Delhi WH,West,2022-11-16,2022-12-13,Rail,Immediate,1757.43,333,333,3,138,23,15,585224.19,497440.56,Low Stock,4,14,27
ORD-001729,SKU-01009,Product_Omega_34,Industrial Parts,Supplier_D,Bangalore WH,West,2022-11-16,2022-12-09,Sea,Immediate,425.46,310,310,845,65,27,20,131892.6,105514.08,In Stock,7,0,23
ORD-001730,SKU-06752,Product_Omega_39,Pharmaceuticals,Supplier_J,Kolkata WH,East,2022-11-16,2022-12-15,Sea,Net 60,3625.54,413,413,375,176,37,10,1497348.02,1347613.22,In Stock,0,1,29
ORD-001731,SKU-07295,Product_Delta_45,Industrial Parts,Supplier_F,Chennai WH,West,2022-11-16,2022-12-10,Road,Net 15,1564.45,102,102,368,87,26,0,159573.9,159573.9,In Stock,2,10,24
ORD-001732,SKU-05815,Product_Beta_43,Furniture,Supplier_I,Hyderabad WH,South,2022-11-16,2022-12-11,Rail,Immediate,3916.79,425,425,464,147,3,0,1664635.75,1664635.75,Discontinued,6,3,25
ORD-001733,SKU-02072,Product_Alpha_16,Electronics,Supplier_F,Hyderabad WH,West,2022-11-17,2022-12-01,Air,Net 15,2218.85,493,493,532,68,31,0,1093893.05,1093893.05,Reorder Pending,0,13,14
ORD-001734,SKU-04225,Product_Alpha_13,Pharmaceuticals,Supplier_L,Delhi WH,South,2022-11-17,2022-12-08,Sea,Net 15,2431.48,137,137,719,190,2,10,333112.76,299801.48,In Stock,4,10,21
ORD-001735,SKU-02316,Product_Gamma_20,Electronics,Supplier_K,Kolkata WH,North,2022-11-17,2022-12-14,Rail,Net 30,3891.77,191,191,985,121,10,15,743328.07,631828.86,In Stock,5,10,27
ORD-001736,SKU-06699,Product_Delta_9,Pharmaceuticals,Supplier_F,Delhi WH,East,2022-11-17,2022-11-20,Road,Net 15,1917.99,461,461,136,96,38,10,884193.39,795774.05,In Stock,0,11,3
ORD-001737,SKU-07807,Product_Delta_38,Apparel,Supplier_I,Hyderabad WH,South,2022-11-17,2022-12-11,Rail,Net 30,2221.21,421,421,833,39,19,10,935129.41,841616.47,In Stock,6,6,24
ORD-001738,SKU-07674,Product_Omega_18,Apparel,Supplier_F,Kolkata WH,West,2022-11-17,2022-12-09,Air,Net 30,1887.19,142,142,362,130,31,10,267980.98,241182.88,In Stock,8,11,22
ORD-001739,SKU-04683,Product_Gamma_47,Pharmaceuticals,Supplier_C,Chennai WH,East,2022-11-17,2022-11-22,Rail,Immediate,1843.03,357,357,974,165,29,15,657961.71,559267.45,In Stock,8,1,5
ORD-001740,SKU-08227,Product_Zeta_5,Electronics,Supplier_C,Chennai WH,Central,2022-11-17,2022-11-18,Road,Net 15,2634.47,73,73,930,196,25,0,192316.31,192316.31,In Stock,2,6,1
ORD-001741,SKU-04273,Product_Sigma_17,Furniture,Supplier_J,Hyderabad WH,Central,2022-11-17,2022-12-02,Air,Immediate,4045.91,328,363,215,134,32,15,1327058.48,1127999.71,Discontinued,3,4,15
ORD-001742,SKU-08000,Product_Zeta_42,Furniture,Supplier_K,Chennai WH,North,2022-11-18,2022-12-11,Rail,Net 15,1815.22,167,167,367,189,17,10,303141.74,272827.57,In Stock,0,9,23
ORD-001743,SKU-01145,Product_Gamma_26,Apparel,Supplier_E,Hyderabad WH,North,2022-11-18,2022-11-29,Rail,Immediate,2626.03,168,168,116,31,23,0,441173.04,441173.04,In Stock,3,14,11
ORD-001744,SKU-06010,Product_Kappa_6,Industrial Parts,Supplier_C,Delhi WH,Central,2022-11-18,2022-11-20,Sea,Net 60,3356.93,54,54,178,98,18,20,181274.22,145019.38,In Stock,4,6,2
ORD-001745,SKU-04040,Product_Sigma_44,Apparel,Supplier_K,Mumbai WH,South,2022-11-18,2022-11-21,Sea,Net 15,1354.5,259,259,245,138,11,20,350815.5,280652.4,In Stock,6,13,3
ORD-001746,SKU-01482,Product_Zeta_45,Apparel,Supplier_F,Mumbai WH,Central,2022-11-18,2022-11-21,Sea,Net 15,1394.84,439,439,127,55,20,5,612334.76,581718.02,In Stock,4,11,3
ORD-001747,SKU-04179,Product_Gamma_35,Industrial Parts,Supplier_C,Kolkata WH,East,2022-11-18,2022-11-20,Road,Net 15,4667.73,111,111,357,27,13,15,518118.03,440400.33,In Stock,7,8,2
ORD-001748,SKU-02249,Product_Delta_5,Furniture,Supplier_L,Bangalore WH,West,2022-11-18,2022-11-24,Rail,Net 30,3620.44,232,232,77,47,24,0,839942.08,839942.08,In Stock,6,8,6
ORD-001749,SKU-01630,Product_Sigma_41,FMCG,Supplier_F,Kolkata WH,West,2022-11-18,2022-12-14,Road,Immediate,2890.16,161,161,740,135,43,5,465315.76,442049.97,In Stock,0,2,26
ORD-001750,SKU-09853,Product_Delta_46,Apparel,Supplier_B,Bangalore WH,South,2022-11-18,2022-11-27,Rail,Immediate,3242.12,352,352,292,105,20,0,1141226.24,1141226.24,In Stock,1,2,9
ORD-001751,SKU-03852,Product_Omega_37,Electronics,Supplier_G,Bangalore WH,Central,2022-11-19,2022-12-07,Sea,Net 15,156.2,327,327,773,68,42,5,51077.4,48523.53,In Stock,6,12,18
ORD-001752,SKU-01987,Product_Gamma_27,Industrial Parts,Supplier_B,Chennai WH,East,2022-11-19,2022-11-22,Sea,Net 15,3094.33,19,19,81,185,28,5,58792.27,55852.66,Discontinued,2,6,3
ORD-001753,SKU-08622,Product_Gamma_21,Electronics,Supplier_I,Hyderabad WH,North,2022-11-19,2022-12-08,Sea,Net 60,2552.45,290,472,341,99,35,0,740210.5,740210.5,In Stock,1,4,19
ORD-001754,SKU-08327,Product_Zeta_25,Furniture,Supplier_F,Bangalore WH,South,2022-11-19,2022-12-16,Air,Net 60,2733.29,462,462,337,24,21,10,1262779.98,1136501.98,In Stock,8,4,27
ORD-001755,SKU-09841,Product_Alpha_39,Electronics,Supplier_H,Bangalore WH,North,2022-11-19,2022-11-27,Rail,Net 30,1803.52,50,50,818,65,6,0,90176.0,90176.0,In Stock,9,4,8
ORD-001756,SKU-02100,Product_Delta_5,Electronics,Supplier_F,Chennai WH,East,2022-11-19,2022-12-19,Road,Net 15,416.55,175,175,577,117,7,0,72896.25,72896.25,In Stock,7,8,30
ORD-001757,SKU-07652,Product_Sigma_8,Pharmaceuticals,Supplier_J,Chennai WH,East,2022-11-20,2022-11-29,Air,Immediate,974.76,302,302,95,121,29,0,294377.52,294377.52,Low Stock,7,14,9
ORD-001758,SKU-09632,Product_Beta_44,Pharmaceuticals,Supplier_B,Hyderabad WH,South,2022-11-20,2022-12-04,Air,Net 30,4754.22,184,184,144,21,23,5,874776.48,831037.66,Reorder Pending,2,3,14
ORD-001759,SKU-08421,Product_Zeta_5,Industrial Parts,Supplier_H,Bangalore WH,Central,2022-11-20,2022-12-03,Sea,Immediate,2049.41,185,185,576,44,5,0,379140.85,379140.85,In Stock,9,5,13
ORD-001760,SKU-06016,Product_Omega_41,FMCG,Supplier_B,Delhi WH,South,2022-11-20,2022-12-05,Rail,Immediate,2338.75,339,339,520,20,22,0,792836.25,792836.25,In Stock,8,5,15
ORD-001761,SKU-01769,Product_Beta_24,Industrial Parts,Supplier_A,Mumbai WH,North,2022-11-20,2022-12-11,Sea,Net 15,273.02,307,307,396,187,9,0,83817.14,83817.14,In Stock,7,12,21
ORD-001762,SKU-02343,Product_Omega_50,Electronics,Supplier_F,Chennai WH,West,2022-11-20,2022-12-03,Road,Net 15,197.46,310,310,995,87,32,0,61212.6,61212.6,In Stock,1,6,13
ORD-001763,SKU-05358,Product_Sigma_10,Industrial Parts,Supplier_A,Kolkata WH,West,2022-11-21,2022-12-05,Sea,Net 60,3588.74,346,346,356,88,10,5,1241704.04,1179618.84,In Stock,6,1,14
ORD-001764,SKU-07780,Product_Delta_18,Pharmaceuticals,Supplier_I,Chennai WH,East,2022-11-21,2022-12-02,Air,Net 30,2695.09,81,81,185,35,43,20,218302.29,174641.83,In Stock,7,5,11
ORD-001765,SKU-07602,Product_Alpha_7,Industrial Parts,Supplier_K,Bangalore WH,East,2022-11-21,2022-11-22,Sea,Immediate,2548.44,374,374,669,37,28,0,953116.56,953116.56,In Stock,6,12,1
ORD-001766,SKU-03349,Product_Zeta_15,Pharmaceuticals,Supplier_A,Delhi WH,Central,2022-11-21,2022-12-04,Rail,Net 15,1223.19,156,156,542,126,11,10,190817.64,171735.88,In Stock,8,8,13
ORD-001767,SKU-06699,Product_Zeta_7,Furniture,Supplier_F,Delhi WH,South,2022-11-21,2022-12-13,Sea,Net 30,3726.31,275,275,150,36,7,0,1024735.25,1024735.25,In Stock,6,2,22
ORD-001768,SKU-02241,Product_Beta_12,Pharmaceuticals,Supplier_E,Chennai WH,North,2022-11-21,2022-11-25,Rail,Net 30,849.5,283,283,318,144,30,0,240408.5,240408.5,In Stock,6,1,4
ORD-001769,SKU-02125,Product_Sigma_38,Electronics,Supplier_J,Mumbai WH,South,2022-11-22,2022-12-10,Air,Net 60,957.77,432,432,753,101,43,0,413756.64,413756.64,In Stock,0,12,18
ORD-001770,SKU-07764,Product_Kappa_7,Electronics,Supplier_B,Mumbai WH,West,2022-11-22,2022-11-23,Road,Immediate,2308.95,249,249,667,23,38,20,574928.55,459942.84,Discontinued,1,7,1
ORD-001771,SKU-06101,Product_Omega_45,Apparel,Supplier_E,Hyderabad WH,South,2022-11-23,2022-12-14,Sea,Net 60,1438.54,147,147,58,134,34,5,211465.38,200892.11,Low Stock,4,0,21
ORD-001772,SKU-08843,Product_Sigma_36,Apparel,Supplier_H,Bangalore WH,West,2022-11-23,2022-12-17,Road,Net 30,1244.84,481,481,9,114,28,10,598768.04,538891.24,Discontinued,0,10,24
ORD-001773,SKU-01072,Product_Sigma_39,Electronics,Supplier_H,Chennai WH,East,2022-11-23,2022-12-13,Sea,Net 60,3229.74,435,445,856,114,32,10,1404936.9,1264443.21,In Stock,9,7,20
ORD-001774,SKU-06472,Product_Beta_4,Electronics,Supplier_E,Mumbai WH,South,2022-11-23,2022-11-26,Sea,Net 60,3258.35,7,7,123,156,16,0,22808.45,22808.45,Low Stock,6,4,3
ORD-001775,SKU-06189,Product_Gamma_21,Pharmaceuticals,Supplier_E,Chennai WH,Central,2022-11-23,2022-12-18,Air,Net 15,4124.34,157,157,355,50,39,20,647521.38,518017.1,In Stock,4,8,25
ORD-001776,SKU-03472,Product_Zeta_12,Electronics,Supplier_H,Hyderabad WH,East,2022-11-23,2022-12-17,Air,Net 15,2094.37,171,171,345,152,1,0,358137.27,358137.27,In Stock,4,8,24
ORD-001777,SKU-01707,Product_Omega_48,FMCG,Supplier_D,Kolkata WH,West,2022-11-23,2022-12-12,Sea,Net 60,374.69,69,69,793,35,34,0,25853.61,25853.61,In Stock,7,3,19
ORD-001778,SKU-02804,Product_Zeta_31,Industrial Parts,Supplier_F,Mumbai WH,West,2022-11-23,2022-11-25,Sea,Immediate,1375.6,94,94,236,61,41,0,129306.4,129306.4,In Stock,8,0,2
ORD-001779,SKU-07704,Product_Gamma_17,Electronics,Supplier_K,Delhi WH,Central,2022-11-24,2022-12-17,Road,Immediate,4900.23,369,369,332,188,23,0,1808184.87,1808184.87,In Stock,9,4,23
ORD-001780,SKU-04713,Product_Alpha_44,Pharmaceuticals,Supplier_D,Bangalore WH,East,2022-11-24,2022-12-22,Sea,Net 15,2985.33,363,363,16,49,20,0,1083674.79,1083674.79,Low Stock,0,6,28
ORD-001781,SKU-06051,Product_Gamma_43,Apparel,Supplier_F,Hyderabad WH,East,2022-11-24,2022-11-27,Sea,Net 30,3551.59,376,376,423,45,18,10,1335397.84,1201858.06,In Stock,9,8,3
ORD-001782,SKU-03475,Product_Gamma_10,Pharmaceuticals,Supplier_C,Chennai WH,West,2022-11-24,2022-12-06,Air,Net 30,46.72,186,186,323,196,18,0,8689.92,8689.92,In Stock,3,9,12
ORD-001783,SKU-04610,Product_Zeta_37,Pharmaceuticals,Supplier_E,Bangalore WH,North,2022-11-25,2022-12-25,Road,Immediate,2595.85,392,392,22,50,42,10,1017573.2,915815.88,Low Stock,1,8,30
ORD-001784,SKU-05255,Product_Sigma_4,Electronics,Supplier_H,Chennai WH,West,2022-11-25,2022-12-12,Rail,Net 30,197.27,170,170,930,69,40,0,33535.9,33535.9,In Stock,8,8,17
ORD-001785,SKU-08397,Product_Omega_46,Apparel,Supplier_I,Kolkata WH,Central,2022-11-25,2022-11-29,Road,Immediate,2850.46,204,204,458,162,21,20,581493.84,465195.07,Reorder Pending,8,5,4
ORD-001786,SKU-02735,Product_Delta_44,Furniture,Supplier_L,Mumbai WH,Central,2022-11-25,2022-12-05,Rail,Net 30,4604.65,42,42,459,71,8,0,193395.3,193395.3,Reorder Pending,0,1,10
ORD-001787,SKU-09258,Product_Zeta_46,Industrial Parts,Supplier_L,Hyderabad WH,North,2022-11-25,2022-12-21,Sea,Net 30,4842.41,13,93,520,185,34,10,62951.33,56656.2,In Stock,2,4,26
ORD-001788,SKU-08979,Product_Kappa_12,FMCG,Supplier_L,Kolkata WH,West,2022-11-26,2022-12-18,Sea,Immediate,2707.36,154,154,718,57,11,10,416933.44,375240.1,In Stock,9,2,22
ORD-001789,SKU-03428,Product_Kappa_23,Industrial Parts,Supplier_E,Kolkata WH,East,2022-11-26,2022-12-06,Sea,Net 15,2296.44,274,274,556,39,43,0,629224.56,629224.56,In Stock,7,11,10
ORD-001790,SKU-08426,Product_Kappa_33,Furniture,Supplier_B,Mumbai WH,North,2022-11-26,2022-12-16,Air,Net 30,4725.64,298,298,420,118,43,0,1408240.72,1408240.72,In Stock,1,5,20
ORD-001791,SKU-09533,Product_Sigma_18,Furniture,Supplier_H,Kolkata WH,Central,2022-11-26,2022-11-29,Air,Immediate,3371.31,51,51,964,63,10,0,171936.81,171936.81,In Stock,1,10,3
ORD-001792,SKU-06249,Product_Zeta_34,Industrial Parts,Supplier_B,Chennai WH,Central,2022-11-26,2022-12-06,Sea,Net 15,333.85,369,453,402,130,8,0,123190.65,123190.65,In Stock,1,4,10
ORD-001793,SKU-06291,Product_Delta_20,FMCG,Supplier_F,Mumbai WH,North,2022-11-26,2022-12-21,Rail,Net 30,2333.97,212,331,330,108,8,0,494801.64,494801.64,Reorder Pending,4,12,25
ORD-001794,SKU-03817,Product_Beta_20,Furniture,Supplier_J,Delhi WH,Central,2022-11-26,2022-12-26,Sea,Net 30,1208.82,144,144,456,82,19,10,174070.08,156663.07,In Stock,8,13,30
ORD-001795,SKU-04874,Product_Zeta_50,FMCG,Supplier_E,Hyderabad WH,Central,2022-11-27,2022-12-12,Road,Net 30,2354.32,357,357,482,137,1,5,840492.24,798467.63,Reorder Pending,6,9,15
ORD-001796,SKU-05211,Product_Omega_6,Pharmaceuticals,Supplier_L,Chennai WH,North,2022-11-27,2022-12-10,Sea,Net 30,2282.77,3,3,497,197,3,5,6848.31,6505.89,In Stock,6,10,13
ORD-001797,SKU-01661,Product_Beta_5,Electronics,Supplier_J,Hyderabad WH,West,2022-11-27,2022-12-10,Sea,Net 30,2914.9,254,254,26,169,44,0,740384.6,740384.6,Low Stock,1,0,13
ORD-001798,SKU-04374,Product_Delta_6,Furniture,Supplier_H,Kolkata WH,West,2022-11-27,2022-12-24,Rail,Net 30,1790.28,475,434,396,91,32,15,850383.0,722825.55,In Stock,1,9,27
ORD-001799,SKU-01207,Product_Gamma_37,Industrial Parts,Supplier_D,Mumbai WH,East,2022-11-27,2022-12-19,Air,Net 15,829.71,335,335,952,73,16,0,277952.85,277952.85,In Stock,4,9,22
ORD-001800,SKU-03665,Product_Alpha_6,Electronics,Supplier_E,Kolkata WH,East,2022-11-28,2022-11-29,Road,Net 60,2523.56,256,256,187,156,30,0,646031.36,646031.36,In Stock,6,11,1
ORD-001801,SKU-03493,Product_Sigma_36,Pharmaceuticals,Supplier_E,Delhi WH,North,2022-11-28,2022-12-14,Air,Immediate,4152.71,98,98,139,162,28,0,406965.58,406965.58,Low Stock,6,1,16
ORD-001802,SKU-07813,Product_Kappa_1,Furniture,Supplier_J,Mumbai WH,South,2022-11-28,2022-12-04,Rail,Immediate,3323.42,173,173,520,67,28,0,574951.66,574951.66,Discontinued,8,10,6
ORD-001803,SKU-01632,Product_Zeta_44,Apparel,Supplier_D,Hyderabad WH,Central,2022-11-28,2022-12-16,Sea,Net 15,1698.46,150,150,745,167,16,10,254769.0,229292.1,In Stock,2,4,18
ORD-001804,SKU-04083,Product_Gamma_31,Industrial Parts,Supplier_A,Delhi WH,East,2022-11-28,2022-12-06,Road,Net 15,4678.26,488,488,91,182,41,10,2282990.88,2054691.79,Low Stock,0,13,8
ORD-001805,SKU-04719,Product_Kappa_33,FMCG,Supplier_F,Bangalore WH,East,2022-11-29,2022-12-04,Road,Net 60,4561.92,279,279,76,120,33,10,1272775.68,1145498.11,Low Stock,8,11,5
ORD-001806,SKU-08123,Product_Beta_26,Pharmaceuticals,Supplier_D,Hyderabad WH,North,2022-11-29,2022-12-23,Air,Immediate,1054.65,59,59,851,79,25,5,62224.35,59113.13,In Stock,0,5,24
ORD-001807,SKU-02679,Product_Alpha_40,FMCG,Supplier_H,Bangalore WH,East,2022-11-29,2022-12-12,Road,Net 15,206.69,446,446,243,117,18,20,92183.74,73746.99,In Stock,7,13,13
ORD-001808,SKU-01236,Product_Delta_48,Apparel,Supplier_I,Kolkata WH,Central,2022-11-29,2022-12-25,Rail,Immediate,3709.13,113,91,844,181,26,5,419131.69,398175.11,In Stock,4,0,26
ORD-001809,SKU-08446,Product_Alpha_46,Electronics,Supplier_I,Kolkata WH,South,2022-11-29,2022-12-25,Road,Net 60,4139.78,324,324,666,119,6,5,1341288.72,1274224.28,In Stock,7,6,26
ORD-001810,SKU-05443,Product_Zeta_45,Electronics,Supplier_A,Bangalore WH,East,2022-11-29,2022-12-27,Rail,Net 15,4839.64,243,243,729,118,38,0,1176032.52,1176032.52,In Stock,6,2,28
ORD-001811,SKU-07770,Product_Omega_16,FMCG,Supplier_D,Kolkata WH,South,2022-11-29,2022-12-17,Road,Net 60,4450.28,310,310,958,92,44,0,1379586.8,1379586.8,In Stock,8,0,18
ORD-001812,SKU-07099,Product_Alpha_39,Pharmaceuticals,Supplier_D,Mumbai WH,North,2022-11-29,2022-12-09,Road,Net 30,3006.67,57,253,988,138,3,5,171380.19,162811.18,In Stock,1,6,10
ORD-001813,SKU-09555,Product_Kappa_11,Electronics,Supplier_B,Mumbai WH,West,2022-11-30,2022-12-21,Rail,Immediate,2654.96,489,489,796,147,43,0,1298275.44,1298275.44,In Stock,8,6,21
ORD-001814,SKU-03368,Product_Delta_12,Electronics,Supplier_I,Mumbai WH,East,2022-11-30,2022-12-05,Road,Net 30,148.93,407,407,661,159,6,5,60614.51,57583.78,Reorder Pending,9,9,5
ORD-001815,SKU-01285,Product_Beta_24,Pharmaceuticals,Supplier_D,Mumbai WH,Central,2022-12-01,2022-12-11,Rail,Net 60,1240.82,367,367,840,107,14,0,455380.94,455380.94,In Stock,4,2,10
ORD-001816,SKU-01148,Product_Gamma_33,Furniture,Supplier_G,Bangalore WH,Central,2022-12-01,2022-12-23,Sea,Net 30,2303.48,60,60,87,124,18,15,138208.8,117477.48,Low Stock,4,5,22
ORD-001817,SKU-05037,Product_Omega_4,Pharmaceuticals,Supplier_B,Delhi WH,South,2022-12-01,2022-12-30,Air,Immediate,3146.23,329,329,617,38,16,20,1035109.67,828087.74,In Stock,0,14,29
ORD-001818,SKU-07549,Product_Zeta_32,FMCG,Supplier_B,Chennai WH,Central,2022-12-01,2022-12-31,Air,Net 15,2790.69,216,216,914,99,24,0,602789.04,602789.04,In Stock,5,3,30
ORD-001819,SKU-08121,Product_Zeta_11,Electronics,Supplier_L,Kolkata WH,South,2022-12-01,2022-12-27,Rail,Net 15,3715.75,469,469,293,45,13,15,1742686.75,1481283.74,In Stock,9,13,26
ORD-001820,SKU-05895,Product_Omega_8,Pharmaceuticals,Supplier_D,Bangalore WH,Central,2022-12-01,2022-12-29,Rail,Net 30,1406.04,233,233,94,170,1,15,327607.32,278466.22,Low Stock,9,3,28
ORD-001821,SKU-06280,Product_Omega_44,FMCG,Supplier_D,Delhi WH,East,2022-12-02,2022-12-26,Sea,Net 60,2829.11,494,494,252,140,38,20,1397580.34,1118064.27,In Stock,9,8,24
ORD-001822,SKU-02012,Product_Delta_35,Apparel,Supplier_K,Hyderabad WH,Central,2022-12-02,2022-12-23,Air,Net 60,449.83,55,98,550,52,14,0,24740.65,24740.65,In Stock,9,12,21
ORD-001823,SKU-03785,Product_Beta_19,Apparel,Supplier_I,Bangalore WH,West,2022-12-02,2022-12-14,Sea,Net 30,2074.19,373,373,398,125,17,10,773672.87,696305.58,In Stock,2,6,12
ORD-001824,SKU-04725,Product_Sigma_31,Industrial Parts,Supplier_J,Kolkata WH,East,2022-12-02,2022-12-03,Road,Net 60,3753.3,208,208,766,49,13,0,780686.4,780686.4,In Stock,9,5,1
ORD-001825,SKU-05576,Product_Sigma_17,Pharmaceuticals,Supplier_C,Kolkata WH,West,2022-12-02,2022-12-20,Air,Net 30,3470.07,63,63,53,170,13,10,218614.41,196752.97,Low Stock,2,11,18
ORD-001826,SKU-06782,Product_Delta_1,Industrial Parts,Supplier_G,Bangalore WH,West,2022-12-02,2022-12-30,Rail,Immediate,4953.31,184,184,927,145,9,10,911409.04,820268.14,In Stock,2,8,28
ORD-001827,SKU-07257,Product_Zeta_14,FMCG,Supplier_A,Hyderabad WH,West,2022-12-02,2022-12-20,Air,Immediate,1396.68,311,311,242,55,6,10,434367.48,390930.73,In Stock,3,12,18
ORD-001828,SKU-03408,Product_Sigma_42,Electronics,Supplier_I,Mumbai WH,East,2022-12-02,2022-12-07,Rail,Net 60,2495.96,281,281,109,144,6,0,701364.76,701364.76,Low Stock,8,2,5
ORD-001829,SKU-01340,Product_Alpha_30,Pharmaceuticals,Supplier_H,Hyderabad WH,West,2022-12-02,2022-12-06,Road,Immediate,1654.36,26,173,765,143,30,15,43013.36,36561.36,In Stock,7,11,4
ORD-001830,SKU-03817,Product_Kappa_4,Apparel,Supplier_I,Chennai WH,East,2022-12-02,2022-12-04,Air,Net 60,2208.61,177,177,623,190,37,5,390923.97,371377.77,In Stock,5,3,2
ORD-001831,SKU-03496,Product_Omega_1,Industrial Parts,Supplier_I,Chennai WH,Central,2022-12-02,2022-12-03,Rail,Immediate,4286.18,63,63,685,137,14,0,270029.34,270029.34,In Stock,7,13,1
ORD-001832,SKU-06962,Product_Kappa_22,Apparel,Supplier_C,Delhi WH,North,2022-12-03,2022-12-22,Road,Net 30,3424.2,429,429,700,142,4,5,1468981.8,1395532.71,In Stock,7,13,19
ORD-001833,SKU-06299,Product_Sigma_23,Apparel,Supplier_I,Chennai WH,West,2022-12-03,2022-12-23,Rail,Net 30,4413.38,73,73,220,56,34,15,322176.74,273850.23,In Stock,0,8,20
ORD-001834,SKU-08574,Product_Beta_1,Furniture,Supplier_B,Mumbai WH,North,2022-12-03,2022-12-16,Road,Net 30,1025.52,335,335,760,80,2,20,343549.2,274839.36,In Stock,8,3,13
ORD-001835,SKU-02689,Product_Omega_47,Apparel,Supplier_F,Bangalore WH,East,2022-12-03,2022-12-21,Air,Net 30,4368.07,167,167,563,115,17,10,729467.69,656520.92,In Stock,0,6,18
ORD-001836,SKU-04267,Product_Gamma_26,Apparel,Supplier_C,Bangalore WH,East,2022-12-04,2022-12-22,Road,Net 60,308.21,225,225,161,139,42,0,69347.25,69347.25,In Stock,1,8,18
ORD-001837,SKU-05406,Product_Omega_1,Pharmaceuticals,Supplier_H,Chennai WH,East,2022-12-04,2022-12-07,Air,Immediate,4444.11,65,65,968,31,14,0,288867.15,288867.15,In Stock,8,3,3
ORD-001838,SKU-09453,Product_Beta_28,Pharmaceuticals,Supplier_I,Chennai WH,Central,2022-12-04,2022-12-14,Rail,Immediate,1652.08,69,69,34,141,17,0,113993.52,113993.52,Low Stock,6,8,10
ORD-001839,SKU-02442,Product_Kappa_13,Pharmaceuticals,Supplier_H,Kolkata WH,East,2022-12-04,2022-12-11,Rail,Net 30,1579.79,440,440,965,54,30,0,695107.6,695107.6,In Stock,9,14,7
ORD-001840,SKU-09597,Product_Beta_34,Apparel,Supplier_D,Bangalore WH,South,2022-12-04,2022-12-28,Sea,Immediate,2565.32,9,9,36,86,43,0,23087.88,23087.88,Low Stock,0,6,24
ORD-001841,SKU-05437,Product_Gamma_27,Electronics,Supplier_A,Chennai WH,East,2022-12-04,2022-12-28,Air,Net 60,4704.04,236,236,845,57,29,0,1110153.44,1110153.44,In Stock,2,3,24
ORD-001842,SKU-06435,Product_Beta_32,Apparel,Supplier_E,Mumbai WH,South,2022-12-05,2023-01-03,Rail,Immediate,248.43,198,198,828,43,7,0,49189.14,49189.14,In Stock,0,2,29
ORD-001843,SKU-09435,Product_Alpha_10,Industrial Parts,Supplier_I,Kolkata WH,West,2022-12-05,2022-12-29,Road,Net 30,1767.63,412,412,622,100,9,15,728263.56,619024.03,In Stock,4,5,24
ORD-001844,SKU-05107,Product_Sigma_15,FMCG,Supplier_G,Delhi WH,Central,2022-12-05,2022-12-17,Rail,Net 60,4284.29,173,451,369,187,23,10,741182.17,667063.95,Discontinued,3,2,12
ORD-001845,SKU-01560,Product_Kappa_26,FMCG,Supplier_C,Bangalore WH,West,2022-12-05,2022-12-12,Road,Immediate,1986.31,282,282,176,91,36,10,560139.42,504125.48,In Stock,7,6,7
ORD-001846,SKU-09785,Product_Omega_20,FMCG,Supplier_F,Kolkata WH,West,2022-12-05,2022-12-19,Road,Net 15,1003.79,28,28,520,98,14,0,28106.12,28106.12,In Stock,8,0,14
ORD-001847,SKU-06548,Product_Omega_28,Industrial Parts,Supplier_K,Kolkata WH,North,2022-12-05,2023-01-03,Road,Net 30,2129.72,296,296,274,133,20,5,630397.12,598877.26,In Stock,3,6,29
ORD-001848,SKU-02826,Product_Gamma_35,Electronics,Supplier_B,Hyderabad WH,East,2022-12-05,2022-12-26,Road,Net 60,1933.91,399,399,982,64,17,0,771630.09,771630.09,In Stock,2,2,21
ORD-001849,SKU-08629,Product_Sigma_7,Electronics,Supplier_F,Bangalore WH,West,2022-12-05,2023-01-02,Air,Net 60,4577.93,134,134,632,144,32,5,613442.62,582770.49,Reorder Pending,3,8,28
ORD-001850,SKU-09325,Product_Kappa_43,FMCG,Supplier_C,Hyderabad WH,Central,2022-12-06,2022-12-23,Air,Net 60,3812.05,27,27,104,115,25,10,102925.35,92632.82,Low Stock,2,5,17
ORD-001851,SKU-04138,Product_Kappa_11,Electronics,Supplier_B,Bangalore WH,South,2022-12-06,2022-12-11,Air,Net 15,2530.53,38,38,155,32,30,5,96160.14,91352.13,In Stock,5,6,5
ORD-001852,SKU-08693,Product_Gamma_23,Furniture,Supplier_H,Kolkata WH,South,2022-12-06,2022-12-12,Road,Net 15,4941.97,196,208,335,129,27,15,968626.12,823332.2,In Stock,0,8,6
ORD-001853,SKU-09264,Product_Zeta_1,Furniture,Supplier_L,Delhi WH,North,2022-12-06,2022-12-12,Rail,Net 15,2331.73,203,203,25,25,27,20,473341.19,378672.95,In Stock,1,5,6
ORD-001854,SKU-08842,Product_Omega_46,Furniture,Supplier_E,Kolkata WH,Central,2022-12-06,2022-12-14,Rail,Net 15,300.61,85,85,933,116,31,5,25551.85,24274.26,In Stock,7,9,8
ORD-001855,SKU-07721,Product_Delta_8,FMCG,Supplier_G,Chennai WH,East,2022-12-06,2022-12-26,Road,Net 15,1318.75,320,320,295,90,26,0,422000.0,422000.0,In Stock,2,10,20
ORD-001856,SKU-08002,Product_Delta_19,Apparel,Supplier_F,Bangalore WH,Central,2022-12-06,2023-01-02,Air,Net 30,2185.99,30,56,536,66,14,20,65579.7,52463.76,In Stock,3,1,27
ORD-001857,SKU-05225,Product_Alpha_9,Pharmaceuticals,Supplier_K,Kolkata WH,North,2022-12-07,2022-12-16,Rail,Net 15,792.94,466,466,354,112,21,10,369510.04,332559.04,In Stock,0,14,9
ORD-001858,SKU-03978,Product_Zeta_27,Pharmaceuticals,Supplier_D,Hyderabad WH,West,2022-12-07,2022-12-14,Air,Net 60,4738.35,99,99,885,120,28,10,469096.65,422186.99,In Stock,2,5,7
ORD-001859,SKU-08373,Product_Omega_3,Industrial Parts,Supplier_F,Delhi WH,West,2022-12-07,2022-12-11,Rail,Immediate,3836.58,387,387,68,63,15,10,1484756.46,1336280.81,In Stock,0,5,4
ORD-001860,SKU-06907,Product_Gamma_43,Furniture,Supplier_L,Chennai WH,South,2022-12-07,2022-12-13,Air,Net 30,1348.75,190,190,326,51,30,0,256262.5,256262.5,In Stock,9,1,6
ORD-001861,SKU-07097,Product_Delta_31,Electronics,Supplier_D,Delhi WH,East,2022-12-07,2022-12-29,Sea,Net 60,2958.11,12,12,150,22,25,0,35497.32,35497.32,In Stock,4,6,22
ORD-001862,SKU-06656,Product_Sigma_8,FMCG,Supplier_H,Chennai WH,North,2022-12-08,2023-01-03,Road,Immediate,3610.03,91,91,856,103,11,0,328512.73,328512.73,In Stock,0,13,26
ORD-001863,SKU-09984,Product_Zeta_32,Furniture,Supplier_I,Delhi WH,East,2022-12-08,2022-12-27,Rail,Net 30,4706.98,30,30,576,185,44,0,141209.4,141209.4,In Stock,8,11,19
ORD-001864,SKU-05259,Product_Kappa_44,Electronics,Supplier_A,Bangalore WH,South,2022-12-08,2023-01-05,Road,Net 60,4409.36,213,213,661,23,11,5,939193.68,892234.0,In Stock,6,8,28
ORD-001865,SKU-09286,Product_Gamma_21,FMCG,Supplier_B,Delhi WH,East,2022-12-08,2022-12-10,Sea,Net 15,2580.81,38,38,319,164,28,0,98070.78,98070.78,In Stock,7,12,2
ORD-001866,SKU-06901,Product_Zeta_33,Apparel,Supplier_I,Mumbai WH,Central,2022-12-08,2023-01-05,Sea,Net 60,3875.52,341,357,756,184,5,15,1321552.32,1123319.47,In Stock,8,9,28
ORD-001867,SKU-05917,Product_Zeta_9,Industrial Parts,Supplier_J,Mumbai WH,West,2022-12-08,2023-01-02,Road,Net 15,2815.1,60,408,451,107,28,5,168906.0,160460.7,In Stock,9,3,25
ORD-001868,SKU-09429,Product_Beta_7,Industrial Parts,Supplier_B,Delhi WH,West,2022-12-09,2023-01-08,Rail,Immediate,2767.99,294,294,569,125,8,0,813789.06,813789.06,In Stock,7,10,30
ORD-001869,SKU-03530,Product_Alpha_9,Industrial Parts,Supplier_F,Hyderabad WH,North,2022-12-09,2022-12-27,Air,Immediate,582.56,360,360,667,124,26,0,209721.6,209721.6,In Stock,2,4,18
ORD-001870,SKU-02960,Product_Gamma_23,Industrial Parts,Supplier_G,Kolkata WH,North,2022-12-10,2022-12-25,Road,Net 60,639.43,143,143,111,55,6,5,91438.49,86866.57,In Stock,6,5,15
ORD-001871,SKU-08045,Product_Alpha_50,Furniture,Supplier_K,Delhi WH,North,2022-12-10,2022-12-31,Air,Net 30,2652.37,402,402,634,77,32,0,1066252.74,1066252.74,In Stock,6,0,21
ORD-001872,SKU-02048,Product_Delta_4,Electronics,Supplier_H,Chennai WH,North,2022-12-10,2022-12-28,Air,Net 30,1351.62,180,180,461,188,32,10,243291.6,218962.44,In Stock,6,7,18
ORD-001873,SKU-06772,Product_Omega_28,Pharmaceuticals,Supplier_D,Hyderabad WH,North,2022-12-10,2022-12-13,Sea,Net 60,114.97,285,285,864,27,12,15,32766.45,27851.48,In Stock,7,11,3
ORD-001874,SKU-03529,Product_Alpha_28,Furniture,Supplier_E,Hyderabad WH,East,2022-12-10,2022-12-20,Road,Net 15,3616.97,112,112,963,177,6,5,405100.64,384845.61,Discontinued,3,12,10
ORD-001875,SKU-03964,Product_Kappa_19,Electronics,Supplier_E,Delhi WH,East,2022-12-10,2023-01-01,Road,Net 60,172.11,230,230,361,105,13,0,39585.3,39585.3,In Stock,5,8,22
ORD-001876,SKU-08137,Product_Sigma_32,Electronics,Supplier_G,Kolkata WH,West,2022-12-11,2022-12-14,Air,Net 60,2980.43,444,444,202,199,39,10,1323310.92,1190979.83,In Stock,1,0,3
ORD-001877,SKU-01963,Product_Beta_49,Furniture,Supplier_H,Bangalore WH,West,2022-12-11,2022-12-20,Road,Net 60,2700.58,21,21,486,116,40,0,56712.18,56712.18,In Stock,6,12,9
ORD-001878,SKU-01536,Product_Zeta_16,Apparel,Supplier_B,Delhi WH,South,2022-12-11,2022-12-15,Sea,Net 15,4844.39,145,145,479,172,44,0,702436.55,702436.55,In Stock,8,3,4
ORD-001879,SKU-08340,Product_Gamma_47,Industrial Parts,Supplier_L,Mumbai WH,East,2022-12-11,2022-12-18,Air,Net 30,2426.22,489,489,3,199,34,5,1186421.58,1127100.5,Low Stock,4,5,7
ORD-001880,SKU-08179,Product_Gamma_16,Electronics,Supplier_H,Bangalore WH,Central,2022-12-11,2023-01-04,Air,Net 60,327.37,499,499,128,78,23,20,163357.63,130686.1,In Stock,3,12,24
ORD-001881,SKU-08967,Product_Sigma_50,Electronics,Supplier_H,Bangalore WH,East,2022-12-12,2022-12-31,Air,Net 15,2762.92,146,146,25,49,41,0,403386.32,403386.32,Low Stock,1,9,19
ORD-001882,SKU-09734,Product_Beta_17,Apparel,Supplier_L,Kolkata WH,South,2022-12-12,2022-12-28,Air,Net 15,4207.07,441,441,800,120,17,20,1855317.87,1484254.3,In Stock,6,0,16
ORD-001883,SKU-01845,Product_Delta_43,Electronics,Supplier_G,Chennai WH,North,2022-12-12,2022-12-23,Sea,Net 60,4984.28,375,389,976,86,1,0,1869105.0,1869105.0,In Stock,1,2,11
ORD-001884,SKU-06777,Product_Zeta_13,Pharmaceuticals,Supplier_C,Chennai WH,East,2022-12-12,2022-12-24,Road,Net 60,2157.41,421,421,26,151,7,0,908269.61,908269.61,Low Stock,1,13,12
ORD-001885,SKU-04036,Product_Kappa_46,Apparel,Supplier_J,Kolkata WH,Central,2022-12-12,2022-12-17,Rail,Net 30,1608.29,316,316,41,112,13,10,508219.64,457397.68,Low Stock,8,6,5
ORD-001886,SKU-06947,Product_Beta_45,FMCG,Supplier_G,Delhi WH,West,2022-12-13,2023-01-04,Road,Net 15,4534.2,166,166,964,82,14,0,752677.2,752677.2,In Stock,1,14,22
ORD-001887,SKU-03494,Product_Gamma_13,Industrial Parts,Supplier_J,Kolkata WH,South,2022-12-13,2023-01-03,Sea,Net 30,964.3,140,140,582,51,17,0,135002.0,135002.0,In Stock,9,7,21
ORD-001888,SKU-03719,Product_Gamma_15,Industrial Parts,Supplier_B,Hyderabad WH,South,2022-12-13,2022-12-21,Rail,Immediate,3080.99,203,203,63,106,30,0,625440.97,625440.97,Low Stock,2,12,8
ORD-001889,SKU-02884,Product_Beta_9,Pharmaceuticals,Supplier_E,Bangalore WH,East,2022-12-13,2022-12-17,Sea,Immediate,2034.51,496,496,24,70,34,0,1009116.96,1009116.96,Low Stock,2,7,4
ORD-001890,SKU-05349,Product_Zeta_3,Electronics,Supplier_D,Hyderabad WH,East,2022-12-13,2022-12-23,Sea,Net 30,215.0,244,244,71,82,27,0,52460.0,52460.0,Discontinued,1,4,10
ORD-001891,SKU-06179,Product_Sigma_13,Electronics,Supplier_D,Mumbai WH,West,2022-12-14,2023-01-03,Road,Immediate,1742.97,113,113,481,99,25,10,196955.61,177260.05,In Stock,9,0,20
ORD-001892,SKU-07610,Product_Gamma_28,Industrial Parts,Supplier_G,Kolkata WH,Central,2022-12-14,2022-12-17,Rail,Net 30,1333.49,468,468,872,106,44,10,624073.32,561665.99,Discontinued,2,0,3
ORD-001893,SKU-07430,Product_Alpha_40,Apparel,Supplier_C,Chennai WH,East,2022-12-14,2023-01-12,Rail,Net 60,3433.59,201,315,899,129,35,20,690151.59,552121.27,In Stock,8,7,29
ORD-001894,SKU-08154,Product_Delta_6,Furniture,Supplier_J,Chennai WH,West,2022-12-14,2022-12-21,Sea,Net 60,4744.46,385,319,267,120,9,10,1826617.1,1643955.39,In Stock,2,4,7
ORD-001895,SKU-07488,Product_Alpha_25,Industrial Parts,Supplier_J,Bangalore WH,East,2022-12-14,2022-12-25,Sea,Net 30,1347.56,314,98,825,148,6,10,423133.84,380820.46,In Stock,4,14,11
ORD-001896,SKU-05737,Product_Zeta_34,Electronics,Supplier_J,Delhi WH,North,2022-12-14,2022-12-30,Rail,Net 30,4059.22,259,259,94,38,26,10,1051337.98,946204.18,In Stock,6,10,16
ORD-001897,SKU-07525,Product_Sigma_45,FMCG,Supplier_E,Kolkata WH,South,2022-12-15,2022-12-30,Rail,Net 15,286.25,255,255,394,120,38,15,72993.75,62044.69,In Stock,0,8,15
ORD-001898,SKU-04850,Product_Delta_15,Furniture,Supplier_G,Mumbai WH,East,2022-12-15,2022-12-26,Road,Net 15,2695.22,447,447,868,182,39,0,1204763.34,1204763.34,In Stock,0,0,11
ORD-001899,SKU-01689,Product_Omega_28,Apparel,Supplier_K,Hyderabad WH,East,2022-12-15,2023-01-04,Sea,Net 30,362.04,405,405,363,113,27,0,146626.2,146626.2,In Stock,9,1,20
ORD-001900,SKU-06175,Product_Kappa_4,Electronics,Supplier_G,Kolkata WH,West,2022-12-15,2023-01-06,Road,Immediate,4670.82,23,23,314,100,40,10,107428.86,96685.97,In Stock,1,3,22
ORD-001901,SKU-09648,Product_Zeta_42,Apparel,Supplier_E,Mumbai WH,East,2022-12-15,2022-12-25,Rail,Net 15,3834.09,393,393,116,122,31,0,1506797.37,1506797.37,Low Stock,0,9,10
ORD-001902,SKU-06078,Product_Alpha_20,Apparel,Supplier_F,Hyderabad WH,North,2022-12-15,2023-01-07,Road,Net 15,3293.17,246,246,163,132,3,20,810119.82,648095.86,In Stock,0,10,23
ORD-001903,SKU-06448,Product_Beta_18,FMCG,Supplier_A,Chennai WH,West,2022-12-15,2023-01-03,Road,Net 15,4121.24,339,339,876,173,24,5,1397100.36,1327245.34,In Stock,9,6,19
ORD-001904,SKU-02179,Product_Omega_18,FMCG,Supplier_J,Bangalore WH,Central,2022-12-16,2022-12-21,Sea,Net 15,3241.12,493,493,789,32,15,0,1597872.16,1597872.16,In Stock,3,3,5
ORD-001905,SKU-07406,Product_Omega_46,FMCG,Supplier_J,Kolkata WH,East,2022-12-16,2023-01-04,Road,Net 15,4845.03,311,311,576,137,6,10,1506804.33,1356123.9,In Stock,9,7,19
ORD-001906,SKU-09591,Product_Zeta_16,Electronics,Supplier_J,Kolkata WH,East,2022-12-16,2023-01-04,Rail,Net 30,3572.65,366,454,305,105,11,0,1307589.9,1307589.9,In Stock,2,6,19
ORD-001907,SKU-07907,Product_Omega_4,Industrial Parts,Supplier_J,Mumbai WH,West,2022-12-17,2022-12-29,Rail,Net 60,4624.05,372,372,771,42,30,20,1720146.6,1376117.28,In Stock,0,4,12
ORD-001908,SKU-09800,Product_Gamma_3,Pharmaceuticals,Supplier_A,Mumbai WH,South,2022-12-18,2023-01-13,Rail,Net 60,2590.49,403,403,739,126,35,20,1043967.47,835173.98,In Stock,2,6,26
ORD-001909,SKU-02638,Product_Alpha_4,Pharmaceuticals,Supplier_L,Delhi WH,Central,2022-12-18,2022-12-29,Road,Net 30,594.15,318,31,199,182,38,10,188939.7,170045.73,In Stock,0,7,11
ORD-001910,SKU-06671,Product_Omega_14,Apparel,Supplier_A,Mumbai WH,East,2022-12-18,2023-01-01,Road,Net 60,2645.61,87,87,984,31,43,0,230168.07,230168.07,In Stock,2,2,14
ORD-001911,SKU-07928,Product_Sigma_31,Industrial Parts,Supplier_B,Chennai WH,South,2022-12-18,2022-12-24,Rail,Net 30,643.1,219,219,731,156,40,0,140838.9,140838.9,In Stock,3,2,6
ORD-001912,SKU-02382,Product_Sigma_39,Pharmaceuticals,Supplier_A,Kolkata WH,South,2022-12-18,2022-12-19,Road,Net 60,2966.54,475,350,179,97,29,5,1409106.5,1338651.18,In Stock,7,1,1
ORD-001913,SKU-02403,Product_Beta_28,Electronics,Supplier_I,Bangalore WH,South,2022-12-18,2022-12-29,Rail,Net 15,2417.64,423,423,357,86,23,15,1022661.72,869262.46,In Stock,2,3,11
ORD-001914,SKU-04292,Product_Gamma_17,Industrial Parts,Supplier_J,Kolkata WH,Central,2022-12-19,2022-12-27,Air,Immediate,3116.65,356,356,739,127,42,0,1109527.4,1109527.4,In Stock,2,10,8
ORD-001915,SKU-01419,Product_Kappa_24,Furniture,Supplier_I,Delhi WH,East,2022-12-19,2023-01-14,Air,Net 15,60.13,460,469,995,63,42,0,27659.8,27659.8,In Stock,8,3,26
ORD-001916,SKU-05517,Product_Omega_20,Industrial Parts,Supplier_F,Hyderabad WH,East,2022-12-19,2022-12-27,Sea,Immediate,982.25,27,27,251,168,3,0,26520.75,26520.75,In Stock,8,14,8
ORD-001917,SKU-04302,Product_Beta_7,Industrial Parts,Supplier_H,Kolkata WH,East,2022-12-19,2023-01-11,Road,Net 30,2461.74,430,430,298,26,26,5,1058548.2,1005620.79,In Stock,5,13,23
ORD-001918,SKU-08857,Product_Alpha_44,Pharmaceuticals,Supplier_D,Kolkata WH,Central,2022-12-19,2023-01-12,Air,Immediate,4753.01,290,290,872,147,14,15,1378372.9,1171616.96,In Stock,9,14,24
ORD-001919,SKU-08870,Product_Gamma_22,Furniture,Supplier_J,Hyderabad WH,North,2022-12-20,2023-01-10,Rail,Net 60,1924.21,289,289,429,116,19,0,556096.69,556096.69,In Stock,3,12,21
ORD-001920,SKU-06693,Product_Omega_48,Apparel,Supplier_A,Chennai WH,Central,2022-12-20,2023-01-03,Air,Net 60,2127.62,348,348,3,30,21,0,740411.76,740411.76,Low Stock,9,3,14
ORD-001921,SKU-01767,Product_Omega_48,Pharmaceuticals,Supplier_I,Kolkata WH,East,2022-12-20,2022-12-29,Road,Net 30,3576.33,223,223,652,192,21,10,797521.59,717769.43,In Stock,4,1,9
ORD-001922,SKU-03044,Product_Omega_16,Apparel,Supplier_D,Mumbai WH,West,2022-12-20,2023-01-16,Rail,Net 60,3022.93,352,352,677,179,9,15,1064071.36,904460.66,In Stock,8,6,27
ORD-001923,SKU-02549,Product_Sigma_14,Pharmaceuticals,Supplier_K,Delhi WH,Central,2022-12-20,2023-01-01,Rail,Net 15,1501.64,178,178,253,125,13,15,267291.92,227198.13,In Stock,0,9,12
ORD-001924,SKU-07140,Product_Zeta_6,FMCG,Supplier_L,Hyderabad WH,East,2022-12-20,2022-12-25,Rail,Net 30,2059.97,148,148,940,102,41,10,304875.56,274388.0,In Stock,6,2,5
ORD-001925,SKU-04716,Product_Beta_9,FMCG,Supplier_F,Mumbai WH,West,2022-12-20,2023-01-11,Road,Net 15,1096.32,424,424,664,55,44,0,464839.68,464839.68,In Stock,6,11,22
ORD-001926,SKU-05481,Product_Beta_3,Furniture,Supplier_C,Chennai WH,East,2022-12-20,2023-01-13,Road,Net 15,4830.45,227,227,578,137,37,0,1096512.15,1096512.15,In Stock,9,14,24
ORD-001927,SKU-08898,Product_Delta_13,Electronics,Supplier_B,Chennai WH,Central,2022-12-21,2023-01-01,Sea,Net 15,661.87,351,351,566,184,38,20,232316.37,185853.1,In Stock,0,9,11
ORD-001928,SKU-07548,Product_Kappa_7,Electronics,Supplier_L,Chennai WH,North,2022-12-21,2023-01-19,Road,Net 15,1865.47,186,186,95,60,24,20,346977.42,277581.94,In Stock,0,0,29
ORD-001929,SKU-03293,Product_Beta_35,Apparel,Supplier_B,Chennai WH,West,2022-12-21,2023-01-06,Air,Net 30,138.94,415,415,166,111,38,10,57660.1,51894.09,In Stock,8,1,16
ORD-001930,SKU-05837,Product_Omega_20,FMCG,Supplier_I,Delhi WH,West,2022-12-21,2023-01-05,Rail,Net 60,1116.68,294,294,832,68,11,10,328303.92,295473.53,In Stock,6,4,15
ORD-001931,SKU-08758,Product_Kappa_49,Pharmaceuticals,Supplier_J,Hyderabad WH,North,2022-12-21,2023-01-05,Sea,Immediate,3904.55,470,470,330,162,29,20,1835138.5,1468110.8,In Stock,3,8,15
ORD-001932,SKU-07793,Product_Delta_35,Electronics,Supplier_G,Kolkata WH,South,2022-12-22,2023-01-03,Sea,Net 15,1013.86,429,429,897,160,44,5,434945.94,413198.64,In Stock,8,3,12
ORD-001933,SKU-08638,Product_Gamma_3,Pharmaceuticals,Supplier_K,Chennai WH,Central,2022-12-22,2023-01-16,Sea,Net 60,409.52,41,41,964,72,38,0,16790.32,16790.32,In Stock,4,5,25
ORD-001934,SKU-08993,Product_Gamma_13,Industrial Parts,Supplier_I,Chennai WH,East,2022-12-22,2023-01-01,Sea,Net 15,2377.52,393,393,887,126,41,10,934365.36,840928.82,In Stock,2,2,10
ORD-001935,SKU-07007,Product_Zeta_36,Apparel,Supplier_E,Chennai WH,North,2022-12-23,2023-01-08,Sea,Immediate,59.75,393,393,853,52,17,20,23481.75,18785.4,In Stock,1,8,16
ORD-001936,SKU-06542,Product_Sigma_49,FMCG,Supplier_E,Chennai WH,South,2022-12-23,2023-01-10,Sea,Immediate,432.98,191,191,61,138,26,10,82699.18,74429.26,Low Stock,8,1,18
ORD-001937,SKU-07356,Product_Omega_24,FMCG,Supplier_C,Delhi WH,West,2022-12-23,2022-12-27,Air,Net 15,4040.05,79,79,173,51,26,15,319163.95,271289.36,Discontinued,3,7,4
ORD-001938,SKU-09433,Product_Kappa_41,Apparel,Supplier_K,Delhi WH,South,2022-12-23,2022-12-29,Road,Net 30,3859.65,205,205,252,137,12,5,791228.25,751666.84,In Stock,6,14,6
ORD-001939,SKU-08380,Product_Beta_28,Industrial Parts,Supplier_E,Mumbai WH,South,2022-12-23,2023-01-13,Sea,Net 60,4576.54,384,384,460,195,18,0,1757391.36,1757391.36,In Stock,0,14,21
ORD-001940,SKU-03385,Product_Beta_31,Furniture,Supplier_G,Bangalore WH,South,2022-12-23,2023-01-12,Rail,Net 15,4274.03,278,278,623,81,9,0,1188180.34,1188180.34,In Stock,8,10,20
ORD-001941,SKU-05268,Product_Zeta_34,Pharmaceuticals,Supplier_E,Kolkata WH,East,2022-12-24,2022-12-27,Rail,Immediate,3419.05,272,272,214,101,3,20,929981.6,743985.28,In Stock,8,13,3
ORD-001942,SKU-01671,Product_Alpha_11,Furniture,Supplier_L,Chennai WH,West,2022-12-24,2023-01-20,Sea,Net 15,271.14,32,32,238,149,10,5,8676.48,8242.66,In Stock,9,13,27
ORD-001943,SKU-01163,Product_Sigma_45,Pharmaceuticals,Supplier_I,Mumbai WH,North,2022-12-24,2023-01-02,Air,Net 15,3916.41,450,450,414,96,43,0,1762384.5,1762384.5,In Stock,5,2,9
ORD-001944,SKU-09656,Product_Gamma_19,Apparel,Supplier_I,Bangalore WH,East,2022-12-24,2023-01-21,Road,Immediate,4229.1,474,474,738,35,2,20,2004593.4,1603674.72,In Stock,5,7,28
ORD-001945,SKU-05592,Product_Alpha_37,Industrial Parts,Supplier_E,Mumbai WH,North,2022-12-25,2023-01-21,Air,Immediate,3997.42,142,142,741,142,8,5,567633.64,539251.96,In Stock,5,2,27
ORD-001946,SKU-05795,Product_Alpha_45,Electronics,Supplier_J,Delhi WH,West,2022-12-25,2022-12-30,Sea,Net 30,2547.31,251,251,744,27,43,15,639374.81,543468.59,In Stock,4,10,5
ORD-001947,SKU-05798,Product_Delta_48,Apparel,Supplier_K,Mumbai WH,North,2022-12-25,2023-01-23,Rail,Immediate,1172.18,294,294,674,166,18,5,344620.92,327389.87,In Stock,0,11,29
ORD-001948,SKU-07036,Product_Zeta_32,Apparel,Supplier_J,Mumbai WH,East,2022-12-25,2023-01-12,Road,Immediate,4228.2,98,98,125,179,39,0,414363.6,414363.6,Low Stock,3,11,18
ORD-001949,SKU-03355,Product_Beta_11,Furniture,Supplier_L,Mumbai WH,West,2022-12-26,2023-01-02,Air,Net 60,3638.54,136,136,940,86,31,10,494841.44,445357.3,In Stock,9,3,7
ORD-001950,SKU-06887,Product_Kappa_49,FMCG,Supplier_H,Kolkata WH,Central,2022-12-26,2023-01-04,Road,Net 15,4904.0,484,484,252,134,14,20,2373536.0,1898828.8,In Stock,0,14,9
ORD-001951,SKU-08961,Product_Zeta_36,Pharmaceuticals,Supplier_J,Kolkata WH,West,2022-12-26,2023-01-19,Sea,Immediate,786.91,277,277,844,132,39,0,217974.07,217974.07,In Stock,4,7,24
ORD-001952,SKU-06827,Product_Zeta_26,Furniture,Supplier_F,Mumbai WH,North,2022-12-26,2023-01-24,Rail,Net 60,1136.07,312,312,949,51,33,15,354453.84,301285.76,In Stock,3,9,29
ORD-001953,SKU-09737,Product_Sigma_14,Electronics,Supplier_H,Bangalore WH,East,2022-12-26,2023-01-16,Road,Immediate,1066.87,302,302,710,124,29,0,322194.74,322194.74,In Stock,7,3,21
ORD-001954,SKU-05719,Product_Gamma_1,Electronics,Supplier_C,Hyderabad WH,West,2022-12-26,2022-12-29,Air,Net 15,3964.77,43,392,196,44,44,0,170485.11,170485.11,In Stock,0,10,3
ORD-001955,SKU-01593,Product_Gamma_37,Electronics,Supplier_I,Hyderabad WH,Central,2022-12-26,2023-01-19,Rail,Immediate,942.67,120,120,633,72,33,0,113120.4,113120.4,In Stock,7,8,24
ORD-001956,SKU-05839,Product_Delta_38,Furniture,Supplier_F,Hyderabad WH,West,2022-12-26,2022-12-29,Road,Immediate,342.63,220,220,412,100,35,15,75378.6,64071.81,In Stock,7,8,3
ORD-001957,SKU-08394,Product_Alpha_33,FMCG,Supplier_H,Delhi WH,South,2022-12-27,2023-01-25,Sea,Net 60,4992.82,46,46,455,44,2,5,229669.72,218186.23,In Stock,0,5,29
ORD-001958,SKU-04493,Product_Kappa_33,Industrial Parts,Supplier_F,Delhi WH,East,2022-12-27,2022-12-28,Road,Immediate,133.84,236,236,775,52,35,5,31586.24,30006.93,In Stock,8,0,1
ORD-001959,SKU-07164,Product_Sigma_20,Furniture,Supplier_K,Mumbai WH,North,2022-12-27,2023-01-24,Air,Net 60,4177.87,48,48,53,50,32,15,200537.76,170457.1,In Stock,8,8,28
ORD-001960,SKU-03672,Product_Delta_19,Furniture,Supplier_L,Kolkata WH,Central,2022-12-27,2023-01-13,Air,Net 15,1833.18,198,198,646,55,36,0,362969.64,362969.64,In Stock,5,8,17
ORD-001961,SKU-05200,Product_Sigma_36,Electronics,Supplier_J,Chennai WH,East,2022-12-27,2023-01-17,Sea,Net 30,4209.66,84,84,338,106,23,0,353611.44,353611.44,In Stock,0,13,21
ORD-001962,SKU-01016,Product_Beta_11,Pharmaceuticals,Supplier_F,Chennai WH,East,2022-12-27,2022-12-28,Rail,Net 30,2777.56,31,31,358,142,5,0,86104.36,86104.36,In Stock,6,12,1
ORD-001963,SKU-04191,Product_Delta_3,Electronics,Supplier_I,Hyderabad WH,Central,2022-12-27,2023-01-23,Air,Immediate,4509.14,161,161,150,196,16,10,725971.54,653374.39,Low Stock,6,6,27
ORD-001964,SKU-01392,Product_Delta_19,Pharmaceuticals,Supplier_C,Mumbai WH,East,2022-12-27,2023-01-15,Rail,Net 30,4631.7,428,428,99,63,40,5,1982367.6,1883249.22,In Stock,8,8,19
ORD-001965,SKU-09616,Product_Alpha_41,FMCG,Supplier_I,Chennai WH,North,2022-12-28,2023-01-16,Rail,Net 30,55.4,71,71,233,67,24,15,3933.4,3343.39,In Stock,0,7,19
ORD-001966,SKU-07272,Product_Gamma_18,Pharmaceuticals,Supplier_L,Chennai WH,Central,2022-12-28,2023-01-10,Road,Net 30,386.31,8,8,543,177,40,5,3090.48,2935.96,In Stock,7,8,13
ORD-001967,SKU-01571,Product_Gamma_18,Pharmaceuticals,Supplier_B,Bangalore WH,South,2022-12-28,2023-01-22,Air,Immediate,1259.29,457,457,61,32,28,0,575495.53,575495.53,In Stock,7,8,25
ORD-001968,SKU-04631,Product_Alpha_42,Furniture,Supplier_J,Hyderabad WH,West,2022-12-29,2023-01-17,Air,Net 15,3349.88,386,386,940,190,25,15,1293053.68,1099095.63,In Stock,6,6,19
ORD-001969,SKU-07172,Product_Delta_14,Electronics,Supplier_A,Kolkata WH,East,2022-12-29,2023-01-05,Air,Net 15,4442.48,401,401,195,163,7,0,1781434.48,1781434.48,Reorder Pending,5,5,7
ORD-001970,SKU-08177,Product_Beta_1,FMCG,Supplier_C,Delhi WH,East,2022-12-29,2023-01-28,Sea,Net 60,2305.11,52,52,541,110,38,20,119865.72,95892.58,In Stock,0,1,30
ORD-001971,SKU-09433,Product_Omega_41,FMCG,Supplier_C,Delhi WH,West,2022-12-29,2022-12-31,Air,Net 60,3038.8,45,45,754,173,7,0,136746.0,136746.0,In Stock,9,12,2
ORD-001972,SKU-04897,Product_Omega_21,Pharmaceuticals,Supplier_B,Chennai WH,North,2022-12-29,2023-01-16,Rail,Immediate,950.61,293,293,105,194,22,0,278528.73,278528.73,Low Stock,7,6,18
ORD-001973,SKU-09123,Product_Beta_46,Apparel,Supplier_H,Chennai WH,North,2022-12-29,2023-01-07,Rail,Net 30,4026.78,426,426,294,184,22,5,1715408.28,1629637.87,In Stock,4,0,9
ORD-001974,SKU-03279,Product_Sigma_47,Electronics,Supplier_L,Hyderabad WH,West,2022-12-29,2023-01-16,Rail,Immediate,4836.97,300,300,644,150,27,0,1451091.0,1451091.0,In Stock,3,5,18
ORD-001975,SKU-09980,Product_Gamma_27,Furniture,Supplier_J,Delhi WH,North,2022-12-30,2023-01-28,Road,Net 15,1350.31,465,465,450,173,33,0,627894.15,627894.15,In Stock,4,5,29
ORD-001976,SKU-08451,Product_Sigma_21,Industrial Parts,Supplier_H,Bangalore WH,South,2022-12-30,2023-01-17,Sea,Net 15,2479.18,373,373,533,162,32,5,924734.14,878497.43,In Stock,4,11,18
ORD-001977,SKU-09906,Product_Alpha_41,FMCG,Supplier_L,Mumbai WH,Central,2022-12-30,2023-01-15,Rail,Immediate,439.72,38,38,155,85,39,0,16709.36,16709.36,In Stock,9,14,16
ORD-001978,SKU-01775,Product_Alpha_23,Pharmaceuticals,Supplier_I,Kolkata WH,West,2022-12-31,2023-01-21,Rail,Net 15,2800.09,355,355,405,47,32,0,994031.95,994031.95,In Stock,2,6,21
ORD-001979,SKU-07869,Product_Delta_47,Apparel,Supplier_J,Bangalore WH,North,2022-12-31,2023-01-25,Sea,Net 15,2518.89,380,380,895,144,1,0,957178.2,957178.2,In Stock,3,1,25
ORD-001980,SKU-03247,Product_Sigma_12,Industrial Parts,Supplier_K,Bangalore WH,North,2023-01-01,2023-01-06,Rail,Net 30,730.74,495,495,725,185,10,5,361716.3,343630.48,Discontinued,3,13,5
ORD-001981,SKU-08088,Product_Sigma_2,Pharmaceuticals,Supplier_K,Chennai WH,North,2023-01-01,2023-01-13,Rail,Immediate,2215.91,231,231,737,191,4,0,511875.21,511875.21,In Stock,7,13,12
ORD-001982,SKU-01078,Product_Beta_47,Furniture,Supplier_K,Delhi WH,West,2023-01-02,2023-01-15,Road,Net 30,1677.18,478,478,796,99,29,0,801692.04,801692.04,In Stock,4,12,13
ORD-001983,SKU-09080,Product_Zeta_42,Pharmaceuticals,Supplier_B,Bangalore WH,East,2023-01-02,2023-01-10,Road,Net 15,2613.94,262,145,682,151,7,5,684852.28,650609.67,In Stock,5,11,8
ORD-001984,SKU-08099,Product_Sigma_41,Pharmaceuticals,Supplier_C,Bangalore WH,Central,2023-01-02,2023-01-31,Air,Net 30,2932.42,68,68,553,91,38,10,199404.56,179464.1,In Stock,9,3,29
ORD-001985,SKU-04926,Product_Delta_29,Furniture,Supplier_E,Delhi WH,North,2023-01-02,2023-01-27,Sea,Net 60,52.39,179,305,571,63,6,10,9377.81,8440.03,In Stock,1,1,25
ORD-001986,SKU-08340,Product_Delta_21,Industrial Parts,Supplier_I,Hyderabad WH,North,2023-01-03,2023-01-22,Air,Net 60,3807.42,357,357,374,138,11,0,1359248.94,1359248.94,In Stock,8,13,19
ORD-001987,SKU-08083,Product_Sigma_14,Pharmaceuticals,Supplier_I,Mumbai WH,North,2023-01-03,2023-01-27,Air,Net 30,3567.94,419,419,588,65,9,0,1494966.86,1494966.86,In Stock,7,3,24
ORD-001988,SKU-07230,Product_Zeta_10,Pharmaceuticals,Supplier_D,Mumbai WH,West,2023-01-03,2023-01-31,Rail,Net 60,1837.77,186,186,454,103,30,5,341825.22,324733.96,In Stock,7,2,28
ORD-001989,SKU-05940,Product_Kappa_15,Industrial Parts,Supplier_K,Mumbai WH,North,2023-01-03,2023-01-13,Road,Immediate,274.15,441,441,201,45,22,15,120900.15,102765.13,In Stock,9,1,10
ORD-001990,SKU-04271,Product_Zeta_24,Furniture,Supplier_J,Bangalore WH,West,2023-01-03,2023-01-08,Road,Net 15,3777.11,201,201,731,115,39,5,759199.11,721239.15,In Stock,4,1,5
ORD-001991,SKU-04456,Product_Gamma_31,FMCG,Supplier_H,Delhi WH,West,2023-01-03,2023-01-18,Road,Immediate,4776.32,390,390,451,32,9,0,1862764.8,1862764.8,Discontinued,4,2,15
ORD-001992,SKU-08788,Product_Beta_32,Pharmaceuticals,Supplier_B,Chennai WH,Central,2023-01-04,2023-01-21,Rail,Net 30,1208.36,13,13,186,144,38,0,15708.68,15708.68,In Stock,2,9,17
ORD-001993,SKU-09599,Product_Gamma_30,Furniture,Supplier_H,Bangalore WH,East,2023-01-04,2023-01-21,Sea,Net 60,1624.39,443,443,607,88,33,20,719604.77,575683.82,In Stock,1,11,17
ORD-001994,SKU-08650,Product_Gamma_12,Pharmaceuticals,Supplier_A,Chennai WH,Central,2023-01-04,2023-01-07,Road,Net 15,927.23,214,214,853,191,26,10,198427.22,178584.5,In Stock,8,3,3
ORD-001995,SKU-03711,Product_Delta_37,Pharmaceuticals,Supplier_F,Bangalore WH,North,2023-01-04,2023-01-17,Sea,Immediate,2888.91,220,220,723,70,16,0,635560.2,635560.2,In Stock,5,6,13
ORD-001996,SKU-02668,Product_Kappa_47,Furniture,Supplier_J,Chennai WH,West,2023-01-04,2023-01-16,Sea,Net 15,782.66,286,174,367,32,9,0,223840.76,223840.76,Discontinued,7,3,12
ORD-001997,SKU-01147,Product_Gamma_42,Furniture,Supplier_I,Bangalore WH,Central,2023-01-05,2023-01-22,Air,Net 30,1787.41,244,244,339,188,23,15,436128.04,370708.83,In Stock,3,10,17
ORD-001998,SKU-07420,Product_Sigma_2,Furniture,Supplier_E,Mumbai WH,West,2023-01-05,2023-01-06,Air,Net 60,3488.09,356,356,261,158,15,0,1241760.04,1241760.04,In Stock,4,6,1
ORD-001999,SKU-01365,Product_Sigma_11,Furniture,Supplier_E,Chennai WH,Central,2023-01-05,2023-01-27,Air,Immediate,2804.98,258,258,840,184,19,5,723684.84,687500.6,In Stock,9,3,22
ORD-002000,SKU-05531,Product_Gamma_26,Industrial Parts,Supplier_F,Delhi WH,South,2023-01-05,2023-01-13,Air,Immediate,1938.45,58,58,923,79,42,10,112430.1,101187.09,In Stock,4,2,8
ORD-002001,SKU-06330,Product_Delta_5,Electronics,Supplier_B,Delhi WH,Central,2023-01-05,2023-02-02,Road,Net 15,2107.05,36,36,588,51,16,0,75853.8,75853.8,In Stock,9,7,28
ORD-002002,SKU-06510,Product_Gamma_5,Pharmaceuticals,Supplier_E,Hyderabad WH,East,2023-01-05,2023-01-31,Rail,Net 60,2814.93,328,328,542,192,25,0,923297.04,923297.04,Reorder Pending,3,2,26
ORD-002003,SKU-09754,Product_Zeta_16,FMCG,Supplier_D,Chennai WH,East,2023-01-05,2023-01-25,Road,Net 60,39.26,429,167,550,37,35,0,16842.54,16842.54,In Stock,1,10,20
ORD-002004,SKU-09964,Product_Kappa_42,Apparel,Supplier_G,Mumbai WH,North,2023-01-06,2023-01-28,Rail,Net 60,401.76,490,490,305,112,13,20,196862.4,157489.92,In Stock,5,14,22
ORD-002005,SKU-07493,Product_Zeta_7,Pharmaceuticals,Supplier_H,Chennai WH,West,2023-01-06,2023-01-12,Rail,Net 60,4407.48,498,498,845,167,7,5,2194925.04,2085178.79,In Stock,3,7,6
ORD-002006,SKU-06439,Product_Gamma_47,FMCG,Supplier_C,Mumbai WH,South,2023-01-06,2023-01-31,Sea,Net 60,398.62,393,393,725,63,34,15,156657.66,133159.01,In Stock,3,1,25
ORD-002007,SKU-07511,Product_Alpha_39,Pharmaceuticals,Supplier_I,Chennai WH,North,2023-01-06,2023-01-23,Rail,Immediate,3536.95,382,382,637,183,14,5,1351114.9,1283559.15,In Stock,9,12,17
ORD-002008,SKU-08504,Product_Beta_25,Industrial Parts,Supplier_G,Mumbai WH,East,2023-01-06,2023-01-11,Rail,Immediate,4600.99,193,193,164,56,23,20,887991.07,710392.86,In Stock,2,13,5
ORD-002009,SKU-02246,Product_Zeta_2,Furniture,Supplier_I,Delhi WH,Central,2023-01-06,2023-01-21,Sea,Net 60,1360.71,333,333,757,180,23,20,453116.43,362493.14,In Stock,7,2,15
ORD-002010,SKU-04839,Product_Beta_1,Pharmaceuticals,Supplier_B,Hyderabad WH,South,2023-01-06,2023-01-12,Air,Immediate,1858.75,50,50,620,146,17,5,92937.5,88290.62,In Stock,5,3,6
ORD-002011,SKU-09551,Product_Alpha_9,Apparel,Supplier_B,Hyderabad WH,Central,2023-01-06,2023-01-12,Air,Immediate,2848.92,463,463,87,38,13,0,1319049.96,1319049.96,In Stock,8,2,6
ORD-002012,SKU-03376,Product_Delta_50,Apparel,Supplier_C,Bangalore WH,Central,2023-01-06,2023-01-25,Sea,Net 15,4409.73,32,32,199,198,27,10,141111.36,127000.22,In Stock,4,5,19
ORD-002013,SKU-04009,Product_Beta_18,FMCG,Supplier_L,Kolkata WH,West,2023-01-06,2023-01-25,Sea,Net 30,4710.11,98,98,270,51,2,10,461590.78,415431.7,In Stock,5,8,19
ORD-002014,SKU-02827,Product_Gamma_41,Pharmaceuticals,Supplier_D,Kolkata WH,West,2023-01-07,2023-01-29,Air,Immediate,3700.42,43,43,50,125,37,5,159118.06,151162.16,Low Stock,8,9,22
ORD-002015,SKU-07979,Product_Alpha_1,Electronics,Supplier_K,Chennai WH,West,2023-01-07,2023-02-04,Road,Net 30,442.23,381,381,488,41,30,15,168489.63,143216.19,In Stock,3,7,28
ORD-002016,SKU-09569,Product_Beta_35,FMCG,Supplier_A,Hyderabad WH,South,2023-01-07,2023-01-12,Air,Immediate,3349.08,351,351,197,141,4,0,1175527.08,1175527.08,In Stock,9,3,5
ORD-002017,SKU-05285,Product_Omega_46,Electronics,Supplier_D,Kolkata WH,East,2023-01-07,2023-01-31,Rail,Immediate,2057.42,334,334,22,148,30,0,687178.28,687178.28,Low Stock,6,1,24
ORD-002018,SKU-07910,Product_Beta_13,Pharmaceuticals,Supplier_I,Bangalore WH,South,2023-01-08,2023-02-01,Road,Net 15,2358.8,310,310,664,73,3,10,731228.0,658105.2,In Stock,9,9,24
ORD-002019,SKU-09561,Product_Gamma_31,FMCG,Supplier_I,Bangalore WH,West,2023-01-08,2023-01-24,Sea,Net 60,255.25,47,47,222,167,14,0,11996.75,11996.75,In Stock,9,0,16
ORD-002020,SKU-03196,Product_Kappa_11,Pharmaceuticals,Supplier_F,Hyderabad WH,West,2023-01-08,2023-01-20,Rail,Net 15,963.4,270,270,941,77,11,5,260118.0,247112.1,In Stock,5,10,12
ORD-002021,SKU-04747,Product_Sigma_22,Pharmaceuticals,Supplier_G,Mumbai WH,South,2023-01-08,2023-01-10,Road,Net 60,3954.66,432,432,220,182,40,20,1708413.12,1366730.5,In Stock,5,3,2
ORD-002022,SKU-09843,Product_Kappa_10,Apparel,Supplier_I,Kolkata WH,East,2023-01-09,2023-01-17,Sea,Net 30,2275.25,311,311,662,89,23,10,707602.75,636842.48,In Stock,5,4,8
ORD-002023,SKU-06978,Product_Delta_4,Apparel,Supplier_B,Mumbai WH,East,2023-01-09,2023-02-03,Sea,Net 60,1515.29,413,413,265,82,41,20,625814.77,500651.82,In Stock,3,1,25
ORD-002024,SKU-06607,Product_Sigma_41,Apparel,Supplier_B,Chennai WH,Central,2023-01-09,2023-01-25,Road,Net 60,1926.26,431,431,72,22,32,10,830218.06,747196.25,In Stock,9,13,16
ORD-002025,SKU-01769,Product_Beta_2,Electronics,Supplier_J,Kolkata WH,Central,2023-01-09,2023-01-17,Road,Immediate,4273.45,63,329,880,118,3,10,269227.35,242304.62,In Stock,5,12,8
ORD-002026,SKU-01780,Product_Alpha_7,Apparel,Supplier_D,Chennai WH,West,2023-01-09,2023-01-12,Sea,Net 60,3747.51,19,19,76,64,42,5,71202.69,67642.56,In Stock,6,12,3
ORD-002027,SKU-07303,Product_Sigma_7,Apparel,Supplier_J,Chennai WH,North,2023-01-10,2023-01-19,Rail,Net 15,1368.85,347,487,543,162,1,0,474990.95,474990.95,In Stock,1,14,9
ORD-002028,SKU-04983,Product_Zeta_10,FMCG,Supplier_H,Bangalore WH,West,2023-01-10,2023-01-22,Air,Net 30,596.33,393,393,880,36,9,5,234357.69,222639.81,In Stock,8,2,12
ORD-002029,SKU-09714,Product_Alpha_15,Apparel,Supplier_I,Delhi WH,North,2023-01-10,2023-01-18,Road,Net 15,1267.47,101,187,434,162,9,0,128014.47,128014.47,In Stock,6,12,8
ORD-002030,SKU-01521,Product_Alpha_15,Industrial Parts,Supplier_B,Bangalore WH,West,2023-01-10,2023-01-12,Road,Net 30,4604.57,37,37,936,24,12,20,170369.09,136295.27,In Stock,2,3,2
ORD-002031,SKU-08569,Product_Zeta_25,Industrial Parts,Supplier_E,Hyderabad WH,South,2023-01-10,2023-02-01,Air,Net 15,2912.13,107,107,64,193,1,0,311597.91,311597.91,Low Stock,9,2,22
ORD-002032,SKU-06784,Product_Gamma_23,Pharmaceuticals,Supplier_F,Delhi WH,South,2023-01-10,2023-01-17,Road,Net 60,2672.07,92,92,960,30,16,0,245830.44,245830.44,In Stock,9,7,7
ORD-002033,SKU-05583,Product_Sigma_15,Pharmaceuticals,Supplier_J,Delhi WH,Central,2023-01-10,2023-01-27,Road,Net 15,2986.0,308,308,356,111,30,10,919688.0,827719.2,In Stock,6,13,17
ORD-002034,SKU-06946,Product_Zeta_44,Electronics,Supplier_A,Mumbai WH,Central,2023-01-11,2023-02-10,Road,Net 15,1836.48,185,185,935,161,8,5,339748.8,322761.36,In Stock,9,12,30
ORD-002035,SKU-05941,Product_Beta_32,Industrial Parts,Supplier_A,Hyderabad WH,South,2023-01-11,2023-02-06,Road,Immediate,4037.46,216,216,17,58,10,0,872091.36,872091.36,Low Stock,9,10,26
ORD-002036,SKU-07267,Product_Gamma_8,Pharmaceuticals,Supplier_L,Bangalore WH,East,2023-01-11,2023-01-23,Rail,Net 15,2621.2,28,28,675,61,33,0,73393.6,73393.6,In Stock,4,11,12
ORD-002037,SKU-08128,Product_Delta_7,Furniture,Supplier_J,Delhi WH,North,2023-01-12,2023-01-25,Rail,Net 15,592.57,36,1,798,113,38,15,21332.52,18132.64,In Stock,8,1,13
ORD-002038,SKU-03461,Product_Sigma_23,Electronics,Supplier_K,Mumbai WH,South,2023-01-12,2023-01-28,Air,Net 60,654.03,372,372,565,24,41,5,243299.16,231134.2,In Stock,5,8,16
ORD-002039,SKU-01685,Product_Beta_40,Pharmaceuticals,Supplier_L,Kolkata WH,South,2023-01-12,2023-02-11,Sea,Net 60,2688.93,320,320,574,71,22,0,860457.6,860457.6,In Stock,6,10,30
ORD-002040,SKU-03160,Product_Omega_8,Industrial Parts,Supplier_J,Bangalore WH,East,2023-01-12,2023-01-27,Air,Net 15,4683.49,18,18,768,169,16,5,84302.82,80087.68,In Stock,3,5,15
ORD-002041,SKU-08031,Product_Omega_6,Apparel,Supplier_K,Bangalore WH,North,2023-01-12,2023-02-10,Rail,Net 30,1548.68,345,345,750,63,19,0,534294.6,534294.6,In Stock,1,0,29
ORD-002042,SKU-06341,Product_Alpha_39,Industrial Parts,Supplier_C,Delhi WH,South,2023-01-12,2023-01-14,Sea,Net 60,4349.01,419,419,435,134,11,0,1822235.19,1822235.19,In Stock,3,14,2
ORD-002043,SKU-01038,Product_Gamma_12,Furniture,Supplier_B,Kolkata WH,Central,2023-01-12,2023-01-14,Road,Immediate,3822.84,196,196,995,172,11,20,749276.64,599421.31,In Stock,8,7,2
ORD-002044,SKU-05875,Product_Zeta_34,Electronics,Supplier_H,Kolkata WH,North,2023-01-12,2023-02-02,Air,Immediate,1246.58,78,93,440,146,14,0,97233.24,97233.24,In Stock,2,9,21
ORD-002045,SKU-02256,Product_Omega_39,Industrial Parts,Supplier_H,Mumbai WH,North,2023-01-13,2023-01-24,Rail,Net 15,191.34,167,167,8,135,39,0,31953.78,31953.78,Low Stock,6,5,11
ORD-002046,SKU-08697,Product_Gamma_44,Industrial Parts,Supplier_J,Bangalore WH,East,2023-01-13,2023-01-17,Road,Net 15,518.22,90,396,469,168,26,20,46639.8,37311.84,In Stock,3,3,4
ORD-002047,SKU-03196,Product_Zeta_10,Electronics,Supplier_A,Bangalore WH,South,2023-01-13,2023-02-05,Sea,Net 60,3645.18,264,264,631,87,44,10,962327.52,866094.77,In Stock,2,5,23
ORD-002048,SKU-08165,Product_Sigma_40,Furniture,Supplier_F,Kolkata WH,North,2023-01-13,2023-01-30,Sea,Net 15,1006.35,472,472,347,66,20,0,474997.2,474997.2,In Stock,4,1,17
ORD-002049,SKU-01301,Product_Sigma_23,Industrial Parts,Supplier_F,Bangalore WH,Central,2023-01-13,2023-02-03,Rail,Net 30,1862.64,208,208,601,146,20,5,387429.12,368057.66,In Stock,1,0,21
ORD-002050,SKU-08527,Product_Beta_18,Apparel,Supplier_C,Hyderabad WH,West,2023-01-13,2023-02-09,Sea,Net 60,2513.48,212,212,371,54,5,15,532857.76,452929.1,In Stock,9,11,27
ORD-002051,SKU-07381,Product_Kappa_43,Furniture,Supplier_I,Chennai WH,East,2023-01-13,2023-01-22,Sea,Net 30,3630.09,271,271,969,26,1,0,983754.39,983754.39,In Stock,3,5,9
ORD-002052,SKU-01646,Product_Omega_17,Apparel,Supplier_G,Chennai WH,South,2023-01-13,2023-02-09,Sea,Net 60,575.02,263,263,823,135,11,5,151230.26,143668.75,In Stock,6,7,27
ORD-002053,SKU-09789,Product_Beta_1,FMCG,Supplier_G,Mumbai WH,West,2023-01-13,2023-02-06,Rail,Net 60,2037.77,273,273,174,71,10,5,556311.21,528495.65,In Stock,1,12,24
ORD-002054,SKU-09853,Product_Gamma_50,Pharmaceuticals,Supplier_J,Mumbai WH,East,2023-01-14,2023-01-23,Air,Immediate,2430.51,342,342,514,129,28,5,831234.42,789672.7,In Stock,9,4,9
ORD-002055,SKU-05330,Product_Gamma_21,Furniture,Supplier_D,Hyderabad WH,Central,2023-01-14,2023-02-02,Sea,Net 30,2708.73,214,214,129,65,34,10,579668.22,521701.4,In Stock,5,7,19
ORD-002056,SKU-08003,Product_Gamma_25,Apparel,Supplier_D,Hyderabad WH,South,2023-01-14,2023-02-01,Air,Net 60,4093.62,374,374,565,156,13,5,1531013.88,1454463.19,In Stock,4,2,18
ORD-002057,SKU-04537,Product_Kappa_47,Pharmaceuticals,Supplier_F,Mumbai WH,West,2023-01-15,2023-02-03,Road,Net 60,866.67,64,256,292,42,44,0,55466.88,55466.88,In Stock,2,12,19
ORD-002058,SKU-05558,Product_Kappa_5,Pharmaceuticals,Supplier_B,Hyderabad WH,West,2023-01-15,2023-01-21,Sea,Net 60,4041.08,12,12,695,150,25,15,48492.96,41219.02,In Stock,4,5,6
ORD-002059,SKU-07579,Product_Beta_37,Apparel,Supplier_K,Delhi WH,South,2023-01-15,2023-01-28,Sea,Net 30,3467.46,210,210,926,146,23,0,728166.6,728166.6,In Stock,9,0,13
ORD-002060,SKU-09474,Product_Zeta_47,FMCG,Supplier_K,Bangalore WH,East,2023-01-15,2023-02-05,Sea,Net 15,2783.8,312,395,352,28,36,5,868545.6,825118.32,In Stock,6,12,21
ORD-002061,SKU-05082,Product_Sigma_10,Furniture,Supplier_F,Chennai WH,West,2023-01-15,2023-01-28,Rail,Net 60,3500.64,174,366,223,72,12,5,609111.36,578655.79,In Stock,2,2,13
ORD-002062,SKU-05183,Product_Beta_21,Furniture,Supplier_L,Mumbai WH,Central,2023-01-15,2023-01-27,Sea,Immediate,2065.97,431,431,523,196,2,10,890433.07,801389.76,In Stock,7,3,12
ORD-002063,SKU-09652,Product_Gamma_12,Pharmaceuticals,Supplier_I,Mumbai WH,West,2023-01-15,2023-02-03,Air,Net 60,700.6,256,256,953,67,20,5,179353.6,170385.92,In Stock,6,4,19
ORD-002064,SKU-04754,Product_Zeta_23,FMCG,Supplier_I,Delhi WH,West,2023-01-15,2023-02-05,Air,Immediate,3332.17,463,463,706,142,16,10,1542794.71,1388515.24,In Stock,3,2,21
ORD-002065,SKU-02724,Product_Omega_32,Furniture,Supplier_A,Bangalore WH,North,2023-01-16,2023-02-14,Sea,Net 30,2628.11,101,101,758,101,14,0,265439.11,265439.11,Reorder Pending,4,7,29
ORD-002066,SKU-02376,Product_Zeta_31,Apparel,Supplier_L,Bangalore WH,East,2023-01-16,2023-02-12,Sea,Immediate,3200.48,16,16,508,128,2,10,51207.68,46086.91,In Stock,9,4,27
ORD-002067,SKU-09706,Product_Zeta_39,Pharmaceuticals,Supplier_H,Bangalore WH,Central,2023-01-16,2023-01-19,Road,Immediate,1696.61,197,197,367,26,16,15,334232.17,284097.34,In Stock,3,6,3
ORD-002068,SKU-09894,Product_Omega_9,Apparel,Supplier_L,Chennai WH,North,2023-01-16,2023-02-02,Road,Immediate,4535.26,258,258,665,118,4,15,1170097.08,994582.52,In Stock,1,4,17
ORD-002069,SKU-02653,Product_Delta_25,Furniture,Supplier_A,Kolkata WH,South,2023-01-16,2023-01-25,Road,Immediate,2940.98,384,384,589,50,43,5,1129336.32,1072869.5,In Stock,8,13,9
ORD-002070,SKU-03066,Product_Zeta_36,Pharmaceuticals,Supplier_K,Kolkata WH,North,2023-01-17,2023-01-30,Air,Immediate,436.16,244,244,651,121,13,0,106423.04,106423.04,In Stock,0,7,13
ORD-002071,SKU-01022,Product_Kappa_35,Electronics,Supplier_F,Kolkata WH,North,2023-01-17,2023-02-16,Road,Net 30,2254.52,348,348,499,75,38,0,784572.96,784572.96,In Stock,7,0,30
ORD-002072,SKU-03460,Product_Kappa_35,FMCG,Supplier_D,Delhi WH,West,2023-01-17,2023-01-25,Road,Net 60,3784.22,249,249,89,118,1,0,942270.78,942270.78,Low Stock,3,2,8
ORD-002073,SKU-06926,Product_Delta_25,Electronics,Supplier_C,Bangalore WH,South,2023-01-17,2023-02-03,Air,Immediate,3972.73,105,105,655,24,9,5,417136.65,396279.82,In Stock,8,2,17
ORD-002074,SKU-07251,Product_Beta_38,FMCG,Supplier_K,Kolkata WH,East,2023-01-18,2023-01-31,Road,Net 60,2478.04,182,182,948,49,21,0,451003.28,451003.28,In Stock,2,9,13
ORD-002075,SKU-08295,Product_Zeta_34,Industrial Parts,Supplier_G,Chennai WH,West,2023-01-18,2023-01-30,Sea,Net 30,4474.79,155,486,71,41,18,20,693592.45,554873.96,Reorder Pending,6,9,12
ORD-002076,SKU-04300,Product_Delta_45,Furniture,Supplier_A,Bangalore WH,East,2023-01-18,2023-02-14,Road,Immediate,1345.67,287,101,432,164,43,15,386207.29,328276.2,In Stock,2,2,27
ORD-002077,SKU-07279,Product_Beta_16,Electronics,Supplier_L,Hyderabad WH,Central,2023-01-18,2023-02-15,Sea,Net 30,2058.89,169,169,688,157,32,0,347952.41,347952.41,In Stock,9,5,28
ORD-002078,SKU-09553,Product_Omega_1,Apparel,Supplier_L,Mumbai WH,South,2023-01-18,2023-01-30,Rail,Net 30,4494.0,420,420,347,189,34,5,1887480.0,1793106.0,In Stock,6,8,12
ORD-002079,SKU-08353,Product_Delta_2,Furniture,Supplier_B,Mumbai WH,West,2023-01-18,2023-02-03,Sea,Net 60,4482.32,47,47,262,46,20,10,210669.04,189602.14,In Stock,1,12,16
ORD-002080,SKU-04727,Product_Omega_36,Pharmaceuticals,Supplier_B,Bangalore WH,North,2023-01-18,2023-02-13,Road,Immediate,3431.71,43,43,270,146,43,0,147563.53,147563.53,In Stock,2,11,26
ORD-002081,SKU-07272,Product_Kappa_9,Pharmaceuticals,Supplier_J,Delhi WH,Central,2023-01-18,2023-02-03,Sea,Net 15,4296.31,321,321,508,154,2,5,1379115.51,1310159.73,In Stock,7,5,16
ORD-002082,SKU-06995,Product_Beta_4,Industrial Parts,Supplier_D,Delhi WH,South,2023-01-18,2023-02-16,Rail,Net 60,452.98,306,105,507,42,4,5,138611.88,131681.29,In Stock,6,4,29
ORD-002083,SKU-01514,Product_Omega_24,FMCG,Supplier_J,Bangalore WH,East,2023-01-19,2023-02-08,Road,Net 30,4326.32,221,221,616,94,38,0,956116.72,956116.72,In Stock,2,11,20
ORD-002084,SKU-01448,Product_Gamma_19,Electronics,Supplier_B,Kolkata WH,South,2023-01-19,2023-01-20,Road,Net 60,1609.89,1,1,419,136,7,10,1609.89,1448.9,In Stock,7,0,1
ORD-002085,SKU-07019,Product_Kappa_10,Pharmaceuticals,Supplier_A,Hyderabad WH,West,2023-01-19,2023-02-05,Road,Net 60,899.87,200,200,71,155,22,20,179974.0,143979.2,Low Stock,8,1,17
ORD-002086,SKU-06343,Product_Zeta_16,Apparel,Supplier_D,Chennai WH,South,2023-01-19,2023-02-17,Air,Net 60,1204.46,441,441,73,27,20,0,531166.86,531166.86,In Stock,1,10,29
ORD-002087,SKU-09033,Product_Delta_15,Industrial Parts,Supplier_I,Hyderabad WH,West,2023-01-19,2023-01-24,Rail,Net 15,2095.66,144,144,654,120,35,5,301775.04,286686.29,In Stock,1,0,5
ORD-002088,SKU-03520,Product_Alpha_48,Pharmaceuticals,Supplier_C,Hyderabad WH,Central,2023-01-20,2023-02-04,Rail,Net 15,1263.45,378,378,502,24,4,0,477584.1,477584.1,Reorder Pending,6,11,15
ORD-002089,SKU-04081,Product_Gamma_8,FMCG,Supplier_J,Chennai WH,East,2023-01-20,2023-01-26,Sea,Net 60,1609.63,28,28,573,105,20,15,45069.64,38309.19,In Stock,7,5,6
ORD-002090,SKU-02428,Product_Gamma_25,Pharmaceuticals,Supplier_H,Hyderabad WH,North,2023-01-20,2023-01-28,Road,Immediate,683.54,342,342,145,149,35,15,233770.68,198705.08,Discontinued,4,2,8
ORD-002091,SKU-04967,Product_Alpha_45,Furniture,Supplier_E,Bangalore WH,South,2023-01-20,2023-01-23,Air,Immediate,1487.92,338,338,45,198,33,0,502916.96,502916.96,Low Stock,1,11,3
ORD-002092,SKU-07445,Product_Zeta_24,Apparel,Supplier_C,Mumbai WH,Central,2023-01-21,2023-02-07,Sea,Net 30,2865.7,278,278,740,31,21,15,796664.6,677164.91,In Stock,9,12,17
ORD-002093,SKU-03159,Product_Alpha_45,Industrial Parts,Supplier_K,Delhi WH,Central,2023-01-21,2023-02-11,Sea,Immediate,2214.85,41,458,104,66,14,0,90808.85,90808.85,In Stock,4,4,21
ORD-002094,SKU-06132,Product_Beta_43,Furniture,Supplier_F,Mumbai WH,West,2023-01-21,2023-01-30,Sea,Net 15,1740.13,332,210,108,45,31,0,577723.16,577723.16,In Stock,2,5,9
ORD-002095,SKU-03547,Product_Beta_31,FMCG,Supplier_F,Kolkata WH,West,2023-01-21,2023-01-28,Air,Net 15,3734.8,147,158,316,121,22,10,549015.6,494114.04,In Stock,8,4,7
ORD-002096,SKU-03979,Product_Gamma_2,Electronics,Supplier_B,Delhi WH,Central,2023-01-21,2023-01-26,Rail,Immediate,4468.61,345,345,120,139,30,0,1541670.45,1541670.45,Discontinued,1,2,5
ORD-002097,SKU-03649,Product_Gamma_24,Pharmaceuticals,Supplier_D,Bangalore WH,North,2023-01-21,2023-01-27,Rail,Net 15,3786.38,178,178,498,192,29,5,673975.64,640276.86,In Stock,8,1,6
ORD-002098,SKU-09505,Product_Gamma_6,Industrial Parts,Supplier_L,Delhi WH,North,2023-01-21,2023-01-27,Road,Net 30,1666.68,315,315,42,89,36,10,525004.2,472503.78,Low Stock,1,1,6
ORD-002099,SKU-04083,Product_Delta_5,Pharmaceuticals,Supplier_G,Hyderabad WH,South,2023-01-22,2023-02-03,Air,Net 15,3724.77,325,325,939,21,42,0,1210550.25,1210550.25,In Stock,0,11,12
ORD-002100,SKU-02037,Product_Alpha_37,Industrial Parts,Supplier_A,Bangalore WH,South,2023-01-22,2023-02-11,Road,Net 15,768.38,418,418,98,45,29,0,321182.84,321182.84,In Stock,9,1,20
ORD-002101,SKU-04489,Product_Zeta_10,FMCG,Supplier_J,Bangalore WH,South,2023-01-22,2023-02-14,Road,Net 60,660.29,167,167,705,33,7,5,110268.43,104755.01,In Stock,5,9,23
ORD-002102,SKU-08604,Product_Gamma_31,Industrial Parts,Supplier_A,Mumbai WH,South,2023-01-22,2023-02-18,Rail,Net 30,1734.68,123,123,310,101,32,0,213365.64,213365.64,In Stock,5,3,27
ORD-002103,SKU-08544,Product_Gamma_48,Furniture,Supplier_L,Chennai WH,North,2023-01-22,2023-01-26,Rail,Net 60,4040.43,74,74,213,121,13,0,298991.82,298991.82,In Stock,3,3,4
ORD-002104,SKU-03634,Product_Sigma_31,Electronics,Supplier_I,Chennai WH,East,2023-01-23,2023-02-14,Road,Net 60,1239.28,239,239,462,51,13,0,296187.92,296187.92,In Stock,1,11,22
ORD-002105,SKU-04983,Product_Zeta_47,Apparel,Supplier_F,Kolkata WH,South,2023-01-24,2023-02-01,Rail,Immediate,325.63,249,249,740,81,14,15,81081.87,68919.59,In Stock,9,2,8
ORD-002106,SKU-02778,Product_Omega_29,Electronics,Supplier_I,Chennai WH,East,2023-01-24,2023-02-07,Rail,Net 30,667.23,263,263,422,134,6,20,175481.49,140385.19,In Stock,2,7,14
ORD-002107,SKU-08902,Product_Alpha_19,Pharmaceuticals,Supplier_B,Chennai WH,South,2023-01-24,2023-02-19,Air,Net 15,4295.14,252,252,995,49,16,0,1082375.28,1082375.28,In Stock,5,14,26
ORD-002108,SKU-06110,Product_Beta_10,Industrial Parts,Supplier_I,Delhi WH,West,2023-01-24,2023-02-04,Air,Net 60,3172.58,357,357,388,160,41,0,1132611.06,1132611.06,In Stock,3,3,11
ORD-002109,SKU-06189,Product_Alpha_42,Industrial Parts,Supplier_L,Hyderabad WH,North,2023-01-24,2023-02-17,Rail,Net 15,1273.47,111,111,696,187,21,10,141355.17,127219.65,In Stock,4,7,24
ORD-002110,SKU-08378,Product_Alpha_39,Electronics,Supplier_B,Mumbai WH,North,2023-01-24,2023-01-28,Sea,Immediate,2780.93,180,180,111,50,44,20,500567.4,400453.92,In Stock,8,10,4
ORD-002111,SKU-02124,Product_Gamma_33,Furniture,Supplier_A,Delhi WH,Central,2023-01-24,2023-02-09,Rail,Net 15,2642.62,188,192,910,56,16,0,496812.56,496812.56,In Stock,4,2,16
ORD-002112,SKU-01697,Product_Gamma_1,Furniture,Supplier_E,Kolkata WH,West,2023-01-24,2023-02-15,Air,Immediate,3280.63,308,249,858,192,5,15,1010434.04,858868.93,In Stock,9,10,22
ORD-002113,SKU-03179,Product_Zeta_28,Apparel,Supplier_F,Hyderabad WH,Central,2023-01-24,2023-02-09,Road,Net 60,1173.61,207,207,271,121,24,5,242937.27,230790.41,In Stock,7,14,16
ORD-002114,SKU-06251,Product_Kappa_36,Apparel,Supplier_A,Bangalore WH,Central,2023-01-24,2023-02-09,Rail,Immediate,4323.37,234,234,824,147,43,20,1011668.58,809334.86,In Stock,1,11,16
ORD-002115,SKU-02929,Product_Sigma_37,Pharmaceuticals,Supplier_C,Hyderabad WH,South,2023-01-25,2023-02-01,Road,Net 15,1553.75,24,24,995,105,1,0,37290.0,37290.0,In Stock,5,1,7
ORD-002116,SKU-02013,Product_Sigma_46,FMCG,Supplier_E,Delhi WH,East,2023-01-25,2023-02-13,Air,Net 15,3473.72,26,472,101,78,10,20,90316.72,72253.38,In Stock,5,13,19
ORD-002117,SKU-01226,Product_Delta_28,Pharmaceuticals,Supplier_D,Delhi WH,Central,2023-01-25,2023-01-31,Air,Net 30,90.46,381,381,209,47,43,5,34465.26,32742.0,In Stock,4,7,6
ORD-002118,SKU-08321,Product_Gamma_18,FMCG,Supplier_L,Delhi WH,East,2023-01-25,2023-02-15,Sea,Net 60,1869.56,218,218,738,141,35,20,407564.08,326051.26,In Stock,5,5,21
ORD-002119,SKU-02828,Product_Beta_34,Electronics,Supplier_H,Kolkata WH,West,2023-01-25,2023-02-21,Road,Net 60,1765.03,494,494,792,80,31,5,871924.82,828328.58,In Stock,4,14,27
ORD-002120,SKU-08909,Product_Zeta_9,FMCG,Supplier_D,Kolkata WH,East,2023-01-25,2023-02-08,Sea,Net 30,2721.99,346,346,21,166,15,5,941808.54,894718.11,Low Stock,1,1,14
ORD-002121,SKU-06588,Product_Delta_26,Apparel,Supplier_G,Hyderabad WH,West,2023-01-25,2023-01-26,Air,Net 60,372.95,378,378,759,190,11,15,140975.1,119828.84,In Stock,4,6,1
ORD-002122,SKU-03023,Product_Alpha_15,FMCG,Supplier_B,Chennai WH,East,2023-01-25,2023-02-02,Sea,Immediate,3952.76,10,10,158,35,9,10,39527.6,35574.84,In Stock,0,11,8
ORD-002123,SKU-05966,Product_Zeta_12,Industrial Parts,Supplier_F,Mumbai WH,East,2023-01-25,2023-01-27,Air,Net 15,1096.73,17,17,890,88,2,10,18644.41,16779.97,In Stock,2,9,2
ORD-002124,SKU-06891,Product_Beta_45,Pharmaceuticals,Supplier_L,Delhi WH,West,2023-01-25,2023-01-30,Rail,Net 60,3388.42,245,245,740,63,44,5,830162.9,788654.76,In Stock,6,6,5
ORD-002125,SKU-02080,Product_Kappa_31,Apparel,Supplier_I,Bangalore WH,East,2023-01-25,2023-02-13,Road,Immediate,4018.03,206,476,929,132,30,10,827714.18,744942.76,In Stock,3,3,19
ORD-002126,SKU-06036,Product_Omega_42,Apparel,Supplier_H,Mumbai WH,South,2023-01-25,2023-02-13,Sea,Net 15,2813.77,258,258,342,157,16,20,725952.66,580762.13,In Stock,7,7,19
ORD-002127,SKU-03563,Product_Zeta_25,Pharmaceuticals,Supplier_D,Hyderabad WH,South,2023-01-26,2023-02-01,Rail,Net 15,3707.01,112,112,399,194,1,0,415185.12,415185.12,In Stock,2,14,6
ORD-002128,SKU-04292,Product_Gamma_4,FMCG,Supplier_G,Delhi WH,East,2023-01-26,2023-01-31,Air,Net 60,3312.68,205,205,453,38,6,5,679099.4,645144.43,In Stock,6,2,5
ORD-002129,SKU-04586,Product_Omega_42,Pharmaceuticals,Supplier_G,Bangalore WH,East,2023-01-26,2023-02-16,Air,Net 15,1784.09,27,27,698,103,11,15,48170.43,40944.87,In Stock,1,12,21
ORD-002130,SKU-05431,Product_Zeta_13,FMCG,Supplier_C,Delhi WH,East,2023-01-26,2023-02-12,Sea,Net 60,4046.2,457,457,142,112,33,10,1849113.4,1664202.06,In Stock,7,8,17
ORD-002131,SKU-07841,Product_Sigma_7,Furniture,Supplier_H,Delhi WH,East,2023-01-26,2023-01-28,Rail,Net 30,1480.56,71,71,849,198,17,15,105119.76,89351.8,In Stock,2,14,2
ORD-002132,SKU-07643,Product_Beta_5,Electronics,Supplier_B,Bangalore WH,North,2023-01-26,2023-02-24,Rail,Net 15,2860.35,176,176,869,160,34,15,503421.6,427908.36,In Stock,5,13,29
ORD-002133,SKU-04959,Product_Omega_39,Electronics,Supplier_D,Mumbai WH,North,2023-01-27,2023-02-15,Rail,Net 60,3729.53,202,156,396,163,40,10,753365.06,678028.55,In Stock,1,14,19
ORD-002134,SKU-01161,Product_Omega_2,Apparel,Supplier_L,Chennai WH,Central,2023-01-27,2023-02-01,Rail,Net 60,1900.99,248,248,535,182,25,10,471445.52,424300.97,In Stock,6,11,5
ORD-002135,SKU-01593,Product_Delta_19,Industrial Parts,Supplier_F,Chennai WH,North,2023-01-27,2023-01-29,Rail,Net 30,1520.81,118,118,140,119,22,20,179455.58,143564.46,In Stock,3,10,2
ORD-002136,SKU-04390,Product_Gamma_35,Apparel,Supplier_I,Hyderabad WH,Central,2023-01-27,2023-02-02,Road,Immediate,2302.14,9,9,960,58,26,15,20719.26,17611.37,In Stock,5,4,6
ORD-002137,SKU-06997,Product_Beta_5,Electronics,Supplier_L,Chennai WH,East,2023-01-27,2023-02-05,Air,Net 15,4091.64,86,86,239,86,27,15,351881.04,299098.88,In Stock,1,2,9
ORD-002138,SKU-07354,Product_Delta_39,Electronics,Supplier_J,Mumbai WH,North,2023-01-28,2023-02-27,Road,Net 30,4650.31,23,23,291,92,38,0,106957.13,106957.13,In Stock,2,8,30
ORD-002139,SKU-01663,Product_Alpha_49,Furniture,Supplier_G,Kolkata WH,South,2023-01-28,2023-02-03,Sea,Net 30,2729.97,455,455,816,69,9,0,1242136.35,1242136.35,In Stock,2,13,6
ORD-002140,SKU-01541,Product_Sigma_13,Pharmaceuticals,Supplier_J,Delhi WH,West,2023-01-28,2023-02-14,Road,Net 15,3310.72,240,240,81,72,37,5,794572.8,754844.16,In Stock,3,1,17
ORD-002141,SKU-06433,Product_Delta_41,Industrial Parts,Supplier_D,Delhi WH,West,2023-01-28,2023-02-10,Air,Net 60,4517.34,73,73,559,65,5,10,329765.82,296789.24,In Stock,0,1,13
ORD-002142,SKU-06093,Product_Alpha_16,Pharmaceuticals,Supplier_D,Chennai WH,South,2023-01-28,2023-02-17,Road,Net 15,501.75,27,27,864,71,18,0,13547.25,13547.25,In Stock,5,2,20
ORD-002143,SKU-01867,Product_Sigma_6,Industrial Parts,Supplier_F,Hyderabad WH,Central,2023-01-28,2023-02-16,Sea,Net 60,1168.07,472,472,869,143,22,0,551329.04,551329.04,In Stock,5,8,19
ORD-002144,SKU-09623,Product_Alpha_37,Industrial Parts,Supplier_D,Delhi WH,North,2023-01-28,2023-02-18,Road,Net 30,3547.41,349,349,170,176,12,0,1238046.09,1238046.09,Low Stock,3,10,21
ORD-002145,SKU-06469,Product_Kappa_3,Electronics,Supplier_J,Hyderabad WH,East,2023-01-28,2023-01-29,Sea,Net 60,4120.48,81,81,773,24,44,10,333758.88,300382.99,In Stock,7,9,1
ORD-002146,SKU-07256,Product_Alpha_21,Electronics,Supplier_A,Chennai WH,South,2023-01-29,2023-02-27,Rail,Net 60,4286.57,84,84,976,93,22,15,360071.88,306061.1,In Stock,4,2,29
ORD-002147,SKU-02169,Product_Beta_20,Electronics,Supplier_L,Delhi WH,North,2023-01-29,2023-02-22,Sea,Net 15,2081.38,199,199,579,114,6,20,414194.62,331355.7,In Stock,9,4,24
ORD-002148,SKU-01830,Product_Alpha_23,Industrial Parts,Supplier_A,Delhi WH,South,2023-01-29,2023-02-22,Road,Immediate,455.81,43,43,525,94,36,0,19599.83,19599.83,In Stock,3,8,24
ORD-002149,SKU-02651,Product_Sigma_26,Pharmaceuticals,Supplier_K,Hyderabad WH,Central,2023-01-29,2023-02-20,Sea,Net 30,2194.53,488,488,541,187,27,0,1070930.64,1070930.64,In Stock,6,9,22
ORD-002150,SKU-02136,Product_Delta_21,Apparel,Supplier_F,Kolkata WH,Central,2023-01-29,2023-02-25,Sea,Immediate,1161.37,263,263,109,135,15,5,305440.31,290168.29,Low Stock,9,5,27
ORD-002151,SKU-03810,Product_Zeta_47,Electronics,Supplier_I,Chennai WH,North,2023-01-29,2023-02-08,Sea,Net 15,1463.07,92,92,211,149,17,0,134602.44,134602.44,In Stock,9,5,10
ORD-002152,SKU-09667,Product_Omega_9,Electronics,Supplier_F,Kolkata WH,Central,2023-01-29,2023-02-01,Sea,Immediate,3863.62,339,397,775,87,3,10,1309767.18,1178790.46,In Stock,7,10,3
ORD-002153,SKU-02019,Product_Beta_22,Furniture,Supplier_G,Hyderabad WH,South,2023-01-30,2023-02-06,Sea,Net 30,386.88,447,447,437,99,10,0,172935.36,172935.36,Discontinued,1,0,7
ORD-002154,SKU-06237,Product_Zeta_48,Apparel,Supplier_B,Bangalore WH,West,2023-01-30,2023-02-14,Sea,Net 30,4139.63,84,84,321,124,25,0,347728.92,347728.92,In Stock,0,10,15
ORD-002155,SKU-02283,Product_Beta_33,Pharmaceuticals,Supplier_F,Chennai WH,West,2023-01-30,2023-02-19,Sea,Net 15,2144.07,300,300,996,88,21,5,643221.0,611059.95,In Stock,5,1,20
ORD-002156,SKU-01659,Product_Gamma_2,FMCG,Supplier_K,Bangalore WH,Central,2023-01-31,2023-02-16,Rail,Net 60,2984.36,423,423,899,182,40,0,1262384.28,1262384.28,In Stock,1,8,16
ORD-002157,SKU-03010,Product_Zeta_31,Electronics,Supplier_E,Mumbai WH,East,2023-01-31,2023-02-28,Road,Immediate,457.36,296,135,713,161,9,0,135378.56,135378.56,In Stock,7,7,28
ORD-002158,SKU-09590,Product_Alpha_19,Electronics,Supplier_H,Bangalore WH,North,2023-01-31,2023-02-16,Rail,Net 60,1693.42,135,135,83,162,24,5,228611.7,217181.12,Low Stock,4,1,16
ORD-002159,SKU-02733,Product_Gamma_10,Electronics,Supplier_K,Chennai WH,Central,2023-01-31,2023-02-06,Sea,Net 30,457.61,454,179,955,153,32,0,207754.94,207754.94,In Stock,1,4,6
ORD-002160,SKU-03125,Product_Kappa_6,Industrial Parts,Supplier_D,Delhi WH,East,2023-01-31,2023-02-08,Air,Net 60,4808.1,281,281,375,35,3,5,1351076.1,1283522.3,In Stock,4,4,8
ORD-002161,SKU-03171,Product_Beta_46,Pharmaceuticals,Supplier_B,Chennai WH,West,2023-01-31,2023-02-27,Road,Net 30,4038.24,489,489,52,106,33,0,1974699.36,1974699.36,Low Stock,1,5,27
ORD-002162,SKU-09266,Product_Delta_14,Electronics,Supplier_K,Kolkata WH,North,2023-02-01,2023-02-15,Rail,Net 30,2303.57,59,59,866,143,43,10,135910.63,122319.57,In Stock,5,3,14
ORD-002163,SKU-04471,Product_Gamma_50,Pharmaceuticals,Supplier_F,Hyderabad WH,East,2023-02-01,2023-02-21,Air,Net 30,1125.78,397,299,495,193,12,20,446934.66,357547.73,In Stock,7,8,20
ORD-002164,SKU-06624,Product_Gamma_33,Furniture,Supplier_G,Kolkata WH,West,2023-02-01,2023-02-06,Sea,Net 15,4667.94,359,359,255,159,29,5,1675790.46,1592000.94,In Stock,1,4,5
ORD-002165,SKU-09691,Product_Omega_29,FMCG,Supplier_G,Delhi WH,South,2023-02-01,2023-02-27,Rail,Net 15,1729.54,488,488,585,60,21,10,844015.52,759613.97,In Stock,5,3,26
ORD-002166,SKU-09329,Product_Gamma_22,Electronics,Supplier_D,Mumbai WH,South,2023-02-02,2023-02-21,Air,Net 60,813.31,342,342,219,138,39,20,278152.02,222521.62,In Stock,5,13,19
ORD-002167,SKU-03097,Product_Sigma_24,FMCG,Supplier_J,Chennai WH,North,2023-02-02,2023-03-01,Rail,Net 15,2820.19,241,241,654,38,34,0,679665.79,679665.79,In Stock,0,8,27
ORD-002168,SKU-06068,Product_Zeta_3,Furniture,Supplier_H,Hyderabad WH,North,2023-02-02,2023-02-27,Road,Net 15,4719.43,465,476,99,95,33,0,2194534.95,2194534.95,In Stock,8,1,25
ORD-002169,SKU-07397,Product_Zeta_16,Pharmaceuticals,Supplier_J,Kolkata WH,East,2023-02-02,2023-02-08,Air,Net 60,29.11,368,368,128,128,32,0,10712.48,10712.48,In Stock,7,10,6
ORD-002170,SKU-03757,Product_Delta_40,Electronics,Supplier_C,Mumbai WH,Central,2023-02-02,2023-02-22,Rail,Net 60,1198.24,342,342,917,138,20,5,409798.08,389308.18,In Stock,3,10,20
ORD-002171,SKU-04920,Product_Beta_10,Furniture,Supplier_F,Mumbai WH,South,2023-02-03,2023-02-25,Road,Immediate,4692.85,98,98,218,132,3,10,459899.3,413909.37,In Stock,6,1,22
ORD-002172,SKU-09186,Product_Kappa_7,FMCG,Supplier_F,Kolkata WH,South,2023-02-03,2023-02-20,Sea,Immediate,863.72,62,62,476,21,4,0,53550.64,53550.64,In Stock,3,12,17
ORD-002173,SKU-02900,Product_Alpha_10,Electronics,Supplier_B,Delhi WH,South,2023-02-03,2023-02-12,Sea,Immediate,575.08,264,264,782,39,17,15,151821.12,129047.95,In Stock,7,2,9
ORD-002174,SKU-03610,Product_Sigma_36,Industrial Parts,Supplier_B,Bangalore WH,East,2023-02-03,2023-02-09,Road,Immediate,2855.23,113,113,457,138,17,0,322640.99,322640.99,In Stock,9,9,6
ORD-002175,SKU-07900,Product_Beta_32,Industrial Parts,Supplier_G,Bangalore WH,East,2023-02-03,2023-02-27,Road,Net 30,4310.6,429,429,979,114,19,20,1849247.4,1479397.92,In Stock,1,3,24
ORD-002176,SKU-02449,Product_Beta_30,Apparel,Supplier_E,Mumbai WH,North,2023-02-04,2023-02-26,Road,Immediate,2390.78,146,146,21,156,4,20,349053.88,279243.1,Low Stock,1,11,22
ORD-002177,SKU-09738,Product_Omega_11,Furniture,Supplier_D,Kolkata WH,North,2023-02-04,2023-02-15,Air,Net 30,4972.88,216,216,689,40,29,20,1074142.08,859313.66,In Stock,2,9,11
ORD-002178,SKU-06017,Product_Sigma_11,Pharmaceuticals,Supplier_G,Kolkata WH,North,2023-02-04,2023-03-06,Sea,Immediate,3399.07,256,256,559,27,17,15,870161.92,739637.63,In Stock,3,8,30
ORD-002179,SKU-08999,Product_Beta_18,Apparel,Supplier_K,Mumbai WH,South,2023-02-05,2023-02-20,Sea,Net 15,379.63,316,316,628,186,22,0,119963.08,119963.08,In Stock,5,12,15
ORD-002180,SKU-07052,Product_Omega_23,Pharmaceuticals,Supplier_J,Delhi WH,West,2023-02-05,2023-02-25,Air,Net 15,4964.23,316,316,328,184,2,10,1568696.68,1411827.01,In Stock,4,4,20
ORD-002181,SKU-03096,Product_Beta_5,Industrial Parts,Supplier_A,Chennai WH,South,2023-02-06,2023-02-25,Rail,Net 60,2045.39,362,362,887,48,42,0,740431.18,740431.18,In Stock,9,1,19
ORD-002182,SKU-09895,Product_Gamma_46,Furniture,Supplier_K,Delhi WH,Central,2023-02-06,2023-02-09,Air,Net 60,1444.14,258,258,690,54,12,15,372588.12,316699.9,In Stock,9,2,3
ORD-002183,SKU-07404,Product_Kappa_17,Industrial Parts,Supplier_C,Delhi WH,South,2023-02-06,2023-02-14,Air,Immediate,2793.82,194,265,479,57,11,0,542001.08,542001.08,In Stock,6,7,8
ORD-002184,SKU-04331,Product_Kappa_17,Furniture,Supplier_I,Mumbai WH,West,2023-02-07,2023-02-20,Air,Net 30,1528.49,347,347,784,109,40,0,530386.03,530386.03,In Stock,5,5,13
ORD-002185,SKU-08462,Product_Kappa_42,Apparel,Supplier_D,Mumbai WH,North,2023-02-07,2023-02-20,Air,Net 30,441.42,14,453,873,182,29,20,6179.88,4943.9,In Stock,3,12,13
ORD-002186,SKU-06105,Product_Gamma_8,Electronics,Supplier_H,Delhi WH,South,2023-02-07,2023-02-12,Air,Net 30,17.13,304,304,338,87,20,0,5207.52,5207.52,In Stock,9,4,5
ORD-002187,SKU-03978,Product_Kappa_3,Furniture,Supplier_H,Mumbai WH,North,2023-02-07,2023-02-11,Road,Immediate,2253.42,103,199,871,150,5,0,232102.26,232102.26,In Stock,8,3,4
ORD-002188,SKU-03839,Product_Omega_19,FMCG,Supplier_C,Hyderabad WH,Central,2023-02-07,2023-02-08,Air,Net 15,4185.95,245,245,858,128,25,5,1025557.75,974279.86,Discontinued,6,3,1
ORD-002189,SKU-04384,Product_Zeta_27,Apparel,Supplier_H,Chennai WH,West,2023-02-07,2023-02-14,Rail,Net 30,2865.85,245,245,178,130,34,10,702133.25,631919.93,In Stock,0,7,7
ORD-002190,SKU-01685,Product_Gamma_29,Furniture,Supplier_A,Bangalore WH,West,2023-02-08,2023-02-25,Rail,Net 30,4996.04,312,312,420,31,12,10,1558764.48,1402888.03,In Stock,7,11,17
ORD-002191,SKU-08531,Product_Omega_33,FMCG,Supplier_C,Kolkata WH,East,2023-02-08,2023-03-08,Air,Net 15,1441.36,268,268,481,51,28,10,386284.48,347656.03,In Stock,3,5,28
ORD-002192,SKU-05283,Product_Omega_24,FMCG,Supplier_I,Kolkata WH,West,2023-02-08,2023-03-10,Rail,Net 15,1409.47,224,224,48,194,34,15,315721.28,268363.09,Low Stock,6,4,30
ORD-002193,SKU-08736,Product_Beta_44,Electronics,Supplier_J,Bangalore WH,West,2023-02-09,2023-02-26,Rail,Net 30,807.15,220,220,826,82,6,0,177573.0,177573.0,In Stock,1,4,17
ORD-002194,SKU-08710,Product_Zeta_33,Industrial Parts,Supplier_G,Kolkata WH,North,2023-02-09,2023-03-03,Road,Net 30,828.68,311,311,905,173,19,5,257719.48,244833.51,In Stock,2,5,22
ORD-002195,SKU-02619,Product_Kappa_17,Industrial Parts,Supplier_K,Delhi WH,Central,2023-02-09,2023-02-23,Road,Net 60,1433.08,412,412,766,62,12,10,590428.96,531386.06,In Stock,0,14,14
ORD-002196,SKU-07868,Product_Alpha_40,Industrial Parts,Supplier_G,Kolkata WH,North,2023-02-10,2023-03-09,Sea,Net 15,3966.27,366,366,29,126,25,10,1451654.82,1306489.34,Low Stock,1,12,27
ORD-002197,SKU-02431,Product_Alpha_48,Pharmaceuticals,Supplier_G,Bangalore WH,West,2023-02-10,2023-02-15,Rail,Net 30,4529.73,217,217,84,191,13,5,982951.41,933803.84,Low Stock,4,10,5
ORD-002198,SKU-05713,Product_Delta_45,FMCG,Supplier_A,Mumbai WH,West,2023-02-10,2023-03-02,Sea,Immediate,4875.68,4,4,788,57,17,0,19502.72,19502.72,In Stock,1,10,20
ORD-002199,SKU-05998,Product_Alpha_10,Industrial Parts,Supplier_F,Mumbai WH,West,2023-02-10,2023-02-14,Road,Net 15,1169.13,474,474,501,48,12,0,554167.62,554167.62,In Stock,5,2,4
ORD-002200,SKU-01162,Product_Beta_19,Apparel,Supplier_D,Bangalore WH,North,2023-02-10,2023-02-16,Air,Net 30,4407.67,36,36,545,74,3,0,158676.12,158676.12,In Stock,5,6,6
ORD-002201,SKU-02974,Product_Zeta_11,Electronics,Supplier_E,Kolkata WH,Central,2023-02-10,2023-02-26,Rail,Net 30,1647.99,178,178,328,71,24,0,293342.22,293342.22,In Stock,5,0,16
ORD-002202,SKU-04291,Product_Zeta_5,Furniture,Supplier_C,Delhi WH,South,2023-02-10,2023-03-11,Air,Net 15,573.07,387,387,609,134,8,0,221778.09,221778.09,In Stock,2,4,29
ORD-002203,SKU-09461,Product_Delta_25,Industrial Parts,Supplier_I,Delhi WH,West,2023-02-10,2023-03-02,Air,Immediate,4351.42,257,257,433,38,36,5,1118314.94,1062399.19,In Stock,2,5,20
ORD-002204,SKU-01631,Product_Kappa_43,Apparel,Supplier_B,Bangalore WH,West,2023-02-10,2023-03-02,Air,Immediate,3184.17,17,17,587,54,26,0,54130.89,54130.89,In Stock,9,12,20
ORD-002205,SKU-01905,Product_Beta_23,Furniture,Supplier_G,Mumbai WH,South,2023-02-10,2023-02-12,Sea,Net 60,832.01,199,199,686,67,8,10,165569.99,149012.99,In Stock,6,13,2
ORD-002206,SKU-03014,Product_Kappa_30,Industrial Parts,Supplier_E,Delhi WH,Central,2023-02-11,2023-03-12,Air,Net 30,2154.86,318,318,852,129,32,15,685245.48,582458.66,In Stock,3,14,29
ORD-002207,SKU-08896,Product_Kappa_7,Industrial Parts,Supplier_E,Chennai WH,East,2023-02-11,2023-03-09,Sea,Net 15,1443.42,48,48,248,50,32,0,69284.16,69284.16,In Stock,5,1,26
ORD-002208,SKU-01204,Product_Beta_12,Furniture,Supplier_B,Chennai WH,North,2023-02-11,2023-03-01,Rail,Net 60,3686.6,62,62,851,22,1,5,228569.2,217140.74,In Stock,7,1,18
ORD-002209,SKU-01581,Product_Beta_26,Apparel,Supplier_L,Chennai WH,West,2023-02-11,2023-02-28,Sea,Immediate,2272.55,69,69,133,182,3,20,156805.95,125444.76,Low Stock,2,8,17
ORD-002210,SKU-06675,Product_Zeta_13,Pharmaceuticals,Supplier_K,Delhi WH,West,2023-02-11,2023-03-08,Air,Immediate,4946.51,147,147,689,107,1,5,727136.97,690780.12,In Stock,8,1,25
ORD-002211,SKU-06347,Product_Zeta_22,Apparel,Supplier_G,Delhi WH,West,2023-02-11,2023-02-15,Rail,Net 30,283.18,359,246,364,71,15,20,101661.62,81329.3,In Stock,8,2,4
ORD-002212,SKU-03643,Product_Beta_21,FMCG,Supplier_B,Bangalore WH,North,2023-02-11,2023-02-14,Air,Net 30,1781.53,366,366,739,90,20,0,652039.98,652039.98,In Stock,2,0,3
ORD-002213,SKU-09017,Product_Omega_39,Electronics,Supplier_A,Delhi WH,West,2023-02-12,2023-02-28,Rail,Net 15,2414.68,162,162,574,70,3,15,391178.16,332501.44,In Stock,5,8,16
ORD-002214,SKU-03297,Product_Kappa_14,Pharmaceuticals,Supplier_B,Bangalore WH,South,2023-02-12,2023-03-06,Sea,Net 15,2520.64,227,227,779,75,15,5,572185.28,543576.02,In Stock,4,0,22
ORD-002215,SKU-01874,Product_Kappa_8,Electronics,Supplier_J,Bangalore WH,North,2023-02-12,2023-02-17,Road,Net 15,1586.52,433,433,424,118,37,0,686963.16,686963.16,In Stock,3,3,5
ORD-002216,SKU-06560,Product_Sigma_30,Furniture,Supplier_L,Kolkata WH,West,2023-02-12,2023-03-13,Air,Immediate,3648.91,464,464,414,40,21,20,1693094.24,1354475.39,In Stock,7,6,29
ORD-002217,SKU-01689,Product_Alpha_35,Industrial Parts,Supplier_H,Hyderabad WH,South,2023-02-12,2023-03-04,Sea,Immediate,4374.99,488,488,769,148,42,20,2134995.12,1707996.1,In Stock,9,1,20
ORD-002218,SKU-05000,Product_Gamma_31,Furniture,Supplier_F,Hyderabad WH,North,2023-02-12,2023-03-02,Sea,Net 15,4694.21,498,498,655,127,39,0,2337716.58,2337716.58,In Stock,8,7,18
ORD-002219,SKU-01671,Product_Gamma_41,Furniture,Supplier_K,Mumbai WH,East,2023-02-12,2023-03-11,Sea,Net 60,4027.42,431,431,511,72,23,20,1735818.02,1388654.42,In Stock,8,12,27
ORD-002220,SKU-08927,Product_Delta_21,Industrial Parts,Supplier_D,Delhi WH,Central,2023-02-12,2023-02-13,Sea,Net 60,4254.4,487,171,384,25,40,0,2071892.8,2071892.8,In Stock,4,7,1
ORD-002221,SKU-02171,Product_Alpha_39,Industrial Parts,Supplier_F,Delhi WH,Central,2023-02-12,2023-03-13,Road,Net 30,2757.22,347,347,387,101,35,10,956755.34,861079.81,In Stock,4,11,29
ORD-002222,SKU-06591,Product_Zeta_4,Electronics,Supplier_I,Chennai WH,Central,2023-02-13,2023-03-10,Sea,Net 15,4131.18,489,489,814,98,18,0,2020147.02,2020147.02,In Stock,2,13,25
ORD-002223,SKU-07342,Product_Omega_28,Apparel,Supplier_K,Chennai WH,West,2023-02-13,2023-03-07,Sea,Immediate,1524.48,230,230,448,66,17,0,350630.4,350630.4,In Stock,8,2,22
ORD-002224,SKU-02449,Product_Kappa_14,Pharmaceuticals,Supplier_E,Mumbai WH,Central,2023-02-13,2023-03-06,Road,Net 30,1998.41,370,370,563,115,31,10,739411.7,665470.53,In Stock,0,3,21
ORD-002225,SKU-03539,Product_Alpha_14,Furniture,Supplier_G,Mumbai WH,North,2023-02-13,2023-02-27,Air,Net 60,1591.4,178,178,302,125,26,0,283269.2,283269.2,In Stock,2,10,14
ORD-002226,SKU-04959,Product_Alpha_49,Pharmaceuticals,Supplier_E,Kolkata WH,East,2023-02-13,2023-03-02,Sea,Immediate,2342.26,345,345,98,197,22,0,808079.7,808079.7,Low Stock,6,6,17
ORD-002227,SKU-07285,Product_Zeta_18,Electronics,Supplier_A,Hyderabad WH,North,2023-02-14,2023-02-28,Air,Net 60,1435.04,410,410,972,101,36,5,588366.4,558948.08,In Stock,6,4,14
ORD-002228,SKU-06432,Product_Sigma_41,FMCG,Supplier_F,Mumbai WH,Central,2023-02-14,2023-02-26,Air,Net 60,4808.44,56,56,305,50,35,0,269272.64,269272.64,In Stock,4,4,12
ORD-002229,SKU-05260,Product_Gamma_6,Electronics,Supplier_B,Mumbai WH,West,2023-02-14,2023-03-14,Road,Net 60,1571.09,78,78,556,176,11,10,122545.02,110290.52,In Stock,5,1,28
ORD-002230,SKU-03361,Product_Gamma_5,Industrial Parts,Supplier_A,Mumbai WH,Central,2023-02-14,2023-02-16,Road,Immediate,499.24,270,430,41,162,27,0,134794.8,134794.8,Low Stock,3,5,2
ORD-002231,SKU-07164,Product_Sigma_26,Pharmaceuticals,Supplier_D,Mumbai WH,South,2023-02-15,2023-03-10,Sea,Immediate,2638.82,206,206,990,77,34,15,543596.92,462057.38,In Stock,7,3,23
ORD-002232,SKU-04670,Product_Beta_20,Furniture,Supplier_K,Bangalore WH,North,2023-02-15,2023-03-04,Road,Immediate,294.92,281,281,467,42,18,0,82872.52,82872.52,In Stock,3,4,17
ORD-002233,SKU-02753,Product_Kappa_27,Pharmaceuticals,Supplier_I,Delhi WH,South,2023-02-15,2023-03-01,Sea,Net 30,561.61,228,228,439,185,27,0,128047.08,128047.08,In Stock,9,14,14
ORD-002234,SKU-09100,Product_Delta_43,FMCG,Supplier_I,Delhi WH,South,2023-02-15,2023-02-23,Rail,Net 15,1104.75,388,388,326,60,4,0,428643.0,428643.0,In Stock,5,10,8
ORD-002235,SKU-02938,Product_Sigma_12,Electronics,Supplier_A,Bangalore WH,West,2023-02-15,2023-03-13,Road,Net 30,2327.11,239,239,568,34,17,10,556179.29,500561.36,In Stock,4,4,26
ORD-002236,SKU-09562,Product_Alpha_6,Apparel,Supplier_C,Mumbai WH,East,2023-02-15,2023-03-03,Road,Net 30,2171.92,463,463,999,106,6,0,1005598.96,1005598.96,In Stock,9,1,16
ORD-002237,SKU-06976,Product_Zeta_22,Apparel,Supplier_H,Hyderabad WH,East,2023-02-15,2023-03-13,Air,Net 30,4000.46,288,288,32,22,42,5,1152132.48,1094525.86,In Stock,5,7,26
ORD-002238,SKU-07588,Product_Sigma_11,Apparel,Supplier_D,Mumbai WH,West,2023-02-15,2023-03-12,Rail,Net 15,3699.98,82,82,411,20,11,0,303398.36,303398.36,In Stock,2,10,25
ORD-002239,SKU-09616,Product_Delta_23,Industrial Parts,Supplier_A,Mumbai WH,East,2023-02-15,2023-02-28,Sea,Net 60,2137.33,334,334,625,94,5,15,713868.22,606787.99,In Stock,2,0,13
ORD-002240,SKU-07304,Product_Zeta_31,Apparel,Supplier_E,Kolkata WH,Central,2023-02-15,2023-02-27,Sea,Immediate,1675.18,250,250,811,158,18,0,418795.0,418795.0,In Stock,9,13,12
ORD-002241,SKU-08345,Product_Kappa_35,Electronics,Supplier_C,Mumbai WH,West,2023-02-16,2023-03-07,Road,Net 30,1589.18,193,193,113,95,25,15,306711.74,260704.98,In Stock,6,1,19
ORD-002242,SKU-08875,Product_Gamma_45,Apparel,Supplier_H,Delhi WH,West,2023-02-16,2023-03-14,Rail,Net 60,3872.24,106,106,507,23,10,0,410457.44,410457.44,In Stock,0,6,26
ORD-002243,SKU-07633,Product_Zeta_23,FMCG,Supplier_G,Bangalore WH,East,2023-02-16,2023-03-12,Rail,Net 60,269.84,189,189,55,44,41,0,50999.76,50999.76,In Stock,0,14,24
ORD-002244,SKU-01597,Product_Zeta_1,FMCG,Supplier_D,Chennai WH,North,2023-02-16,2023-03-18,Sea,Net 30,73.98,276,276,555,190,16,0,20418.48,20418.48,In Stock,0,14,30
ORD-002245,SKU-04062,Product_Delta_5,Furniture,Supplier_G,Mumbai WH,Central,2023-02-17,2023-03-14,Air,Immediate,3979.77,74,261,723,113,10,0,294502.98,294502.98,In Stock,5,6,25
ORD-002246,SKU-03336,Product_Gamma_21,Apparel,Supplier_C,Kolkata WH,Central,2023-02-17,2023-03-16,Rail,Net 30,2390.96,10,10,351,187,10,5,23909.6,22714.12,In Stock,3,1,27
ORD-002247,SKU-01572,Product_Omega_1,Apparel,Supplier_I,Delhi WH,North,2023-02-17,2023-03-12,Rail,Net 15,663.1,123,123,328,115,36,20,81561.3,65249.04,In Stock,5,0,23
ORD-002248,SKU-08521,Product_Gamma_30,FMCG,Supplier_B,Delhi WH,West,2023-02-17,2023-03-08,Sea,Net 15,1185.47,216,216,545,127,21,0,256061.52,256061.52,In Stock,0,13,19
ORD-002249,SKU-07171,Product_Gamma_32,Industrial Parts,Supplier_E,Kolkata WH,North,2023-02-17,2023-02-21,Road,Net 15,4663.19,290,290,269,118,14,5,1352325.1,1284708.84,In Stock,3,14,4
ORD-002250,SKU-08097,Product_Omega_8,Electronics,Supplier_K,Kolkata WH,East,2023-02-18,2023-03-04,Road,Net 30,4298.92,445,445,195,114,8,0,1913019.4,1913019.4,In Stock,3,12,14
ORD-002251,SKU-03090,Product_Zeta_17,Industrial Parts,Supplier_E,Hyderabad WH,South,2023-02-18,2023-02-23,Sea,Immediate,3551.83,476,476,412,119,1,0,1690671.08,1690671.08,In Stock,1,9,5
ORD-002252,SKU-07566,Product_Alpha_29,Pharmaceuticals,Supplier_K,Delhi WH,Central,2023-02-19,2023-02-28,Sea,Immediate,2416.3,411,411,636,110,16,0,993099.3,993099.3,In Stock,0,0,9
ORD-002253,SKU-05624,Product_Gamma_41,Electronics,Supplier_E,Delhi WH,North,2023-02-19,2023-03-07,Air,Net 60,2606.41,40,40,78,63,26,15,104256.4,88617.94,In Stock,7,13,16
ORD-002254,SKU-02633,Product_Kappa_41,Industrial Parts,Supplier_H,Delhi WH,West,2023-02-19,2023-03-16,Air,Net 60,4876.47,193,193,766,147,42,0,941158.71,941158.71,In Stock,5,0,25
ORD-002255,SKU-02517,Product_Beta_3,Electronics,Supplier_B,Mumbai WH,East,2023-02-19,2023-02-27,Air,Net 60,4829.19,127,127,656,42,6,10,613307.13,551976.42,In Stock,3,5,8
ORD-002256,SKU-04648,Product_Delta_48,Apparel,Supplier_I,Bangalore WH,Central,2023-02-19,2023-03-21,Rail,Net 30,1084.19,289,380,82,42,39,0,313330.91,313330.91,In Stock,1,9,30
ORD-002257,SKU-02537,Product_Delta_27,Apparel,Supplier_J,Hyderabad WH,North,2023-02-19,2023-03-19,Rail,Net 15,4057.41,452,452,741,74,2,0,1833949.32,1833949.32,In Stock,4,11,28
ORD-002258,SKU-04137,Product_Gamma_39,Furniture,Supplier_D,Bangalore WH,Central,2023-02-20,2023-02-23,Air,Net 30,994.24,71,91,136,180,9,5,70591.04,67061.49,Low Stock,8,6,3
ORD-002259,SKU-07985,Product_Zeta_14,Electronics,Supplier_J,Mumbai WH,West,2023-02-20,2023-03-02,Sea,Immediate,1075.55,137,137,538,96,5,0,147350.35,147350.35,In Stock,6,1,10
ORD-002260,SKU-01097,Product_Omega_14,Electronics,Supplier_F,Mumbai WH,North,2023-02-20,2023-03-12,Sea,Net 15,3383.7,144,144,688,82,40,0,487252.8,487252.8,In Stock,3,14,20
ORD-002261,SKU-04750,Product_Delta_44,Pharmaceuticals,Supplier_D,Hyderabad WH,South,2023-02-20,2023-03-21,Road,Immediate,2030.96,389,389,718,122,5,0,790043.44,790043.44,In Stock,4,5,29
ORD-002262,SKU-09535,Product_Alpha_24,Apparel,Supplier_A,Delhi WH,East,2023-02-20,2023-03-10,Road,Immediate,4658.41,354,354,932,79,8,0,1649077.14,1649077.14,Discontinued,7,3,18
ORD-002263,SKU-09174,Product_Omega_2,Electronics,Supplier_J,Mumbai WH,South,2023-02-20,2023-03-06,Sea,Immediate,454.16,380,150,923,99,5,15,172580.8,146693.68,In Stock,4,12,14
ORD-002264,SKU-09103,Product_Sigma_20,Industrial Parts,Supplier_G,Mumbai WH,East,2023-02-20,2023-03-01,Air,Net 30,2562.51,407,407,305,114,5,0,1042941.57,1042941.57,In Stock,5,8,9
ORD-002265,SKU-06413,Product_Beta_45,Electronics,Supplier_J,Kolkata WH,North,2023-02-21,2023-02-28,Sea,Net 60,4593.42,299,243,310,88,17,10,1373432.58,1236089.32,In Stock,9,10,7
ORD-002266,SKU-05666,Product_Kappa_42,Apparel,Supplier_A,Mumbai WH,Central,2023-02-21,2023-02-22,Rail,Net 60,4521.53,370,219,387,133,9,0,1672966.1,1672966.1,In Stock,5,7,1
ORD-002267,SKU-01610,Product_Kappa_27,Industrial Parts,Supplier_G,Bangalore WH,West,2023-02-21,2023-03-16,Sea,Immediate,791.08,345,345,724,123,34,15,272922.6,231984.21,In Stock,7,7,23
ORD-002268,SKU-02727,Product_Zeta_23,Apparel,Supplier_H,Mumbai WH,North,2023-02-21,2023-03-17,Sea,Net 60,1839.52,441,458,865,127,33,5,811228.32,770666.9,In Stock,4,1,24
ORD-002269,SKU-02854,Product_Omega_35,Pharmaceuticals,Supplier_G,Hyderabad WH,North,2023-02-21,2023-03-19,Air,Net 60,3099.42,435,435,914,108,22,0,1348247.7,1348247.7,In Stock,0,10,26
ORD-002270,SKU-06055,Product_Zeta_34,Furniture,Supplier_E,Chennai WH,Central,2023-02-21,2023-02-22,Air,Net 30,805.38,269,269,548,40,21,20,216647.22,173317.78,Discontinued,3,4,1
ORD-002271,SKU-03324,Product_Omega_8,FMCG,Supplier_L,Delhi WH,North,2023-02-22,2023-03-13,Rail,Net 60,4840.43,384,409,505,150,43,0,1858725.12,1858725.12,In Stock,2,1,19
ORD-002272,SKU-06774,Product_Gamma_30,Apparel,Supplier_K,Mumbai WH,East,2023-02-22,2023-03-11,Sea,Net 30,4574.6,408,66,387,195,15,5,1866436.8,1773114.96,In Stock,1,2,17
ORD-002273,SKU-07519,Product_Zeta_24,Industrial Parts,Supplier_J,Mumbai WH,Central,2023-02-22,2023-02-26,Road,Immediate,843.08,139,139,292,29,1,5,117188.12,111328.71,Reorder Pending,6,7,4
ORD-002274,SKU-02749,Product_Gamma_36,Industrial Parts,Supplier_K,Mumbai WH,Central,2023-02-22,2023-03-11,Rail,Net 60,614.57,52,52,178,106,7,0,31957.64,31957.64,In Stock,6,4,17
ORD-002275,SKU-01781,Product_Gamma_35,Pharmaceuticals,Supplier_L,Kolkata WH,North,2023-02-23,2023-02-24,Sea,Net 30,436.19,499,499,671,189,23,20,217658.81,174127.05,In Stock,7,3,1
ORD-002276,SKU-08548,Product_Zeta_25,Pharmaceuticals,Supplier_A,Hyderabad WH,South,2023-02-23,2023-03-08,Sea,Immediate,4548.12,17,17,428,110,6,15,77318.04,65720.33,In Stock,9,4,13
ORD-002277,SKU-07823,Product_Sigma_43,FMCG,Supplier_J,Bangalore WH,West,2023-02-23,2023-03-16,Rail,Net 60,976.18,165,165,879,193,20,15,161069.7,136909.24,In Stock,4,7,21
ORD-002278,SKU-03105,Product_Zeta_41,Industrial Parts,Supplier_C,Bangalore WH,Central,2023-02-23,2023-03-02,Road,Net 30,2087.26,13,13,523,156,26,20,27134.38,21707.5,In Stock,0,9,7
ORD-002279,SKU-04867,Product_Sigma_45,Electronics,Supplier_C,Chennai WH,South,2023-02-23,2023-03-18,Road,Net 15,2249.77,190,190,680,142,42,5,427456.3,406083.48,In Stock,5,13,23
ORD-002280,SKU-08193,Product_Beta_6,Apparel,Supplier_I,Kolkata WH,Central,2023-02-23,2023-03-21,Sea,Net 15,2999.07,475,475,311,196,12,0,1424558.25,1424558.25,In Stock,5,13,26
ORD-002281,SKU-05976,Product_Beta_6,Apparel,Supplier_I,Bangalore WH,West,2023-02-23,2023-03-06,Rail,Net 30,367.96,340,340,79,23,13,10,125106.4,112595.76,In Stock,7,6,11
ORD-002282,SKU-03113,Product_Alpha_40,Industrial Parts,Supplier_E,Bangalore WH,West,2023-02-23,2023-03-09,Rail,Net 30,1141.53,353,353,13,109,13,0,402960.09,402960.09,Low Stock,9,14,14
ORD-002283,SKU-06879,Product_Zeta_7,Electronics,Supplier_J,Mumbai WH,North,2023-02-23,2023-03-07,Sea,Net 60,4658.14,362,362,53,115,2,0,1686246.68,1686246.68,Low Stock,1,5,12
ORD-002284,SKU-04970,Product_Kappa_48,Furniture,Supplier_I,Mumbai WH,West,2023-02-24,2023-02-28,Air,Net 15,4542.97,352,352,446,48,32,5,1599125.44,1519169.17,Discontinued,8,1,4
ORD-002285,SKU-08264,Product_Beta_41,Pharmaceuticals,Supplier_H,Bangalore WH,East,2023-02-24,2023-03-01,Road,Net 15,3908.64,264,264,765,105,31,20,1031880.96,825504.77,In Stock,5,9,5
ORD-002286,SKU-02577,Product_Kappa_33,FMCG,Supplier_E,Mumbai WH,South,2023-02-24,2023-03-10,Sea,Net 60,106.81,312,312,64,66,11,0,33324.72,33324.72,Low Stock,0,4,14
ORD-002287,SKU-03274,Product_Alpha_43,FMCG,Supplier_F,Hyderabad WH,North,2023-02-25,2023-03-18,Road,Immediate,1641.76,221,221,371,96,37,15,362828.96,308404.62,In Stock,8,9,21
ORD-002288,SKU-05869,Product_Sigma_27,FMCG,Supplier_F,Chennai WH,East,2023-02-25,2023-03-16,Road,Net 30,3143.51,104,104,502,106,4,5,326925.04,310578.79,In Stock,7,14,19
ORD-002289,SKU-07744,Product_Delta_15,Pharmaceuticals,Supplier_B,Bangalore WH,South,2023-02-25,2023-03-06,Sea,Immediate,1383.2,339,124,569,50,34,0,468904.8,468904.8,In Stock,9,12,9
ORD-002290,SKU-03426,Product_Kappa_36,Electronics,Supplier_L,Bangalore WH,North,2023-02-25,2023-03-06,Sea,Net 30,4548.84,198,198,95,70,16,15,900670.32,765569.77,In Stock,0,13,9
ORD-002291,SKU-06546,Product_Zeta_8,Furniture,Supplier_D,Hyderabad WH,Central,2023-02-25,2023-03-25,Sea,Net 15,3173.11,300,300,532,188,31,20,951933.0,761546.4,In Stock,7,14,28
ORD-002292,SKU-07852,Product_Delta_31,Apparel,Supplier_F,Chennai WH,South,2023-02-25,2023-03-15,Sea,Net 60,368.81,444,444,259,55,25,0,163751.64,163751.64,In Stock,6,8,18
ORD-002293,SKU-03551,Product_Beta_23,Pharmaceuticals,Supplier_I,Chennai WH,West,2023-02-26,2023-03-12,Rail,Net 60,4545.94,359,318,584,187,39,0,1631992.46,1631992.46,In Stock,4,8,14
ORD-002294,SKU-07411,Product_Kappa_27,FMCG,Supplier_L,Delhi WH,South,2023-02-26,2023-03-17,Sea,Immediate,4789.26,368,368,247,114,8,0,1762447.68,1762447.68,In Stock,5,14,19
ORD-002295,SKU-01007,Product_Zeta_1,Electronics,Supplier_H,Mumbai WH,East,2023-02-26,2023-03-10,Rail,Net 30,397.78,169,469,126,34,8,15,67224.82,57141.1,In Stock,3,14,12
ORD-002296,SKU-09087,Product_Omega_15,Apparel,Supplier_C,Bangalore WH,South,2023-02-26,2023-03-18,Rail,Net 60,2666.48,149,149,498,97,34,0,397305.52,397305.52,In Stock,8,8,20
ORD-002297,SKU-03555,Product_Sigma_18,Industrial Parts,Supplier_H,Hyderabad WH,West,2023-02-26,2023-03-07,Sea,Immediate,1523.79,249,249,45,177,15,0,379423.71,379423.71,Low Stock,8,2,9
ORD-002298,SKU-01475,Product_Sigma_20,FMCG,Supplier_B,Hyderabad WH,North,2023-02-26,2023-03-20,Sea,Net 60,1970.27,256,346,981,177,5,10,504389.12,453950.21,In Stock,9,8,22
ORD-002299,SKU-06416,Product_Zeta_44,Pharmaceuticals,Supplier_H,Chennai WH,South,2023-02-27,2023-03-12,Sea,Net 30,906.46,470,470,267,174,19,5,426036.2,404734.39,In Stock,0,8,13
ORD-002300,SKU-09676,Product_Delta_1,Electronics,Supplier_E,Chennai WH,South,2023-02-27,2023-03-24,Rail,Net 60,2894.58,42,42,639,59,10,0,121572.36,121572.36,In Stock,8,4,25
ORD-002301,SKU-08239,Product_Zeta_3,Electronics,Supplier_D,Mumbai WH,North,2023-02-27,2023-03-06,Rail,Net 60,4790.32,202,202,541,64,9,15,967644.64,822497.94,In Stock,2,12,7
ORD-002302,SKU-07710,Product_Alpha_2,Industrial Parts,Supplier_A,Bangalore WH,West,2023-02-27,2023-03-13,Sea,Immediate,2520.33,458,458,93,194,29,20,1154311.14,923448.91,Low Stock,1,5,14
ORD-002303,SKU-06000,Product_Gamma_24,FMCG,Supplier_K,Mumbai WH,Central,2023-02-27,2023-03-17,Air,Net 30,423.74,244,244,735,109,40,20,103392.56,82714.05,In Stock,3,6,18
ORD-002304,SKU-05654,Product_Omega_22,FMCG,Supplier_G,Kolkata WH,North,2023-02-28,2023-03-26,Rail,Net 60,3103.81,157,157,315,75,37,0,487298.17,487298.17,In Stock,3,9,26
ORD-002305,SKU-09078,Product_Gamma_37,Electronics,Supplier_I,Delhi WH,Central,2023-02-28,2023-03-18,Rail,Net 15,1707.71,464,464,611,73,19,20,792377.44,633901.95,In Stock,8,9,18
ORD-002306,SKU-07063,Product_Zeta_16,Apparel,Supplier_I,Kolkata WH,Central,2023-02-28,2023-03-16,Road,Immediate,4281.07,449,449,70,104,13,10,1922200.43,1729980.39,Low Stock,3,9,16
ORD-002307,SKU-03285,Product_Zeta_13,Industrial Parts,Supplier_B,Hyderabad WH,West,2023-02-28,2023-03-06,Rail,Net 15,2179.04,401,401,592,28,40,0,873795.04,873795.04,Discontinued,4,5,6
ORD-002308,SKU-06223,Product_Zeta_4,Apparel,Supplier_B,Bangalore WH,East,2023-02-28,2023-03-12,Sea,Net 60,972.27,286,286,448,137,16,10,278069.22,250262.3,In Stock,5,4,12
ORD-002309,SKU-07971,Product_Zeta_9,Furniture,Supplier_G,Mumbai WH,East,2023-02-28,2023-03-18,Rail,Net 60,963.62,282,282,909,84,30,0,271740.84,271740.84,In Stock,3,12,18
ORD-002310,SKU-04525,Product_Zeta_47,FMCG,Supplier_E,Chennai WH,Central,2023-03-01,2023-03-19,Rail,Net 60,3846.13,437,437,366,127,5,10,1680758.81,1512682.93,In Stock,0,0,18
ORD-002311,SKU-03822,Product_Gamma_26,Electronics,Supplier_L,Chennai WH,North,2023-03-01,2023-03-17,Air,Immediate,1335.28,381,381,811,148,33,10,508741.68,457867.51,In Stock,1,3,16
ORD-002312,SKU-05943,Product_Omega_34,Industrial Parts,Supplier_A,Kolkata WH,South,2023-03-01,2023-03-10,Road,Immediate,3838.49,238,238,619,160,19,10,913560.62,822204.56,In Stock,2,12,9
ORD-002313,SKU-07530,Product_Gamma_28,Industrial Parts,Supplier_D,Kolkata WH,Central,2023-03-01,2023-03-11,Rail,Net 30,1037.38,19,19,613,57,19,0,19710.22,19710.22,In Stock,3,13,10
ORD-002314,SKU-01258,Product_Delta_7,Pharmaceuticals,Supplier_E,Chennai WH,South,2023-03-01,2023-03-20,Air,Net 60,1615.21,53,53,409,192,17,10,85606.13,77045.52,In Stock,4,7,19
ORD-002315,SKU-01282,Product_Gamma_33,Electronics,Supplier_D,Kolkata WH,South,2023-03-01,2023-03-13,Rail,Net 15,2332.78,85,85,90,124,24,0,198286.3,198286.3,Discontinued,9,7,12
ORD-002316,SKU-02898,Product_Beta_41,Apparel,Supplier_J,Mumbai WH,East,2023-03-01,2023-03-26,Road,Net 15,4716.55,273,273,508,59,28,20,1287618.15,1030094.52,In Stock,9,11,25
ORD-002317,SKU-05135,Product_Zeta_49,Industrial Parts,Supplier_I,Bangalore WH,Central,2023-03-02,2023-03-25,Sea,Immediate,4659.34,430,430,876,162,42,10,2003516.2,1803164.58,In Stock,2,12,23
ORD-002318,SKU-07629,Product_Sigma_36,Furniture,Supplier_I,Kolkata WH,South,2023-03-02,2023-03-15,Sea,Immediate,1042.29,360,360,527,197,37,0,375224.4,375224.4,In Stock,0,5,13
ORD-002319,SKU-04200,Product_Gamma_21,Industrial Parts,Supplier_B,Hyderabad WH,Central,2023-03-02,2023-03-26,Road,Net 60,1797.51,213,213,109,149,22,0,382869.63,382869.63,Low Stock,7,12,24
ORD-002320,SKU-06110,Product_Delta_6,Furniture,Supplier_I,Hyderabad WH,East,2023-03-02,2023-03-07,Air,Immediate,755.5,437,437,774,173,39,10,330153.5,297138.15,In Stock,7,2,5
ORD-002321,SKU-08167,Product_Beta_2,Pharmaceuticals,Supplier_H,Kolkata WH,South,2023-03-02,2023-03-30,Rail,Net 60,2554.83,361,361,671,94,16,5,922293.63,876178.95,In Stock,3,11,28
ORD-002322,SKU-01612,Product_Zeta_1,Apparel,Supplier_D,Kolkata WH,Central,2023-03-02,2023-03-30,Sea,Immediate,2308.31,104,104,764,52,35,10,240064.24,216057.82,In Stock,6,14,28
ORD-002323,SKU-01687,Product_Gamma_2,Apparel,Supplier_I,Bangalore WH,North,2023-03-02,2023-03-24,Rail,Net 30,4504.79,192,192,88,104,27,0,864919.68,864919.68,Low Stock,3,7,22
ORD-002324,SKU-04690,Product_Beta_37,Electronics,Supplier_H,Mumbai WH,North,2023-03-02,2023-03-06,Road,Net 60,4650.73,429,429,606,78,12,10,1995163.17,1795646.85,In Stock,2,6,4
ORD-002325,SKU-09804,Product_Zeta_2,Electronics,Supplier_H,Hyderabad WH,West,2023-03-02,2023-03-26,Rail,Net 60,1924.0,177,177,271,114,28,0,340548.0,340548.0,In Stock,6,10,24
ORD-002326,SKU-03307,Product_Gamma_30,Apparel,Supplier_K,Chennai WH,East,2023-03-02,2023-03-10,Rail,Net 30,2463.77,147,147,246,45,1,5,362174.19,344065.48,In Stock,5,8,8
ORD-002327,SKU-08133,Product_Omega_12,Furniture,Supplier_L,Mumbai WH,West,2023-03-03,2023-03-18,Air,Net 15,4482.22,380,380,360,122,39,20,1703243.6,1362594.88,In Stock,0,2,15
ORD-002328,SKU-07509,Product_Delta_42,Electronics,Supplier_F,Bangalore WH,South,2023-03-03,2023-03-29,Road,Immediate,4035.47,455,455,377,40,18,10,1836138.85,1652524.96,In Stock,8,10,26
ORD-002329,SKU-06906,Product_Delta_20,Industrial Parts,Supplier_I,Chennai WH,East,2023-03-03,2023-03-26,Sea,Net 30,28.24,81,63,205,196,23,0,2287.44,2287.44,Discontinued,1,5,23
ORD-002330,SKU-03591,Product_Delta_35,Pharmaceuticals,Supplier_D,Delhi WH,North,2023-03-03,2023-03-09,Rail,Immediate,1607.1,193,193,344,99,22,20,310170.3,248136.24,In Stock,2,14,6
ORD-002331,SKU-08183,Product_Delta_47,Pharmaceuticals,Supplier_L,Bangalore WH,West,2023-03-03,2023-03-07,Rail,Net 15,2114.65,37,37,829,90,4,0,78242.05,78242.05,In Stock,4,0,4
ORD-002332,SKU-06248,Product_Zeta_50,Apparel,Supplier_D,Kolkata WH,East,2023-03-03,2023-03-10,Air,Net 60,1156.28,377,377,797,85,11,10,435917.56,392325.8,In Stock,2,11,7
ORD-002333,SKU-09766,Product_Sigma_43,Electronics,Supplier_D,Mumbai WH,East,2023-03-03,2023-03-20,Sea,Net 60,1005.86,326,326,759,56,18,5,327910.36,311514.84,In Stock,2,7,17
ORD-002334,SKU-06108,Product_Alpha_18,Furniture,Supplier_G,Chennai WH,East,2023-03-04,2023-03-17,Air,Net 30,198.54,154,154,454,33,7,0,30575.16,30575.16,In Stock,7,1,13
ORD-002335,SKU-04604,Product_Beta_10,Apparel,Supplier_E,Chennai WH,West,2023-03-04,2023-03-30,Rail,Immediate,3220.41,130,130,907,127,21,0,418653.3,418653.3,In Stock,3,4,26
ORD-002336,SKU-01669,Product_Alpha_41,FMCG,Supplier_H,Bangalore WH,Central,2023-03-04,2023-03-15,Road,Net 30,1319.93,59,59,66,154,35,0,77875.87,77875.87,Low Stock,9,5,11
ORD-002337,SKU-05364,Product_Beta_8,Pharmaceuticals,Supplier_H,Bangalore WH,South,2023-03-05,2023-03-31,Road,Immediate,271.21,224,224,986,185,37,15,60751.04,51638.38,In Stock,1,3,26
ORD-002338,SKU-08329,Product_Kappa_39,Industrial Parts,Supplier_A,Hyderabad WH,East,2023-03-05,2023-03-23,Road,Net 30,1162.59,249,45,557,192,30,15,289484.91,246062.17,In Stock,4,8,18
ORD-002339,SKU-02283,Product_Beta_7,Apparel,Supplier_E,Delhi WH,North,2023-03-05,2023-03-25,Rail,Immediate,4011.55,240,240,978,169,17,5,962772.0,914633.4,In Stock,1,2,20
ORD-002340,SKU-01923,Product_Gamma_19,Pharmaceuticals,Supplier_B,Bangalore WH,North,2023-03-05,2023-03-28,Sea,Net 15,4258.93,374,374,42,191,33,0,1592839.82,1592839.82,Low Stock,9,1,23
ORD-002341,SKU-02125,Product_Sigma_12,Pharmaceuticals,Supplier_D,Chennai WH,South,2023-03-05,2023-03-27,Road,Net 30,2420.5,389,389,228,100,16,15,941574.5,800338.32,In Stock,7,2,22
ORD-002342,SKU-02529,Product_Beta_5,FMCG,Supplier_L,Chennai WH,North,2023-03-06,2023-03-29,Road,Immediate,2086.19,293,293,950,99,15,5,611253.67,580690.99,Reorder Pending,2,4,23
ORD-002343,SKU-09438,Product_Kappa_24,Furniture,Supplier_A,Mumbai WH,East,2023-03-06,2023-03-08,Air,Net 30,4889.49,287,287,812,122,13,5,1403283.63,1333119.45,In Stock,1,0,2
ORD-002344,SKU-04711,Product_Delta_26,Industrial Parts,Supplier_J,Bangalore WH,North,2023-03-06,2023-03-12,Road,Immediate,1010.82,204,204,443,54,39,5,206207.28,195896.92,In Stock,2,9,6
ORD-002345,SKU-09004,Product_Beta_32,Furniture,Supplier_A,Mumbai WH,North,2023-03-06,2023-03-19,Sea,Net 30,1084.64,99,99,233,121,3,0,107379.36,107379.36,In Stock,2,11,13
ORD-002346,SKU-07274,Product_Alpha_27,Furniture,Supplier_J,Kolkata WH,South,2023-03-06,2023-03-27,Sea,Net 60,1466.42,350,411,198,150,24,5,513247.0,487584.65,In Stock,0,3,21
ORD-002347,SKU-04864,Product_Beta_32,Pharmaceuticals,Supplier_B,Hyderabad WH,Central,2023-03-06,2023-03-07,Rail,Net 60,872.06,176,176,496,137,23,10,153482.56,138134.3,In Stock,2,0,1
ORD-002348,SKU-08833,Product_Beta_14,Industrial Parts,Supplier_F,Delhi WH,South,2023-03-06,2023-04-01,Air,Net 15,1903.03,262,105,847,114,1,5,498593.86,473664.17,In Stock,2,8,26
ORD-002349,SKU-07788,Product_Zeta_25,Apparel,Supplier_D,Hyderabad WH,South,2023-03-06,2023-03-09,Rail,Net 15,4555.06,271,271,31,74,32,15,1234421.26,1049258.07,Low Stock,3,13,3
ORD-002350,SKU-01226,Product_Omega_41,Industrial Parts,Supplier_I,Chennai WH,North,2023-03-06,2023-04-02,Air,Net 60,3080.59,143,334,263,28,33,0,440524.37,440524.37,In Stock,7,2,27
ORD-002351,SKU-01264,Product_Kappa_11,Apparel,Supplier_K,Chennai WH,Central,2023-03-07,2023-03-12,Sea,Net 30,2065.61,189,189,112,88,30,5,390400.29,370880.28,In Stock,8,1,5
ORD-002352,SKU-01645,Product_Gamma_20,Pharmaceuticals,Supplier_G,Bangalore WH,East,2023-03-07,2023-03-23,Road,Net 30,4672.71,272,473,972,47,2,0,1270977.12,1270977.12,In Stock,0,4,16
ORD-002353,SKU-08544,Product_Alpha_12,Apparel,Supplier_A,Delhi WH,East,2023-03-07,2023-04-06,Sea,Net 30,251.84,20,20,829,162,18,10,5036.8,4533.12,In Stock,0,0,30
ORD-002354,SKU-06569,Product_Alpha_8,Electronics,Supplier_C,Bangalore WH,Central,2023-03-07,2023-03-27,Road,Net 15,1059.28,333,333,458,132,30,0,352740.24,352740.24,In Stock,5,9,20
ORD-002355,SKU-03990,Product_Omega_23,Pharmaceuticals,Supplier_I,Chennai WH,Central,2023-03-07,2023-03-21,Air,Immediate,2833.78,300,300,275,50,18,0,850134.0,850134.0,In Stock,0,13,14
ORD-002356,SKU-03504,Product_Kappa_40,Apparel,Supplier_C,Bangalore WH,West,2023-03-08,2023-03-11,Rail,Immediate,3081.61,426,426,145,78,5,15,1312765.86,1115850.98,In Stock,4,6,3
ORD-002357,SKU-01587,Product_Alpha_11,Pharmaceuticals,Supplier_G,Mumbai WH,Central,2023-03-08,2023-03-11,Air,Immediate,207.39,46,46,356,101,5,0,9539.94,9539.94,In Stock,0,8,3
ORD-002358,SKU-05079,Product_Sigma_8,Furniture,Supplier_C,Mumbai WH,Central,2023-03-08,2023-03-17,Rail,Net 15,2021.16,95,95,5,73,8,10,192010.2,172809.18,Low Stock,7,0,9
ORD-002359,SKU-04348,Product_Delta_39,FMCG,Supplier_F,Chennai WH,North,2023-03-09,2023-03-17,Air,Net 60,3249.28,418,40,339,194,9,20,1358199.04,1086559.23,Reorder Pending,4,11,8
ORD-002360,SKU-07299,Product_Alpha_35,Industrial Parts,Supplier_E,Hyderabad WH,South,2023-03-09,2023-03-21,Sea,Net 30,3493.37,64,64,991,61,32,5,223575.68,212396.9,In Stock,5,7,12
ORD-002361,SKU-04831,Product_Alpha_34,Electronics,Supplier_C,Kolkata WH,East,2023-03-09,2023-03-12,Road,Net 30,3194.32,413,413,493,42,14,0,1319254.16,1319254.16,In Stock,3,7,3
ORD-002362,SKU-09381,Product_Gamma_14,FMCG,Supplier_A,Bangalore WH,Central,2023-03-09,2023-03-29,Road,Net 15,1609.61,131,131,107,128,13,0,210858.91,210858.91,Low Stock,7,6,20
ORD-002363,SKU-02715,Product_Omega_8,Apparel,Supplier_E,Mumbai WH,West,2023-03-09,2023-03-11,Rail,Net 30,476.67,9,9,924,105,18,15,4290.03,3646.53,In Stock,8,9,2
ORD-002364,SKU-07450,Product_Delta_2,Pharmaceuticals,Supplier_B,Bangalore WH,North,2023-03-10,2023-04-03,Air,Net 15,2141.29,459,459,771,84,4,0,982852.11,982852.11,In Stock,8,3,24
ORD-002365,SKU-06433,Product_Omega_9,Industrial Parts,Supplier_K,Chennai WH,West,2023-03-10,2023-03-23,Rail,Immediate,652.48,203,203,70,108,22,10,132453.44,119208.1,Low Stock,0,13,13
ORD-002366,SKU-02098,Product_Delta_6,Furniture,Supplier_C,Bangalore WH,West,2023-03-10,2023-04-09,Air,Net 30,4738.64,409,409,938,73,20,10,1938103.76,1744293.38,In Stock,6,11,30
ORD-002367,SKU-08096,Product_Gamma_18,Electronics,Supplier_D,Chennai WH,North,2023-03-10,2023-03-23,Air,Net 30,2381.1,470,470,339,137,15,5,1119117.0,1063161.15,In Stock,3,14,13
ORD-002368,SKU-03326,Product_Sigma_31,Industrial Parts,Supplier_B,Chennai WH,West,2023-03-10,2023-03-30,Road,Net 60,1593.12,298,6,673,124,7,10,474749.76,427274.78,Reorder Pending,9,13,20
ORD-002369,SKU-07416,Product_Delta_6,Furniture,Supplier_J,Kolkata WH,North,2023-03-10,2023-03-31,Sea,Immediate,3833.86,174,174,99,30,13,0,667091.64,667091.64,In Stock,7,6,21
ORD-002370,SKU-07980,Product_Omega_46,Pharmaceuticals,Supplier_A,Bangalore WH,South,2023-03-10,2023-03-27,Rail,Immediate,2494.76,73,195,326,82,34,5,182117.48,173011.61,In Stock,6,1,17
ORD-002371,SKU-07763,Product_Sigma_30,Pharmaceuticals,Supplier_L,Kolkata WH,North,2023-03-10,2023-03-20,Road,Net 15,1557.07,84,84,32,41,41,10,130793.88,117714.49,Low Stock,0,5,10
ORD-002372,SKU-02674,Product_Kappa_28,Furniture,Supplier_K,Mumbai WH,East,2023-03-10,2023-04-02,Sea,Immediate,4061.72,59,59,142,136,30,0,239641.48,239641.48,In Stock,0,13,23
ORD-002373,SKU-08950,Product_Zeta_13,Furniture,Supplier_F,Bangalore WH,West,2023-03-10,2023-03-30,Sea,Net 15,4337.09,21,21,243,183,5,0,91078.89,91078.89,In Stock,0,11,20
ORD-002374,SKU-09915,Product_Sigma_12,Industrial Parts,Supplier_H,Mumbai WH,Central,2023-03-10,2023-03-12,Road,Immediate,3368.31,458,458,735,77,1,10,1542685.98,1388417.38,In Stock,1,14,2
ORD-002375,SKU-07049,Product_Delta_44,Industrial Parts,Supplier_H,Hyderabad WH,West,2023-03-11,2023-04-05,Road,Net 15,244.35,406,406,725,39,31,10,99206.1,89285.49,In Stock,9,10,25
ORD-002376,SKU-02089,Product_Sigma_26,Furniture,Supplier_C,Hyderabad WH,North,2023-03-11,2023-04-07,Rail,Net 60,2835.95,157,157,631,163,20,5,445244.15,422981.94,In Stock,1,14,27
ORD-002377,SKU-05578,Product_Beta_38,Electronics,Supplier_A,Kolkata WH,Central,2023-03-11,2023-03-17,Sea,Net 15,3818.84,319,319,679,112,19,10,1218209.96,1096388.96,In Stock,8,4,6
ORD-002378,SKU-01155,Product_Sigma_11,Industrial Parts,Supplier_E,Kolkata WH,East,2023-03-11,2023-04-01,Sea,Immediate,691.15,329,329,860,69,29,5,227388.35,216018.93,In Stock,4,4,21
ORD-002379,SKU-02958,Product_Delta_47,Industrial Parts,Supplier_E,Kolkata WH,North,2023-03-12,2023-03-28,Rail,Immediate,1151.07,61,61,216,109,38,15,70215.27,59682.98,In Stock,0,10,16
ORD-002380,SKU-07344,Product_Kappa_28,Furniture,Supplier_B,Chennai WH,South,2023-03-12,2023-03-27,Sea,Net 15,4413.65,64,64,900,123,10,10,282473.6,254226.24,In Stock,6,7,15
ORD-002381,SKU-06779,Product_Kappa_28,Electronics,Supplier_A,Mumbai WH,East,2023-03-12,2023-03-13,Rail,Net 15,110.41,325,325,973,146,29,0,35883.25,35883.25,In Stock,9,0,1
ORD-002382,SKU-07144,Product_Sigma_21,Industrial Parts,Supplier_A,Kolkata WH,West,2023-03-12,2023-03-19,Sea,Net 15,3766.11,168,168,433,132,31,0,632706.48,632706.48,In Stock,1,7,7
ORD-002383,SKU-06063,Product_Beta_39,Industrial Parts,Supplier_L,Hyderabad WH,North,2023-03-13,2023-04-10,Sea,Net 30,2374.13,203,203,866,93,11,10,481948.39,433753.55,In Stock,2,3,28
ORD-002384,SKU-04830,Product_Zeta_28,Apparel,Supplier_L,Hyderabad WH,East,2023-03-13,2023-04-04,Air,Net 15,2239.39,129,129,833,32,23,15,288881.31,245549.11,In Stock,3,12,22
ORD-002385,SKU-09831,Product_Delta_37,Industrial Parts,Supplier_H,Bangalore WH,North,2023-03-13,2023-04-12,Road,Net 60,45.41,245,245,728,34,30,0,11125.45,11125.45,In Stock,2,9,30
ORD-002386,SKU-07659,Product_Omega_24,Pharmaceuticals,Supplier_L,Kolkata WH,West,2023-03-13,2023-04-08,Road,Net 60,4098.8,106,106,53,92,25,5,434472.8,412749.16,Low Stock,2,5,26
ORD-002387,SKU-01441,Product_Beta_29,Apparel,Supplier_J,Mumbai WH,East,2023-03-14,2023-03-31,Road,Net 15,1805.53,321,321,719,46,16,0,579575.13,579575.13,In Stock,8,5,17
ORD-002388,SKU-07040,Product_Gamma_3,Electronics,Supplier_L,Mumbai WH,Central,2023-03-14,2023-03-24,Sea,Net 15,2708.42,122,122,941,155,23,0,330427.24,330427.24,In Stock,3,0,10
ORD-002389,SKU-06925,Product_Sigma_38,FMCG,Supplier_E,Bangalore WH,South,2023-03-14,2023-03-21,Road,Net 30,3389.73,318,318,591,197,33,10,1077934.14,970140.73,In Stock,7,7,7
ORD-002390,SKU-08358,Product_Zeta_19,Electronics,Supplier_B,Mumbai WH,Central,2023-03-14,2023-03-16,Sea,Immediate,3516.12,182,182,906,107,37,0,639933.84,639933.84,In Stock,0,12,2
ORD-002391,SKU-05628,Product_Omega_26,Industrial Parts,Supplier_J,Kolkata WH,Central,2023-03-15,2023-04-10,Rail,Net 15,4780.34,103,103,891,173,28,10,492375.02,443137.52,In Stock,5,14,26
ORD-002392,SKU-07370,Product_Alpha_8,Pharmaceuticals,Supplier_D,Chennai WH,East,2023-03-15,2023-04-04,Air,Immediate,2661.39,316,316,944,55,27,20,840999.24,672799.39,In Stock,0,3,20
ORD-002393,SKU-01948,Product_Gamma_21,Apparel,Supplier_C,Chennai WH,South,2023-03-15,2023-04-01,Rail,Net 30,2004.6,302,302,994,168,6,20,605389.2,484311.36,In Stock,4,12,17
ORD-002394,SKU-09179,Product_Zeta_12,Electronics,Supplier_E,Hyderabad WH,South,2023-03-15,2023-04-01,Road,Net 60,4768.98,261,261,150,71,38,0,1244703.78,1244703.78,In Stock,6,11,17
ORD-002395,SKU-07115,Product_Omega_16,Furniture,Supplier_F,Mumbai WH,West,2023-03-15,2023-04-07,Air,Net 30,3214.13,113,113,54,158,37,10,363196.69,326877.02,Low Stock,0,8,23
ORD-002396,SKU-01459,Product_Beta_14,Apparel,Supplier_D,Bangalore WH,West,2023-03-16,2023-03-24,Rail,Net 30,1497.77,406,406,516,27,6,20,608094.62,486475.7,In Stock,8,14,8
ORD-002397,SKU-08568,Product_Omega_24,Apparel,Supplier_I,Delhi WH,Central,2023-03-16,2023-04-05,Air,Net 30,641.06,474,474,447,76,25,0,303862.44,303862.44,In Stock,8,6,20
ORD-002398,SKU-05646,Product_Gamma_50,Apparel,Supplier_K,Bangalore WH,East,2023-03-16,2023-03-22,Air,Net 60,4214.35,437,100,34,129,13,5,1841670.95,1749587.4,Low Stock,5,14,6
ORD-002399,SKU-01392,Product_Omega_8,Furniture,Supplier_B,Chennai WH,North,2023-03-16,2023-04-07,Air,Net 15,1817.29,70,70,860,193,33,20,127210.3,101768.24,In Stock,1,13,22
ORD-002400,SKU-02787,Product_Alpha_21,FMCG,Supplier_A,Delhi WH,Central,2023-03-16,2023-03-18,Air,Net 60,3305.74,160,160,118,149,33,0,528918.4,528918.4,Low Stock,1,10,2
ORD-002401,SKU-08374,Product_Alpha_46,FMCG,Supplier_J,Mumbai WH,West,2023-03-16,2023-03-28,Road,Net 60,2359.37,240,240,196,83,25,20,566248.8,452999.04,In Stock,8,13,12
ORD-002402,SKU-02138,Product_Omega_14,Furniture,Supplier_H,Kolkata WH,West,2023-03-16,2023-03-24,Sea,Immediate,1002.66,11,11,565,199,14,5,11029.26,10477.8,In Stock,3,3,8
ORD-002403,SKU-05741,Product_Kappa_37,Apparel,Supplier_L,Chennai WH,West,2023-03-16,2023-04-06,Sea,Net 60,3012.42,138,138,770,30,40,0,415713.96,415713.96,In Stock,5,11,21
ORD-002404,SKU-08418,Product_Omega_15,Electronics,Supplier_J,Kolkata WH,West,2023-03-16,2023-03-17,Air,Immediate,312.81,495,495,773,153,41,5,154840.95,147098.9,In Stock,9,0,1
ORD-002405,SKU-07362,Product_Beta_25,Industrial Parts,Supplier_E,Kolkata WH,West,2023-03-17,2023-03-23,Sea,Net 30,2072.58,167,167,854,115,42,0,346120.86,346120.86,In Stock,1,8,6
ORD-002406,SKU-03454,Product_Sigma_39,Furniture,Supplier_B,Chennai WH,North,2023-03-17,2023-03-20,Air,Immediate,2737.61,247,247,877,95,38,0,676189.67,676189.67,In Stock,3,9,3
ORD-002407,SKU-04674,Product_Delta_34,Furniture,Supplier_K,Mumbai WH,North,2023-03-17,2023-03-26,Rail,Net 60,2185.87,354,354,823,83,9,5,773797.98,735108.08,In Stock,1,5,9
ORD-002408,SKU-02377,Product_Delta_7,FMCG,Supplier_C,Kolkata WH,West,2023-03-17,2023-04-11,Air,Net 60,3745.87,31,31,513,120,18,5,116121.97,110315.87,In Stock,2,5,25
ORD-002409,SKU-07701,Product_Sigma_46,Electronics,Supplier_C,Kolkata WH,East,2023-03-17,2023-03-30,Sea,Immediate,4141.35,12,12,593,112,15,5,49696.2,47211.39,In Stock,1,0,13
ORD-002410,SKU-03597,Product_Beta_37,FMCG,Supplier_E,Hyderabad WH,South,2023-03-17,2023-03-29,Rail,Net 30,3858.5,243,243,861,63,4,0,937615.5,937615.5,In Stock,7,4,12
ORD-002411,SKU-01141,Product_Zeta_44,Pharmaceuticals,Supplier_I,Mumbai WH,East,2023-03-17,2023-04-08,Rail,Net 15,203.68,108,108,421,161,34,15,21997.44,18697.82,In Stock,4,3,22
ORD-002412,SKU-03659,Product_Zeta_21,Industrial Parts,Supplier_H,Bangalore WH,East,2023-03-17,2023-03-30,Sea,Net 30,978.7,336,336,951,102,38,5,328843.2,312401.04,In Stock,4,14,13
ORD-002413,SKU-05596,Product_Omega_13,Electronics,Supplier_A,Bangalore WH,Central,2023-03-17,2023-03-30,Sea,Net 60,2687.67,422,422,516,152,17,15,1134196.74,964067.23,Discontinued,7,10,13
ORD-002414,SKU-06661,Product_Delta_4,Furniture,Supplier_J,Mumbai WH,West,2023-03-17,2023-04-05,Sea,Net 15,4674.76,323,323,685,118,7,15,1509947.48,1283455.36,In Stock,7,0,19
ORD-002415,SKU-07142,Product_Kappa_32,FMCG,Supplier_L,Kolkata WH,South,2023-03-18,2023-03-25,Road,Immediate,4176.43,194,194,138,44,32,0,810227.42,810227.42,In Stock,6,6,7
ORD-002416,SKU-06626,Product_Alpha_18,Industrial Parts,Supplier_L,Bangalore WH,North,2023-03-18,2023-04-04,Road,Net 15,4214.25,308,308,704,197,23,0,1297989.0,1297989.0,In Stock,4,3,17
ORD-002417,SKU-09787,Product_Zeta_8,Pharmaceuticals,Supplier_I,Chennai WH,West,2023-03-18,2023-03-19,Road,Net 15,1523.01,133,133,649,121,20,20,202560.33,162048.26,In Stock,6,2,1
ORD-002418,SKU-09472,Product_Beta_29,Apparel,Supplier_H,Hyderabad WH,South,2023-03-18,2023-04-11,Air,Immediate,2152.95,395,395,808,92,2,10,850415.25,765373.72,In Stock,0,1,24
ORD-002419,SKU-01423,Product_Gamma_39,Furniture,Supplier_C,Bangalore WH,North,2023-03-18,2023-04-10,Sea,Net 60,2358.82,281,281,627,141,21,0,662828.42,662828.42,In Stock,2,7,23
ORD-002420,SKU-07999,Product_Omega_38,Electronics,Supplier_L,Hyderabad WH,South,2023-03-19,2023-03-22,Air,Net 15,795.28,291,291,43,90,12,10,231426.48,208283.83,Low Stock,2,4,3
ORD-002421,SKU-05249,Product_Zeta_16,Pharmaceuticals,Supplier_G,Kolkata WH,South,2023-03-19,2023-04-18,Rail,Net 15,165.03,163,163,857,136,42,0,26899.89,26899.89,In Stock,1,9,30
ORD-002422,SKU-02750,Product_Alpha_19,Furniture,Supplier_E,Chennai WH,South,2023-03-19,2023-03-22,Rail,Immediate,4735.05,278,278,800,101,27,0,1316343.9,1316343.9,In Stock,5,8,3
ORD-002423,SKU-05757,Product_Alpha_42,Apparel,Supplier_J,Mumbai WH,East,2023-03-19,2023-04-06,Road,Net 30,1211.16,421,421,218,149,10,5,509898.36,484403.44,In Stock,2,4,18
ORD-002424,SKU-02967,Product_Alpha_30,Electronics,Supplier_G,Kolkata WH,Central,2023-03-20,2023-03-30,Rail,Net 60,1207.35,470,470,567,135,8,0,567454.5,567454.5,In Stock,3,9,10
ORD-002425,SKU-05088,Product_Sigma_9,Pharmaceuticals,Supplier_D,Hyderabad WH,West,2023-03-20,2023-04-13,Sea,Net 30,426.06,439,478,753,29,21,20,187040.34,149632.27,In Stock,2,11,24
ORD-002426,SKU-05178,Product_Zeta_3,Apparel,Supplier_C,Delhi WH,West,2023-03-21,2023-04-17,Rail,Net 15,4643.25,203,203,907,149,22,15,942579.75,801192.79,In Stock,6,0,27
ORD-002427,SKU-08789,Product_Alpha_22,FMCG,Supplier_C,Chennai WH,East,2023-03-21,2023-04-08,Rail,Net 60,2902.89,96,356,257,79,13,10,278677.44,250809.7,In Stock,3,13,18
ORD-002428,SKU-03946,Product_Alpha_5,Pharmaceuticals,Supplier_F,Delhi WH,West,2023-03-21,2023-04-20,Sea,Net 15,3338.51,483,483,512,64,40,0,1612500.33,1612500.33,In Stock,4,9,30
ORD-002429,SKU-06394,Product_Kappa_7,Industrial Parts,Supplier_B,Chennai WH,East,2023-03-21,2023-04-09,Road,Net 15,4558.77,223,223,960,155,12,0,1016605.71,1016605.71,In Stock,6,4,19
ORD-002430,SKU-08880,Product_Zeta_47,Industrial Parts,Supplier_H,Kolkata WH,East,2023-03-22,2023-04-03,Rail,Net 30,1734.64,237,237,376,138,17,0,411109.68,411109.68,In Stock,3,4,12
ORD-002431,SKU-06075,Product_Sigma_18,Pharmaceuticals,Supplier_E,Hyderabad WH,North,2023-03-22,2023-04-03,Air,Net 15,3111.32,117,117,892,26,9,5,364024.44,345823.22,In Stock,5,7,12
ORD-002432,SKU-08230,Product_Omega_49,Electronics,Supplier_C,Mumbai WH,North,2023-03-22,2023-04-18,Rail,Immediate,203.61,456,456,288,91,40,0,92846.16,92846.16,In Stock,8,5,27
ORD-002433,SKU-02531,Product_Omega_26,Pharmaceuticals,Supplier_C,Bangalore WH,East,2023-03-22,2023-03-31,Road,Net 60,941.99,192,192,469,40,12,5,180862.08,171818.98,In Stock,5,14,9
ORD-002434,SKU-03990,Product_Beta_36,Pharmaceuticals,Supplier_E,Hyderabad WH,Central,2023-03-22,2023-03-30,Sea,Immediate,4157.92,276,276,971,116,9,5,1147585.92,1090206.62,In Stock,4,10,8
ORD-002435,SKU-08155,Product_Omega_32,Pharmaceuticals,Supplier_A,Chennai WH,East,2023-03-23,2023-04-12,Air,Net 30,3836.17,106,106,102,66,30,20,406634.02,325307.22,In Stock,0,4,20
ORD-002436,SKU-05493,Product_Alpha_26,Furniture,Supplier_E,Hyderabad WH,Central,2023-03-23,2023-03-30,Road,Net 60,1759.71,482,482,803,20,6,20,848180.22,678544.18,In Stock,7,12,7
ORD-002437,SKU-01933,Product_Sigma_45,FMCG,Supplier_L,Kolkata WH,North,2023-03-23,2023-04-07,Sea,Immediate,1890.29,4,4,148,159,25,5,7561.16,7183.1,Low Stock,4,7,15
ORD-002438,SKU-02460,Product_Kappa_32,Apparel,Supplier_K,Mumbai WH,Central,2023-03-23,2023-04-22,Air,Net 60,2672.44,18,18,83,195,28,10,48103.92,43293.53,Low Stock,4,14,30
ORD-002439,SKU-03723,Product_Beta_24,Industrial Parts,Supplier_K,Hyderabad WH,East,2023-03-23,2023-04-05,Sea,Net 15,11.2,307,307,931,147,10,0,3438.4,3438.4,In Stock,2,0,13
ORD-002440,SKU-01285,Product_Beta_2,Pharmaceuticals,Supplier_D,Hyderabad WH,West,2023-03-23,2023-04-11,Sea,Net 15,1213.81,452,452,25,113,41,0,548642.12,548642.12,Low Stock,9,4,19
ORD-002441,SKU-01264,Product_Delta_4,Pharmaceuticals,Supplier_C,Hyderabad WH,South,2023-03-23,2023-03-24,Rail,Immediate,1049.08,20,20,174,151,28,20,20981.6,16785.28,In Stock,1,2,1
ORD-002442,SKU-07816,Product_Alpha_9,Pharmaceuticals,Supplier_G,Kolkata WH,North,2023-03-24,2023-04-02,Sea,Net 60,1259.91,122,122,734,53,29,10,153709.02,138338.12,In Stock,0,4,9
ORD-002443,SKU-02762,Product_Beta_21,FMCG,Supplier_B,Delhi WH,Central,2023-03-24,2023-03-30,Sea,Net 60,4031.47,137,137,640,106,36,0,552311.39,552311.39,In Stock,8,2,6
ORD-002444,SKU-01040,Product_Zeta_15,Pharmaceuticals,Supplier_B,Chennai WH,North,2023-03-24,2023-04-07,Air,Net 60,1405.57,80,80,421,51,11,5,112445.6,106823.32,In Stock,4,14,14
ORD-002445,SKU-06827,Product_Gamma_6,Electronics,Supplier_I,Delhi WH,East,2023-03-24,2023-04-10,Sea,Net 30,965.69,154,154,653,22,21,20,148716.26,118973.01,In Stock,9,3,17
ORD-002446,SKU-09259,Product_Delta_47,Apparel,Supplier_J,Bangalore WH,West,2023-03-24,2023-03-28,Air,Net 60,2526.27,358,358,345,87,38,0,904404.66,904404.66,In Stock,3,10,4
ORD-002447,SKU-01987,Product_Omega_35,Apparel,Supplier_A,Mumbai WH,North,2023-03-25,2023-04-12,Air,Immediate,4329.57,25,223,301,76,26,0,108239.25,108239.25,In Stock,6,8,18
ORD-002448,SKU-08804,Product_Alpha_45,Electronics,Supplier_A,Kolkata WH,East,2023-03-25,2023-03-28,Road,Net 60,1214.34,452,452,297,133,18,20,548881.68,439105.34,In Stock,3,1,3
ORD-002449,SKU-08789,Product_Alpha_17,FMCG,Supplier_D,Hyderabad WH,East,2023-03-25,2023-04-11,Road,Immediate,401.9,169,169,134,171,4,5,67921.1,64525.05,Low Stock,1,13,17
ORD-002450,SKU-06717,Product_Alpha_8,Electronics,Supplier_E,Delhi WH,South,2023-03-25,2023-04-04,Road,Net 60,1788.46,59,59,54,52,44,5,105519.14,100243.18,In Stock,8,9,10
ORD-002451,SKU-04198,Product_Alpha_20,Pharmaceuticals,Supplier_G,Delhi WH,West,2023-03-25,2023-04-05,Sea,Net 15,3740.78,301,301,55,150,41,0,1125974.78,1125974.78,Low Stock,7,11,11
ORD-002452,SKU-06374,Product_Beta_17,Furniture,Supplier_I,Chennai WH,North,2023-03-25,2023-03-29,Air,Net 30,2757.95,41,41,373,151,15,15,113075.95,96114.56,In Stock,3,0,4
ORD-002453,SKU-05790,Product_Omega_45,Furniture,Supplier_G,Hyderabad WH,West,2023-03-25,2023-04-20,Road,Immediate,4085.8,38,38,587,49,23,15,155260.4,131971.34,In Stock,7,11,26
ORD-002454,SKU-08183,Product_Zeta_18,Apparel,Supplier_B,Kolkata WH,Central,2023-03-25,2023-04-11,Air,Net 60,4798.36,117,117,830,89,41,5,561408.12,533337.71,In Stock,8,3,17
ORD-002455,SKU-03524,Product_Gamma_9,Furniture,Supplier_L,Mumbai WH,Central,2023-03-25,2023-04-03,Road,Net 60,3965.39,275,92,919,68,6,0,1090482.25,1090482.25,In Stock,1,7,9
ORD-002456,SKU-03479,Product_Kappa_8,Pharmaceuticals,Supplier_G,Kolkata WH,East,2023-03-26,2023-04-24,Road,Net 15,3022.98,270,270,338,49,43,5,816204.6,775394.37,In Stock,3,12,29
ORD-002457,SKU-06154,Product_Gamma_21,Industrial Parts,Supplier_D,Chennai WH,Central,2023-03-26,2023-04-13,Sea,Net 60,2471.77,127,127,456,101,7,0,313914.79,313914.79,Reorder Pending,5,4,18
ORD-002458,SKU-01778,Product_Gamma_49,Furniture,Supplier_A,Delhi WH,East,2023-03-26,2023-04-22,Sea,Immediate,209.94,405,405,354,163,15,0,85025.7,85025.7,In Stock,6,8,27
ORD-002459,SKU-02492,Product_Zeta_41,Pharmaceuticals,Supplier_H,Delhi WH,West,2023-03-26,2023-04-21,Rail,Net 30,4921.77,399,399,131,153,9,0,1963786.23,1963786.23,Low Stock,4,9,26
ORD-002460,SKU-01660,Product_Kappa_43,Furniture,Supplier_A,Mumbai WH,West,2023-03-27,2023-04-15,Rail,Net 30,1923.57,3,3,492,43,30,0,5770.71,5770.71,In Stock,9,2,19
ORD-002461,SKU-02348,Product_Beta_34,Furniture,Supplier_C,Delhi WH,North,2023-03-27,2023-04-05,Rail,Net 30,769.62,293,293,553,134,44,20,225498.66,180398.93,In Stock,9,12,9
ORD-002462,SKU-08851,Product_Delta_37,FMCG,Supplier_I,Chennai WH,North,2023-03-27,2023-04-19,Air,Immediate,3336.88,373,373,863,111,43,0,1244656.24,1244656.24,In Stock,6,8,23
ORD-002463,SKU-08156,Product_Kappa_43,Pharmaceuticals,Supplier_G,Mumbai WH,North,2023-03-27,2023-04-11,Road,Net 15,1428.6,498,498,109,175,28,5,711442.8,675870.66,Low Stock,3,0,15
ORD-002464,SKU-03044,Product_Kappa_18,FMCG,Supplier_H,Chennai WH,North,2023-03-27,2023-04-09,Road,Immediate,2933.03,430,430,581,40,30,0,1261202.9,1261202.9,In Stock,7,14,13
ORD-002465,SKU-08368,Product_Omega_50,Furniture,Supplier_L,Mumbai WH,West,2023-03-27,2023-04-15,Sea,Net 15,2937.97,16,16,795,27,8,10,47007.52,42306.77,In Stock,2,1,19
ORD-002466,SKU-04516,Product_Kappa_15,Apparel,Supplier_K,Chennai WH,Central,2023-03-27,2023-04-12,Sea,Immediate,2234.19,398,398,125,55,35,0,889207.62,889207.62,In Stock,2,8,16
ORD-002467,SKU-05577,Product_Beta_17,FMCG,Supplier_C,Delhi WH,West,2023-03-28,2023-04-22,Sea,Immediate,4182.23,265,265,859,143,35,5,1108290.95,1052876.4,In Stock,4,13,25
ORD-002468,SKU-01727,Product_Sigma_46,Pharmaceuticals,Supplier_A,Chennai WH,West,2023-03-28,2023-04-05,Air,Net 15,1332.19,239,368,295,28,26,10,318393.41,286554.07,In Stock,5,8,8
ORD-002469,SKU-08468,Product_Beta_23,FMCG,Supplier_C,Kolkata WH,East,2023-03-28,2023-04-22,Rail,Net 60,2248.68,263,263,178,59,30,20,591402.84,473122.27,In Stock,2,9,25
ORD-002470,SKU-01342,Product_Delta_43,Furniture,Supplier_A,Mumbai WH,West,2023-03-28,2023-04-08,Air,Net 15,2693.08,398,398,924,198,35,10,1071845.84,964661.26,In Stock,9,4,11
ORD-002471,SKU-02447,Product_Delta_45,Pharmaceuticals,Supplier_A,Delhi WH,East,2023-03-28,2023-04-22,Sea,Net 15,3321.49,134,134,809,148,38,0,445079.66,445079.66,In Stock,1,9,25
ORD-002472,SKU-07581,Product_Beta_5,Pharmaceuticals,Supplier_J,Delhi WH,East,2023-03-28,2023-04-12,Air,Net 30,3922.02,213,213,885,136,11,0,835390.26,835390.26,In Stock,4,11,15
ORD-002473,SKU-07317,Product_Kappa_4,Pharmaceuticals,Supplier_F,Bangalore WH,East,2023-03-29,2023-04-20,Air,Immediate,1980.09,15,15,196,87,20,10,29701.35,26731.22,In Stock,9,12,22
ORD-002474,SKU-01526,Product_Delta_1,Furniture,Supplier_D,Hyderabad WH,West,2023-03-29,2023-04-13,Sea,Net 30,3233.77,436,436,772,173,31,0,1409923.72,1409923.72,In Stock,5,3,15
ORD-002475,SKU-07748,Product_Delta_30,Electronics,Supplier_G,Hyderabad WH,East,2023-03-29,2023-04-27,Rail,Net 15,761.55,328,328,100,187,34,5,249788.4,237298.98,Low Stock,2,8,29
ORD-002476,SKU-01405,Product_Zeta_13,Furniture,Supplier_G,Chennai WH,West,2023-03-29,2023-04-17,Air,Net 15,4663.91,418,418,936,22,12,20,1949514.38,1559611.5,In Stock,6,11,19
ORD-002477,SKU-08986,Product_Kappa_7,Electronics,Supplier_L,Chennai WH,South,2023-03-29,2023-04-26,Air,Net 30,1921.46,360,360,572,127,28,15,691725.6,587966.76,In Stock,2,9,28
ORD-002478,SKU-04740,Product_Omega_14,FMCG,Supplier_C,Hyderabad WH,Central,2023-03-29,2023-03-30,Sea,Immediate,3650.31,129,129,182,141,3,15,470889.99,400256.49,In Stock,1,1,1
ORD-002479,SKU-02846,Product_Omega_49,FMCG,Supplier_B,Kolkata WH,Central,2023-03-29,2023-04-14,Rail,Immediate,111.5,352,352,923,28,42,15,39248.0,33360.8,In Stock,9,14,16
ORD-002480,SKU-02478,Product_Sigma_46,Industrial Parts,Supplier_J,Delhi WH,West,2023-03-29,2023-04-02,Air,Net 15,1033.88,122,122,808,179,5,10,126133.36,113520.02,In Stock,3,2,4
ORD-002481,SKU-01771,Product_Kappa_42,Furniture,Supplier_F,Hyderabad WH,South,2023-03-29,2023-04-07,Sea,Immediate,2440.54,241,241,878,23,13,10,588170.14,529353.13,In Stock,2,14,9
ORD-002482,SKU-06525,Product_Gamma_33,Pharmaceuticals,Supplier_D,Mumbai WH,South,2023-03-29,2023-04-01,Air,Net 15,4392.48,115,115,8,25,12,0,505135.2,505135.2,Low Stock,6,14,3
ORD-002483,SKU-09770,Product_Beta_9,Pharmaceuticals,Supplier_G,Chennai WH,West,2023-03-30,2023-04-12,Sea,Net 15,2641.0,197,197,412,92,1,20,520277.0,416221.6,In Stock,7,13,13
ORD-002484,SKU-01193,Product_Delta_24,Industrial Parts,Supplier_I,Kolkata WH,Central,2023-03-30,2023-04-20,Road,Net 60,4650.05,222,222,717,45,43,0,1032311.1,1032311.1,In Stock,2,14,21
ORD-002485,SKU-03007,Product_Zeta_29,Electronics,Supplier_J,Bangalore WH,South,2023-03-30,2023-04-25,Rail,Net 15,2424.15,214,214,933,149,19,5,518768.1,492829.69,In Stock,5,7,26
ORD-002486,SKU-02185,Product_Delta_50,Furniture,Supplier_A,Hyderabad WH,East,2023-03-30,2023-04-07,Sea,Net 30,2457.34,404,404,829,133,29,0,992765.36,992765.36,In Stock,0,0,8
ORD-002487,SKU-03394,Product_Zeta_13,Furniture,Supplier_A,Mumbai WH,Central,2023-03-30,2023-04-21,Rail,Net 30,607.54,80,80,565,104,39,0,48603.2,48603.2,In Stock,4,1,22
ORD-002488,SKU-05005,Product_Beta_18,Industrial Parts,Supplier_F,Delhi WH,East,2023-03-31,2023-04-23,Road,Net 60,4015.25,263,263,691,105,42,5,1056010.75,1003210.21,In Stock,1,4,23
ORD-002489,SKU-08429,Product_Zeta_11,Electronics,Supplier_H,Mumbai WH,East,2023-03-31,2023-04-08,Air,Immediate,1242.36,135,135,103,150,25,0,167718.6,167718.6,Low Stock,0,14,8
ORD-002490,SKU-03261,Product_Sigma_37,FMCG,Supplier_H,Delhi WH,North,2023-03-31,2023-04-26,Road,Net 30,4499.07,306,306,125,54,16,5,1376715.42,1307879.65,In Stock,6,14,26
ORD-002491,SKU-04736,Product_Beta_10,Apparel,Supplier_J,Bangalore WH,South,2023-03-31,2023-04-11,Rail,Immediate,4555.01,242,242,545,133,17,5,1102312.42,1047196.8,Discontinued,9,6,11
ORD-002492,SKU-07716,Product_Kappa_7,Apparel,Supplier_F,Chennai WH,Central,2023-03-31,2023-04-14,Rail,Net 15,4717.12,386,386,676,78,28,5,1820808.32,1729767.9,In Stock,3,9,14
ORD-002493,SKU-05875,Product_Beta_16,Pharmaceuticals,Supplier_A,Mumbai WH,North,2023-03-31,2023-04-12,Sea,Net 60,2605.95,303,303,944,57,39,0,789602.85,789602.85,In Stock,4,12,12
ORD-002494,SKU-09921,Product_Alpha_30,Industrial Parts,Supplier_A,Hyderabad WH,Central,2023-03-31,2023-04-17,Road,Net 15,3388.7,270,270,809,52,43,5,914949.0,869201.55,In Stock,1,8,17
ORD-002495,SKU-05378,Product_Gamma_18,Industrial Parts,Supplier_B,Bangalore WH,Central,2023-04-01,2023-04-19,Sea,Net 30,3894.79,287,287,269,140,5,15,1117804.73,950134.02,In Stock,7,13,18
ORD-002496,SKU-08815,Product_Alpha_31,Industrial Parts,Supplier_H,Chennai WH,East,2023-04-01,2023-04-02,Rail,Net 30,663.76,50,50,465,162,1,0,33188.0,33188.0,In Stock,9,2,1
ORD-002497,SKU-04451,Product_Kappa_23,Industrial Parts,Supplier_D,Chennai WH,West,2023-04-01,2023-04-24,Rail,Net 30,3008.78,189,189,800,119,3,5,568659.42,540226.45,In Stock,2,10,23
ORD-002498,SKU-08616,Product_Sigma_8,Apparel,Supplier_C,Mumbai WH,Central,2023-04-01,2023-04-28,Air,Immediate,181.15,297,297,117,161,24,5,53801.55,51111.47,Low Stock,6,3,27
ORD-002499,SKU-03800,Product_Beta_23,Pharmaceuticals,Supplier_F,Bangalore WH,East,2023-04-02,2023-04-11,Rail,Net 30,2492.85,14,14,865,64,29,15,34899.9,29664.92,In Stock,0,9,9
ORD-002500,SKU-09333,Product_Zeta_14,Furniture,Supplier_J,Kolkata WH,West,2023-04-02,2023-04-10,Rail,Net 15,782.66,389,389,91,67,15,10,304454.74,274009.27,In Stock,9,0,8
ORD-002501,SKU-06410,Product_Gamma_26,Apparel,Supplier_A,Bangalore WH,North,2023-04-02,2023-04-12,Road,Immediate,922.79,459,459,611,191,4,0,423560.61,423560.61,In Stock,0,11,10
ORD-002502,SKU-02455,Product_Zeta_33,Electronics,Supplier_A,Mumbai WH,West,2023-04-02,2023-04-05,Sea,Net 15,1831.59,232,232,484,137,44,15,424928.88,361189.55,In Stock,6,0,3
ORD-002503,SKU-07892,Product_Omega_4,Pharmaceuticals,Supplier_H,Kolkata WH,West,2023-04-02,2023-04-15,Road,Immediate,2167.86,261,261,86,184,1,15,565811.46,480939.74,Low Stock,0,0,13
ORD-002504,SKU-06808,Product_Kappa_18,Industrial Parts,Supplier_D,Hyderabad WH,Central,2023-04-03,2023-04-25,Air,Net 60,3119.63,192,192,233,48,15,10,598968.96,539072.06,In Stock,8,3,22
ORD-002505,SKU-07796,Product_Omega_7,FMCG,Supplier_J,Kolkata WH,Central,2023-04-03,2023-04-27,Air,Net 30,381.4,413,413,912,103,24,5,157518.2,149642.29,In Stock,8,8,24
ORD-002506,SKU-05796,Product_Alpha_42,Industrial Parts,Supplier_H,Mumbai WH,South,2023-04-03,2023-04-30,Road,Net 15,2523.42,203,203,123,181,31,10,512254.26,461028.83,Low Stock,7,7,27
ORD-002507,SKU-06093,Product_Zeta_47,Electronics,Supplier_B,Chennai WH,West,2023-04-03,2023-04-14,Air,Net 60,921.3,261,261,202,132,20,5,240459.3,228436.34,In Stock,7,3,11
ORD-002508,SKU-02325,Product_Zeta_13,Pharmaceuticals,Supplier_D,Kolkata WH,North,2023-04-03,2023-04-06,Sea,Net 30,2874.14,113,113,31,136,10,10,324777.82,292300.04,Low Stock,3,7,3
ORD-002509,SKU-05976,Product_Sigma_13,Electronics,Supplier_A,Bangalore WH,South,2023-04-04,2023-04-22,Road,Net 15,3190.65,374,374,356,62,11,15,1193303.1,1014307.64,In Stock,3,14,18
ORD-002510,SKU-02159,Product_Zeta_12,Furniture,Supplier_K,Bangalore WH,Central,2023-04-05,2023-05-05,Sea,Net 15,2787.98,352,352,462,180,18,15,981368.96,834163.62,In Stock,4,6,30
ORD-002511,SKU-05650,Product_Sigma_34,Furniture,Supplier_H,Chennai WH,South,2023-04-05,2023-04-11,Rail,Net 30,3694.09,36,36,963,38,34,5,132987.24,126337.88,In Stock,8,5,6
ORD-002512,SKU-05987,Product_Kappa_34,Furniture,Supplier_C,Mumbai WH,West,2023-04-05,2023-04-21,Road,Net 15,1684.69,79,79,550,27,28,15,133090.51,113126.93,In Stock,2,9,16
ORD-002513,SKU-05697,Product_Zeta_7,Industrial Parts,Supplier_C,Mumbai WH,Central,2023-04-05,2023-04-16,Air,Net 30,3827.88,275,275,93,178,38,0,1052667.0,1052667.0,Discontinued,3,11,11
ORD-002514,SKU-01340,Product_Alpha_42,Industrial Parts,Supplier_B,Hyderabad WH,West,2023-04-05,2023-04-17,Sea,Net 15,2169.51,448,448,521,30,16,0,971940.48,971940.48,In Stock,9,1,12
ORD-002515,SKU-04828,Product_Delta_8,Pharmaceuticals,Supplier_B,Delhi WH,North,2023-04-05,2023-04-12,Sea,Immediate,2426.08,278,278,726,27,24,5,674450.24,640727.73,In Stock,4,14,7
ORD-002516,SKU-02968,Product_Delta_8,Pharmaceuticals,Supplier_D,Chennai WH,Central,2023-04-05,2023-05-04,Rail,Net 15,3244.03,162,162,407,172,39,10,525532.86,472979.57,In Stock,6,2,29
ORD-002517,SKU-01703,Product_Alpha_3,Industrial Parts,Supplier_I,Mumbai WH,West,2023-04-05,2023-04-24,Rail,Net 60,101.61,312,312,99,132,12,0,31702.32,31702.32,Low Stock,4,3,19
ORD-002518,SKU-06482,Product_Sigma_16,Industrial Parts,Supplier_G,Kolkata WH,West,2023-04-05,2023-04-14,Rail,Net 60,3273.43,17,17,243,167,42,5,55648.31,52865.89,In Stock,8,6,9
ORD-002519,SKU-07376,Product_Beta_35,Pharmaceuticals,Supplier_J,Hyderabad WH,West,2023-04-06,2023-04-12,Rail,Net 15,3096.74,204,204,57,57,7,0,631734.96,631734.96,In Stock,5,7,6
ORD-002520,SKU-02800,Product_Beta_18,Apparel,Supplier_A,Hyderabad WH,West,2023-04-06,2023-04-30,Air,Net 60,1556.14,473,473,964,154,36,10,736054.22,662448.8,In Stock,2,13,24
ORD-002521,SKU-06463,Product_Delta_40,Pharmaceuticals,Supplier_L,Kolkata WH,Central,2023-04-06,2023-04-28,Rail,Immediate,438.11,440,440,356,136,17,15,192768.4,163853.14,Discontinued,5,10,22
ORD-002522,SKU-05912,Product_Zeta_26,Pharmaceuticals,Supplier_I,Bangalore WH,East,2023-04-06,2023-05-06,Road,Net 30,463.77,17,17,490,186,4,10,7884.09,7095.68,In Stock,5,7,30
ORD-002523,SKU-05648,Product_Zeta_7,Industrial Parts,Supplier_H,Delhi WH,West,2023-04-06,2023-05-06,Air,Net 30,4616.89,202,202,319,93,37,0,932611.78,932611.78,In Stock,9,3,30
ORD-002524,SKU-01855,Product_Delta_47,Pharmaceuticals,Supplier_B,Mumbai WH,North,2023-04-06,2023-04-13,Road,Net 30,3449.5,476,476,18,91,33,20,1641962.0,1313569.6,Low Stock,0,8,7
ORD-002525,SKU-03866,Product_Sigma_32,Industrial Parts,Supplier_K,Chennai WH,South,2023-04-06,2023-04-22,Road,Immediate,644.24,210,210,356,125,19,10,135290.4,121761.36,In Stock,6,7,16
ORD-002526,SKU-01182,Product_Delta_11,Furniture,Supplier_G,Hyderabad WH,Central,2023-04-06,2023-04-30,Air,Immediate,1790.05,499,499,116,137,26,15,893234.95,759249.71,Low Stock,2,10,24
ORD-002527,SKU-04112,Product_Delta_23,Apparel,Supplier_H,Bangalore WH,Central,2023-04-06,2023-04-13,Sea,Net 15,2966.49,402,402,135,39,11,10,1192528.98,1073276.08,In Stock,0,12,7
ORD-002528,SKU-06670,Product_Sigma_46,Apparel,Supplier_C,Hyderabad WH,West,2023-04-06,2023-04-14,Rail,Net 15,4179.5,429,429,838,30,31,20,1793005.5,1434404.4,In Stock,0,4,8
ORD-002529,SKU-05492,Product_Sigma_47,FMCG,Supplier_C,Kolkata WH,South,2023-04-07,2023-05-01,Sea,Net 15,227.87,480,480,295,163,1,15,109377.6,92970.96,In Stock,4,12,24
ORD-002530,SKU-06823,Product_Alpha_7,Pharmaceuticals,Supplier_B,Delhi WH,West,2023-04-07,2023-04-15,Air,Net 30,1190.8,78,78,524,61,40,5,92882.4,88238.28,In Stock,9,2,8
ORD-002531,SKU-02517,Product_Gamma_33,Pharmaceuticals,Supplier_A,Kolkata WH,South,2023-04-07,2023-05-05,Rail,Net 60,4449.85,56,56,100,109,36,0,249191.6,249191.6,Low Stock,9,1,28
ORD-002532,SKU-06002,Product_Kappa_48,Apparel,Supplier_E,Delhi WH,West,2023-04-07,2023-04-16,Road,Net 15,55.74,80,80,379,71,29,10,4459.2,4013.28,In Stock,1,11,9
ORD-002533,SKU-02356,Product_Sigma_45,Industrial Parts,Supplier_F,Mumbai WH,West,2023-04-07,2023-04-14,Sea,Immediate,1014.98,306,306,154,184,25,5,310583.88,295054.69,Low Stock,1,8,7
ORD-002534,SKU-04629,Product_Delta_11,Furniture,Supplier_L,Kolkata WH,Central,2023-04-07,2023-04-15,Air,Net 15,4795.53,58,58,593,71,18,10,278140.74,250326.67,In Stock,3,0,8
ORD-002535,SKU-04628,Product_Omega_44,Electronics,Supplier_E,Chennai WH,South,2023-04-07,2023-04-14,Air,Net 60,3070.88,18,18,599,156,3,0,55275.84,55275.84,In Stock,9,6,7
ORD-002536,SKU-09210,Product_Beta_11,Furniture,Supplier_L,Kolkata WH,West,2023-04-07,2023-05-04,Rail,Net 30,1315.74,208,208,104,182,18,5,273673.92,259990.22,Low Stock,6,10,27
ORD-002537,SKU-07132,Product_Gamma_22,Pharmaceuticals,Supplier_G,Chennai WH,North,2023-04-08,2023-04-16,Road,Net 60,344.29,465,465,641,114,7,5,160094.85,152090.11,In Stock,7,12,8
ORD-002538,SKU-07588,Product_Kappa_10,FMCG,Supplier_B,Kolkata WH,North,2023-04-08,2023-05-05,Road,Net 30,150.67,135,135,783,154,28,15,20340.45,17289.38,In Stock,9,13,27
ORD-002539,SKU-04311,Product_Alpha_43,Furniture,Supplier_H,Bangalore WH,North,2023-04-08,2023-04-28,Air,Net 60,1231.28,332,332,525,21,17,10,408784.96,367906.46,In Stock,6,6,20
ORD-002540,SKU-07048,Product_Kappa_28,Pharmaceuticals,Supplier_B,Hyderabad WH,West,2023-04-08,2023-04-20,Road,Net 15,4408.61,482,482,127,44,25,0,2124950.02,2124950.02,In Stock,8,0,12
ORD-002541,SKU-07246,Product_Omega_2,Electronics,Supplier_J,Chennai WH,South,2023-04-08,2023-04-13,Sea,Immediate,2085.41,10,75,400,95,18,0,20854.1,20854.1,In Stock,6,13,5
ORD-002542,SKU-01987,Product_Gamma_17,Industrial Parts,Supplier_C,Delhi WH,East,2023-04-08,2023-05-03,Sea,Net 60,3604.46,69,69,571,113,40,0,248707.74,248707.74,In Stock,3,6,25
ORD-002543,SKU-04321,Product_Beta_11,Furniture,Supplier_I,Hyderabad WH,North,2023-04-08,2023-04-12,Road,Immediate,4592.24,341,341,965,113,43,0,1565953.84,1565953.84,In Stock,8,13,4
ORD-002544,SKU-05615,Product_Alpha_39,Apparel,Supplier_B,Chennai WH,South,2023-04-09,2023-04-13,Road,Net 30,2046.12,387,387,738,60,3,0,791848.44,791848.44,In Stock,8,0,4
ORD-002545,SKU-09365,Product_Omega_31,Furniture,Supplier_H,Chennai WH,Central,2023-04-09,2023-05-09,Air,Net 15,964.47,83,83,528,199,25,10,80051.01,72045.91,In Stock,2,1,30
ORD-002546,SKU-04741,Product_Alpha_32,Furniture,Supplier_A,Kolkata WH,Central,2023-04-09,2023-04-12,Road,Net 30,2590.42,109,109,556,106,7,20,282355.78,225884.62,In Stock,9,8,3
ORD-002547,SKU-04052,Product_Delta_31,Apparel,Supplier_H,Delhi WH,West,2023-04-10,2023-05-02,Road,Immediate,4541.34,44,469,549,100,10,0,199818.96,199818.96,In Stock,7,14,22
ORD-002548,SKU-07574,Product_Beta_3,FMCG,Supplier_E,Chennai WH,South,2023-04-10,2023-05-02,Rail,Net 30,4023.83,483,483,123,143,44,5,1943509.89,1846334.4,Reorder Pending,0,7,22
ORD-002549,SKU-01726,Product_Alpha_37,Electronics,Supplier_E,Kolkata WH,South,2023-04-10,2023-04-26,Sea,Immediate,338.49,454,454,359,96,44,10,153674.46,138307.01,In Stock,1,8,16
ORD-002550,SKU-04760,Product_Sigma_15,Furniture,Supplier_D,Hyderabad WH,North,2023-04-10,2023-04-30,Rail,Immediate,3465.94,398,398,63,57,19,20,1379444.12,1103555.3,In Stock,7,11,20
ORD-002551,SKU-06806,Product_Gamma_49,FMCG,Supplier_G,Mumbai WH,West,2023-04-10,2023-04-11,Rail,Immediate,2863.77,132,132,888,61,15,20,378017.64,302414.11,In Stock,7,8,1
ORD-002552,SKU-02875,Product_Gamma_50,Electronics,Supplier_A,Mumbai WH,Central,2023-04-10,2023-05-05,Air,Net 60,4538.24,493,493,764,97,21,0,2237352.32,2237352.32,In Stock,5,3,25
ORD-002553,SKU-07993,Product_Beta_7,Furniture,Supplier_C,Bangalore WH,South,2023-04-10,2023-05-08,Road,Net 15,621.18,499,499,773,83,21,0,309968.82,309968.82,In Stock,7,14,28
ORD-002554,SKU-05033,Product_Sigma_48,FMCG,Supplier_D,Mumbai WH,East,2023-04-10,2023-04-28,Air,Net 60,2674.84,18,18,955,151,37,0,48147.12,48147.12,Reorder Pending,7,4,18
ORD-002555,SKU-06443,Product_Omega_29,Industrial Parts,Supplier_E,Hyderabad WH,South,2023-04-10,2023-04-12,Sea,Net 30,4398.52,93,93,623,178,28,10,409062.36,368156.12,In Stock,1,9,2
ORD-002556,SKU-01989,Product_Kappa_48,Industrial Parts,Supplier_E,Delhi WH,South,2023-04-10,2023-05-08,Air,Immediate,2056.02,483,483,101,144,32,10,993057.66,893751.89,Low Stock,2,6,28
ORD-002557,SKU-04744,Product_Omega_35,Furniture,Supplier_C,Delhi WH,South,2023-04-10,2023-04-26,Rail,Net 60,2415.15,436,436,560,160,41,0,1053005.4,1053005.4,In Stock,6,5,16
ORD-002558,SKU-09611,Product_Sigma_43,Pharmaceuticals,Supplier_C,Delhi WH,South,2023-04-11,2023-04-23,Rail,Net 15,361.6,294,294,276,46,27,15,106310.4,90363.84,In Stock,2,14,12
ORD-002559,SKU-01593,Product_Kappa_17,FMCG,Supplier_F,Chennai WH,South,2023-04-11,2023-05-01,Air,Net 15,1397.94,464,464,226,78,23,5,648644.16,616211.95,In Stock,1,8,20
ORD-002560,SKU-02774,Product_Omega_30,Furniture,Supplier_C,Delhi WH,North,2023-04-11,2023-04-22,Road,Net 60,1629.29,148,148,22,84,10,20,241134.92,192907.94,Low Stock,5,1,11
ORD-002561,SKU-01935,Product_Alpha_23,Industrial Parts,Supplier_B,Mumbai WH,South,2023-04-11,2023-04-27,Sea,Net 30,4726.16,472,472,843,44,40,0,2230747.52,2230747.52,In Stock,1,14,16
ORD-002562,SKU-04808,Product_Sigma_46,Pharmaceuticals,Supplier_K,Bangalore WH,South,2023-04-11,2023-05-10,Road,Immediate,1420.51,483,483,696,56,41,0,686106.33,686106.33,In Stock,1,7,29
ORD-002563,SKU-01331,Product_Omega_34,Electronics,Supplier_G,Hyderabad WH,Central,2023-04-11,2023-05-10,Road,Immediate,2309.73,172,172,63,143,6,0,397273.56,397273.56,Low Stock,1,13,29
ORD-002564,SKU-08922,Product_Kappa_8,Electronics,Supplier_A,Delhi WH,Central,2023-04-11,2023-05-10,Air,Net 15,3359.81,51,51,156,90,24,0,171350.31,171350.31,Reorder Pending,3,14,29
ORD-002565,SKU-03702,Product_Sigma_44,Furniture,Supplier_C,Delhi WH,South,2023-04-11,2023-04-30,Air,Net 15,819.3,19,19,794,161,18,10,15566.7,14010.03,Discontinued,6,14,19
ORD-002566,SKU-06889,Product_Alpha_10,Electronics,Supplier_F,Chennai WH,East,2023-04-12,2023-05-10,Road,Net 30,2437.35,120,120,389,113,10,0,292482.0,292482.0,In Stock,5,1,28
ORD-002567,SKU-06054,Product_Zeta_15,Apparel,Supplier_C,Kolkata WH,East,2023-04-12,2023-04-21,Rail,Net 15,3695.31,324,50,148,171,15,10,1197280.44,1077552.4,Low Stock,4,13,9
ORD-002568,SKU-04868,Product_Gamma_23,FMCG,Supplier_D,Mumbai WH,West,2023-04-12,2023-04-28,Road,Net 30,4335.61,225,225,838,86,43,0,975512.25,975512.25,In Stock,3,13,16
ORD-002569,SKU-05200,Product_Kappa_2,Pharmaceuticals,Supplier_J,Hyderabad WH,North,2023-04-12,2023-04-18,Air,Net 15,3135.03,66,66,362,195,34,0,206911.98,206911.98,In Stock,1,1,6
ORD-002570,SKU-01201,Product_Delta_37,Apparel,Supplier_E,Hyderabad WH,West,2023-04-12,2023-05-07,Rail,Immediate,3348.58,141,141,680,122,8,15,472149.78,401327.31,In Stock,7,2,25
ORD-002571,SKU-03497,Product_Zeta_24,Furniture,Supplier_B,Bangalore WH,North,2023-04-13,2023-05-13,Air,Immediate,640.15,446,446,463,110,35,20,285506.9,228405.52,In Stock,1,3,30
ORD-002572,SKU-02842,Product_Delta_48,FMCG,Supplier_C,Kolkata WH,West,2023-04-13,2023-04-30,Air,Net 30,4729.42,189,189,644,185,27,5,893860.38,849167.36,In Stock,7,5,17
ORD-002573,SKU-05658,Product_Beta_13,FMCG,Supplier_L,Hyderabad WH,Central,2023-04-13,2023-04-22,Rail,Immediate,671.54,493,493,398,109,25,20,331069.22,264855.38,In Stock,9,13,9
ORD-002574,SKU-08544,Product_Zeta_41,FMCG,Supplier_K,Delhi WH,East,2023-04-13,2023-04-26,Road,Immediate,3875.62,158,158,404,89,3,10,612347.96,551113.16,In Stock,3,5,13
ORD-002575,SKU-08718,Product_Beta_18,FMCG,Supplier_L,Delhi WH,South,2023-04-13,2023-04-21,Road,Net 30,1331.43,98,349,825,78,21,5,130480.14,123956.13,In Stock,4,13,8
ORD-002576,SKU-01770,Product_Kappa_34,Apparel,Supplier_A,Mumbai WH,North,2023-04-13,2023-05-08,Air,Net 30,4668.63,158,158,131,31,39,15,737643.54,626997.01,In Stock,0,1,25
ORD-002577,SKU-04155,Product_Gamma_17,Pharmaceuticals,Supplier_J,Mumbai WH,West,2023-04-13,2023-05-02,Road,Net 30,3602.6,435,339,196,70,32,0,1567131.0,1567131.0,In Stock,1,5,19
ORD-002578,SKU-02628,Product_Omega_22,Industrial Parts,Supplier_E,Mumbai WH,Central,2023-04-13,2023-04-18,Air,Immediate,3771.53,246,246,646,185,21,0,927796.38,927796.38,In Stock,7,7,5
ORD-002579,SKU-01386,Product_Zeta_38,Industrial Parts,Supplier_E,Bangalore WH,East,2023-04-14,2023-04-16,Sea,Net 30,1103.11,344,344,34,193,9,10,379469.84,341522.86,Low Stock,0,4,2
ORD-002580,SKU-07031,Product_Zeta_18,Pharmaceuticals,Supplier_L,Bangalore WH,South,2023-04-14,2023-05-01,Road,Net 15,2220.77,432,432,419,29,1,0,959372.64,959372.64,In Stock,2,0,17
ORD-002581,SKU-07439,Product_Sigma_13,Industrial Parts,Supplier_H,Mumbai WH,South,2023-04-14,2023-05-10,Air,Immediate,3092.89,236,236,376,28,4,0,729922.04,729922.04,In Stock,1,14,26
ORD-002582,SKU-07401,Product_Alpha_38,Apparel,Supplier_H,Chennai WH,East,2023-04-14,2023-04-28,Rail,Net 15,3852.17,33,33,398,106,4,0,127121.61,127121.61,In Stock,9,7,14
ORD-002583,SKU-05008,Product_Omega_40,Apparel,Supplier_C,Kolkata WH,West,2023-04-14,2023-04-30,Air,Net 30,528.76,361,361,219,113,26,10,190882.36,171794.12,In Stock,4,5,16
ORD-002584,SKU-03466,Product_Beta_28,FMCG,Supplier_G,Chennai WH,Central,2023-04-14,2023-05-02,Air,Net 60,4812.2,241,241,897,71,34,10,1159740.2,1043766.18,In Stock,3,1,18
ORD-002585,SKU-03282,Product_Kappa_37,Pharmaceuticals,Supplier_J,Chennai WH,West,2023-04-14,2023-04-16,Road,Net 60,4452.2,330,330,887,198,27,5,1469226.0,1395764.7,In Stock,3,6,2
ORD-002586,SKU-02856,Product_Omega_19,FMCG,Supplier_A,Kolkata WH,East,2023-04-14,2023-05-01,Air,Net 30,1359.04,338,338,696,41,15,15,459355.52,390452.19,In Stock,3,13,17
ORD-002587,SKU-08980,Product_Beta_1,Apparel,Supplier_D,Mumbai WH,South,2023-04-15,2023-04-27,Rail,Net 30,4115.57,275,290,516,92,32,5,1131781.75,1075192.66,In Stock,3,7,12
ORD-002588,SKU-02998,Product_Kappa_44,Furniture,Supplier_K,Kolkata WH,Central,2023-04-15,2023-04-28,Rail,Net 15,2596.44,71,71,582,102,41,10,184347.24,165912.52,In Stock,3,1,13
ORD-002589,SKU-06476,Product_Gamma_30,Apparel,Supplier_C,Bangalore WH,East,2023-04-15,2023-05-13,Rail,Immediate,2314.41,313,313,341,91,7,20,724410.33,579528.26,In Stock,5,13,28
ORD-002590,SKU-05669,Product_Gamma_34,Furniture,Supplier_G,Hyderabad WH,North,2023-04-15,2023-05-07,Sea,Net 30,1579.03,403,403,752,137,44,15,636349.09,540896.73,In Stock,1,0,22
ORD-002591,SKU-05318,Product_Sigma_40,Apparel,Supplier_K,Delhi WH,South,2023-04-15,2023-05-10,Road,Net 15,2909.03,216,216,862,87,44,5,628350.48,596932.96,In Stock,3,5,25
ORD-002592,SKU-08064,Product_Gamma_20,Furniture,Supplier_K,Bangalore WH,Central,2023-04-15,2023-04-21,Rail,Net 15,3652.15,79,79,415,24,14,10,288519.85,259667.86,In Stock,6,12,6
ORD-002593,SKU-08446,Product_Kappa_19,Pharmaceuticals,Supplier_F,Delhi WH,East,2023-04-16,2023-05-01,Sea,Net 60,2060.56,169,169,455,102,23,5,348234.64,330822.91,In Stock,6,5,15
ORD-002594,SKU-02431,Product_Beta_19,Furniture,Supplier_F,Hyderabad WH,South,2023-04-16,2023-04-20,Sea,Net 15,3149.8,298,298,296,140,1,10,938640.4,844776.36,In Stock,0,7,4
ORD-002595,SKU-06624,Product_Alpha_30,Pharmaceuticals,Supplier_B,Hyderabad WH,West,2023-04-16,2023-05-09,Sea,Net 60,3499.57,471,471,937,176,32,0,1648297.47,1648297.47,In Stock,9,13,23
ORD-002596,SKU-08461,Product_Alpha_14,FMCG,Supplier_D,Kolkata WH,North,2023-04-16,2023-05-03,Road,Net 60,3558.5,180,180,330,25,41,5,640530.0,608503.5,In Stock,8,14,17
ORD-002597,SKU-02819,Product_Sigma_38,Industrial Parts,Supplier_C,Bangalore WH,North,2023-04-16,2023-05-01,Road,Immediate,269.31,116,116,704,88,26,0,31239.96,31239.96,In Stock,6,6,15
ORD-002598,SKU-02130,Product_Beta_4,Apparel,Supplier_H,Delhi WH,West,2023-04-16,2023-04-27,Rail,Immediate,4300.14,260,260,679,77,9,0,1118036.4,1118036.4,In Stock,5,7,11
ORD-002599,SKU-07563,Product_Kappa_20,Apparel,Supplier_G,Kolkata WH,East,2023-04-16,2023-05-09,Rail,Net 60,2296.68,486,486,338,62,16,5,1116186.48,1060377.16,In Stock,1,9,23
ORD-002600,SKU-03658,Product_Alpha_28,Pharmaceuticals,Supplier_B,Delhi WH,East,2023-04-17,2023-04-18,Rail,Net 15,1319.46,260,260,747,91,31,15,343059.6,291600.66,In Stock,5,9,1
ORD-002601,SKU-04500,Product_Omega_43,Pharmaceuticals,Supplier_K,Delhi WH,Central,2023-04-17,2023-04-18,Road,Net 60,1216.4,5,38,805,110,2,0,6082.0,6082.0,In Stock,4,13,1
ORD-002602,SKU-09566,Product_Alpha_4,Electronics,Supplier_H,Chennai WH,Central,2023-04-17,2023-05-09,Air,Immediate,2420.24,297,203,297,56,32,0,718811.28,718811.28,In Stock,8,4,22
ORD-002603,SKU-03120,Product_Sigma_9,FMCG,Supplier_J,Chennai WH,East,2023-04-17,2023-04-24,Rail,Immediate,4435.29,108,108,759,77,10,5,479011.32,455060.75,In Stock,0,1,7
ORD-002604,SKU-05020,Product_Omega_19,Industrial Parts,Supplier_E,Hyderabad WH,East,2023-04-18,2023-05-01,Air,Net 15,1897.95,343,343,676,146,25,10,650996.85,585897.16,In Stock,4,14,13
ORD-002605,SKU-04259,Product_Gamma_6,Apparel,Supplier_L,Mumbai WH,Central,2023-04-18,2023-05-07,Road,Net 60,3751.13,360,360,311,56,18,0,1350406.8,1350406.8,In Stock,2,4,19
ORD-002606,SKU-02823,Product_Sigma_10,FMCG,Supplier_I,Delhi WH,West,2023-04-18,2023-04-22,Sea,Immediate,493.13,117,117,582,173,34,0,57696.21,57696.21,In Stock,8,1,4
ORD-002607,SKU-02474,Product_Delta_28,Electronics,Supplier_A,Delhi WH,East,2023-04-18,2023-04-29,Road,Net 30,2385.52,357,357,742,189,29,5,851630.64,809049.11,In Stock,0,8,11
ORD-002608,SKU-03242,Product_Beta_19,Furniture,Supplier_K,Bangalore WH,South,2023-04-18,2023-04-30,Road,Net 15,4958.51,445,445,54,35,24,15,2206536.95,1875556.41,In Stock,5,4,12
ORD-002609,SKU-04243,Product_Delta_3,Furniture,Supplier_C,Hyderabad WH,North,2023-04-18,2023-05-08,Road,Net 60,3854.48,331,331,984,169,3,0,1275832.88,1275832.88,In Stock,2,0,20
ORD-002610,SKU-07990,Product_Kappa_23,FMCG,Supplier_E,Delhi WH,North,2023-04-19,2023-05-17,Sea,Net 15,1060.54,439,439,693,129,15,0,465577.06,465577.06,In Stock,0,8,28
ORD-002611,SKU-06160,Product_Delta_44,Apparel,Supplier_F,Delhi WH,Central,2023-04-19,2023-04-28,Rail,Net 15,2512.19,331,331,533,170,3,10,831534.89,748381.4,In Stock,2,9,9
ORD-002612,SKU-04134,Product_Zeta_28,Pharmaceuticals,Supplier_L,Chennai WH,Central,2023-04-19,2023-04-25,Road,Immediate,1175.79,13,13,794,194,31,0,15285.27,15285.27,In Stock,1,14,6
ORD-002613,SKU-03070,Product_Zeta_7,FMCG,Supplier_F,Delhi WH,North,2023-04-19,2023-05-07,Rail,Immediate,2053.71,142,142,104,150,10,0,291626.82,291626.82,Low Stock,9,4,18
ORD-002614,SKU-01359,Product_Sigma_20,Furniture,Supplier_J,Bangalore WH,East,2023-04-19,2023-04-28,Air,Net 15,3902.62,188,188,174,31,38,5,733692.56,697007.93,In Stock,7,10,9
ORD-002615,SKU-02141,Product_Sigma_12,Industrial Parts,Supplier_I,Hyderabad WH,South,2023-04-19,2023-04-27,Rail,Immediate,3858.41,456,456,293,42,22,20,1759434.96,1407547.97,In Stock,2,0,8
ORD-002616,SKU-02635,Product_Zeta_44,Apparel,Supplier_F,Kolkata WH,East,2023-04-19,2023-04-28,Road,Net 15,1148.22,281,281,879,130,14,0,322649.82,322649.82,In Stock,6,14,9
ORD-002617,SKU-05000,Product_Omega_38,FMCG,Supplier_B,Kolkata WH,East,2023-04-20,2023-05-06,Rail,Net 60,4611.89,466,466,550,158,9,5,2149140.74,2041683.7,In Stock,9,8,16
ORD-002618,SKU-04361,Product_Gamma_44,Industrial Parts,Supplier_G,Hyderabad WH,East,2023-04-20,2023-05-10,Rail,Net 15,2966.92,115,115,910,71,18,0,341195.8,341195.8,In Stock,5,8,20
ORD-002619,SKU-07583,Product_Delta_17,Apparel,Supplier_A,Kolkata WH,South,2023-04-20,2023-05-01,Sea,Net 30,1905.82,428,428,374,197,8,15,815690.96,693337.32,In Stock,6,9,11
ORD-002620,SKU-08835,Product_Gamma_27,Pharmaceuticals,Supplier_C,Kolkata WH,Central,2023-04-20,2023-05-02,Sea,Net 30,2514.66,236,236,449,146,38,0,593459.76,593459.76,In Stock,6,9,12
ORD-002621,SKU-01006,Product_Delta_20,Apparel,Supplier_B,Delhi WH,North,2023-04-21,2023-04-27,Air,Immediate,3029.31,338,338,444,193,15,5,1023906.78,972711.44,In Stock,9,8,6
ORD-002622,SKU-04267,Product_Sigma_6,Industrial Parts,Supplier_B,Delhi WH,East,2023-04-21,2023-05-07,Rail,Net 60,2803.85,10,10,59,48,15,15,28038.5,23832.72,In Stock,0,14,16
ORD-002623,SKU-07564,Product_Sigma_37,Pharmaceuticals,Supplier_J,Delhi WH,South,2023-04-21,2023-05-05,Rail,Net 60,2437.16,199,199,391,140,6,20,484994.84,387995.87,In Stock,3,5,14
ORD-002624,SKU-05928,Product_Kappa_35,Apparel,Supplier_K,Bangalore WH,West,2023-04-21,2023-04-28,Air,Immediate,2529.61,252,252,811,193,12,10,637461.72,573715.55,In Stock,3,9,7
ORD-002625,SKU-03606,Product_Gamma_25,Furniture,Supplier_B,Kolkata WH,West,2023-04-21,2023-05-05,Road,Net 30,890.3,50,408,810,163,42,0,44515.0,44515.0,In Stock,4,9,14
ORD-002626,SKU-06906,Product_Zeta_7,Apparel,Supplier_F,Mumbai WH,East,2023-04-21,2023-05-14,Air,Net 15,4065.54,428,428,389,198,19,5,1740051.12,1653048.56,In Stock,9,1,23
ORD-002627,SKU-04273,Product_Gamma_34,FMCG,Supplier_I,Delhi WH,South,2023-04-21,2023-05-16,Air,Net 15,2713.38,142,142,211,120,40,0,385299.96,385299.96,In Stock,4,11,25
ORD-002628,SKU-08611,Product_Kappa_45,Pharmaceuticals,Supplier_J,Mumbai WH,East,2023-04-21,2023-05-03,Sea,Net 15,664.09,271,140,666,30,5,10,179968.39,161971.55,In Stock,7,12,12
ORD-002629,SKU-01913,Product_Omega_33,Pharmaceuticals,Supplier_B,Hyderabad WH,East,2023-04-22,2023-05-04,Rail,Net 30,3833.12,16,16,684,158,27,10,61329.92,55196.93,In Stock,3,6,12
ORD-002630,SKU-03011,Product_Omega_30,Furniture,Supplier_C,Hyderabad WH,North,2023-04-22,2023-05-20,Rail,Immediate,4662.9,2,2,534,108,10,15,9325.8,7926.93,In Stock,0,1,28
ORD-002631,SKU-02442,Product_Omega_28,FMCG,Supplier_G,Chennai WH,West,2023-04-22,2023-05-05,Rail,Net 60,4737.06,158,158,239,77,43,5,748455.48,711032.71,In Stock,4,3,13
ORD-002632,SKU-06546,Product_Kappa_27,Electronics,Supplier_I,Chennai WH,Central,2023-04-22,2023-05-01,Sea,Net 15,1851.4,30,30,487,38,14,10,55542.0,49987.8,In Stock,0,3,9
ORD-002633,SKU-02829,Product_Zeta_30,Apparel,Supplier_G,Delhi WH,West,2023-04-22,2023-05-07,Sea,Net 30,686.23,82,82,720,179,34,20,56270.86,45016.69,In Stock,2,9,15
ORD-002634,SKU-09767,Product_Alpha_36,Pharmaceuticals,Supplier_L,Chennai WH,Central,2023-04-22,2023-04-28,Air,Net 30,2596.81,31,31,121,69,15,20,80501.11,64400.89,In Stock,7,6,6
ORD-002635,SKU-07468,Product_Alpha_50,Electronics,Supplier_E,Hyderabad WH,Central,2023-04-23,2023-05-12,Rail,Net 15,571.92,236,279,252,141,29,10,134973.12,121475.81,In Stock,9,5,19
ORD-002636,SKU-01929,Product_Zeta_6,Pharmaceuticals,Supplier_L,Delhi WH,West,2023-04-23,2023-04-28,Air,Immediate,4670.6,496,496,140,91,26,10,2316617.6,2084955.84,In Stock,4,11,5
ORD-002637,SKU-04699,Product_Gamma_40,Furniture,Supplier_J,Kolkata WH,Central,2023-04-23,2023-05-12,Rail,Net 60,926.06,333,333,451,74,27,5,308377.98,292959.08,In Stock,6,10,19
ORD-002638,SKU-02054,Product_Sigma_16,Industrial Parts,Supplier_I,Delhi WH,West,2023-04-23,2023-05-15,Rail,Net 30,1271.3,148,148,851,188,3,0,188152.4,188152.4,In Stock,0,11,22
ORD-002639,SKU-06744,Product_Omega_9,FMCG,Supplier_G,Hyderabad WH,North,2023-04-23,2023-05-01,Air,Immediate,2039.12,177,177,873,118,3,0,360924.24,360924.24,In Stock,5,12,8
ORD-002640,SKU-02900,Product_Sigma_4,FMCG,Supplier_E,Hyderabad WH,South,2023-04-23,2023-05-20,Rail,Net 30,1921.99,370,370,831,89,35,5,711136.3,675579.48,In Stock,7,11,27
ORD-002641,SKU-07980,Product_Zeta_9,Electronics,Supplier_H,Delhi WH,North,2023-04-24,2023-04-28,Air,Net 60,3975.37,35,35,152,168,35,0,139137.95,139137.95,Low Stock,5,9,4
ORD-002642,SKU-08069,Product_Zeta_43,Furniture,Supplier_I,Mumbai WH,South,2023-04-24,2023-05-18,Road,Immediate,2287.02,23,23,892,136,6,5,52601.46,49971.39,In Stock,3,6,24
ORD-002643,SKU-04415,Product_Alpha_30,Industrial Parts,Supplier_G,Bangalore WH,Central,2023-04-24,2023-05-03,Rail,Net 15,862.13,106,270,725,45,14,10,91385.78,82247.2,In Stock,7,5,9
ORD-002644,SKU-01442,Product_Kappa_4,Pharmaceuticals,Supplier_I,Mumbai WH,South,2023-04-24,2023-05-20,Rail,Net 30,1343.38,97,97,307,148,26,5,130307.86,123792.47,In Stock,7,0,26
ORD-002645,SKU-07218,Product_Beta_4,FMCG,Supplier_K,Delhi WH,South,2023-04-25,2023-05-03,Sea,Net 30,2550.48,230,230,559,174,3,0,586610.4,586610.4,In Stock,5,14,8
ORD-002646,SKU-05652,Product_Sigma_42,Industrial Parts,Supplier_G,Mumbai WH,North,2023-04-25,2023-05-13,Rail,Immediate,745.8,227,227,316,197,33,0,169296.6,169296.6,In Stock,7,14,18
ORD-002647,SKU-08939,Product_Beta_22,Pharmaceuticals,Supplier_C,Bangalore WH,South,2023-04-25,2023-05-09,Air,Net 30,3062.16,371,371,528,133,42,0,1136061.36,1136061.36,In Stock,5,10,14
ORD-002648,SKU-08833,Product_Beta_19,FMCG,Supplier_D,Hyderabad WH,North,2023-04-25,2023-05-23,Road,Net 60,2833.08,100,100,295,84,13,0,283308.0,283308.0,In Stock,3,3,28
ORD-002649,SKU-08597,Product_Kappa_45,Electronics,Supplier_H,Kolkata WH,West,2023-04-26,2023-05-09,Rail,Net 30,3576.36,445,445,842,29,29,20,1591480.2,1273184.16,Reorder Pending,5,13,13
ORD-002650,SKU-05458,Product_Omega_4,Pharmaceuticals,Supplier_G,Bangalore WH,North,2023-04-26,2023-05-03,Air,Net 15,4689.15,468,468,344,114,9,0,2194522.2,2194522.2,In Stock,8,2,7
ORD-002651,SKU-07591,Product_Beta_48,FMCG,Supplier_A,Bangalore WH,North,2023-04-26,2023-05-01,Sea,Net 15,4562.15,55,55,580,140,32,0,250918.25,250918.25,In Stock,7,14,5
ORD-002652,SKU-03309,Product_Alpha_45,Industrial Parts,Supplier_A,Hyderabad WH,Central,2023-04-26,2023-05-22,Sea,Net 15,4730.92,195,195,596,145,22,0,922529.4,922529.4,In Stock,6,6,26
ORD-002653,SKU-07268,Product_Delta_34,Furniture,Supplier_I,Bangalore WH,East,2023-04-26,2023-05-20,Rail,Net 15,1231.13,8,8,281,56,22,10,9849.04,8864.14,In Stock,4,12,24
ORD-002654,SKU-01910,Product_Gamma_36,FMCG,Supplier_I,Mumbai WH,Central,2023-04-26,2023-05-01,Rail,Immediate,666.51,424,61,207,88,34,10,282600.24,254340.22,In Stock,6,6,5
ORD-002655,SKU-05340,Product_Kappa_9,FMCG,Supplier_E,Delhi WH,West,2023-04-27,2023-05-13,Rail,Net 60,1518.36,315,315,951,60,10,0,478283.4,478283.4,In Stock,0,11,16
ORD-002656,SKU-05009,Product_Delta_44,Apparel,Supplier_E,Mumbai WH,West,2023-04-27,2023-05-23,Road,Net 15,4476.48,128,128,551,193,25,20,572989.44,458391.55,In Stock,7,11,26
ORD-002657,SKU-07628,Product_Gamma_20,Electronics,Supplier_H,Bangalore WH,South,2023-04-27,2023-04-28,Rail,Net 30,4860.55,32,32,980,64,12,15,155537.6,132206.96,In Stock,4,10,1
ORD-002658,SKU-03169,Product_Sigma_47,Apparel,Supplier_E,Mumbai WH,Central,2023-04-27,2023-05-03,Rail,Net 15,4298.03,93,93,95,142,3,0,399716.79,399716.79,Low Stock,6,3,6
ORD-002659,SKU-03172,Product_Alpha_32,FMCG,Supplier_A,Delhi WH,Central,2023-04-27,2023-05-11,Air,Net 30,558.99,7,7,451,145,19,5,3912.93,3717.28,In Stock,6,6,14
ORD-002660,SKU-06668,Product_Delta_8,Furniture,Supplier_I,Chennai WH,South,2023-04-27,2023-05-13,Air,Net 60,4737.67,258,258,997,46,33,5,1222318.86,1161202.92,In Stock,7,3,16
ORD-002661,SKU-07313,Product_Beta_1,Pharmaceuticals,Supplier_L,Delhi WH,Central,2023-04-27,2023-05-02,Road,Net 15,2122.56,341,341,761,103,26,0,723792.96,723792.96,In Stock,6,8,5
ORD-002662,SKU-09315,Product_Gamma_39,Electronics,Supplier_D,Kolkata WH,West,2023-04-28,2023-05-27,Road,Net 15,56.46,390,390,372,155,13,15,22019.4,18716.49,In Stock,5,2,29
ORD-002663,SKU-09036,Product_Beta_34,Furniture,Supplier_H,Chennai WH,Central,2023-04-28,2023-05-26,Sea,Net 30,2217.54,220,220,647,68,7,0,487858.8,487858.8,In Stock,5,9,28
ORD-002664,SKU-07789,Product_Beta_16,Pharmaceuticals,Supplier_K,Hyderabad WH,Central,2023-04-28,2023-05-19,Sea,Net 15,239.89,240,240,72,115,34,5,57573.6,54694.92,Low Stock,4,14,21
ORD-002665,SKU-01785,Product_Delta_7,Pharmaceuticals,Supplier_I,Kolkata WH,West,2023-04-28,2023-05-15,Rail,Net 15,2723.95,106,106,812,140,22,5,288738.7,274301.76,In Stock,4,1,17
ORD-002666,SKU-07139,Product_Kappa_2,Electronics,Supplier_B,Delhi WH,South,2023-04-29,2023-05-17,Rail,Net 60,1699.38,36,36,784,133,20,5,61177.68,58118.8,In Stock,3,4,18
ORD-002667,SKU-07344,Product_Kappa_26,Electronics,Supplier_J,Chennai WH,Central,2023-04-29,2023-05-23,Sea,Immediate,2372.44,416,416,680,33,43,15,986935.04,838894.78,In Stock,6,8,24
ORD-002668,SKU-03416,Product_Alpha_8,Industrial Parts,Supplier_B,Hyderabad WH,West,2023-04-29,2023-05-10,Sea,Net 30,3069.72,45,45,332,81,23,0,138137.4,138137.4,In Stock,2,10,11
ORD-002669,SKU-09988,Product_Sigma_26,Pharmaceuticals,Supplier_J,Delhi WH,South,2023-04-29,2023-05-25,Sea,Net 15,4345.32,298,298,392,62,14,0,1294905.36,1294905.36,In Stock,4,2,26
ORD-002670,SKU-05154,Product_Kappa_12,Industrial Parts,Supplier_A,Mumbai WH,North,2023-04-29,2023-05-15,Sea,Immediate,3312.89,309,437,709,174,30,10,1023683.01,921314.71,In Stock,2,0,16
ORD-002671,SKU-06619,Product_Delta_35,Apparel,Supplier_H,Hyderabad WH,East,2023-04-30,2023-05-10,Rail,Net 60,2175.9,366,366,858,115,23,0,796379.4,796379.4,In Stock,7,8,10
ORD-002672,SKU-02936,Product_Sigma_40,Electronics,Supplier_E,Chennai WH,South,2023-04-30,2023-05-09,Rail,Net 15,4098.94,9,9,105,46,19,0,36890.46,36890.46,In Stock,4,4,9
ORD-002673,SKU-04807,Product_Kappa_43,Apparel,Supplier_J,Delhi WH,East,2023-04-30,2023-05-18,Road,Net 60,4528.85,459,459,100,87,39,5,2078742.15,1974805.04,In Stock,9,1,18
ORD-002674,SKU-08151,Product_Beta_28,Pharmaceuticals,Supplier_J,Delhi WH,Central,2023-04-30,2023-05-28,Rail,Net 30,607.6,87,87,358,146,41,0,52861.2,52861.2,In Stock,5,5,28
ORD-002675,SKU-04236,Product_Gamma_41,Furniture,Supplier_C,Bangalore WH,East,2023-04-30,2023-05-19,Rail,Immediate,2664.35,370,370,746,67,36,0,985809.5,985809.5,In Stock,0,2,19
ORD-002676,SKU-03352,Product_Alpha_12,FMCG,Supplier_B,Chennai WH,West,2023-04-30,2023-05-02,Air,Net 60,1429.71,331,331,791,86,6,0,473234.01,473234.01,In Stock,3,13,2
ORD-002677,SKU-02932,Product_Gamma_48,Pharmaceuticals,Supplier_G,Delhi WH,South,2023-04-30,2023-05-13,Road,Net 30,244.84,177,177,328,44,23,0,43336.68,43336.68,In Stock,8,8,13
ORD-002678,SKU-09556,Product_Delta_11,Apparel,Supplier_E,Kolkata WH,Central,2023-04-30,2023-05-04,Road,Net 15,3346.05,130,130,888,138,10,5,434986.5,413237.18,In Stock,4,2,4
ORD-002679,SKU-05916,Product_Delta_31,FMCG,Supplier_A,Delhi WH,North,2023-05-01,2023-05-24,Sea,Net 15,4315.23,195,195,617,171,35,0,841469.85,841469.85,In Stock,0,1,23
ORD-002680,SKU-06498,Product_Kappa_19,Electronics,Supplier_A,Chennai WH,West,2023-05-01,2023-05-07,Road,Net 15,822.88,11,11,394,28,21,20,9051.68,7241.34,In Stock,3,2,6
ORD-002681,SKU-01946,Product_Sigma_43,Electronics,Supplier_G,Delhi WH,Central,2023-05-01,2023-05-03,Rail,Net 15,4063.94,306,306,34,155,32,0,1243565.64,1243565.64,Low Stock,5,5,2
ORD-002682,SKU-02439,Product_Beta_38,FMCG,Supplier_J,Mumbai WH,West,2023-05-02,2023-05-09,Road,Net 60,4268.44,419,419,156,114,30,10,1788476.36,1609628.72,In Stock,6,2,7
ORD-002683,SKU-08730,Product_Kappa_24,Apparel,Supplier_L,Mumbai WH,East,2023-05-02,2023-05-29,Sea,Net 60,4572.56,122,122,903,78,33,15,557852.32,474174.47,In Stock,6,8,27
ORD-002684,SKU-05857,Product_Sigma_26,Industrial Parts,Supplier_L,Kolkata WH,East,2023-05-02,2023-05-11,Sea,Net 15,1333.77,399,284,272,36,6,0,532174.23,532174.23,In Stock,7,8,9
ORD-002685,SKU-01340,Product_Zeta_45,FMCG,Supplier_I,Delhi WH,North,2023-05-02,2023-05-18,Air,Net 30,4520.73,235,235,966,190,5,10,1062371.55,956134.4,In Stock,4,8,16
ORD-002686,SKU-01382,Product_Beta_30,Electronics,Supplier_D,Hyderabad WH,West,2023-05-02,2023-05-29,Air,Net 60,1610.11,331,331,395,114,15,15,532946.41,453004.45,In Stock,5,1,27
ORD-002687,SKU-09491,Product_Zeta_28,FMCG,Supplier_G,Kolkata WH,North,2023-05-03,2023-05-24,Sea,Immediate,2766.17,31,94,751,151,43,0,85751.27,85751.27,In Stock,1,14,21
ORD-002688,SKU-01138,Product_Gamma_2,FMCG,Supplier_J,Bangalore WH,South,2023-05-03,2023-05-07,Air,Immediate,262.03,348,348,206,120,25,20,91186.44,72949.15,Reorder Pending,9,6,4
ORD-002689,SKU-01358,Product_Sigma_30,Industrial Parts,Supplier_L,Delhi WH,South,2023-05-03,2023-05-18,Rail,Net 60,228.97,446,446,756,155,13,0,102120.62,102120.62,In Stock,1,14,15
ORD-002690,SKU-05931,Product_Beta_37,Electronics,Supplier_K,Mumbai WH,South,2023-05-03,2023-05-27,Rail,Net 30,3604.66,412,412,604,61,6,0,1485119.92,1485119.92,In Stock,2,11,24
ORD-002691,SKU-04456,Product_Zeta_1,FMCG,Supplier_C,Bangalore WH,Central,2023-05-03,2023-05-14,Rail,Net 15,2227.96,224,224,620,68,37,10,499063.04,449156.74,In Stock,3,1,11
ORD-002692,SKU-02627,Product_Sigma_3,FMCG,Supplier_D,Chennai WH,Central,2023-05-03,2023-05-12,Rail,Net 60,1288.9,153,153,305,25,2,0,197201.7,197201.7,In Stock,5,0,9
ORD-002693,SKU-07626,Product_Kappa_3,Apparel,Supplier_F,Kolkata WH,Central,2023-05-04,2023-05-16,Rail,Net 30,960.16,212,212,625,92,17,10,203553.92,183198.53,In Stock,5,4,12
ORD-002694,SKU-06004,Product_Omega_9,Electronics,Supplier_D,Delhi WH,North,2023-05-04,2023-05-16,Sea,Immediate,3353.07,92,92,535,189,24,15,308482.44,262210.07,In Stock,2,10,12
ORD-002695,SKU-07652,Product_Kappa_47,Apparel,Supplier_E,Mumbai WH,West,2023-05-04,2023-05-22,Sea,Immediate,12.0,409,409,804,51,12,20,4908.0,3926.4,In Stock,0,10,18
ORD-002696,SKU-07416,Product_Kappa_18,Furniture,Supplier_I,Hyderabad WH,North,2023-05-04,2023-05-22,Rail,Net 15,4031.4,331,331,461,162,44,5,1334393.4,1267673.73,In Stock,2,7,18
ORD-002697,SKU-04170,Product_Alpha_11,Apparel,Supplier_E,Hyderabad WH,North,2023-05-04,2023-06-03,Air,Immediate,405.46,467,467,251,101,14,20,189349.82,151479.86,In Stock,3,13,30
ORD-002698,SKU-04835,Product_Omega_33,FMCG,Supplier_I,Kolkata WH,East,2023-05-05,2023-05-31,Sea,Net 15,965.53,348,348,266,88,7,5,336004.44,319204.22,In Stock,8,2,26
ORD-002699,SKU-09017,Product_Delta_23,Pharmaceuticals,Supplier_G,Delhi WH,North,2023-05-05,2023-05-14,Sea,Net 60,1937.32,129,129,866,133,26,0,249914.28,249914.28,In Stock,9,6,9
ORD-002700,SKU-03151,Product_Zeta_33,Apparel,Supplier_E,Bangalore WH,North,2023-05-05,2023-05-17,Road,Immediate,2429.45,443,443,208,46,32,5,1076246.35,1022434.03,In Stock,7,5,12
ORD-002701,SKU-07905,Product_Beta_12,Industrial Parts,Supplier_H,Delhi WH,South,2023-05-05,2023-05-06,Road,Net 15,1781.43,197,197,954,85,29,10,350941.71,315847.54,In Stock,3,10,1
ORD-002702,SKU-03834,Product_Gamma_23,Industrial Parts,Supplier_A,Delhi WH,Central,2023-05-06,2023-05-20,Rail,Net 30,1610.35,458,458,566,175,39,5,737540.3,700663.28,In Stock,6,12,14
ORD-002703,SKU-03567,Product_Omega_30,Furniture,Supplier_I,Mumbai WH,West,2023-05-06,2023-05-10,Sea,Immediate,4819.94,42,42,538,171,9,5,202437.48,192315.61,In Stock,8,13,4
ORD-002704,SKU-02307,Product_Gamma_18,Pharmaceuticals,Supplier_C,Hyderabad WH,East,2023-05-06,2023-05-18,Sea,Net 15,3211.48,366,366,834,70,14,5,1175401.68,1116631.6,In Stock,1,0,12
ORD-002705,SKU-09848,Product_Sigma_26,Electronics,Supplier_B,Chennai WH,East,2023-05-06,2023-06-03,Air,Net 15,126.93,418,418,502,168,17,5,53056.74,50403.9,In Stock,2,11,28
ORD-002706,SKU-03660,Product_Beta_42,Apparel,Supplier_D,Kolkata WH,North,2023-05-06,2023-05-28,Road,Net 60,2156.58,228,228,955,178,25,20,491700.24,393360.19,In Stock,0,6,22
ORD-002707,SKU-04730,Product_Kappa_25,Industrial Parts,Supplier_J,Bangalore WH,South,2023-05-06,2023-05-26,Rail,Net 30,4376.29,194,194,513,94,30,5,849000.26,806550.25,In Stock,7,2,20
ORD-002708,SKU-07207,Product_Kappa_39,Industrial Parts,Supplier_I,Bangalore WH,North,2023-05-06,2023-05-13,Rail,Net 60,1514.27,18,18,579,69,29,0,27256.86,27256.86,In Stock,1,13,7
ORD-002709,SKU-04162,Product_Gamma_37,FMCG,Supplier_G,Mumbai WH,South,2023-05-06,2023-05-25,Road,Net 15,481.84,333,333,913,111,29,10,160452.72,144407.45,In Stock,6,3,19
ORD-002710,SKU-02140,Product_Sigma_9,Electronics,Supplier_F,Chennai WH,South,2023-05-06,2023-05-25,Rail,Net 30,3794.34,243,243,147,131,18,0,922024.62,922024.62,In Stock,6,13,19
ORD-002711,SKU-09458,Product_Omega_38,Electronics,Supplier_E,Kolkata WH,North,2023-05-07,2023-05-28,Air,Net 15,3034.01,389,389,980,187,31,15,1180229.89,1003195.41,In Stock,2,9,21
ORD-002712,SKU-02708,Product_Omega_38,Pharmaceuticals,Supplier_G,Delhi WH,North,2023-05-07,2023-05-28,Road,Net 30,2855.86,276,276,830,87,19,0,788217.36,788217.36,Reorder Pending,1,1,21
ORD-002713,SKU-04630,Product_Zeta_5,FMCG,Supplier_C,Hyderabad WH,West,2023-05-08,2023-05-26,Sea,Immediate,277.35,450,450,973,125,17,0,124807.5,124807.5,In Stock,2,14,18
ORD-002714,SKU-04211,Product_Alpha_2,Apparel,Supplier_C,Mumbai WH,East,2023-05-08,2023-05-14,Sea,Immediate,711.09,127,127,839,163,6,0,90308.43,90308.43,In Stock,7,10,6
ORD-002715,SKU-07538,Product_Gamma_15,Furniture,Supplier_L,Chennai WH,East,2023-05-09,2023-06-03,Sea,Net 30,3116.52,75,75,641,95,12,0,233739.0,233739.0,In Stock,8,0,25
ORD-002716,SKU-01475,Product_Beta_43,Furniture,Supplier_A,Chennai WH,East,2023-05-09,2023-05-19,Rail,Net 60,1047.04,62,62,985,105,38,10,64916.48,58424.83,In Stock,7,4,10
ORD-002717,SKU-08684,Product_Beta_32,Electronics,Supplier_C,Hyderabad WH,East,2023-05-10,2023-05-22,Air,Net 15,2525.31,478,478,82,126,3,0,1207098.18,1207098.18,Low Stock,1,5,12
ORD-002718,SKU-02207,Product_Kappa_21,FMCG,Supplier_B,Bangalore WH,North,2023-05-10,2023-05-21,Sea,Net 30,2728.96,480,480,41,75,35,15,1309900.8,1113415.68,Reorder Pending,8,10,11
ORD-002719,SKU-02960,Product_Delta_50,Electronics,Supplier_C,Chennai WH,West,2023-05-10,2023-06-01,Rail,Net 60,1424.7,288,288,155,99,33,5,410313.6,389797.92,In Stock,5,1,22
ORD-002720,SKU-01557,Product_Delta_7,Electronics,Supplier_D,Chennai WH,East,2023-05-10,2023-05-27,Air,Immediate,4742.64,186,186,668,43,29,0,882131.04,882131.04,In Stock,1,9,17
ORD-002721,SKU-01882,Product_Gamma_47,FMCG,Supplier_L,Bangalore WH,Central,2023-05-10,2023-05-26,Road,Net 30,4213.9,178,178,452,47,3,10,750074.2,675066.78,In Stock,8,5,16
ORD-002722,SKU-05761,Product_Zeta_49,Apparel,Supplier_L,Chennai WH,West,2023-05-10,2023-06-04,Road,Net 15,3614.64,166,166,618,140,5,10,600030.24,540027.22,In Stock,4,5,25
ORD-002723,SKU-06867,Product_Zeta_5,Industrial Parts,Supplier_H,Mumbai WH,Central,2023-05-11,2023-06-04,Sea,Net 60,399.19,183,183,283,112,14,10,73051.77,65746.59,Discontinued,5,7,24
ORD-002724,SKU-07963,Product_Alpha_40,Industrial Parts,Supplier_K,Hyderabad WH,South,2023-05-11,2023-05-26,Road,Net 30,539.59,28,28,187,104,36,10,15108.52,13597.67,In Stock,0,7,15
ORD-002725,SKU-08166,Product_Sigma_8,Pharmaceuticals,Supplier_L,Delhi WH,North,2023-05-11,2023-06-09,Sea,Net 60,2468.98,330,330,616,131,28,0,814763.4,814763.4,In Stock,1,5,29
ORD-002726,SKU-08929,Product_Alpha_48,Pharmaceuticals,Supplier_C,Mumbai WH,North,2023-05-11,2023-05-14,Sea,Net 60,811.96,470,470,623,141,41,10,381621.2,343459.08,In Stock,0,6,3
ORD-002727,SKU-06347,Product_Beta_29,Electronics,Supplier_A,Hyderabad WH,East,2023-05-11,2023-05-24,Rail,Net 30,4891.54,247,247,473,108,32,0,1208210.38,1208210.38,In Stock,3,3,13
ORD-002728,SKU-08269,Product_Omega_39,Furniture,Supplier_F,Delhi WH,West,2023-05-11,2023-05-31,Road,Net 15,801.02,337,337,506,50,18,5,269943.74,256446.55,In Stock,1,4,20
ORD-002729,SKU-09125,Product_Alpha_12,Pharmaceuticals,Supplier_F,Delhi WH,West,2023-05-12,2023-05-22,Air,Net 15,2442.46,22,22,132,162,42,20,53734.12,42987.3,Low Stock,0,5,10
ORD-002730,SKU-03454,Product_Omega_7,Pharmaceuticals,Supplier_A,Kolkata WH,South,2023-05-12,2023-05-27,Rail,Net 15,1826.96,427,427,270,130,40,0,780111.92,780111.92,In Stock,2,14,15
ORD-002731,SKU-05494,Product_Kappa_25,Industrial Parts,Supplier_D,Chennai WH,West,2023-05-12,2023-06-02,Rail,Net 15,3200.54,467,225,621,61,13,10,1494652.18,1345186.96,In Stock,3,5,21
ORD-002732,SKU-02946,Product_Gamma_41,Pharmaceuticals,Supplier_D,Bangalore WH,East,2023-05-12,2023-05-17,Air,Net 15,653.89,465,465,72,121,2,0,304058.85,304058.85,Low Stock,3,2,5
ORD-002733,SKU-03808,Product_Delta_13,Electronics,Supplier_A,Hyderabad WH,North,2023-05-13,2023-06-10,Road,Immediate,2157.28,472,472,927,69,25,0,1018236.16,1018236.16,In Stock,2,8,28
ORD-002734,SKU-07642,Product_Sigma_32,Pharmaceuticals,Supplier_A,Delhi WH,North,2023-05-13,2023-05-19,Rail,Immediate,1380.78,420,420,435,143,20,5,579927.6,550931.22,In Stock,1,3,6
ORD-002735,SKU-04825,Product_Kappa_44,Furniture,Supplier_A,Kolkata WH,East,2023-05-13,2023-06-03,Air,Net 30,4439.88,96,96,857,152,7,5,426228.48,404917.06,In Stock,7,7,21
ORD-002736,SKU-04536,Product_Sigma_15,Apparel,Supplier_A,Chennai WH,South,2023-05-13,2023-06-08,Sea,Immediate,212.52,122,122,292,195,11,5,25927.44,24631.07,In Stock,9,12,26
ORD-002737,SKU-07068,Product_Delta_48,Industrial Parts,Supplier_I,Delhi WH,West,2023-05-13,2023-06-12,Air,Net 60,4569.5,250,250,654,32,5,0,1142375.0,1142375.0,Discontinued,1,3,30
ORD-002738,SKU-04802,Product_Gamma_28,Electronics,Supplier_I,Hyderabad WH,Central,2023-05-13,2023-05-24,Air,Net 60,4166.64,494,494,936,51,29,15,2058320.16,1749572.14,Discontinued,4,14,11
ORD-002739,SKU-05699,Product_Delta_6,FMCG,Supplier_G,Bangalore WH,West,2023-05-14,2023-05-28,Rail,Immediate,1494.88,379,379,771,98,18,0,566559.52,566559.52,In Stock,6,5,14
ORD-002740,SKU-02970,Product_Alpha_41,FMCG,Supplier_D,Mumbai WH,East,2023-05-14,2023-06-04,Rail,Net 60,3948.56,308,308,756,110,8,0,1216156.48,1216156.48,In Stock,8,0,21
ORD-002741,SKU-06806,Product_Beta_14,Apparel,Supplier_E,Mumbai WH,East,2023-05-14,2023-06-03,Rail,Net 30,165.76,420,420,436,177,27,15,69619.2,59176.32,Discontinued,2,13,20
ORD-002742,SKU-07142,Product_Alpha_9,Apparel,Supplier_L,Kolkata WH,South,2023-05-15,2023-06-03,Rail,Net 15,4834.66,412,70,995,25,42,20,1991879.92,1593503.94,In Stock,0,1,19
ORD-002743,SKU-03819,Product_Alpha_24,Pharmaceuticals,Supplier_L,Mumbai WH,North,2023-05-15,2023-05-28,Road,Immediate,2637.71,334,334,851,44,2,5,880995.14,836945.38,In Stock,8,14,13
ORD-002744,SKU-01364,Product_Zeta_37,Pharmaceuticals,Supplier_G,Delhi WH,South,2023-05-15,2023-06-12,Rail,Net 60,1523.37,442,442,666,175,35,15,673329.54,572330.11,In Stock,0,5,28
ORD-002745,SKU-05258,Product_Beta_22,Pharmaceuticals,Supplier_H,Bangalore WH,West,2023-05-15,2023-06-14,Rail,Immediate,1819.29,420,485,660,169,26,0,764101.8,764101.8,In Stock,7,2,30
ORD-002746,SKU-04119,Product_Gamma_44,FMCG,Supplier_D,Bangalore WH,North,2023-05-15,2023-05-18,Rail,Net 60,341.36,326,326,59,87,23,0,111283.36,111283.36,Low Stock,1,10,3
ORD-002747,SKU-02863,Product_Kappa_13,Industrial Parts,Supplier_J,Delhi WH,West,2023-05-16,2023-05-19,Rail,Net 60,4946.85,137,137,597,162,5,15,677718.45,576060.68,In Stock,6,6,3
ORD-002748,SKU-01115,Product_Delta_37,Apparel,Supplier_B,Delhi WH,Central,2023-05-16,2023-05-22,Rail,Net 15,206.07,277,277,703,45,16,20,57081.39,45665.11,In Stock,2,0,6
ORD-002749,SKU-08084,Product_Kappa_33,Apparel,Supplier_J,Kolkata WH,East,2023-05-16,2023-05-27,Sea,Net 30,3277.99,320,320,326,37,42,0,1048956.8,1048956.8,In Stock,5,13,11
ORD-002750,SKU-09016,Product_Omega_23,FMCG,Supplier_A,Mumbai WH,East,2023-05-16,2023-05-24,Road,Net 15,2219.25,332,332,942,92,11,0,736791.0,736791.0,In Stock,5,2,8
ORD-002751,SKU-03384,Product_Gamma_5,Pharmaceuticals,Supplier_A,Delhi WH,Central,2023-05-16,2023-05-27,Air,Net 30,4745.09,61,61,181,81,19,0,289450.49,289450.49,In Stock,3,2,11
ORD-002752,SKU-04935,Product_Kappa_28,Industrial Parts,Supplier_I,Bangalore WH,South,2023-05-16,2023-05-27,Sea,Immediate,1237.54,250,250,798,87,16,0,309385.0,309385.0,In Stock,7,13,11
ORD-002753,SKU-08742,Product_Zeta_5,Industrial Parts,Supplier_I,Mumbai WH,South,2023-05-16,2023-06-06,Road,Net 30,2665.11,478,478,784,67,32,10,1273922.58,1146530.32,In Stock,4,11,21
ORD-002754,SKU-06442,Product_Beta_9,Electronics,Supplier_J,Bangalore WH,North,2023-05-16,2023-05-26,Road,Net 60,2416.96,95,95,766,197,12,5,229611.2,218130.64,In Stock,6,0,10
ORD-002755,SKU-03490,Product_Sigma_7,FMCG,Supplier_J,Delhi WH,Central,2023-05-17,2023-06-09,Rail,Net 30,3517.3,296,296,433,82,2,5,1041120.8,989064.76,In Stock,4,14,23
ORD-002756,SKU-07980,Product_Beta_32,Pharmaceuticals,Supplier_B,Chennai WH,East,2023-05-17,2023-05-26,Sea,Immediate,349.37,184,184,518,153,43,5,64284.08,61069.88,In Stock,3,3,9
ORD-002757,SKU-08661,Product_Delta_4,Pharmaceuticals,Supplier_B,Hyderabad WH,Central,2023-05-17,2023-06-06,Sea,Net 15,977.01,260,260,637,70,22,15,254022.6,215919.21,In Stock,5,7,20
ORD-002758,SKU-02724,Product_Omega_2,Industrial Parts,Supplier_E,Kolkata WH,West,2023-05-17,2023-06-07,Sea,Net 60,1080.68,287,97,82,31,26,0,310155.16,310155.16,In Stock,2,10,21
ORD-002759,SKU-09182,Product_Delta_19,Industrial Parts,Supplier_B,Chennai WH,South,2023-05-17,2023-05-30,Air,Net 60,3693.37,155,155,27,194,33,10,572472.35,515225.12,Low Stock,5,6,13
ORD-002760,SKU-03767,Product_Sigma_25,Pharmaceuticals,Supplier_G,Kolkata WH,South,2023-05-17,2023-05-26,Rail,Net 30,953.8,186,484,265,145,24,20,177406.8,141925.44,Discontinued,5,6,9
ORD-002761,SKU-02137,Product_Omega_5,Industrial Parts,Supplier_A,Mumbai WH,Central,2023-05-17,2023-06-15,Air,Net 60,2871.72,409,318,282,28,5,0,1174533.48,1174533.48,In Stock,5,13,29
ORD-002762,SKU-05117,Product_Gamma_19,FMCG,Supplier_A,Chennai WH,South,2023-05-18,2023-06-02,Rail,Net 15,1084.07,69,69,396,26,21,15,74800.83,63580.71,In Stock,2,14,15
ORD-002763,SKU-04420,Product_Beta_35,FMCG,Supplier_J,Delhi WH,West,2023-05-18,2023-06-12,Air,Net 15,4309.51,326,326,961,176,18,10,1404900.26,1264410.23,In Stock,7,4,25
ORD-002764,SKU-06845,Product_Delta_34,Apparel,Supplier_B,Chennai WH,Central,2023-05-18,2023-06-15,Air,Net 15,4711.51,261,351,981,198,39,0,1229704.11,1229704.11,In Stock,3,13,28
ORD-002765,SKU-05778,Product_Sigma_26,Apparel,Supplier_G,Hyderabad WH,North,2023-05-18,2023-05-30,Sea,Immediate,2597.28,115,115,762,169,5,0,298687.2,298687.2,In Stock,1,12,12
ORD-002766,SKU-04906,Product_Alpha_35,Industrial Parts,Supplier_J,Bangalore WH,West,2023-05-18,2023-06-11,Air,Immediate,1768.02,347,347,979,165,8,10,613502.94,552152.65,In Stock,6,3,24
ORD-002767,SKU-04637,Product_Beta_38,Furniture,Supplier_L,Bangalore WH,North,2023-05-18,2023-06-06,Rail,Immediate,1177.95,8,8,699,77,21,5,9423.6,8952.42,In Stock,7,9,19
ORD-002768,SKU-03953,Product_Kappa_17,FMCG,Supplier_K,Bangalore WH,North,2023-05-18,2023-06-04,Road,Immediate,258.41,265,141,382,59,5,5,68478.65,65054.72,In Stock,3,5,17
ORD-002769,SKU-06929,Product_Alpha_3,Pharmaceuticals,Supplier_C,Mumbai WH,East,2023-05-19,2023-06-03,Air,Net 60,1349.82,271,271,810,108,13,0,365801.22,365801.22,In Stock,5,1,15
ORD-002770,SKU-01276,Product_Omega_27,FMCG,Supplier_D,Bangalore WH,East,2023-05-19,2023-06-02,Sea,Net 15,3274.64,484,484,580,50,19,10,1584925.76,1426433.18,In Stock,7,0,14
ORD-002771,SKU-02999,Product_Sigma_13,Furniture,Supplier_C,Mumbai WH,West,2023-05-19,2023-05-25,Air,Net 30,2672.75,249,249,318,182,29,0,665514.75,665514.75,In Stock,4,12,6
ORD-002772,SKU-02227,Product_Omega_49,Furniture,Supplier_K,Kolkata WH,Central,2023-05-19,2023-05-25,Rail,Immediate,4720.77,105,105,837,45,2,0,495680.85,495680.85,In Stock,8,6,6
ORD-002773,SKU-07337,Product_Alpha_9,FMCG,Supplier_H,Chennai WH,South,2023-05-20,2023-06-17,Rail,Net 30,1987.42,263,263,610,125,37,0,522691.46,522691.46,In Stock,5,12,28
ORD-002774,SKU-04735,Product_Delta_36,Pharmaceuticals,Supplier_D,Kolkata WH,South,2023-05-20,2023-05-21,Sea,Net 30,3472.38,224,212,192,103,26,10,777813.12,700031.81,In Stock,5,3,1
ORD-002775,SKU-01695,Product_Omega_49,Furniture,Supplier_H,Bangalore WH,South,2023-05-21,2023-05-26,Rail,Net 15,2451.72,328,41,226,181,29,0,804164.16,804164.16,In Stock,1,6,5
ORD-002776,SKU-05152,Product_Alpha_16,FMCG,Supplier_L,Delhi WH,West,2023-05-21,2023-06-14,Road,Net 30,2567.76,495,495,450,95,5,0,1271041.2,1271041.2,In Stock,6,5,24
ORD-002777,SKU-08901,Product_Kappa_5,Furniture,Supplier_J,Delhi WH,West,2023-05-21,2023-05-29,Air,Immediate,1346.19,371,371,181,163,32,0,499436.49,499436.49,In Stock,8,10,8
ORD-002778,SKU-08470,Product_Alpha_23,Pharmaceuticals,Supplier_K,Mumbai WH,North,2023-05-21,2023-06-12,Sea,Immediate,2280.2,271,271,931,142,38,0,617934.2,617934.2,In Stock,4,8,22
ORD-002779,SKU-08537,Product_Beta_27,Industrial Parts,Supplier_I,Kolkata WH,East,2023-05-21,2023-05-30,Road,Net 15,2359.22,165,165,326,61,2,0,389271.3,389271.3,In Stock,4,11,9
ORD-002780,SKU-03841,Product_Beta_36,FMCG,Supplier_J,Bangalore WH,Central,2023-05-21,2023-06-14,Road,Net 30,3536.15,83,83,604,152,5,10,293500.45,264150.41,In Stock,4,9,24
ORD-002781,SKU-05208,Product_Kappa_9,FMCG,Supplier_L,Bangalore WH,East,2023-05-22,2023-06-14,Sea,Immediate,4703.79,295,295,654,80,33,10,1387618.05,1248856.25,In Stock,0,5,23
ORD-002782,SKU-09733,Product_Sigma_47,Furniture,Supplier_H,Chennai WH,Central,2023-05-22,2023-06-15,Sea,Net 60,1653.31,134,134,202,63,35,10,221543.54,199389.19,In Stock,4,2,24
ORD-002783,SKU-02088,Product_Alpha_7,Pharmaceuticals,Supplier_L,Kolkata WH,North,2023-05-22,2023-05-25,Air,Immediate,220.58,211,211,401,54,19,5,46542.38,44215.26,Reorder Pending,9,6,3
ORD-002784,SKU-04363,Product_Alpha_32,FMCG,Supplier_L,Delhi WH,Central,2023-05-22,2023-05-29,Road,Net 30,2486.51,313,313,643,127,15,0,778277.63,778277.63,Reorder Pending,7,8,7
ORD-002785,SKU-01024,Product_Delta_42,Apparel,Supplier_J,Kolkata WH,West,2023-05-22,2023-05-28,Air,Net 15,2726.86,92,92,471,110,35,20,250871.12,200696.9,In Stock,2,13,6
ORD-002786,SKU-07144,Product_Omega_28,Pharmaceuticals,Supplier_A,Chennai WH,North,2023-05-22,2023-06-04,Sea,Net 15,850.52,337,337,778,147,8,0,286625.24,286625.24,In Stock,8,10,13
ORD-002787,SKU-06668,Product_Kappa_20,Apparel,Supplier_G,Hyderabad WH,North,2023-05-23,2023-05-27,Air,Immediate,3804.72,490,490,645,20,1,10,1864312.8,1677881.52,In Stock,8,9,4
ORD-002788,SKU-05236,Product_Delta_2,FMCG,Supplier_A,Hyderabad WH,East,2023-05-23,2023-05-27,Rail,Immediate,4924.8,403,403,889,62,38,20,1984694.4,1587755.52,In Stock,5,11,4
ORD-002789,SKU-09068,Product_Alpha_2,Pharmaceuticals,Supplier_I,Hyderabad WH,North,2023-05-23,2023-05-26,Air,Net 30,4729.42,127,127,178,51,22,10,600636.34,540572.71,In Stock,3,11,3
ORD-002790,SKU-03235,Product_Delta_35,Electronics,Supplier_L,Kolkata WH,North,2023-05-23,2023-06-22,Air,Net 60,993.56,191,191,697,122,17,0,189769.96,189769.96,Reorder Pending,3,12,30
ORD-002791,SKU-08295,Product_Zeta_44,Electronics,Supplier_F,Hyderabad WH,Central,2023-05-23,2023-06-21,Air,Net 60,4378.06,159,159,955,52,16,0,696111.54,696111.54,In Stock,0,5,29
ORD-002792,SKU-09392,Product_Alpha_36,Furniture,Supplier_E,Bangalore WH,West,2023-05-23,2023-06-08,Rail,Immediate,3525.42,331,331,17,114,1,0,1166914.02,1166914.02,Low Stock,9,6,16
ORD-002793,SKU-09448,Product_Kappa_4,Industrial Parts,Supplier_I,Hyderabad WH,West,2023-05-24,2023-06-11,Rail,Net 15,2274.69,335,335,462,128,3,10,762021.15,685819.04,In Stock,4,7,18
ORD-002794,SKU-04747,Product_Zeta_50,FMCG,Supplier_B,Hyderabad WH,Central,2023-05-24,2023-05-26,Road,Net 60,2707.65,10,10,834,85,6,10,27076.5,24368.85,In Stock,4,3,2
ORD-002795,SKU-04175,Product_Zeta_45,Electronics,Supplier_I,Bangalore WH,West,2023-05-24,2023-05-25,Air,Immediate,4249.5,107,107,912,49,3,10,454696.5,409226.85,In Stock,4,4,1
ORD-002796,SKU-05897,Product_Gamma_28,Apparel,Supplier_G,Chennai WH,South,2023-05-24,2023-06-18,Air,Net 15,2405.87,87,87,608,29,30,0,209310.69,209310.69,In Stock,0,3,25
ORD-002797,SKU-06037,Product_Zeta_36,Electronics,Supplier_H,Chennai WH,North,2023-05-25,2023-06-07,Air,Net 60,1872.3,67,67,545,42,11,15,125444.1,106627.48,In Stock,0,0,13
ORD-002798,SKU-08427,Product_Gamma_8,Electronics,Supplier_E,Hyderabad WH,Central,2023-05-25,2023-06-11,Rail,Net 15,2471.3,62,62,925,116,27,10,153220.6,137898.54,In Stock,9,5,17
ORD-002799,SKU-09605,Product_Kappa_8,Electronics,Supplier_G,Bangalore WH,South,2023-05-25,2023-06-19,Road,Net 60,2899.86,387,387,402,58,22,0,1122245.82,1122245.82,In Stock,1,6,25
ORD-002800,SKU-03014,Product_Omega_23,Apparel,Supplier_D,Hyderabad WH,East,2023-05-25,2023-05-28,Road,Immediate,953.5,146,259,392,192,6,0,139211.0,139211.0,In Stock,0,1,3
ORD-002801,SKU-02381,Product_Delta_22,FMCG,Supplier_A,Hyderabad WH,North,2023-05-25,2023-05-29,Air,Net 15,4505.53,153,153,935,142,38,10,689346.09,620411.48,In Stock,7,5,4
ORD-002802,SKU-02098,Product_Zeta_4,FMCG,Supplier_A,Hyderabad WH,Central,2023-05-25,2023-06-03,Road,Net 30,3374.19,107,107,299,176,41,5,361038.33,342986.41,In Stock,3,13,9
ORD-002803,SKU-04426,Product_Delta_15,Furniture,Supplier_A,Mumbai WH,South,2023-05-26,2023-06-15,Sea,Net 30,3170.01,148,148,350,177,31,0,469161.48,469161.48,In Stock,5,10,20
ORD-002804,SKU-04655,Product_Beta_38,Apparel,Supplier_J,Delhi WH,North,2023-05-26,2023-05-31,Rail,Net 15,506.49,186,186,186,181,43,0,94207.14,94207.14,In Stock,7,1,5
ORD-002805,SKU-08938,Product_Alpha_15,Pharmaceuticals,Supplier_J,Delhi WH,North,2023-05-26,2023-05-29,Air,Net 60,3024.83,349,349,346,199,6,10,1055665.67,950099.1,In Stock,4,9,3
ORD-002806,SKU-01187,Product_Zeta_48,Furniture,Supplier_I,Bangalore WH,Central,2023-05-26,2023-06-16,Air,Immediate,613.59,342,342,622,122,20,0,209847.78,209847.78,In Stock,5,12,21
ORD-002807,SKU-06409,Product_Alpha_1,Apparel,Supplier_E,Delhi WH,South,2023-05-27,2023-06-26,Road,Immediate,402.7,178,178,408,41,41,0,71680.6,71680.6,In Stock,3,4,30
ORD-002808,SKU-03092,Product_Delta_4,Electronics,Supplier_K,Hyderabad WH,Central,2023-05-27,2023-06-25,Road,Net 30,2641.28,377,377,758,24,11,15,995762.56,846398.18,In Stock,5,0,29
ORD-002809,SKU-03130,Product_Beta_4,Apparel,Supplier_D,Kolkata WH,East,2023-05-27,2023-06-09,Road,Immediate,2019.9,335,335,70,158,2,10,676666.5,608999.85,Low Stock,5,2,13
ORD-002810,SKU-06242,Product_Gamma_29,Apparel,Supplier_D,Kolkata WH,South,2023-05-27,2023-06-06,Sea,Net 30,2948.16,487,487,820,179,31,10,1435753.92,1292178.53,In Stock,2,3,10
ORD-002811,SKU-09549,Product_Gamma_19,Furniture,Supplier_G,Kolkata WH,South,2023-05-27,2023-06-04,Road,Net 15,455.22,266,266,943,171,38,5,121088.52,115034.09,In Stock,3,3,8
ORD-002812,SKU-06647,Product_Alpha_21,Electronics,Supplier_B,Bangalore WH,South,2023-05-27,2023-06-04,Sea,Net 15,2160.61,149,52,326,158,26,5,321930.89,305834.35,In Stock,5,1,8
ORD-002813,SKU-06185,Product_Omega_39,FMCG,Supplier_B,Chennai WH,South,2023-05-27,2023-06-20,Air,Immediate,882.19,247,247,211,158,27,10,217900.93,196110.84,In Stock,7,7,24
ORD-002814,SKU-06776,Product_Delta_19,FMCG,Supplier_L,Chennai WH,Central,2023-05-27,2023-06-06,Road,Net 30,4935.63,254,254,308,164,31,20,1253650.02,1002920.02,In Stock,6,5,10
ORD-002815,SKU-08913,Product_Gamma_39,Electronics,Supplier_D,Bangalore WH,West,2023-05-28,2023-06-12,Air,Net 60,2810.14,29,29,107,179,24,0,81494.06,81494.06,Low Stock,3,8,15
ORD-002816,SKU-08547,Product_Zeta_31,Apparel,Supplier_H,Kolkata WH,North,2023-05-28,2023-06-18,Road,Net 15,3440.31,352,352,176,102,13,0,1210989.12,1210989.12,In Stock,2,5,21
ORD-002817,SKU-08823,Product_Beta_43,Electronics,Supplier_B,Chennai WH,East,2023-05-28,2023-06-02,Sea,Immediate,1633.84,266,266,426,174,25,0,434601.44,434601.44,In Stock,7,2,5
ORD-002818,SKU-08355,Product_Beta_5,FMCG,Supplier_B,Mumbai WH,Central,2023-05-28,2023-06-02,Road,Immediate,482.75,13,13,739,51,37,10,6275.75,5648.18,In Stock,5,11,5
ORD-002819,SKU-07465,Product_Sigma_35,FMCG,Supplier_I,Bangalore WH,South,2023-05-28,2023-06-14,Air,Net 60,4879.6,47,47,530,80,41,5,229341.2,217874.14,In Stock,7,1,17
ORD-002820,SKU-02497,Product_Delta_32,Industrial Parts,Supplier_B,Bangalore WH,West,2023-05-28,2023-06-24,Road,Net 30,1438.43,151,151,833,44,25,0,217202.93,217202.93,In Stock,8,8,27
ORD-002821,SKU-03555,Product_Omega_15,Electronics,Supplier_F,Hyderabad WH,Central,2023-05-29,2023-06-04,Rail,Net 60,2124.8,50,50,417,83,29,0,106240.0,106240.0,Discontinued,8,2,6
ORD-002822,SKU-06409,Product_Kappa_46,Pharmaceuticals,Supplier_B,Bangalore WH,East,2023-05-29,2023-05-30,Rail,Net 15,3252.82,215,215,247,175,31,0,699356.3,699356.3,In Stock,9,5,1
ORD-002823,SKU-03951,Product_Sigma_24,Apparel,Supplier_K,Mumbai WH,Central,2023-05-29,2023-05-31,Sea,Net 60,133.24,479,479,208,187,43,0,63821.96,63821.96,In Stock,8,9,2
ORD-002824,SKU-02238,Product_Sigma_42,Furniture,Supplier_J,Mumbai WH,South,2023-05-29,2023-06-20,Air,Immediate,4053.19,132,132,215,110,39,20,535021.08,428016.86,In Stock,9,1,22
ORD-002825,SKU-05727,Product_Delta_34,Furniture,Supplier_I,Chennai WH,Central,2023-05-30,2023-06-11,Sea,Immediate,2687.53,372,372,712,161,2,10,999761.16,899785.04,In Stock,0,6,12
ORD-002826,SKU-04965,Product_Sigma_21,Industrial Parts,Supplier_K,Kolkata WH,North,2023-05-30,2023-06-27,Sea,Immediate,1398.3,113,113,437,61,12,0,158007.9,158007.9,In Stock,2,13,28
ORD-002827,SKU-06686,Product_Beta_4,Pharmaceuticals,Supplier_F,Kolkata WH,East,2023-05-30,2023-06-29,Sea,Net 30,317.42,252,252,768,58,5,0,79989.84,79989.84,In Stock,8,0,30
ORD-002828,SKU-04701,Product_Omega_27,Furniture,Supplier_L,Delhi WH,Central,2023-05-30,2023-06-10,Sea,Net 30,820.87,451,451,617,21,27,0,370212.37,370212.37,In Stock,3,8,11
ORD-002829,SKU-03780,Product_Kappa_18,Apparel,Supplier_E,Chennai WH,East,2023-05-30,2023-06-27,Road,Net 15,4476.22,341,341,987,100,34,10,1526391.02,1373751.92,In Stock,9,0,28
ORD-002830,SKU-08398,Product_Beta_14,Furniture,Supplier_F,Mumbai WH,East,2023-05-30,2023-06-15,Rail,Net 15,3433.26,53,53,310,20,14,5,181962.78,172864.64,In Stock,1,8,16
ORD-002831,SKU-02588,Product_Gamma_34,Electronics,Supplier_I,Chennai WH,North,2023-05-30,2023-06-14,Road,Net 60,1257.01,130,130,782,128,7,20,163411.3,130729.04,In Stock,0,10,15
ORD-002832,SKU-03368,Product_Delta_20,FMCG,Supplier_C,Chennai WH,North,2023-05-30,2023-06-27,Air,Net 30,337.35,324,324,382,179,37,10,109301.4,98371.26,In Stock,4,0,28
ORD-002833,SKU-06789,Product_Delta_8,FMCG,Supplier_J,Mumbai WH,West,2023-05-30,2023-06-17,Road,Net 60,3456.17,193,193,980,144,36,5,667040.81,633688.77,In Stock,3,0,18
ORD-002834,SKU-01436,Product_Omega_47,FMCG,Supplier_E,Kolkata WH,South,2023-05-31,2023-06-30,Rail,Immediate,2866.31,79,79,270,83,10,15,226438.49,192472.72,In Stock,4,7,30
ORD-002835,SKU-03828,Product_Gamma_3,Pharmaceuticals,Supplier_C,Bangalore WH,Central,2023-05-31,2023-06-09,Air,Net 15,2028.55,57,57,120,178,29,10,115627.35,104064.62,Low Stock,4,0,9
ORD-002836,SKU-02556,Product_Delta_45,Pharmaceuticals,Supplier_A,Chennai WH,West,2023-06-01,2023-06-19,Road,Net 30,1824.42,97,97,406,101,16,0,176968.74,176968.74,Discontinued,7,14,18
ORD-002837,SKU-08570,Product_Kappa_42,Pharmaceuticals,Supplier_D,Bangalore WH,North,2023-06-01,2023-06-16,Rail,Net 15,1091.9,198,198,244,97,38,5,216196.2,205386.39,In Stock,5,7,15
ORD-002838,SKU-08480,Product_Kappa_8,Industrial Parts,Supplier_K,Delhi WH,East,2023-06-01,2023-06-06,Road,Immediate,3351.36,135,135,65,130,21,5,452433.6,429811.92,Low Stock,2,2,5
ORD-002839,SKU-01182,Product_Alpha_32,Industrial Parts,Supplier_E,Bangalore WH,Central,2023-06-01,2023-06-24,Sea,Net 15,4853.63,147,147,941,161,38,5,713483.61,677809.43,In Stock,8,3,23
ORD-002840,SKU-08190,Product_Alpha_18,Pharmaceuticals,Supplier_K,Chennai WH,South,2023-06-02,2023-06-20,Sea,Net 30,886.82,172,189,227,35,41,0,152533.04,152533.04,In Stock,7,1,18
ORD-002841,SKU-07687,Product_Sigma_38,Pharmaceuticals,Supplier_A,Delhi WH,North,2023-06-02,2023-06-08,Rail,Immediate,2989.61,63,63,881,73,33,0,188345.43,188345.43,In Stock,8,12,6
ORD-002842,SKU-06565,Product_Zeta_20,Furniture,Supplier_B,Chennai WH,West,2023-06-02,2023-06-21,Sea,Net 60,2126.68,65,65,136,160,29,0,138234.2,138234.2,Low Stock,3,5,19
ORD-002843,SKU-08241,Product_Beta_4,Industrial Parts,Supplier_F,Delhi WH,East,2023-06-02,2023-06-22,Rail,Net 15,2238.98,295,295,193,143,17,0,660499.1,660499.1,In Stock,7,6,20
ORD-002844,SKU-08651,Product_Sigma_40,Apparel,Supplier_D,Kolkata WH,West,2023-06-02,2023-06-17,Road,Immediate,1278.19,211,211,705,99,13,20,269698.09,215758.47,In Stock,2,9,15
ORD-002845,SKU-06575,Product_Zeta_32,Industrial Parts,Supplier_F,Delhi WH,East,2023-06-02,2023-06-23,Sea,Net 60,4127.42,109,109,657,98,6,10,449888.78,404899.9,In Stock,4,2,21
ORD-002846,SKU-02589,Product_Alpha_25,Furniture,Supplier_D,Delhi WH,North,2023-06-02,2023-06-26,Rail,Net 60,2431.43,282,282,656,178,2,10,685663.26,617096.93,In Stock,6,13,24
ORD-002847,SKU-09851,Product_Zeta_29,Apparel,Supplier_E,Bangalore WH,East,2023-06-02,2023-06-23,Rail,Net 60,2721.6,172,172,488,168,8,5,468115.2,444709.44,In Stock,0,8,21
ORD-002848,SKU-01159,Product_Alpha_15,Industrial Parts,Supplier_G,Kolkata WH,South,2023-06-03,2023-07-02,Air,Net 60,1530.76,12,12,583,146,32,10,18369.12,16532.21,In Stock,0,2,29
ORD-002849,SKU-07555,Product_Delta_25,Industrial Parts,Supplier_G,Bangalore WH,East,2023-06-03,2023-06-22,Rail,Immediate,917.22,406,406,353,177,36,20,372391.32,297913.06,In Stock,2,6,19
ORD-002850,SKU-09244,Product_Gamma_43,Furniture,Supplier_A,Delhi WH,Central,2023-06-03,2023-06-17,Sea,Net 15,438.69,333,333,929,42,9,0,146083.77,146083.77,In Stock,3,14,14
ORD-002851,SKU-07846,Product_Zeta_35,Industrial Parts,Supplier_H,Mumbai WH,West,2023-06-03,2023-06-20,Road,Net 30,3573.45,220,220,964,57,23,10,786159.0,707543.1,Discontinued,0,3,17
ORD-002852,SKU-03307,Product_Alpha_43,Furniture,Supplier_F,Delhi WH,South,2023-06-04,2023-06-25,Road,Net 30,989.21,398,398,703,176,7,0,393705.58,393705.58,In Stock,7,4,21
ORD-002853,SKU-02228,Product_Sigma_3,FMCG,Supplier_G,Chennai WH,Central,2023-06-04,2023-06-25,Sea,Net 30,3453.48,342,342,555,96,31,15,1181090.16,1003926.64,Reorder Pending,1,11,21
ORD-002854,SKU-08226,Product_Omega_2,Furniture,Supplier_J,Hyderabad WH,West,2023-06-04,2023-06-22,Sea,Net 30,1957.98,286,286,156,51,21,15,559982.28,475984.94,In Stock,4,8,18
ORD-002855,SKU-06590,Product_Omega_17,Industrial Parts,Supplier_J,Kolkata WH,South,2023-06-04,2023-06-14,Sea,Immediate,2084.72,172,172,957,131,1,20,358571.84,286857.47,In Stock,5,2,10
ORD-002856,SKU-07919,Product_Delta_49,Apparel,Supplier_J,Chennai WH,West,2023-06-04,2023-07-04,Road,Net 30,2351.2,468,468,475,125,2,0,1100361.6,1100361.6,In Stock,5,2,30
ORD-002857,SKU-06585,Product_Alpha_22,Furniture,Supplier_E,Mumbai WH,South,2023-06-04,2023-06-16,Sea,Net 60,1844.87,236,236,15,110,40,0,435389.32,435389.32,Low Stock,5,8,12
ORD-002858,SKU-07046,Product_Zeta_28,Electronics,Supplier_E,Bangalore WH,East,2023-06-04,2023-06-20,Rail,Net 15,512.09,475,475,77,117,11,0,243242.75,243242.75,Low Stock,0,8,16
ORD-002859,SKU-05945,Product_Alpha_7,Apparel,Supplier_J,Delhi WH,Central,2023-06-04,2023-06-22,Air,Net 30,1555.06,166,166,51,64,37,5,258139.96,245232.96,Low Stock,2,12,18
ORD-002860,SKU-08927,Product_Zeta_47,FMCG,Supplier_L,Kolkata WH,North,2023-06-04,2023-06-12,Sea,Immediate,3322.03,187,187,513,68,18,5,621219.61,590158.63,In Stock,2,3,8
ORD-002861,SKU-08016,Product_Sigma_35,Pharmaceuticals,Supplier_E,Hyderabad WH,Central,2023-06-04,2023-06-30,Sea,Net 30,3332.26,170,170,503,180,44,0,566484.2,566484.2,In Stock,7,0,26
ORD-002862,SKU-08758,Product_Kappa_28,Furniture,Supplier_G,Chennai WH,Central,2023-06-04,2023-06-07,Rail,Immediate,1438.26,52,52,743,23,24,10,74789.52,67310.57,In Stock,5,0,3
ORD-002863,SKU-06086,Product_Sigma_11,Furniture,Supplier_G,Delhi WH,South,2023-06-05,2023-06-20,Rail,Net 60,2305.91,319,337,60,165,19,0,735585.29,735585.29,Low Stock,1,11,15
ORD-002864,SKU-08161,Product_Zeta_30,Apparel,Supplier_H,Delhi WH,North,2023-06-05,2023-06-15,Road,Net 15,975.3,189,189,131,83,5,15,184331.7,156681.94,In Stock,0,8,10
ORD-002865,SKU-02884,Product_Delta_9,FMCG,Supplier_C,Delhi WH,South,2023-06-05,2023-06-17,Rail,Immediate,1059.76,120,120,381,175,29,0,127171.2,127171.2,In Stock,3,5,12
ORD-002866,SKU-02809,Product_Alpha_18,FMCG,Supplier_L,Kolkata WH,East,2023-06-05,2023-06-19,Sea,Net 30,125.0,105,105,563,127,39,0,13125.0,13125.0,In Stock,0,4,14
ORD-002867,SKU-04167,Product_Sigma_6,Apparel,Supplier_A,Chennai WH,Central,2023-06-06,2023-06-15,Sea,Net 60,4484.77,162,162,808,140,2,10,726532.74,653879.47,In Stock,4,12,9
ORD-002868,SKU-07352,Product_Delta_50,Electronics,Supplier_B,Chennai WH,West,2023-06-06,2023-06-11,Air,Net 15,1061.43,295,295,691,109,17,10,313121.85,281809.66,In Stock,7,14,5
ORD-002869,SKU-07056,Product_Sigma_22,Pharmaceuticals,Supplier_A,Hyderabad WH,West,2023-06-06,2023-06-16,Rail,Net 30,1145.39,41,383,542,75,11,0,46960.99,46960.99,In Stock,9,11,10
ORD-002870,SKU-03437,Product_Zeta_3,Apparel,Supplier_I,Hyderabad WH,South,2023-06-06,2023-06-07,Rail,Net 15,1405.21,377,377,409,39,37,15,529764.17,450299.54,In Stock,1,14,1
ORD-002871,SKU-07468,Product_Sigma_24,Apparel,Supplier_C,Delhi WH,West,2023-06-06,2023-06-07,Sea,Net 60,645.77,364,364,154,96,13,5,235060.28,223307.27,In Stock,7,9,1
ORD-002872,SKU-06951,Product_Sigma_43,Furniture,Supplier_E,Kolkata WH,West,2023-06-06,2023-06-23,Road,Net 30,3199.92,165,165,632,181,29,15,527986.8,448788.78,In Stock,7,12,17
ORD-002873,SKU-06276,Product_Sigma_42,Pharmaceuticals,Supplier_K,Bangalore WH,West,2023-06-06,2023-07-03,Rail,Net 30,384.96,321,321,50,106,32,15,123572.16,105036.34,Low Stock,5,2,27
ORD-002874,SKU-09859,Product_Alpha_8,Electronics,Supplier_L,Delhi WH,South,2023-06-07,2023-07-02,Road,Net 30,679.67,374,374,993,157,40,5,254196.58,241486.75,In Stock,7,2,25
ORD-002875,SKU-08818,Product_Sigma_37,Furniture,Supplier_A,Chennai WH,East,2023-06-07,2023-07-05,Air,Immediate,3227.34,335,335,94,134,43,20,1081158.9,864927.12,Low Stock,1,1,28
ORD-002876,SKU-05728,Product_Omega_17,Apparel,Supplier_C,Mumbai WH,East,2023-06-07,2023-06-12,Rail,Net 30,1704.91,160,309,687,113,8,15,272785.6,231867.76,In Stock,6,12,5
ORD-002877,SKU-03624,Product_Gamma_29,Apparel,Supplier_L,Hyderabad WH,South,2023-06-07,2023-06-19,Rail,Immediate,3542.66,264,264,522,169,10,20,935262.24,748209.79,In Stock,7,6,12
ORD-002878,SKU-06738,Product_Kappa_2,Electronics,Supplier_I,Mumbai WH,East,2023-06-08,2023-06-18,Sea,Net 30,2791.55,353,353,903,152,25,15,985417.15,837604.58,In Stock,3,8,10
ORD-002879,SKU-05232,Product_Kappa_1,Apparel,Supplier_B,Delhi WH,South,2023-06-08,2023-06-24,Sea,Net 30,1287.55,18,18,523,191,11,15,23175.9,19699.52,In Stock,8,5,16
ORD-002880,SKU-06793,Product_Kappa_3,Apparel,Supplier_L,Chennai WH,East,2023-06-08,2023-06-26,Rail,Immediate,3257.63,173,173,354,133,28,5,563569.99,535391.49,In Stock,5,9,18
ORD-002881,SKU-05523,Product_Omega_31,Pharmaceuticals,Supplier_I,Chennai WH,East,2023-06-08,2023-06-09,Road,Net 30,590.21,477,477,44,28,33,0,281530.17,281530.17,In Stock,2,0,1
ORD-002882,SKU-06571,Product_Delta_27,Apparel,Supplier_C,Mumbai WH,Central,2023-06-08,2023-07-01,Road,Net 60,2686.69,352,352,801,62,39,20,945714.88,756571.9,In Stock,3,5,23
ORD-002883,SKU-03224,Product_Alpha_38,Furniture,Supplier_C,Mumbai WH,West,2023-06-08,2023-07-08,Rail,Net 60,2191.37,33,33,204,23,26,10,72315.21,65083.69,In Stock,3,10,30
ORD-002884,SKU-09389,Product_Beta_18,Electronics,Supplier_K,Hyderabad WH,Central,2023-06-09,2023-06-25,Air,Immediate,1346.69,261,261,730,189,8,0,351486.09,351486.09,In Stock,0,7,16
ORD-002885,SKU-07091,Product_Omega_5,Furniture,Supplier_D,Kolkata WH,West,2023-06-09,2023-07-04,Road,Net 30,3023.98,210,210,839,84,38,0,635035.8,635035.8,In Stock,9,7,25
ORD-002886,SKU-09662,Product_Kappa_12,FMCG,Supplier_I,Delhi WH,South,2023-06-10,2023-06-26,Sea,Immediate,4357.95,496,496,430,117,26,10,2161543.2,1945388.88,In Stock,0,13,16
ORD-002887,SKU-07361,Product_Sigma_50,Pharmaceuticals,Supplier_H,Delhi WH,Central,2023-06-10,2023-06-20,Air,Net 30,4994.53,383,383,255,188,32,5,1912904.99,1817259.74,In Stock,0,9,10
ORD-002888,SKU-02948,Product_Sigma_17,Electronics,Supplier_J,Bangalore WH,West,2023-06-10,2023-06-11,Sea,Net 30,3042.74,330,350,247,74,28,0,1004104.2,1004104.2,In Stock,3,12,1
ORD-002889,SKU-08094,Product_Kappa_9,Electronics,Supplier_E,Kolkata WH,East,2023-06-10,2023-07-05,Rail,Net 30,2029.48,382,382,532,165,7,0,775261.36,775261.36,Discontinued,0,2,25
ORD-002890,SKU-07318,Product_Delta_41,Industrial Parts,Supplier_A,Mumbai WH,West,2023-06-10,2023-06-24,Sea,Immediate,1133.78,164,455,40,163,35,10,185939.92,167345.93,Low Stock,5,12,14
ORD-002891,SKU-04796,Product_Gamma_10,Furniture,Supplier_C,Mumbai WH,North,2023-06-10,2023-07-06,Sea,Net 15,1292.91,481,481,458,106,2,0,621889.71,621889.71,In Stock,1,0,26
ORD-002892,SKU-01234,Product_Alpha_15,Electronics,Supplier_G,Mumbai WH,East,2023-06-11,2023-06-21,Sea,Net 60,2402.48,407,407,789,193,22,5,977809.36,928918.89,In Stock,0,4,10
ORD-002893,SKU-04607,Product_Beta_42,Electronics,Supplier_C,Mumbai WH,West,2023-06-11,2023-07-01,Air,Immediate,1842.72,424,424,276,183,22,10,781313.28,703181.95,In Stock,6,5,20
ORD-002894,SKU-09043,Product_Alpha_12,Pharmaceuticals,Supplier_A,Hyderabad WH,East,2023-06-11,2023-06-19,Air,Net 15,4569.93,5,5,923,109,3,10,22849.65,20564.69,In Stock,5,9,8
ORD-002895,SKU-01522,Product_Kappa_38,Apparel,Supplier_I,Mumbai WH,South,2023-06-12,2023-07-08,Road,Net 30,1847.79,34,34,194,63,8,0,62824.86,62824.86,In Stock,0,8,26
ORD-002896,SKU-06904,Product_Omega_3,Industrial Parts,Supplier_F,Mumbai WH,Central,2023-06-12,2023-06-13,Road,Net 60,1873.49,280,280,70,24,4,0,524577.2,524577.2,In Stock,9,1,1
ORD-002897,SKU-05888,Product_Delta_4,FMCG,Supplier_I,Mumbai WH,North,2023-06-12,2023-06-30,Road,Net 30,1923.84,145,145,269,48,15,5,278956.8,265008.96,In Stock,8,13,18
ORD-002898,SKU-06832,Product_Sigma_17,Industrial Parts,Supplier_B,Hyderabad WH,South,2023-06-12,2023-06-24,Road,Net 60,4184.73,351,8,334,145,44,10,1468840.23,1321956.21,Reorder Pending,5,0,12
ORD-002899,SKU-08122,Product_Alpha_44,Apparel,Supplier_H,Mumbai WH,Central,2023-06-12,2023-06-19,Road,Net 30,3257.43,71,71,584,23,39,0,231277.53,231277.53,Discontinued,1,14,7
ORD-002900,SKU-06842,Product_Omega_35,Apparel,Supplier_E,Bangalore WH,Central,2023-06-12,2023-06-26,Rail,Net 30,3074.7,465,465,307,118,12,0,1429735.5,1429735.5,In Stock,6,6,14
ORD-002901,SKU-02316,Product_Alpha_39,Furniture,Supplier_L,Delhi WH,North,2023-06-12,2023-07-11,Sea,Net 15,1677.37,348,348,426,68,29,15,583724.76,496166.05,In Stock,2,1,29
ORD-002902,SKU-02124,Product_Delta_23,Pharmaceuticals,Supplier_F,Hyderabad WH,South,2023-06-12,2023-06-30,Sea,Net 15,4091.34,230,230,198,104,9,20,941008.2,752806.56,In Stock,6,10,18
ORD-002903,SKU-06621,Product_Beta_5,Industrial Parts,Supplier_C,Bangalore WH,East,2023-06-13,2023-06-27,Road,Immediate,201.44,125,125,75,155,42,5,25180.0,23921.0,Low Stock,8,14,14
ORD-002904,SKU-06423,Product_Kappa_8,FMCG,Supplier_H,Chennai WH,Central,2023-06-13,2023-06-26,Road,Net 15,4355.28,278,278,786,141,40,0,1210767.84,1210767.84,In Stock,4,1,13
ORD-002905,SKU-03587,Product_Beta_16,Electronics,Supplier_D,Bangalore WH,North,2023-06-13,2023-06-21,Air,Net 30,2568.62,271,271,794,199,20,0,696096.02,696096.02,In Stock,0,2,8
ORD-002906,SKU-06672,Product_Delta_21,Pharmaceuticals,Supplier_F,Mumbai WH,East,2023-06-14,2023-06-20,Road,Net 60,1997.27,357,357,657,135,34,0,713025.39,713025.39,In Stock,4,13,6
ORD-002907,SKU-02378,Product_Omega_44,Apparel,Supplier_K,Hyderabad WH,South,2023-06-14,2023-07-07,Sea,Net 30,2490.86,15,294,524,168,26,0,37362.9,37362.9,In Stock,7,3,23
ORD-002908,SKU-04374,Product_Zeta_5,Industrial Parts,Supplier_D,Mumbai WH,East,2023-06-14,2023-07-08,Road,Net 60,3340.4,242,242,874,174,21,5,808376.8,767957.96,In Stock,7,12,24
ORD-002909,SKU-02519,Product_Zeta_19,Industrial Parts,Supplier_G,Bangalore WH,West,2023-06-14,2023-07-05,Road,Immediate,73.7,498,498,640,185,23,5,36702.6,34867.47,In Stock,2,6,21
ORD-002910,SKU-06777,Product_Gamma_2,Pharmaceuticals,Supplier_E,Hyderabad WH,Central,2023-06-15,2023-06-28,Sea,Net 15,4359.04,153,153,229,152,18,0,666933.12,666933.12,In Stock,3,0,13
ORD-002911,SKU-08935,Product_Omega_39,Furniture,Supplier_C,Hyderabad WH,West,2023-06-15,2023-07-12,Rail,Net 15,2239.23,53,53,84,104,24,15,118679.19,100877.31,Low Stock,7,12,27
ORD-002912,SKU-07093,Product_Omega_22,Electronics,Supplier_D,Hyderabad WH,North,2023-06-15,2023-06-28,Air,Net 15,1721.4,149,149,161,80,42,10,256488.6,230839.74,In Stock,7,5,13
ORD-002913,SKU-09418,Product_Zeta_42,Furniture,Supplier_F,Bangalore WH,North,2023-06-15,2023-06-23,Sea,Immediate,699.85,358,358,396,155,29,5,250546.3,238018.98,In Stock,6,10,8
ORD-002914,SKU-06355,Product_Omega_31,Industrial Parts,Supplier_H,Delhi WH,North,2023-06-15,2023-06-24,Air,Net 60,2202.93,450,450,876,105,38,20,991318.5,793054.8,In Stock,5,6,9
ORD-002915,SKU-05968,Product_Sigma_40,Apparel,Supplier_A,Delhi WH,Central,2023-06-16,2023-06-19,Road,Net 30,2486.65,219,219,370,37,38,10,544576.35,490118.72,In Stock,3,2,3
ORD-002916,SKU-06574,Product_Alpha_11,Apparel,Supplier_A,Bangalore WH,East,2023-06-16,2023-06-30,Sea,Net 60,2024.2,113,113,562,151,13,20,228734.6,182987.68,In Stock,9,2,14
ORD-002917,SKU-05072,Product_Omega_3,FMCG,Supplier_E,Delhi WH,North,2023-06-16,2023-07-07,Sea,Immediate,3396.51,288,288,214,23,32,0,978194.88,978194.88,In Stock,8,1,21
ORD-002918,SKU-03257,Product_Sigma_10,Industrial Parts,Supplier_B,Delhi WH,Central,2023-06-16,2023-06-24,Rail,Net 60,2110.27,277,90,0,184,19,0,584544.79,584544.79,Reorder Pending,1,4,8
ORD-002919,SKU-09588,Product_Alpha_7,Industrial Parts,Supplier_C,Kolkata WH,North,2023-06-16,2023-07-03,Rail,Net 15,4807.47,452,452,982,146,17,5,2172976.44,2064327.62,In Stock,1,6,17
ORD-002920,SKU-05424,Product_Delta_21,FMCG,Supplier_J,Hyderabad WH,West,2023-06-16,2023-07-11,Sea,Net 60,3000.39,428,428,376,162,2,5,1284166.92,1219958.57,In Stock,0,10,25
ORD-002921,SKU-04237,Product_Omega_14,FMCG,Supplier_B,Bangalore WH,East,2023-06-16,2023-07-12,Road,Net 30,4039.31,83,83,411,185,18,0,335262.73,335262.73,In Stock,2,11,26
ORD-002922,SKU-04893,Product_Zeta_38,Furniture,Supplier_I,Chennai WH,West,2023-06-17,2023-07-17,Air,Net 15,555.69,450,450,634,174,39,10,250060.5,225054.45,In Stock,2,13,30
ORD-002923,SKU-03005,Product_Alpha_43,FMCG,Supplier_C,Hyderabad WH,South,2023-06-17,2023-07-07,Rail,Immediate,1992.48,218,218,799,67,27,0,434360.64,434360.64,In Stock,3,2,20
ORD-002924,SKU-03016,Product_Gamma_25,Pharmaceuticals,Supplier_I,Delhi WH,West,2023-06-17,2023-07-13,Rail,Immediate,1690.87,226,226,199,65,14,10,382136.62,343922.96,In Stock,2,6,26
ORD-002925,SKU-02772,Product_Beta_5,Furniture,Supplier_L,Mumbai WH,West,2023-06-18,2023-07-11,Rail,Immediate,2851.72,270,270,182,65,15,5,769964.4,731466.18,In Stock,9,7,23
ORD-002926,SKU-09353,Product_Delta_37,FMCG,Supplier_F,Bangalore WH,South,2023-06-18,2023-07-10,Sea,Net 30,4306.96,15,488,409,67,8,10,64604.4,58143.96,In Stock,5,12,22
ORD-002927,SKU-04976,Product_Zeta_35,Industrial Parts,Supplier_B,Delhi WH,East,2023-06-18,2023-06-27,Rail,Net 60,400.91,404,404,397,139,9,5,161967.64,153869.26,In Stock,8,2,9
ORD-002928,SKU-02751,Product_Beta_34,Apparel,Supplier_I,Kolkata WH,South,2023-06-18,2023-06-28,Sea,Net 15,372.15,290,170,215,151,21,20,107923.5,86338.8,In Stock,7,10,10
ORD-002929,SKU-09967,Product_Alpha_39,Industrial Parts,Supplier_B,Delhi WH,West,2023-06-18,2023-07-09,Sea,Net 30,4253.09,420,420,751,38,43,0,1786297.8,1786297.8,In Stock,5,0,21
ORD-002930,SKU-08430,Product_Kappa_43,Apparel,Supplier_K,Mumbai WH,West,2023-06-19,2023-07-13,Rail,Net 60,1072.12,339,339,348,38,35,20,363448.68,290758.94,In Stock,7,2,24
ORD-002931,SKU-08170,Product_Kappa_21,Pharmaceuticals,Supplier_G,Bangalore WH,South,2023-06-20,2023-07-08,Sea,Net 30,3347.08,265,265,579,61,14,0,886976.2,886976.2,In Stock,7,12,18
ORD-002932,SKU-07469,Product_Sigma_13,Electronics,Supplier_B,Kolkata WH,South,2023-06-20,2023-07-16,Sea,Net 60,2718.96,199,460,830,111,27,10,541073.04,486965.74,In Stock,9,5,26
ORD-002933,SKU-04220,Product_Sigma_16,FMCG,Supplier_K,Delhi WH,East,2023-06-20,2023-06-29,Air,Net 60,4166.14,158,158,593,24,8,5,658250.12,625337.61,In Stock,5,0,9
ORD-002934,SKU-01539,Product_Omega_16,Apparel,Supplier_C,Bangalore WH,East,2023-06-20,2023-07-04,Air,Net 30,634.19,333,333,653,67,35,15,211185.27,179507.48,In Stock,1,8,14
ORD-002935,SKU-02461,Product_Omega_15,Pharmaceuticals,Supplier_K,Mumbai WH,Central,2023-06-21,2023-06-28,Rail,Immediate,657.62,475,475,922,172,18,10,312369.5,281132.55,In Stock,4,2,7
ORD-002936,SKU-06184,Product_Kappa_21,Electronics,Supplier_F,Bangalore WH,South,2023-06-21,2023-07-19,Rail,Net 15,2788.52,447,447,40,45,14,15,1246468.44,1059498.17,Low Stock,3,2,28
ORD-002937,SKU-09547,Product_Beta_45,Pharmaceuticals,Supplier_F,Chennai WH,North,2023-06-21,2023-06-24,Air,Immediate,4732.43,492,492,750,93,8,0,2328355.56,2328355.56,In Stock,5,11,3
ORD-002938,SKU-01234,Product_Delta_29,Furniture,Supplier_J,Mumbai WH,South,2023-06-21,2023-06-27,Road,Net 15,2080.84,419,419,2,128,8,15,871871.96,741091.17,Low Stock,1,6,6
ORD-002939,SKU-02548,Product_Zeta_24,Furniture,Supplier_A,Mumbai WH,West,2023-06-21,2023-06-26,Sea,Immediate,1641.44,397,287,93,154,37,0,651651.68,651651.68,Low Stock,3,6,5
ORD-002940,SKU-08480,Product_Beta_23,Industrial Parts,Supplier_E,Kolkata WH,Central,2023-06-21,2023-07-01,Sea,Net 15,3037.38,207,207,58,191,44,0,628737.66,628737.66,Low Stock,7,12,10
ORD-002941,SKU-05213,Product_Beta_24,Industrial Parts,Supplier_K,Hyderabad WH,South,2023-06-21,2023-06-25,Sea,Net 30,4652.94,174,174,739,106,2,0,809611.56,809611.56,In Stock,0,5,4
ORD-002942,SKU-02673,Product_Kappa_39,Furniture,Supplier_G,Hyderabad WH,North,2023-06-21,2023-07-12,Rail,Net 15,4186.27,184,64,406,174,17,5,770273.68,731760.0,In Stock,2,6,21
ORD-002943,SKU-07708,Product_Delta_29,Pharmaceuticals,Supplier_B,Mumbai WH,Central,2023-06-22,2023-07-07,Rail,Net 15,4977.46,265,265,17,189,13,10,1319026.9,1187124.21,Reorder Pending,3,4,15
ORD-002944,SKU-08982,Product_Zeta_15,Apparel,Supplier_A,Delhi WH,North,2023-06-22,2023-07-12,Rail,Immediate,122.62,493,77,493,92,14,0,60451.66,60451.66,In Stock,1,7,20
ORD-002945,SKU-03100,Product_Gamma_35,Furniture,Supplier_A,Chennai WH,East,2023-06-23,2023-07-08,Road,Net 15,573.16,471,471,750,75,41,0,269958.36,269958.36,In Stock,1,9,15
ORD-002946,SKU-04748,Product_Delta_50,Electronics,Supplier_H,Bangalore WH,North,2023-06-23,2023-07-02,Sea,Net 30,3051.24,246,246,871,150,41,10,750605.04,675544.54,In Stock,5,13,9
ORD-002947,SKU-04173,Product_Zeta_44,Industrial Parts,Supplier_J,Delhi WH,North,2023-06-23,2023-07-16,Road,Net 60,4104.68,36,36,507,145,9,20,147768.48,118214.78,In Stock,5,1,23
ORD-002948,SKU-02815,Product_Gamma_39,Electronics,Supplier_C,Kolkata WH,East,2023-06-23,2023-07-13,Road,Net 30,1433.37,373,373,585,160,27,10,534647.01,481182.31,In Stock,2,4,20
ORD-002949,SKU-04841,Product_Sigma_19,Pharmaceuticals,Supplier_D,Kolkata WH,South,2023-06-23,2023-07-09,Sea,Immediate,1203.66,488,488,887,78,20,10,587386.08,528647.47,Reorder Pending,7,10,16
ORD-002950,SKU-09016,Product_Omega_21,Apparel,Supplier_A,Kolkata WH,West,2023-06-23,2023-06-30,Air,Immediate,3937.01,259,259,331,57,38,5,1019685.59,968701.31,In Stock,2,8,7
ORD-002951,SKU-08011,Product_Beta_6,Furniture,Supplier_E,Bangalore WH,South,2023-06-24,2023-07-05,Rail,Net 30,291.35,482,482,168,104,12,10,140430.7,126387.63,In Stock,1,3,11
ORD-002952,SKU-05493,Product_Zeta_27,Industrial Parts,Supplier_G,Chennai WH,North,2023-06-24,2023-06-25,Sea,Immediate,1853.22,19,19,775,102,42,20,35211.18,28168.94,In Stock,4,7,1
ORD-002953,SKU-01674,Product_Gamma_37,Electronics,Supplier_G,Hyderabad WH,North,2023-06-24,2023-06-29,Air,Net 60,2533.99,412,412,671,105,22,5,1044003.88,991803.69,In Stock,6,2,5
ORD-002954,SKU-09088,Product_Kappa_41,Furniture,Supplier_A,Delhi WH,West,2023-06-24,2023-06-26,Rail,Net 15,2806.14,23,23,848,20,37,5,64541.22,61314.16,In Stock,0,5,2
ORD-002955,SKU-09578,Product_Delta_12,Industrial Parts,Supplier_A,Hyderabad WH,South,2023-06-25,2023-07-13,Sea,Immediate,3645.79,104,104,680,197,39,15,379162.16,322287.84,In Stock,1,7,18
ORD-002956,SKU-03158,Product_Kappa_1,Apparel,Supplier_B,Chennai WH,South,2023-06-25,2023-06-26,Rail,Net 30,1780.68,241,241,940,156,31,20,429143.88,343315.1,In Stock,1,13,1
ORD-002957,SKU-03661,Product_Gamma_8,Electronics,Supplier_C,Hyderabad WH,West,2023-06-25,2023-07-01,Road,Net 15,3067.29,493,493,205,147,13,0,1512173.97,1512173.97,In Stock,7,8,6
ORD-002958,SKU-03064,Product_Zeta_17,Industrial Parts,Supplier_I,Mumbai WH,East,2023-06-25,2023-06-29,Rail,Immediate,2931.02,391,391,868,72,1,5,1146028.82,1088727.38,In Stock,9,13,4
ORD-002959,SKU-04253,Product_Kappa_48,Furniture,Supplier_D,Delhi WH,North,2023-06-25,2023-07-05,Rail,Immediate,2742.6,361,361,520,107,38,10,990078.6,891070.74,In Stock,5,12,10
ORD-002960,SKU-05979,Product_Beta_9,Apparel,Supplier_I,Mumbai WH,East,2023-06-25,2023-07-04,Road,Net 30,3206.01,204,204,504,157,40,5,654026.04,621324.74,In Stock,3,6,9
ORD-002961,SKU-08703,Product_Alpha_28,Apparel,Supplier_C,Hyderabad WH,West,2023-06-25,2023-06-30,Air,Net 15,1304.65,253,253,345,103,9,5,330076.45,313572.63,Discontinued,3,5,5
ORD-002962,SKU-09931,Product_Alpha_45,Industrial Parts,Supplier_H,Delhi WH,East,2023-06-26,2023-07-19,Air,Net 60,432.4,142,142,303,96,39,10,61400.8,55260.72,In Stock,4,10,23
ORD-002963,SKU-02401,Product_Gamma_5,Furniture,Supplier_B,Delhi WH,West,2023-06-26,2023-07-11,Rail,Immediate,605.17,302,302,114,48,10,0,182761.34,182761.34,In Stock,2,5,15
ORD-002964,SKU-04259,Product_Gamma_33,Furniture,Supplier_A,Delhi WH,Central,2023-06-26,2023-07-20,Road,Net 60,1130.67,143,143,663,55,29,0,161685.81,161685.81,In Stock,3,11,24
ORD-002965,SKU-04923,Product_Zeta_28,Apparel,Supplier_B,Bangalore WH,North,2023-06-27,2023-06-28,Air,Net 60,2505.99,451,212,86,46,40,20,1130201.49,904161.19,In Stock,3,14,1
ORD-002966,SKU-05214,Product_Omega_9,Pharmaceuticals,Supplier_L,Delhi WH,North,2023-06-27,2023-07-05,Sea,Net 60,4203.81,271,271,94,165,30,10,1139232.51,1025309.26,Low Stock,6,5,8
ORD-002967,SKU-04227,Product_Zeta_45,Furniture,Supplier_L,Hyderabad WH,North,2023-06-27,2023-06-30,Sea,Net 60,3509.45,307,498,742,37,2,15,1077401.15,915790.98,In Stock,6,14,3
ORD-002968,SKU-03745,Product_Delta_46,Pharmaceuticals,Supplier_C,Bangalore WH,Central,2023-06-27,2023-07-02,Rail,Net 30,3947.31,472,472,427,137,18,15,1863130.32,1583660.77,In Stock,0,9,5
ORD-002969,SKU-07091,Product_Sigma_8,Apparel,Supplier_D,Kolkata WH,East,2023-06-28,2023-06-29,Sea,Net 15,1761.37,110,110,697,156,28,10,193750.7,174375.63,In Stock,2,8,1
ORD-002970,SKU-04866,Product_Omega_22,Electronics,Supplier_C,Bangalore WH,South,2023-06-28,2023-07-14,Air,Net 60,2029.22,8,8,449,86,32,15,16233.76,13798.7,In Stock,8,2,16
ORD-002971,SKU-06818,Product_Beta_47,FMCG,Supplier_J,Mumbai WH,Central,2023-06-28,2023-07-05,Rail,Immediate,1974.47,69,69,625,154,24,0,136238.43,136238.43,In Stock,5,3,7
ORD-002972,SKU-03222,Product_Alpha_5,Apparel,Supplier_L,Bangalore WH,South,2023-06-28,2023-07-09,Road,Net 15,967.45,190,369,785,77,38,10,183815.5,165433.95,In Stock,5,2,11
ORD-002973,SKU-03792,Product_Omega_29,Apparel,Supplier_K,Delhi WH,South,2023-06-28,2023-07-12,Air,Net 15,315.47,179,179,975,49,14,5,56469.13,53645.67,In Stock,3,12,14
ORD-002974,SKU-05063,Product_Zeta_41,Apparel,Supplier_G,Hyderabad WH,East,2023-06-28,2023-07-08,Road,Immediate,2958.67,63,63,540,92,25,10,186396.21,167756.59,In Stock,9,8,10
ORD-002975,SKU-02524,Product_Kappa_48,Pharmaceuticals,Supplier_B,Bangalore WH,Central,2023-06-28,2023-07-24,Rail,Net 30,4946.19,68,68,714,142,25,0,336340.92,336340.92,In Stock,8,12,26
ORD-002976,SKU-09224,Product_Zeta_19,Pharmaceuticals,Supplier_F,Mumbai WH,Central,2023-06-28,2023-07-24,Air,Net 60,842.48,206,206,1,101,32,0,173550.88,173550.88,Low Stock,2,13,26
ORD-002977,SKU-07198,Product_Kappa_45,Pharmaceuticals,Supplier_B,Hyderabad WH,East,2023-06-28,2023-07-14,Air,Net 15,242.96,400,400,77,36,27,0,97184.0,97184.0,In Stock,7,4,16
ORD-002978,SKU-05025,Product_Gamma_47,Apparel,Supplier_C,Delhi WH,West,2023-06-28,2023-07-10,Rail,Net 30,3899.86,468,468,323,153,32,10,1825134.48,1642621.03,In Stock,5,13,12
ORD-002979,SKU-03566,Product_Gamma_47,Furniture,Supplier_A,Kolkata WH,East,2023-06-28,2023-07-13,Air,Net 60,1270.4,408,19,742,58,31,20,518323.2,414658.56,In Stock,1,9,15
ORD-002980,SKU-03803,Product_Beta_10,Industrial Parts,Supplier_K,Bangalore WH,South,2023-06-29,2023-07-22,Rail,Immediate,4149.92,6,6,97,172,24,20,24899.52,19919.62,Low Stock,2,12,23
ORD-002981,SKU-04709,Product_Alpha_38,Apparel,Supplier_E,Bangalore WH,South,2023-06-29,2023-07-25,Sea,Immediate,3522.64,119,119,628,189,35,0,419194.16,419194.16,In Stock,0,7,26
ORD-002982,SKU-07155,Product_Omega_44,Electronics,Supplier_I,Chennai WH,Central,2023-06-30,2023-07-02,Rail,Net 15,4728.91,313,313,109,189,30,0,1480148.83,1480148.83,Low Stock,2,11,2
ORD-002983,SKU-01719,Product_Kappa_25,Furniture,Supplier_L,Hyderabad WH,Central,2023-06-30,2023-07-11,Air,Immediate,2050.55,31,31,678,78,33,0,63567.05,63567.05,In Stock,3,7,11
ORD-002984,SKU-07516,Product_Omega_29,Industrial Parts,Supplier_F,Chennai WH,South,2023-06-30,2023-07-03,Road,Immediate,3313.23,6,332,456,121,33,0,19879.38,19879.38,In Stock,5,8,3
ORD-002985,SKU-05579,Product_Gamma_33,FMCG,Supplier_A,Chennai WH,East,2023-06-30,2023-07-27,Road,Net 15,2329.63,483,483,487,57,27,15,1125211.29,956429.6,In Stock,9,9,27
ORD-002986,SKU-01972,Product_Sigma_50,Furniture,Supplier_H,Bangalore WH,Central,2023-06-30,2023-07-25,Rail,Net 30,3156.64,207,207,808,178,33,20,653424.48,522739.58,In Stock,6,6,25
ORD-002987,SKU-04718,Product_Beta_15,Pharmaceuticals,Supplier_L,Kolkata WH,West,2023-06-30,2023-07-05,Rail,Net 30,2253.5,157,126,966,176,33,0,353799.5,353799.5,In Stock,2,2,5
ORD-002988,SKU-08395,Product_Sigma_32,Electronics,Supplier_G,Kolkata WH,West,2023-07-01,2023-07-03,Air,Immediate,951.27,67,67,370,123,4,0,63735.09,63735.09,In Stock,6,4,2
ORD-002989,SKU-05402,Product_Omega_4,Furniture,Supplier_G,Mumbai WH,West,2023-07-01,2023-07-10,Air,Net 60,2544.41,459,459,336,28,30,0,1167884.19,1167884.19,In Stock,3,2,9
ORD-002990,SKU-05552,Product_Zeta_19,FMCG,Supplier_F,Hyderabad WH,West,2023-07-01,2023-07-26,Rail,Net 60,2647.64,387,387,889,20,44,0,1024636.68,1024636.68,In Stock,0,1,25
ORD-002991,SKU-03207,Product_Omega_25,Apparel,Supplier_D,Delhi WH,North,2023-07-01,2023-07-14,Road,Immediate,4054.91,412,412,598,121,15,15,1670622.92,1420029.48,In Stock,0,2,13
ORD-002992,SKU-05426,Product_Omega_49,Pharmaceuticals,Supplier_L,Mumbai WH,East,2023-07-01,2023-07-04,Road,Net 30,3680.25,330,330,970,106,29,10,1214482.5,1093034.25,In Stock,7,11,3
ORD-002993,SKU-07919,Product_Gamma_10,Pharmaceuticals,Supplier_E,Delhi WH,South,2023-07-01,2023-07-19,Road,Net 60,3322.32,370,370,21,142,28,10,1229258.4,1106332.56,Low Stock,9,9,18
ORD-002994,SKU-09835,Product_Alpha_48,Apparel,Supplier_E,Kolkata WH,Central,2023-07-01,2023-07-17,Sea,Immediate,575.8,353,353,721,66,32,5,203257.4,193094.53,In Stock,6,8,16
ORD-002995,SKU-09386,Product_Delta_28,Apparel,Supplier_G,Hyderabad WH,North,2023-07-02,2023-07-08,Sea,Immediate,3605.88,432,432,304,95,36,0,1557740.16,1557740.16,In Stock,3,8,6
ORD-002996,SKU-09680,Product_Sigma_37,Apparel,Supplier_L,Kolkata WH,South,2023-07-02,2023-07-09,Sea,Immediate,2506.52,336,336,923,29,30,0,842190.72,842190.72,In Stock,0,7,7
ORD-002997,SKU-03204,Product_Omega_7,FMCG,Supplier_A,Hyderabad WH,South,2023-07-02,2023-07-31,Road,Net 60,4471.56,379,379,271,163,42,0,1694721.24,1694721.24,In Stock,5,6,29
ORD-002998,SKU-06345,Product_Omega_19,Furniture,Supplier_E,Hyderabad WH,West,2023-07-03,2023-07-30,Road,Net 15,4600.16,394,394,489,194,43,10,1812463.04,1631216.74,In Stock,9,0,27
ORD-002999,SKU-04276,Product_Gamma_8,FMCG,Supplier_K,Mumbai WH,South,2023-07-03,2023-07-12,Sea,Immediate,285.23,289,213,835,62,38,15,82431.47,70066.75,Reorder Pending,6,8,9
ORD-003000,SKU-02102,Product_Sigma_18,Furniture,Supplier_C,Delhi WH,East,2023-07-03,2023-07-30,Air,Net 30,4105.0,484,484,445,171,42,10,1986820.0,1788138.0,Discontinued,5,9,27
ORD-003001,SKU-06243,Product_Kappa_29,Apparel,Supplier_C,Chennai WH,West,2023-07-03,2023-07-16,Rail,Net 60,198.11,451,451,931,155,12,0,89347.61,89347.61,In Stock,5,1,13
ORD-003002,SKU-07614,Product_Delta_11,Pharmaceuticals,Supplier_H,Mumbai WH,South,2023-07-03,2023-07-30,Road,Net 30,1842.18,453,19,277,94,3,10,834507.54,751056.79,In Stock,7,5,27
ORD-003003,SKU-09707,Product_Sigma_17,Pharmaceuticals,Supplier_G,Bangalore WH,West,2023-07-04,2023-07-05,Road,Net 15,2716.08,140,140,650,124,15,0,380251.2,380251.2,In Stock,5,9,1
ORD-003004,SKU-06223,Product_Beta_15,Apparel,Supplier_D,Chennai WH,East,2023-07-04,2023-07-08,Road,Net 15,749.02,441,441,852,45,10,0,330317.82,330317.82,In Stock,1,4,4
ORD-003005,SKU-09584,Product_Sigma_10,FMCG,Supplier_K,Hyderabad WH,North,2023-07-04,2023-07-29,Air,Immediate,3734.11,300,300,376,26,22,5,1120233.0,1064221.35,In Stock,6,5,25
ORD-003006,SKU-01630,Product_Beta_14,Pharmaceuticals,Supplier_E,Kolkata WH,North,2023-07-04,2023-07-27,Air,Net 15,51.69,13,13,231,98,23,5,671.97,638.37,In Stock,9,7,23
ORD-003007,SKU-07683,Product_Gamma_2,FMCG,Supplier_G,Kolkata WH,South,2023-07-04,2023-07-12,Sea,Net 60,851.31,152,152,744,34,11,15,129399.12,109989.25,In Stock,3,7,8
ORD-003008,SKU-01277,Product_Alpha_35,FMCG,Supplier_A,Delhi WH,South,2023-07-04,2023-07-17,Air,Net 60,2908.18,428,428,591,195,16,10,1244701.04,1120230.94,In Stock,2,9,13
ORD-003009,SKU-01232,Product_Delta_1,Industrial Parts,Supplier_B,Kolkata WH,Central,2023-07-04,2023-07-29,Air,Immediate,3574.79,313,313,425,150,16,0,1118909.27,1118909.27,In Stock,7,1,25
ORD-003010,SKU-06690,Product_Kappa_2,Electronics,Supplier_J,Mumbai WH,Central,2023-07-04,2023-07-19,Sea,Net 15,4584.05,352,352,54,163,14,0,1613585.6,1613585.6,Low Stock,9,6,15
ORD-003011,SKU-08659,Product_Omega_14,Industrial Parts,Supplier_B,Chennai WH,North,2023-07-04,2023-07-12,Air,Net 60,3530.43,400,400,968,108,6,0,1412172.0,1412172.0,In Stock,4,1,8
ORD-003012,SKU-01025,Product_Sigma_37,Furniture,Supplier_F,Hyderabad WH,Central,2023-07-04,2023-07-28,Air,Net 15,3362.18,480,480,802,116,42,0,1613846.4,1613846.4,In Stock,3,0,24
ORD-003013,SKU-08468,Product_Zeta_47,Furniture,Supplier_D,Hyderabad WH,North,2023-07-04,2023-07-06,Rail,Net 15,1977.76,109,109,440,161,17,0,215575.84,215575.84,In Stock,3,11,2
ORD-003014,SKU-07410,Product_Kappa_34,Industrial Parts,Supplier_A,Delhi WH,North,2023-07-05,2023-07-12,Road,Net 60,16.41,485,485,33,22,31,10,7958.85,7162.96,In Stock,4,7,7
ORD-003015,SKU-09652,Product_Gamma_30,Furniture,Supplier_F,Kolkata WH,West,2023-07-05,2023-07-20,Road,Net 60,609.59,376,376,328,92,42,0,229205.84,229205.84,In Stock,3,8,15
ORD-003016,SKU-04764,Product_Sigma_8,Furniture,Supplier_H,Mumbai WH,East,2023-07-05,2023-07-29,Air,Net 60,2677.43,356,356,844,50,10,15,953165.08,810190.32,In Stock,2,13,24
ORD-003017,SKU-07599,Product_Beta_29,Industrial Parts,Supplier_L,Delhi WH,West,2023-07-05,2023-07-30,Rail,Net 15,3378.9,149,149,453,138,20,5,503456.1,478283.3,In Stock,3,6,25
ORD-003018,SKU-06102,Product_Zeta_32,Apparel,Supplier_L,Mumbai WH,West,2023-07-05,2023-07-09,Rail,Net 60,2093.07,367,367,387,94,9,0,768156.69,768156.69,In Stock,9,3,4
ORD-003019,SKU-08006,Product_Sigma_6,Apparel,Supplier_K,Kolkata WH,North,2023-07-05,2023-07-22,Sea,Net 30,3656.09,204,204,763,36,15,5,745842.36,708550.24,In Stock,4,6,17
ORD-003020,SKU-04483,Product_Gamma_18,Industrial Parts,Supplier_D,Hyderabad WH,East,2023-07-05,2023-07-27,Rail,Net 60,2614.09,307,307,429,196,39,10,802525.63,722273.07,In Stock,1,3,22
ORD-003021,SKU-02994,Product_Beta_23,FMCG,Supplier_L,Kolkata WH,East,2023-07-05,2023-07-12,Sea,Net 15,380.14,21,21,475,22,2,5,7982.94,7583.79,In Stock,6,6,7
ORD-003022,SKU-09682,Product_Beta_48,Apparel,Supplier_E,Kolkata WH,South,2023-07-06,2023-07-22,Rail,Immediate,968.16,60,60,124,142,4,0,58089.6,58089.6,Low Stock,4,3,16
ORD-003023,SKU-02072,Product_Delta_47,Electronics,Supplier_H,Chennai WH,West,2023-07-06,2023-07-19,Air,Net 60,4201.59,435,435,522,74,24,20,1827691.65,1462153.32,In Stock,8,14,13
ORD-003024,SKU-07707,Product_Beta_21,Pharmaceuticals,Supplier_C,Bangalore WH,Central,2023-07-06,2023-07-28,Rail,Immediate,3627.31,21,21,481,130,18,0,76173.51,76173.51,In Stock,5,13,22
ORD-003025,SKU-01215,Product_Gamma_33,FMCG,Supplier_E,Mumbai WH,West,2023-07-06,2023-07-16,Road,Net 30,4474.86,363,363,316,119,11,20,1624374.18,1299499.34,In Stock,0,13,10
ORD-003026,SKU-08605,Product_Omega_18,FMCG,Supplier_D,Kolkata WH,South,2023-07-06,2023-08-05,Sea,Net 60,596.61,382,382,121,59,37,0,227905.02,227905.02,In Stock,8,8,30
ORD-003027,SKU-03606,Product_Kappa_41,FMCG,Supplier_F,Chennai WH,East,2023-07-06,2023-07-17,Air,Immediate,4951.21,245,245,546,141,26,10,1213046.45,1091741.8,In Stock,4,4,11
ORD-003028,SKU-09350,Product_Beta_46,Pharmaceuticals,Supplier_I,Hyderabad WH,East,2023-07-06,2023-07-12,Road,Immediate,1054.94,390,390,580,59,8,5,411426.6,390855.27,In Stock,8,6,6
ORD-003029,SKU-05781,Product_Omega_3,Industrial Parts,Supplier_G,Hyderabad WH,East,2023-07-07,2023-07-28,Rail,Net 15,68.78,73,73,312,49,22,5,5020.94,4769.89,In Stock,0,10,21
ORD-003030,SKU-04313,Product_Zeta_7,Pharmaceuticals,Supplier_B,Delhi WH,North,2023-07-07,2023-07-31,Sea,Net 30,4987.14,449,449,486,44,5,0,2239225.86,2239225.86,In Stock,1,7,24
ORD-003031,SKU-08763,Product_Omega_13,Furniture,Supplier_H,Bangalore WH,East,2023-07-07,2023-07-09,Air,Net 60,1412.56,76,76,650,26,2,0,107354.56,107354.56,In Stock,2,4,2
ORD-003032,SKU-06939,Product_Alpha_41,Furniture,Supplier_G,Bangalore WH,South,2023-07-07,2023-07-31,Air,Net 60,3343.42,186,128,11,111,5,10,621876.12,559688.51,Reorder Pending,4,0,24
ORD-003033,SKU-03295,Product_Alpha_16,Electronics,Supplier_I,Hyderabad WH,South,2023-07-07,2023-08-06,Rail,Net 30,891.64,78,78,124,124,35,15,69547.92,59115.73,In Stock,5,3,30
ORD-003034,SKU-06685,Product_Gamma_38,Apparel,Supplier_C,Bangalore WH,North,2023-07-07,2023-07-25,Road,Net 30,2905.34,390,390,810,197,32,5,1133082.6,1076428.47,In Stock,4,2,18
ORD-003035,SKU-02696,Product_Zeta_15,Industrial Parts,Supplier_C,Bangalore WH,West,2023-07-07,2023-07-24,Rail,Net 15,4521.13,65,65,658,142,44,0,293873.45,293873.45,In Stock,0,12,17
ORD-003036,SKU-02946,Product_Delta_17,Pharmaceuticals,Supplier_F,Chennai WH,Central,2023-07-07,2023-07-11,Road,Net 15,1607.7,342,342,76,100,19,0,549833.4,549833.4,Low Stock,3,6,4
ORD-003037,SKU-03783,Product_Kappa_10,Pharmaceuticals,Supplier_B,Bangalore WH,West,2023-07-07,2023-07-16,Air,Net 30,3354.57,290,290,579,115,39,10,972825.3,875542.77,In Stock,5,5,9
ORD-003038,SKU-04644,Product_Kappa_12,Industrial Parts,Supplier_L,Hyderabad WH,Central,2023-07-08,2023-07-24,Rail,Net 30,947.64,56,56,717,20,4,0,53067.84,53067.84,In Stock,3,14,16
ORD-003039,SKU-06241,Product_Kappa_19,Electronics,Supplier_K,Hyderabad WH,South,2023-07-08,2023-07-29,Air,Net 15,3127.73,331,331,235,110,23,0,1035278.63,1035278.63,In Stock,3,5,21
ORD-003040,SKU-07420,Product_Gamma_13,Apparel,Supplier_C,Bangalore WH,North,2023-07-08,2023-07-18,Sea,Net 60,1688.89,259,259,570,191,19,10,437422.51,393680.26,In Stock,4,1,10
ORD-003041,SKU-08557,Product_Beta_34,Pharmaceuticals,Supplier_H,Kolkata WH,West,2023-07-08,2023-07-15,Sea,Immediate,1063.93,426,426,769,196,26,5,453234.18,430572.47,In Stock,7,5,7
ORD-003042,SKU-03645,Product_Delta_1,Apparel,Supplier_K,Delhi WH,West,2023-07-08,2023-07-20,Rail,Immediate,1572.78,190,190,253,26,26,0,298828.2,298828.2,In Stock,4,7,12
ORD-003043,SKU-07589,Product_Zeta_5,Industrial Parts,Supplier_C,Hyderabad WH,East,2023-07-09,2023-08-07,Air,Net 30,902.42,6,6,903,139,7,0,5414.52,5414.52,Discontinued,6,4,29
ORD-003044,SKU-07353,Product_Kappa_36,Electronics,Supplier_G,Bangalore WH,East,2023-07-09,2023-07-11,Road,Net 60,4510.56,6,6,405,150,32,10,27063.36,24357.02,In Stock,7,8,2
ORD-003045,SKU-02932,Product_Delta_46,Apparel,Supplier_H,Mumbai WH,Central,2023-07-09,2023-08-06,Air,Net 15,1991.96,191,447,242,113,33,0,380464.36,380464.36,In Stock,5,10,28
ORD-003046,SKU-02757,Product_Gamma_3,Electronics,Supplier_A,Hyderabad WH,South,2023-07-10,2023-08-01,Sea,Immediate,1233.94,148,148,460,148,44,15,182623.12,155229.65,In Stock,5,1,22
ORD-003047,SKU-06085,Product_Zeta_45,FMCG,Supplier_I,Kolkata WH,Central,2023-07-10,2023-07-17,Air,Immediate,2247.56,405,405,276,198,26,0,910261.8,910261.8,In Stock,1,6,7
ORD-003048,SKU-06637,Product_Sigma_40,Apparel,Supplier_G,Delhi WH,South,2023-07-10,2023-07-14,Air,Net 15,1609.48,258,258,468,117,24,0,415245.84,415245.84,In Stock,9,5,4
ORD-003049,SKU-02116,Product_Zeta_41,Furniture,Supplier_G,Chennai WH,East,2023-07-10,2023-07-18,Road,Net 60,3724.65,218,218,219,185,23,10,811973.7,730776.33,In Stock,4,13,8
ORD-003050,SKU-01492,Product_Delta_41,Pharmaceuticals,Supplier_L,Hyderabad WH,South,2023-07-10,2023-07-31,Road,Immediate,4856.39,479,445,224,62,38,5,2326210.81,2209900.27,In Stock,0,14,21
ORD-003051,SKU-09811,Product_Omega_31,Industrial Parts,Supplier_G,Chennai WH,Central,2023-07-10,2023-07-24,Air,Net 60,2195.79,90,90,924,72,26,0,197621.1,197621.1,In Stock,8,10,14
ORD-003052,SKU-08888,Product_Gamma_20,Pharmaceuticals,Supplier_F,Hyderabad WH,West,2023-07-11,2023-07-22,Sea,Immediate,4306.56,312,312,100,180,31,5,1343646.72,1276464.38,Low Stock,6,10,11
ORD-003053,SKU-07474,Product_Delta_19,Industrial Parts,Supplier_L,Kolkata WH,Central,2023-07-11,2023-07-12,Sea,Net 30,2833.66,352,352,853,121,6,0,997448.32,997448.32,In Stock,1,14,1
ORD-003054,SKU-05958,Product_Kappa_32,Furniture,Supplier_G,Delhi WH,North,2023-07-11,2023-07-17,Rail,Immediate,794.61,10,10,633,158,31,10,7946.1,7151.49,In Stock,5,12,6
ORD-003055,SKU-03743,Product_Zeta_39,Electronics,Supplier_C,Kolkata WH,East,2023-07-11,2023-08-06,Rail,Net 60,3456.21,87,87,729,199,40,0,300690.27,300690.27,In Stock,9,5,26
ORD-003056,SKU-08866,Product_Omega_35,Apparel,Supplier_C,Bangalore WH,East,2023-07-11,2023-07-20,Road,Net 30,2572.04,250,250,506,20,12,10,643010.0,578709.0,In Stock,8,3,9
ORD-003057,SKU-08160,Product_Kappa_19,Industrial Parts,Supplier_E,Bangalore WH,South,2023-07-11,2023-07-30,Sea,Net 30,3256.53,326,314,586,33,17,10,1061628.78,955465.9,In Stock,4,13,19
ORD-003058,SKU-06451,Product_Beta_15,Furniture,Supplier_B,Mumbai WH,Central,2023-07-11,2023-07-15,Air,Net 60,4449.54,151,151,330,141,26,10,671880.54,604692.49,In Stock,2,12,4
ORD-003059,SKU-06258,Product_Beta_49,FMCG,Supplier_J,Hyderabad WH,South,2023-07-11,2023-07-24,Rail,Net 60,2207.77,476,476,236,40,3,10,1050898.52,945808.67,In Stock,9,9,13
ORD-003060,SKU-09548,Product_Sigma_27,Apparel,Supplier_H,Hyderabad WH,East,2023-07-12,2023-08-07,Sea,Net 60,4506.88,113,113,993,53,15,10,509277.44,458349.7,In Stock,3,8,26
ORD-003061,SKU-08186,Product_Kappa_21,Pharmaceuticals,Supplier_G,Hyderabad WH,South,2023-07-12,2023-07-20,Road,Net 30,3755.84,30,30,338,124,38,5,112675.2,107041.44,In Stock,2,5,8
ORD-003062,SKU-07102,Product_Delta_43,Pharmaceuticals,Supplier_I,Chennai WH,Central,2023-07-12,2023-07-13,Road,Net 15,2448.14,128,128,751,33,24,0,313361.92,313361.92,In Stock,0,12,1
ORD-003063,SKU-01619,Product_Zeta_8,Pharmaceuticals,Supplier_H,Delhi WH,West,2023-07-12,2023-07-14,Air,Net 15,3020.08,78,78,505,187,30,0,235566.24,235566.24,Reorder Pending,9,11,2
ORD-003064,SKU-01882,Product_Gamma_30,Apparel,Supplier_I,Chennai WH,Central,2023-07-13,2023-08-01,Rail,Net 15,1634.65,421,421,164,141,44,10,688187.65,619368.88,In Stock,6,7,19
ORD-003065,SKU-09988,Product_Omega_43,Apparel,Supplier_E,Delhi WH,South,2023-07-13,2023-08-08,Road,Net 30,4918.15,55,55,845,182,36,10,270498.25,243448.42,In Stock,7,7,26
ORD-003066,SKU-04642,Product_Beta_23,Apparel,Supplier_J,Kolkata WH,East,2023-07-13,2023-08-05,Air,Net 15,3340.08,480,480,668,189,44,0,1603238.4,1603238.4,In Stock,1,3,23
ORD-003067,SKU-02296,Product_Zeta_46,Electronics,Supplier_E,Delhi WH,West,2023-07-13,2023-07-29,Road,Net 15,228.8,305,305,722,101,27,15,69784.0,59316.4,In Stock,7,4,16
ORD-003068,SKU-09436,Product_Gamma_50,Furniture,Supplier_H,Chennai WH,South,2023-07-13,2023-08-05,Sea,Net 15,1639.84,34,34,932,167,22,5,55754.56,52966.83,In Stock,8,1,23
ORD-003069,SKU-03895,Product_Kappa_32,Electronics,Supplier_H,Bangalore WH,South,2023-07-13,2023-08-02,Rail,Immediate,3120.34,105,105,788,79,2,5,327635.7,311253.91,In Stock,6,3,20
ORD-003070,SKU-07593,Product_Zeta_44,Apparel,Supplier_B,Chennai WH,Central,2023-07-14,2023-07-19,Road,Net 15,291.1,172,172,727,156,7,0,50069.2,50069.2,In Stock,0,11,5
ORD-003071,SKU-01929,Product_Delta_2,FMCG,Supplier_K,Chennai WH,North,2023-07-14,2023-07-26,Air,Net 15,129.18,499,499,217,134,16,0,64460.82,64460.82,In Stock,3,5,12
ORD-003072,SKU-06366,Product_Sigma_18,Industrial Parts,Supplier_C,Mumbai WH,South,2023-07-14,2023-08-08,Road,Net 60,2255.62,22,22,744,52,24,10,49623.64,44661.28,Reorder Pending,6,13,25
ORD-003073,SKU-09711,Product_Delta_27,Furniture,Supplier_J,Mumbai WH,South,2023-07-14,2023-07-17,Sea,Net 30,1670.12,287,287,375,68,30,0,479324.44,479324.44,In Stock,5,14,3
ORD-003074,SKU-04212,Product_Alpha_36,Furniture,Supplier_A,Chennai WH,North,2023-07-14,2023-07-22,Sea,Net 30,2197.11,391,391,11,23,44,5,859070.01,816116.51,Low Stock,7,1,8
ORD-003075,SKU-03409,Product_Omega_17,Electronics,Supplier_K,Bangalore WH,West,2023-07-14,2023-07-20,Sea,Net 30,1320.84,105,447,431,142,1,20,138688.2,110950.56,In Stock,5,1,6
ORD-003076,SKU-09199,Product_Omega_27,Pharmaceuticals,Supplier_D,Bangalore WH,South,2023-07-14,2023-07-30,Rail,Net 30,831.94,149,149,82,195,27,10,123959.06,111563.15,Reorder Pending,9,9,16
ORD-003077,SKU-04423,Product_Zeta_29,Apparel,Supplier_F,Chennai WH,East,2023-07-14,2023-07-17,Sea,Immediate,3448.83,272,272,430,35,9,5,938081.76,891177.67,In Stock,5,6,3
ORD-003078,SKU-07976,Product_Zeta_26,Apparel,Supplier_A,Delhi WH,East,2023-07-15,2023-08-06,Air,Net 30,2577.71,276,276,624,194,7,5,711447.96,675875.56,In Stock,9,9,22
ORD-003079,SKU-08594,Product_Sigma_4,Electronics,Supplier_A,Delhi WH,South,2023-07-15,2023-08-04,Road,Net 60,1008.77,299,103,477,45,5,0,301622.23,301622.23,In Stock,5,4,20
ORD-003080,SKU-06158,Product_Sigma_32,Electronics,Supplier_G,Chennai WH,South,2023-07-16,2023-07-27,Road,Immediate,1604.75,172,172,782,89,30,20,276017.0,220813.6,In Stock,6,12,11
ORD-003081,SKU-04667,Product_Delta_22,FMCG,Supplier_B,Bangalore WH,North,2023-07-16,2023-08-15,Road,Net 60,2963.12,47,47,706,56,42,20,139266.64,111413.31,In Stock,4,2,30
ORD-003082,SKU-06973,Product_Alpha_20,Pharmaceuticals,Supplier_I,Mumbai WH,South,2023-07-16,2023-08-10,Sea,Net 15,370.42,114,114,368,169,27,10,42227.88,38005.09,In Stock,8,14,25
ORD-003083,SKU-07236,Product_Kappa_27,Industrial Parts,Supplier_E,Chennai WH,South,2023-07-16,2023-08-06,Air,Net 60,745.79,275,459,652,26,10,0,205092.25,205092.25,In Stock,6,2,21
ORD-003084,SKU-09277,Product_Delta_37,Pharmaceuticals,Supplier_I,Chennai WH,West,2023-07-17,2023-07-19,Sea,Net 15,375.5,304,304,954,189,25,0,114152.0,114152.0,In Stock,0,6,2
ORD-003085,SKU-03468,Product_Gamma_35,Furniture,Supplier_J,Delhi WH,East,2023-07-17,2023-07-19,Rail,Net 30,4063.46,480,480,968,49,18,0,1950460.8,1950460.8,In Stock,8,2,2
ORD-003086,SKU-07217,Product_Delta_50,Industrial Parts,Supplier_H,Mumbai WH,North,2023-07-17,2023-07-29,Rail,Net 30,3764.52,207,207,635,93,7,5,779255.64,740292.86,In Stock,5,11,12
ORD-003087,SKU-04619,Product_Beta_40,Pharmaceuticals,Supplier_E,Chennai WH,South,2023-07-17,2023-08-07,Air,Net 15,3769.03,453,453,140,140,31,0,1707370.59,1707370.59,In Stock,7,9,21
ORD-003088,SKU-02636,Product_Omega_9,Pharmaceuticals,Supplier_C,Kolkata WH,South,2023-07-18,2023-07-23,Sea,Net 15,3584.46,395,395,719,25,32,10,1415861.7,1274275.53,In Stock,8,4,5
ORD-003089,SKU-09155,Product_Alpha_47,Pharmaceuticals,Supplier_C,Hyderabad WH,East,2023-07-18,2023-08-10,Road,Net 15,3350.23,463,463,626,43,11,5,1551156.49,1473598.67,Reorder Pending,1,12,23
ORD-003090,SKU-04583,Product_Alpha_25,Pharmaceuticals,Supplier_D,Delhi WH,West,2023-07-18,2023-08-05,Rail,Immediate,2390.19,413,389,717,187,10,0,987148.47,987148.47,In Stock,1,1,18
ORD-003091,SKU-05009,Product_Beta_50,Industrial Parts,Supplier_F,Bangalore WH,East,2023-07-18,2023-08-13,Sea,Net 60,3214.97,242,425,455,140,22,10,778022.74,700220.47,In Stock,4,2,26
ORD-003092,SKU-04326,Product_Omega_23,FMCG,Supplier_E,Hyderabad WH,North,2023-07-18,2023-07-22,Rail,Net 60,201.42,301,301,501,162,31,0,60627.42,60627.42,In Stock,4,13,4
ORD-003093,SKU-09148,Product_Beta_42,Furniture,Supplier_D,Hyderabad WH,Central,2023-07-18,2023-07-23,Rail,Immediate,3111.11,196,196,402,104,41,15,609777.56,518310.93,In Stock,9,14,5
ORD-003094,SKU-03217,Product_Alpha_34,Apparel,Supplier_E,Delhi WH,Central,2023-07-18,2023-08-03,Rail,Net 60,3891.61,497,497,952,152,14,0,1934130.17,1934130.17,In Stock,9,3,16
ORD-003095,SKU-05967,Product_Delta_24,Furniture,Supplier_A,Mumbai WH,East,2023-07-18,2023-07-26,Road,Net 60,2506.79,164,164,287,108,3,0,411113.56,411113.56,In Stock,1,12,8
ORD-003096,SKU-03369,Product_Delta_11,Furniture,Supplier_E,Bangalore WH,South,2023-07-18,2023-07-29,Sea,Immediate,1793.99,176,176,354,55,24,0,315742.24,315742.24,In Stock,9,0,11
ORD-003097,SKU-04638,Product_Zeta_46,Furniture,Supplier_L,Mumbai WH,West,2023-07-19,2023-08-06,Sea,Net 60,1394.36,343,343,342,193,14,20,478265.48,382612.38,In Stock,3,3,18
ORD-003098,SKU-06722,Product_Delta_19,Furniture,Supplier_G,Kolkata WH,South,2023-07-19,2023-08-14,Road,Net 60,3217.58,271,271,148,170,16,10,871964.18,784767.76,Low Stock,8,3,26
ORD-003099,SKU-05444,Product_Gamma_24,FMCG,Supplier_L,Delhi WH,North,2023-07-19,2023-08-09,Air,Net 60,3467.08,110,110,209,107,28,5,381378.8,362309.86,In Stock,3,2,21
ORD-003100,SKU-08618,Product_Omega_27,Furniture,Supplier_G,Hyderabad WH,South,2023-07-19,2023-08-13,Road,Net 60,4356.13,172,172,111,64,35,0,749254.36,749254.36,In Stock,0,9,25
ORD-003101,SKU-04947,Product_Delta_36,Pharmaceuticals,Supplier_I,Bangalore WH,South,2023-07-19,2023-07-31,Sea,Immediate,1718.25,451,451,653,29,40,10,774930.75,697437.68,In Stock,4,14,12
ORD-003102,SKU-02676,Product_Delta_1,FMCG,Supplier_C,Mumbai WH,East,2023-07-19,2023-08-14,Sea,Net 60,3851.16,352,352,975,73,2,0,1355608.32,1355608.32,In Stock,1,14,26
ORD-003103,SKU-02196,Product_Alpha_2,Apparel,Supplier_B,Chennai WH,North,2023-07-19,2023-08-17,Air,Immediate,2811.17,202,202,535,89,34,20,567856.34,454285.07,In Stock,5,8,29
ORD-003104,SKU-03787,Product_Beta_33,Apparel,Supplier_C,Kolkata WH,East,2023-07-19,2023-08-03,Road,Net 15,4415.35,168,168,48,104,18,20,741778.8,593423.04,Low Stock,0,2,15
ORD-003105,SKU-08432,Product_Zeta_32,Furniture,Supplier_B,Chennai WH,North,2023-07-20,2023-08-13,Sea,Net 15,2643.78,102,382,799,51,7,10,269665.56,242699.0,In Stock,6,1,24
ORD-003106,SKU-08927,Product_Alpha_11,Pharmaceuticals,Supplier_F,Hyderabad WH,West,2023-07-20,2023-07-27,Rail,Net 15,2592.97,86,86,330,62,38,20,222995.42,178396.34,In Stock,6,6,7
ORD-003107,SKU-04318,Product_Sigma_20,Industrial Parts,Supplier_K,Hyderabad WH,North,2023-07-20,2023-07-21,Air,Net 60,2893.61,142,142,364,137,42,0,410892.62,410892.62,In Stock,3,8,1
ORD-003108,SKU-09858,Product_Alpha_15,Electronics,Supplier_G,Mumbai WH,South,2023-07-20,2023-08-12,Air,Net 15,3749.08,447,447,10,140,7,0,1675838.76,1675838.76,Low Stock,8,5,23
ORD-003109,SKU-07689,Product_Delta_3,Electronics,Supplier_E,Kolkata WH,South,2023-07-20,2023-08-02,Air,Net 15,4823.81,337,337,187,34,4,0,1625623.97,1625623.97,Reorder Pending,2,13,13
ORD-003110,SKU-03176,Product_Sigma_48,Apparel,Supplier_J,Hyderabad WH,South,2023-07-20,2023-08-01,Rail,Immediate,377.08,213,213,508,85,43,0,80318.04,80318.04,In Stock,4,4,12
ORD-003111,SKU-04743,Product_Beta_25,Electronics,Supplier_L,Chennai WH,East,2023-07-20,2023-08-13,Sea,Immediate,276.64,51,51,579,162,16,20,14108.64,11286.91,In Stock,4,0,24
ORD-003112,SKU-09792,Product_Zeta_9,FMCG,Supplier_F,Bangalore WH,North,2023-07-20,2023-07-25,Sea,Net 15,4688.38,112,112,444,134,6,0,525098.56,525098.56,In Stock,7,2,5
ORD-003113,SKU-05422,Product_Sigma_6,FMCG,Supplier_C,Bangalore WH,North,2023-07-21,2023-07-30,Air,Immediate,2654.08,463,463,89,100,20,15,1228839.04,1044513.18,Low Stock,9,8,9
ORD-003114,SKU-04824,Product_Beta_5,Apparel,Supplier_F,Bangalore WH,West,2023-07-21,2023-08-19,Sea,Net 30,3078.37,442,442,621,39,31,10,1360639.54,1224575.59,In Stock,9,7,29
ORD-003115,SKU-03451,Product_Zeta_2,Industrial Parts,Supplier_E,Chennai WH,North,2023-07-21,2023-07-23,Air,Net 60,2417.29,271,271,900,197,19,0,655085.59,655085.59,In Stock,3,8,2
ORD-003116,SKU-01628,Product_Alpha_48,Furniture,Supplier_J,Chennai WH,East,2023-07-21,2023-08-06,Rail,Net 30,477.35,65,479,675,25,22,0,31027.75,31027.75,In Stock,0,7,16
ORD-003117,SKU-08778,Product_Gamma_7,Electronics,Supplier_C,Mumbai WH,East,2023-07-21,2023-08-13,Sea,Immediate,3842.77,344,344,992,98,21,0,1321912.88,1321912.88,In Stock,4,0,23
ORD-003118,SKU-04696,Product_Zeta_13,Pharmaceuticals,Supplier_A,Bangalore WH,East,2023-07-21,2023-08-05,Air,Net 60,3738.65,183,183,447,144,18,0,684172.95,684172.95,In Stock,0,7,15
ORD-003119,SKU-04674,Product_Sigma_21,Pharmaceuticals,Supplier_G,Delhi WH,Central,2023-07-21,2023-08-08,Air,Net 30,1565.4,332,332,717,164,32,5,519712.8,493727.16,In Stock,2,7,18
ORD-003120,SKU-04929,Product_Zeta_33,FMCG,Supplier_K,Hyderabad WH,West,2023-07-21,2023-07-31,Road,Net 30,1538.13,10,10,31,139,34,5,15381.3,14612.23,Low Stock,5,4,10
ORD-003121,SKU-03765,Product_Alpha_20,Electronics,Supplier_L,Bangalore WH,North,2023-07-21,2023-08-08,Air,Immediate,4190.83,494,494,326,45,27,5,2070270.02,1966756.52,In Stock,0,13,18
ORD-003122,SKU-05369,Product_Sigma_30,Industrial Parts,Supplier_E,Kolkata WH,Central,2023-07-21,2023-08-13,Air,Immediate,371.06,234,234,73,41,38,10,86828.04,78145.24,In Stock,9,5,23
ORD-003123,SKU-09307,Product_Delta_7,Electronics,Supplier_E,Mumbai WH,East,2023-07-22,2023-08-07,Sea,Net 15,4406.71,298,298,250,83,44,0,1313199.58,1313199.58,In Stock,2,1,16
ORD-003124,SKU-05956,Product_Sigma_42,FMCG,Supplier_K,Mumbai WH,North,2023-07-22,2023-07-29,Sea,Net 30,1290.74,244,244,449,77,30,0,314940.56,314940.56,In Stock,6,0,7
ORD-003125,SKU-01692,Product_Kappa_25,Apparel,Supplier_B,Kolkata WH,East,2023-07-22,2023-08-10,Road,Net 60,2968.99,351,351,905,56,33,15,1042115.49,885798.17,In Stock,1,7,19
ORD-003126,SKU-04162,Product_Sigma_28,Apparel,Supplier_B,Mumbai WH,South,2023-07-22,2023-07-28,Road,Net 15,4680.61,267,267,354,97,27,0,1249722.87,1249722.87,In Stock,5,6,6
ORD-003127,SKU-02105,Product_Beta_15,Furniture,Supplier_B,Bangalore WH,South,2023-07-22,2023-08-09,Road,Net 60,3393.83,118,118,532,140,23,0,400471.94,400471.94,In Stock,6,3,18
ORD-003128,SKU-04008,Product_Zeta_36,Pharmaceuticals,Supplier_K,Mumbai WH,East,2023-07-22,2023-08-03,Rail,Net 60,2078.0,144,144,295,47,43,10,299232.0,269308.8,Reorder Pending,1,14,12
ORD-003129,SKU-03161,Product_Sigma_31,Electronics,Supplier_L,Mumbai WH,East,2023-07-22,2023-08-02,Road,Net 15,3450.78,381,381,297,68,19,20,1314747.18,1051797.74,In Stock,4,10,11
ORD-003130,SKU-09345,Product_Sigma_45,Electronics,Supplier_J,Bangalore WH,West,2023-07-22,2023-08-15,Road,Net 15,1726.46,201,201,327,86,31,20,347018.46,277614.77,In Stock,9,11,24
ORD-003131,SKU-04699,Product_Delta_25,Apparel,Supplier_H,Hyderabad WH,East,2023-07-22,2023-08-06,Road,Immediate,1393.52,239,239,301,122,4,0,333051.28,333051.28,In Stock,9,6,15
ORD-003132,SKU-04786,Product_Alpha_32,Furniture,Supplier_D,Delhi WH,North,2023-07-23,2023-08-01,Air,Net 60,4983.45,334,334,511,145,19,5,1664472.3,1581248.68,In Stock,0,1,9
ORD-003133,SKU-05200,Product_Zeta_24,Pharmaceuticals,Supplier_I,Delhi WH,North,2023-07-23,2023-08-20,Rail,Net 30,3756.44,403,403,337,112,38,0,1513845.32,1513845.32,In Stock,2,10,28
ORD-003134,SKU-02913,Product_Beta_29,Apparel,Supplier_I,Bangalore WH,Central,2023-07-23,2023-08-19,Rail,Immediate,3227.15,415,415,584,188,40,20,1339267.25,1071413.8,In Stock,0,1,27
ORD-003135,SKU-06520,Product_Delta_37,Furniture,Supplier_B,Delhi WH,Central,2023-07-24,2023-08-13,Rail,Net 15,1782.9,457,498,373,193,22,0,814785.3,814785.3,In Stock,2,6,20
ORD-003136,SKU-02772,Product_Alpha_26,Pharmaceuticals,Supplier_I,Chennai WH,South,2023-07-24,2023-08-23,Rail,Immediate,255.31,484,371,552,106,9,0,123570.04,123570.04,In Stock,3,2,30
ORD-003137,SKU-03780,Product_Delta_29,Furniture,Supplier_C,Kolkata WH,East,2023-07-24,2023-08-21,Air,Net 60,164.97,437,437,93,106,31,15,72091.89,61278.11,Low Stock,4,5,28
ORD-003138,SKU-08423,Product_Omega_31,FMCG,Supplier_H,Mumbai WH,East,2023-07-24,2023-08-11,Sea,Immediate,2775.36,487,487,131,74,10,20,1351600.32,1081280.26,In Stock,3,13,18
ORD-003139,SKU-03871,Product_Beta_42,Furniture,Supplier_D,Bangalore WH,North,2023-07-24,2023-07-30,Rail,Immediate,3812.54,246,246,610,158,10,10,937884.84,844096.36,In Stock,3,11,6
ORD-003140,SKU-01660,Product_Sigma_22,Electronics,Supplier_A,Delhi WH,South,2023-07-24,2023-07-27,Sea,Net 15,2691.52,346,346,909,173,30,0,931265.92,931265.92,In Stock,8,11,3
ORD-003141,SKU-07242,Product_Gamma_41,Electronics,Supplier_K,Kolkata WH,East,2023-07-25,2023-08-11,Air,Net 15,4205.52,8,8,909,32,10,5,33644.16,31961.95,In Stock,8,14,17
ORD-003142,SKU-02132,Product_Beta_7,FMCG,Supplier_G,Bangalore WH,South,2023-07-25,2023-07-30,Sea,Net 30,176.8,152,152,52,183,36,15,26873.6,22842.56,Low Stock,8,12,5
ORD-003143,SKU-01699,Product_Gamma_14,Apparel,Supplier_D,Bangalore WH,Central,2023-07-25,2023-08-09,Rail,Net 15,1840.09,392,392,495,147,18,5,721315.28,685249.52,In Stock,4,6,15
ORD-003144,SKU-08470,Product_Kappa_38,Industrial Parts,Supplier_E,Mumbai WH,North,2023-07-25,2023-08-04,Road,Net 60,1192.98,211,211,228,83,44,0,251718.78,251718.78,In Stock,4,6,10
ORD-003145,SKU-07297,Product_Delta_6,FMCG,Supplier_D,Chennai WH,West,2023-07-25,2023-08-21,Road,Net 60,2241.89,367,367,639,70,43,0,822773.63,822773.63,In Stock,1,14,27
ORD-003146,SKU-08812,Product_Gamma_26,Furniture,Supplier_F,Hyderabad WH,Central,2023-07-25,2023-08-03,Air,Immediate,371.16,432,432,211,95,19,15,160341.12,136289.95,Discontinued,5,9,9
ORD-003147,SKU-05557,Product_Kappa_34,Furniture,Supplier_K,Delhi WH,North,2023-07-25,2023-08-12,Road,Net 60,4771.12,158,158,796,41,43,5,753836.96,716145.11,In Stock,1,3,18
ORD-003148,SKU-03179,Product_Delta_4,Pharmaceuticals,Supplier_J,Bangalore WH,Central,2023-07-26,2023-08-07,Air,Net 60,1124.04,58,58,790,79,23,10,65194.32,58674.89,In Stock,9,2,12
ORD-003149,SKU-09275,Product_Kappa_17,Apparel,Supplier_E,Hyderabad WH,North,2023-07-26,2023-08-10,Road,Net 30,4612.32,86,86,503,149,4,0,396659.52,396659.52,In Stock,4,0,15
ORD-003150,SKU-02422,Product_Zeta_20,Electronics,Supplier_I,Bangalore WH,South,2023-07-26,2023-07-27,Rail,Net 60,2135.21,55,55,494,75,12,5,117436.55,111564.72,In Stock,4,6,1
ORD-003151,SKU-04180,Product_Omega_10,Pharmaceuticals,Supplier_I,Bangalore WH,East,2023-07-26,2023-08-20,Road,Immediate,4927.77,201,201,852,187,24,20,990481.77,792385.42,In Stock,3,8,25
ORD-003152,SKU-05316,Product_Alpha_21,Apparel,Supplier_C,Chennai WH,North,2023-07-26,2023-08-16,Sea,Immediate,2774.75,122,122,670,175,13,0,338519.5,338519.5,In Stock,4,0,21
ORD-003153,SKU-07696,Product_Zeta_1,Electronics,Supplier_L,Bangalore WH,East,2023-07-27,2023-08-13,Rail,Net 15,4654.86,446,446,863,116,4,10,2076067.56,1868460.8,In Stock,6,4,17
ORD-003154,SKU-01614,Product_Sigma_45,Pharmaceuticals,Supplier_B,Hyderabad WH,South,2023-07-27,2023-08-09,Sea,Net 30,36.69,108,108,232,22,27,0,3962.52,3962.52,In Stock,9,14,13
ORD-003155,SKU-05570,Product_Delta_49,Industrial Parts,Supplier_I,Delhi WH,East,2023-07-27,2023-08-20,Rail,Net 15,3743.71,304,304,70,170,38,0,1138087.84,1138087.84,Low Stock,1,3,24
ORD-003156,SKU-01270,Product_Kappa_35,Industrial Parts,Supplier_I,Chennai WH,Central,2023-07-27,2023-08-02,Rail,Net 15,4516.22,132,132,716,74,39,10,596141.04,536526.94,In Stock,0,9,6
ORD-003157,SKU-03468,Product_Kappa_21,Electronics,Supplier_E,Mumbai WH,East,2023-07-27,2023-08-25,Air,Immediate,707.21,421,421,188,179,8,15,297735.41,253075.1,In Stock,3,1,29
ORD-003158,SKU-04607,Product_Delta_21,Apparel,Supplier_J,Chennai WH,North,2023-07-27,2023-07-28,Air,Net 15,489.67,392,392,662,103,26,10,191950.64,172755.58,In Stock,6,6,1
ORD-003159,SKU-04075,Product_Kappa_46,Furniture,Supplier_G,Hyderabad WH,Central,2023-07-28,2023-08-17,Road,Net 15,2128.62,385,385,7,47,34,0,819518.7,819518.7,Low Stock,0,6,20
ORD-003160,SKU-01289,Product_Kappa_33,Pharmaceuticals,Supplier_I,Chennai WH,West,2023-07-28,2023-08-25,Air,Net 15,4669.06,476,476,331,143,9,0,2222472.56,2222472.56,In Stock,3,12,28
ORD-003161,SKU-09120,Product_Beta_7,Industrial Parts,Supplier_A,Delhi WH,North,2023-07-28,2023-08-09,Rail,Net 30,2716.51,198,198,611,27,10,20,537868.98,430295.18,In Stock,5,7,12
ORD-003162,SKU-07614,Product_Zeta_45,Electronics,Supplier_G,Mumbai WH,East,2023-07-29,2023-08-23,Air,Net 15,2642.01,47,47,15,22,1,0,124174.47,124174.47,Low Stock,5,2,25
ORD-003163,SKU-04252,Product_Beta_25,Pharmaceuticals,Supplier_G,Bangalore WH,West,2023-07-29,2023-08-18,Air,Net 60,714.22,228,228,665,113,8,15,162842.16,138415.84,In Stock,0,5,20
ORD-003164,SKU-08415,Product_Gamma_49,Electronics,Supplier_E,Mumbai WH,East,2023-07-29,2023-08-06,Rail,Net 15,13.94,245,245,668,108,10,0,3415.3,3415.3,In Stock,6,14,8
ORD-003165,SKU-07771,Product_Alpha_11,Apparel,Supplier_A,Bangalore WH,East,2023-07-29,2023-08-09,Rail,Net 30,4052.6,203,203,92,176,43,20,822677.8,658142.24,Low Stock,4,3,11
ORD-003166,SKU-01278,Product_Beta_11,Industrial Parts,Supplier_F,Chennai WH,West,2023-07-29,2023-08-22,Air,Net 60,447.0,261,261,261,113,25,20,116667.0,93333.6,In Stock,5,11,24
ORD-003167,SKU-01580,Product_Delta_29,Electronics,Supplier_B,Delhi WH,North,2023-07-29,2023-08-01,Rail,Immediate,3172.91,178,178,548,108,31,0,564777.98,564777.98,In Stock,0,10,3
ORD-003168,SKU-05958,Product_Beta_3,Furniture,Supplier_B,Mumbai WH,West,2023-07-30,2023-08-21,Air,Immediate,4573.94,24,24,160,78,39,10,109774.56,98797.1,In Stock,6,2,22
ORD-003169,SKU-09445,Product_Zeta_32,Apparel,Supplier_A,Mumbai WH,West,2023-07-30,2023-08-17,Air,Immediate,1051.17,175,175,350,171,3,0,183954.75,183954.75,In Stock,3,3,18
ORD-003170,SKU-05276,Product_Gamma_41,Furniture,Supplier_C,Mumbai WH,South,2023-07-30,2023-08-26,Road,Net 60,3329.71,274,274,173,185,39,0,912340.54,912340.54,Discontinued,2,11,27
ORD-003171,SKU-08997,Product_Kappa_9,Apparel,Supplier_B,Kolkata WH,South,2023-07-30,2023-08-12,Road,Net 30,402.71,340,225,316,47,38,5,136921.4,130075.33,In Stock,3,0,13
ORD-003172,SKU-05776,Product_Zeta_26,Electronics,Supplier_C,Mumbai WH,Central,2023-07-30,2023-08-06,Rail,Net 30,3022.74,412,412,936,81,35,5,1245368.88,1183100.44,In Stock,8,6,7
ORD-003173,SKU-01824,Product_Alpha_19,Apparel,Supplier_F,Hyderabad WH,South,2023-07-30,2023-08-16,Sea,Immediate,828.02,461,461,17,70,8,0,381717.22,381717.22,Low Stock,4,6,17
ORD-003174,SKU-04832,Product_Beta_28,Apparel,Supplier_E,Bangalore WH,East,2023-07-30,2023-08-21,Rail,Net 15,3682.41,261,261,485,26,1,5,961109.01,913053.56,In Stock,4,6,22
ORD-003175,SKU-09891,Product_Sigma_47,Electronics,Supplier_D,Kolkata WH,West,2023-07-30,2023-08-15,Road,Net 60,1513.14,286,432,366,42,5,0,432758.04,432758.04,In Stock,7,1,16
ORD-003176,SKU-06445,Product_Sigma_34,Furniture,Supplier_K,Hyderabad WH,South,2023-07-31,2023-08-25,Road,Net 60,2322.32,1,1,350,65,27,0,2322.32,2322.32,In Stock,6,0,25
ORD-003177,SKU-02380,Product_Omega_40,Furniture,Supplier_L,Bangalore WH,North,2023-07-31,2023-08-18,Sea,Immediate,3001.16,86,86,527,97,26,5,258099.76,245194.77,In Stock,2,8,18
ORD-003178,SKU-07534,Product_Omega_37,Industrial Parts,Supplier_E,Bangalore WH,West,2023-07-31,2023-08-05,Road,Net 30,864.65,338,338,871,125,43,5,292251.7,277639.12,Discontinued,0,1,5
ORD-003179,SKU-04156,Product_Gamma_10,Industrial Parts,Supplier_B,Mumbai WH,North,2023-07-31,2023-08-20,Road,Net 30,3710.77,430,107,434,47,26,10,1595631.1,1436067.99,In Stock,1,4,20
ORD-003180,SKU-05307,Product_Sigma_34,Industrial Parts,Supplier_L,Mumbai WH,West,2023-07-31,2023-08-10,Air,Immediate,1520.18,69,69,932,43,11,10,104892.42,94403.18,In Stock,2,13,10
ORD-003181,SKU-06634,Product_Delta_40,Furniture,Supplier_C,Delhi WH,South,2023-07-31,2023-08-11,Rail,Net 15,3315.24,31,31,269,26,34,15,102772.44,87356.57,In Stock,0,4,11
ORD-003182,SKU-09575,Product_Omega_34,Apparel,Supplier_D,Bangalore WH,North,2023-08-01,2023-08-15,Sea,Net 60,799.83,198,27,870,131,41,5,158366.34,150448.02,In Stock,0,12,14
ORD-003183,SKU-06810,Product_Sigma_31,Electronics,Supplier_A,Kolkata WH,Central,2023-08-01,2023-08-22,Rail,Net 15,3443.71,91,91,67,98,2,0,313377.61,313377.61,Low Stock,7,12,21
ORD-003184,SKU-09533,Product_Kappa_14,Electronics,Supplier_B,Hyderabad WH,East,2023-08-01,2023-08-12,Rail,Net 15,649.66,440,440,29,196,21,10,285850.4,257265.36,Low Stock,7,10,11
ORD-003185,SKU-06934,Product_Omega_48,Pharmaceuticals,Supplier_L,Mumbai WH,West,2023-08-01,2023-08-05,Road,Net 15,2132.53,473,473,315,22,26,10,1008686.69,907818.02,In Stock,1,7,4
ORD-003186,SKU-04109,Product_Gamma_11,Furniture,Supplier_G,Hyderabad WH,South,2023-08-01,2023-08-05,Sea,Net 60,1243.56,349,349,820,21,12,5,434002.44,412302.32,In Stock,7,0,4
ORD-003187,SKU-05082,Product_Kappa_1,Furniture,Supplier_A,Chennai WH,East,2023-08-01,2023-08-18,Air,Net 15,3744.39,383,383,736,26,9,10,1434101.37,1290691.23,In Stock,1,10,17
ORD-003188,SKU-04240,Product_Omega_27,Electronics,Supplier_E,Mumbai WH,South,2023-08-01,2023-08-23,Air,Net 60,1317.55,412,47,163,140,41,0,542830.6,542830.6,In Stock,4,6,22
ORD-003189,SKU-07028,Product_Gamma_10,Electronics,Supplier_J,Delhi WH,North,2023-08-01,2023-08-04,Rail,Net 15,4409.77,16,16,925,40,23,0,70556.32,70556.32,In Stock,0,2,3
ORD-003190,SKU-02849,Product_Kappa_5,Electronics,Supplier_L,Bangalore WH,North,2023-08-01,2023-08-03,Air,Immediate,4460.18,310,310,319,156,42,10,1382655.8,1244390.22,In Stock,8,1,2
ORD-003191,SKU-09497,Product_Alpha_20,Industrial Parts,Supplier_I,Delhi WH,West,2023-08-01,2023-08-28,Sea,Immediate,990.24,437,437,13,159,5,0,432734.88,432734.88,Low Stock,3,4,27
ORD-003192,SKU-03749,Product_Delta_13,Industrial Parts,Supplier_G,Mumbai WH,West,2023-08-02,2023-08-07,Rail,Net 15,3073.09,396,396,278,43,9,5,1216943.64,1156096.46,In Stock,9,3,5
ORD-003193,SKU-07680,Product_Beta_35,Electronics,Supplier_A,Hyderabad WH,North,2023-08-02,2023-08-08,Road,Net 15,447.71,276,276,431,52,10,5,123567.96,117389.56,In Stock,1,12,6
ORD-003194,SKU-01205,Product_Kappa_22,Apparel,Supplier_D,Chennai WH,East,2023-08-02,2023-08-30,Sea,Net 30,1963.77,338,338,667,62,10,5,663754.26,630566.55,In Stock,0,8,28
ORD-003195,SKU-08352,Product_Beta_4,Apparel,Supplier_H,Chennai WH,North,2023-08-02,2023-08-04,Sea,Net 15,3569.48,162,162,633,101,14,5,578255.76,549342.97,In Stock,5,10,2
ORD-003196,SKU-05591,Product_Kappa_39,Electronics,Supplier_C,Mumbai WH,East,2023-08-02,2023-08-09,Air,Net 60,3300.52,437,95,262,137,36,0,1442327.24,1442327.24,In Stock,7,0,7
ORD-003197,SKU-04450,Product_Gamma_5,Electronics,Supplier_B,Kolkata WH,South,2023-08-03,2023-08-07,Road,Net 60,3127.26,192,192,681,24,10,20,600433.92,480347.14,In Stock,3,10,4
ORD-003198,SKU-08214,Product_Omega_41,Pharmaceuticals,Supplier_L,Hyderabad WH,North,2023-08-03,2023-08-19,Air,Net 30,1419.88,151,151,521,142,37,10,214401.88,192961.69,In Stock,0,2,16
ORD-003199,SKU-04811,Product_Delta_23,Furniture,Supplier_L,Hyderabad WH,East,2023-08-03,2023-08-10,Sea,Net 30,1896.34,365,365,963,90,41,5,692164.1,657555.89,In Stock,0,2,7
ORD-003200,SKU-06141,Product_Alpha_13,Electronics,Supplier_K,Delhi WH,Central,2023-08-03,2023-08-07,Air,Net 30,523.7,411,411,171,108,38,0,215240.7,215240.7,In Stock,5,3,4
ORD-003201,SKU-09501,Product_Sigma_19,Industrial Parts,Supplier_I,Chennai WH,Central,2023-08-03,2023-08-05,Rail,Net 30,3597.92,113,113,357,161,22,0,406564.96,406564.96,In Stock,1,6,2
ORD-003202,SKU-03708,Product_Zeta_38,Apparel,Supplier_G,Mumbai WH,West,2023-08-03,2023-08-22,Sea,Net 30,2524.41,273,128,12,135,23,10,689163.93,620247.54,Low Stock,4,4,19
ORD-003203,SKU-02991,Product_Sigma_24,Furniture,Supplier_A,Delhi WH,Central,2023-08-03,2023-08-24,Air,Net 30,3546.74,176,176,724,183,16,0,624226.24,624226.24,In Stock,1,10,21
ORD-003204,SKU-09463,Product_Zeta_17,FMCG,Supplier_A,Chennai WH,East,2023-08-04,2023-08-31,Air,Immediate,1252.23,149,149,672,54,11,0,186582.27,186582.27,In Stock,8,9,27
ORD-003205,SKU-04273,Product_Delta_5,Furniture,Supplier_D,Bangalore WH,West,2023-08-04,2023-08-17,Road,Net 60,1628.95,178,332,231,127,35,0,289953.1,289953.1,Reorder Pending,1,13,13
ORD-003206,SKU-05538,Product_Gamma_7,Furniture,Supplier_C,Mumbai WH,Central,2023-08-04,2023-08-26,Rail,Net 15,1677.73,424,424,475,197,20,5,711357.52,675789.64,In Stock,4,5,22
ORD-003207,SKU-09712,Product_Delta_18,Pharmaceuticals,Supplier_A,Hyderabad WH,West,2023-08-04,2023-08-20,Road,Net 15,138.45,382,382,470,98,37,10,52887.9,47599.11,In Stock,3,2,16
ORD-003208,SKU-04722,Product_Gamma_17,Industrial Parts,Supplier_L,Mumbai WH,West,2023-08-04,2023-08-21,Road,Net 30,1711.83,223,223,159,30,41,10,381738.09,343564.28,In Stock,0,4,17
ORD-003209,SKU-04551,Product_Beta_9,Apparel,Supplier_D,Mumbai WH,North,2023-08-04,2023-08-24,Road,Net 15,4018.49,259,292,638,171,5,15,1040788.91,884670.57,In Stock,9,12,20
ORD-003210,SKU-03832,Product_Zeta_22,Apparel,Supplier_B,Delhi WH,East,2023-08-05,2023-08-28,Sea,Net 60,4487.52,273,273,559,94,36,0,1225092.96,1225092.96,In Stock,8,14,23
ORD-003211,SKU-06679,Product_Sigma_48,Pharmaceuticals,Supplier_J,Bangalore WH,South,2023-08-05,2023-08-24,Air,Immediate,2595.91,189,189,260,63,13,10,490626.99,441564.29,In Stock,2,14,19
ORD-003212,SKU-07579,Product_Kappa_14,Furniture,Supplier_H,Delhi WH,South,2023-08-05,2023-08-14,Sea,Net 30,2282.95,306,306,572,198,17,0,698582.7,698582.7,In Stock,9,11,9
ORD-003213,SKU-01152,Product_Gamma_1,Furniture,Supplier_I,Chennai WH,West,2023-08-05,2023-08-07,Rail,Immediate,163.81,378,378,633,164,26,5,61920.18,58824.17,In Stock,7,10,2
ORD-003214,SKU-06754,Product_Delta_14,Apparel,Supplier_J,Chennai WH,North,2023-08-06,2023-08-18,Sea,Net 15,4397.23,90,90,601,144,44,5,395750.7,375963.16,In Stock,3,1,12
ORD-003215,SKU-03800,Product_Beta_40,Electronics,Supplier_J,Hyderabad WH,Central,2023-08-06,2023-08-14,Air,Immediate,74.92,343,343,358,104,20,0,25697.56,25697.56,In Stock,8,3,8
ORD-003216,SKU-06310,Product_Gamma_10,FMCG,Supplier_J,Mumbai WH,North,2023-08-06,2023-08-26,Sea,Immediate,4724.3,262,213,254,27,39,0,1237766.6,1237766.6,In Stock,4,11,20
ORD-003217,SKU-03610,Product_Gamma_31,Pharmaceuticals,Supplier_A,Delhi WH,Central,2023-08-06,2023-08-29,Sea,Net 30,2451.19,156,156,601,98,33,15,382385.64,325027.79,Discontinued,1,2,23
ORD-003218,SKU-02104,Product_Alpha_21,Apparel,Supplier_B,Bangalore WH,North,2023-08-07,2023-08-10,Sea,Immediate,1716.25,200,200,514,137,30,0,343250.0,343250.0,In Stock,7,2,3
ORD-003219,SKU-08361,Product_Beta_4,Industrial Parts,Supplier_B,Kolkata WH,North,2023-08-07,2023-08-08,Rail,Net 30,4621.85,55,55,279,141,16,5,254201.75,241491.66,In Stock,3,11,1
ORD-003220,SKU-05199,Product_Gamma_33,Industrial Parts,Supplier_E,Mumbai WH,North,2023-08-07,2023-09-06,Air,Net 15,131.71,254,254,116,93,7,20,33454.34,26763.47,In Stock,1,3,30
ORD-003221,SKU-04854,Product_Kappa_28,FMCG,Supplier_A,Hyderabad WH,North,2023-08-07,2023-09-06,Rail,Net 15,2911.31,442,442,609,47,30,5,1286799.02,1222459.07,In Stock,5,7,30
ORD-003222,SKU-08263,Product_Kappa_21,Apparel,Supplier_A,Mumbai WH,East,2023-08-07,2023-08-14,Air,Net 30,2749.17,173,173,161,159,2,10,475606.41,428045.77,In Stock,0,11,7
ORD-003223,SKU-02914,Product_Sigma_33,Pharmaceuticals,Supplier_D,Chennai WH,West,2023-08-08,2023-08-29,Sea,Net 30,1104.41,200,200,851,190,12,15,220882.0,187749.7,In Stock,7,7,21
ORD-003224,SKU-08365,Product_Beta_16,Electronics,Supplier_E,Chennai WH,North,2023-08-08,2023-08-24,Road,Net 30,2150.15,403,403,886,139,43,0,866510.45,866510.45,In Stock,8,0,16
ORD-003225,SKU-04072,Product_Zeta_25,Furniture,Supplier_H,Hyderabad WH,North,2023-08-08,2023-09-07,Road,Net 30,3264.8,102,102,989,184,40,0,333009.6,333009.6,In Stock,6,11,30
ORD-003226,SKU-01406,Product_Zeta_46,Apparel,Supplier_B,Mumbai WH,South,2023-08-09,2023-09-07,Air,Immediate,3638.38,285,285,297,127,1,10,1036938.3,933244.47,In Stock,8,4,29
ORD-003227,SKU-01166,Product_Kappa_23,Industrial Parts,Supplier_D,Chennai WH,Central,2023-08-09,2023-09-05,Air,Immediate,13.58,151,332,915,146,3,10,2050.58,1845.52,In Stock,1,13,27
ORD-003228,SKU-01508,Product_Sigma_34,Furniture,Supplier_B,Delhi WH,South,2023-08-09,2023-08-12,Air,Net 15,4684.9,111,111,296,82,8,0,520023.9,520023.9,In Stock,0,1,3
ORD-003229,SKU-02661,Product_Omega_34,Furniture,Supplier_L,Chennai WH,West,2023-08-09,2023-08-24,Rail,Net 60,830.98,416,490,593,120,26,0,345687.68,345687.68,In Stock,6,9,15
ORD-003230,SKU-04664,Product_Beta_39,FMCG,Supplier_H,Mumbai WH,Central,2023-08-09,2023-09-04,Rail,Immediate,1175.57,266,266,357,112,40,0,312701.62,312701.62,In Stock,3,5,26
ORD-003231,SKU-04489,Product_Delta_11,Pharmaceuticals,Supplier_L,Mumbai WH,Central,2023-08-09,2023-08-30,Air,Net 60,1324.73,91,435,659,82,11,15,120550.43,102467.87,In Stock,9,2,21
ORD-003232,SKU-01680,Product_Sigma_46,Electronics,Supplier_B,Bangalore WH,Central,2023-08-10,2023-08-12,Sea,Net 60,198.72,177,177,517,29,21,5,35173.44,33414.77,In Stock,7,14,2
ORD-003233,SKU-03524,Product_Gamma_28,Apparel,Supplier_J,Delhi WH,Central,2023-08-10,2023-08-22,Road,Net 15,624.03,449,449,377,99,5,20,280189.47,224151.58,In Stock,2,11,12
ORD-003234,SKU-03120,Product_Kappa_32,FMCG,Supplier_H,Mumbai WH,North,2023-08-10,2023-08-28,Road,Immediate,4931.89,231,398,696,56,40,20,1139266.59,911413.27,In Stock,6,9,18
ORD-003235,SKU-06260,Product_Sigma_44,Apparel,Supplier_K,Delhi WH,Central,2023-08-10,2023-09-03,Air,Net 15,1582.93,29,29,425,30,26,10,45904.97,41314.47,In Stock,6,9,24
ORD-003236,SKU-05357,Product_Beta_36,Electronics,Supplier_I,Mumbai WH,Central,2023-08-10,2023-09-08,Sea,Net 15,585.35,443,443,763,134,21,10,259310.05,233379.04,In Stock,9,12,29
ORD-003237,SKU-02363,Product_Zeta_42,Electronics,Supplier_G,Hyderabad WH,South,2023-08-10,2023-08-24,Road,Immediate,543.89,301,301,536,109,9,0,163710.89,163710.89,In Stock,8,12,14
ORD-003238,SKU-03292,Product_Omega_12,FMCG,Supplier_A,Mumbai WH,North,2023-08-11,2023-09-07,Sea,Net 60,3600.11,195,195,552,38,17,0,702021.45,702021.45,Reorder Pending,3,8,27
ORD-003239,SKU-02538,Product_Alpha_24,Electronics,Supplier_L,Hyderabad WH,East,2023-08-11,2023-08-23,Rail,Immediate,4274.3,307,307,168,71,37,5,1312210.1,1246599.6,In Stock,9,13,12
ORD-003240,SKU-04408,Product_Kappa_50,Pharmaceuticals,Supplier_B,Delhi WH,West,2023-08-11,2023-09-06,Sea,Net 60,1292.19,239,426,514,137,2,0,308833.41,308833.41,In Stock,0,8,26
ORD-003241,SKU-08742,Product_Omega_47,Furniture,Supplier_K,Bangalore WH,North,2023-08-11,2023-09-03,Air,Net 30,114.34,357,357,363,37,40,0,40819.38,40819.38,In Stock,6,7,23
ORD-003242,SKU-09752,Product_Zeta_14,Industrial Parts,Supplier_G,Hyderabad WH,West,2023-08-11,2023-08-13,Rail,Immediate,1123.22,479,479,682,113,28,10,538022.38,484220.14,In Stock,9,1,2
ORD-003243,SKU-02903,Product_Delta_25,Furniture,Supplier_C,Bangalore WH,South,2023-08-11,2023-09-07,Rail,Net 30,292.01,384,384,429,51,27,5,112131.84,106525.25,In Stock,5,10,27
ORD-003244,SKU-01174,Product_Omega_12,Pharmaceuticals,Supplier_F,Delhi WH,Central,2023-08-11,2023-08-31,Air,Net 15,525.94,267,267,568,170,40,10,140425.98,126383.38,In Stock,0,1,20
ORD-003245,SKU-03230,Product_Alpha_13,Apparel,Supplier_K,Mumbai WH,Central,2023-08-12,2023-08-21,Sea,Net 30,2163.23,214,214,82,159,1,0,462931.22,462931.22,Low Stock,8,10,9
ORD-003246,SKU-05287,Product_Kappa_24,FMCG,Supplier_L,Mumbai WH,North,2023-08-12,2023-08-29,Rail,Net 15,1157.29,82,82,329,77,11,0,94897.78,94897.78,In Stock,9,14,17
ORD-003247,SKU-05160,Product_Delta_1,Electronics,Supplier_J,Delhi WH,West,2023-08-12,2023-08-14,Rail,Net 60,2584.57,128,128,690,40,39,5,330824.96,314283.71,In Stock,7,1,2
ORD-003248,SKU-08106,Product_Sigma_22,Pharmaceuticals,Supplier_A,Chennai WH,Central,2023-08-12,2023-09-05,Rail,Immediate,1274.93,483,386,132,168,18,20,615791.19,492632.95,Low Stock,9,4,24
ORD-003249,SKU-04171,Product_Beta_24,Furniture,Supplier_L,Delhi WH,West,2023-08-13,2023-08-16,Road,Net 30,4703.28,262,262,597,48,27,15,1232259.36,1047420.46,In Stock,3,11,3
ORD-003250,SKU-02567,Product_Sigma_33,FMCG,Supplier_I,Kolkata WH,Central,2023-08-13,2023-09-09,Rail,Net 60,4530.66,67,67,456,66,10,0,303554.22,303554.22,In Stock,4,9,27
ORD-003251,SKU-02151,Product_Alpha_39,Apparel,Supplier_E,Hyderabad WH,East,2023-08-13,2023-08-23,Road,Net 60,2838.36,62,62,352,159,36,0,175978.32,175978.32,In Stock,7,8,10
ORD-003252,SKU-08619,Product_Sigma_3,Apparel,Supplier_B,Delhi WH,North,2023-08-13,2023-08-16,Rail,Immediate,1778.58,133,133,782,77,21,20,236551.14,189240.91,In Stock,1,6,3
ORD-003253,SKU-07033,Product_Sigma_42,Pharmaceuticals,Supplier_J,Delhi WH,Central,2023-08-13,2023-08-20,Sea,Net 60,1911.92,137,137,343,188,28,0,261933.04,261933.04,In Stock,5,6,7
ORD-003254,SKU-09560,Product_Kappa_26,FMCG,Supplier_K,Hyderabad WH,East,2023-08-13,2023-08-30,Air,Net 60,2065.14,28,28,93,38,1,0,57823.92,57823.92,In Stock,9,2,17
ORD-003255,SKU-05946,Product_Alpha_45,Industrial Parts,Supplier_E,Mumbai WH,West,2023-08-13,2023-08-17,Sea,Immediate,3640.62,211,211,381,159,14,0,768170.82,768170.82,In Stock,1,2,4
ORD-003256,SKU-09234,Product_Sigma_18,Apparel,Supplier_K,Kolkata WH,Central,2023-08-13,2023-08-17,Sea,Net 60,2263.68,476,476,867,42,20,5,1077511.68,1023636.1,In Stock,7,9,4
ORD-003257,SKU-02907,Product_Alpha_37,Electronics,Supplier_H,Mumbai WH,North,2023-08-14,2023-09-07,Rail,Net 15,4285.08,475,475,761,152,9,5,2035413.0,1933642.35,In Stock,4,2,24
ORD-003258,SKU-04490,Product_Alpha_46,Pharmaceuticals,Supplier_I,Mumbai WH,East,2023-08-14,2023-08-22,Air,Net 15,4721.03,205,205,294,141,27,0,967811.15,967811.15,In Stock,9,0,8
ORD-003259,SKU-03535,Product_Kappa_39,Apparel,Supplier_F,Bangalore WH,North,2023-08-14,2023-09-01,Rail,Immediate,1686.37,253,253,197,173,4,10,426651.61,383986.45,Discontinued,2,12,18
ORD-003260,SKU-05173,Product_Kappa_32,Furniture,Supplier_F,Hyderabad WH,Central,2023-08-14,2023-08-27,Sea,Net 15,2807.87,38,38,78,136,37,0,106699.06,106699.06,Low Stock,1,11,13
ORD-003261,SKU-02293,Product_Gamma_31,FMCG,Supplier_A,Mumbai WH,West,2023-08-14,2023-08-21,Road,Net 15,484.33,43,43,677,82,18,10,20826.19,18743.57,In Stock,3,7,7
ORD-003262,SKU-05769,Product_Beta_3,FMCG,Supplier_K,Chennai WH,East,2023-08-14,2023-08-21,Air,Net 15,1010.34,117,117,550,71,31,5,118209.78,112299.29,In Stock,7,11,7
ORD-003263,SKU-05796,Product_Omega_2,Furniture,Supplier_B,Hyderabad WH,West,2023-08-15,2023-09-01,Sea,Net 15,2073.19,405,405,819,29,39,5,839641.95,797659.85,In Stock,0,10,17
ORD-003264,SKU-07871,Product_Gamma_46,Industrial Parts,Supplier_B,Chennai WH,Central,2023-08-15,2023-09-06,Rail,Net 60,1038.95,475,475,213,105,10,0,493501.25,493501.25,In Stock,9,1,22
ORD-003265,SKU-03972,Product_Gamma_9,Electronics,Supplier_D,Delhi WH,Central,2023-08-15,2023-08-23,Sea,Immediate,4384.04,190,190,642,186,9,10,832967.6,749670.84,In Stock,2,10,8
ORD-003266,SKU-04922,Product_Beta_27,Furniture,Supplier_H,Hyderabad WH,South,2023-08-15,2023-09-03,Road,Net 60,799.85,46,46,668,170,28,5,36793.1,34953.44,In Stock,0,6,19
ORD-003267,SKU-05997,Product_Beta_4,Furniture,Supplier_F,Delhi WH,West,2023-08-15,2023-09-05,Road,Net 15,2283.75,454,454,988,30,28,5,1036822.5,984981.38,In Stock,1,8,21
ORD-003268,SKU-08032,Product_Kappa_41,Furniture,Supplier_D,Delhi WH,West,2023-08-15,2023-08-21,Sea,Immediate,3032.44,166,166,893,114,13,5,503385.04,478215.79,In Stock,9,13,6
ORD-003269,SKU-01992,Product_Alpha_21,Electronics,Supplier_F,Delhi WH,South,2023-08-15,2023-09-02,Air,Net 15,3462.4,305,305,158,91,18,10,1056032.0,950428.8,In Stock,6,1,18
ORD-003270,SKU-09112,Product_Beta_35,Apparel,Supplier_I,Kolkata WH,Central,2023-08-15,2023-09-08,Road,Immediate,1921.52,203,203,833,147,12,0,390068.56,390068.56,In Stock,0,12,24
ORD-003271,SKU-06287,Product_Sigma_13,Furniture,Supplier_C,Delhi WH,North,2023-08-16,2023-09-03,Sea,Net 30,4346.8,495,495,738,67,8,0,2151666.0,2151666.0,In Stock,8,0,18
ORD-003272,SKU-03240,Product_Alpha_22,Furniture,Supplier_L,Mumbai WH,North,2023-08-16,2023-08-30,Air,Net 60,2845.91,233,233,556,111,23,0,663097.03,663097.03,In Stock,7,4,14
ORD-003273,SKU-02476,Product_Omega_46,Pharmaceuticals,Supplier_B,Kolkata WH,West,2023-08-16,2023-09-09,Road,Net 30,2203.14,245,245,200,35,5,10,539769.3,485792.37,In Stock,0,9,24
ORD-003274,SKU-07426,Product_Gamma_38,Pharmaceuticals,Supplier_A,Hyderabad WH,South,2023-08-16,2023-08-20,Sea,Net 30,345.53,209,209,21,193,7,5,72215.77,68604.98,Low Stock,9,4,4
ORD-003275,SKU-01389,Product_Omega_34,FMCG,Supplier_H,Kolkata WH,West,2023-08-17,2023-09-11,Air,Immediate,2328.8,248,248,338,194,15,10,577542.4,519788.16,In Stock,0,0,25
ORD-003276,SKU-01999,Product_Alpha_43,Apparel,Supplier_C,Bangalore WH,South,2023-08-17,2023-09-07,Air,Net 15,4105.47,295,295,241,114,3,10,1211113.65,1090002.28,In Stock,1,8,21
ORD-003277,SKU-02855,Product_Zeta_27,Furniture,Supplier_I,Chennai WH,North,2023-08-17,2023-09-05,Sea,Net 30,3076.56,327,327,740,67,18,15,1006035.12,855129.85,In Stock,1,2,19
ORD-003278,SKU-09125,Product_Alpha_5,Pharmaceuticals,Supplier_I,Delhi WH,Central,2023-08-17,2023-08-29,Air,Immediate,4162.49,383,383,905,172,38,0,1594233.67,1594233.67,In Stock,5,13,12
ORD-003279,SKU-09850,Product_Delta_49,Industrial Parts,Supplier_K,Chennai WH,North,2023-08-17,2023-09-08,Air,Net 30,2475.12,158,158,237,96,26,0,391068.96,391068.96,In Stock,0,1,22
ORD-003280,SKU-03763,Product_Gamma_47,Electronics,Supplier_H,Mumbai WH,East,2023-08-17,2023-09-01,Air,Net 15,601.12,405,405,148,112,38,15,243453.6,206935.56,In Stock,3,11,15
ORD-003281,SKU-04663,Product_Sigma_6,Electronics,Supplier_I,Mumbai WH,West,2023-08-18,2023-09-10,Road,Net 15,78.06,1,1,784,123,33,0,78.06,78.06,In Stock,6,6,23
ORD-003282,SKU-05986,Product_Gamma_29,Apparel,Supplier_L,Bangalore WH,South,2023-08-18,2023-09-09,Sea,Net 30,1523.07,217,217,578,100,21,5,330506.19,313980.88,In Stock,8,13,22
ORD-003283,SKU-02481,Product_Alpha_18,Industrial Parts,Supplier_A,Chennai WH,South,2023-08-18,2023-09-01,Air,Net 60,3492.97,416,416,6,56,17,0,1453075.52,1453075.52,Low Stock,9,11,14
ORD-003284,SKU-08256,Product_Delta_45,Electronics,Supplier_H,Kolkata WH,West,2023-08-18,2023-09-16,Air,Net 30,3953.4,249,249,232,121,43,20,984396.6,787517.28,In Stock,2,4,29
ORD-003285,SKU-04731,Product_Zeta_12,Apparel,Supplier_C,Kolkata WH,South,2023-08-18,2023-08-22,Rail,Net 15,1485.81,392,392,868,48,2,5,582437.52,553315.64,In Stock,3,3,4
ORD-003286,SKU-08262,Product_Alpha_20,FMCG,Supplier_H,Kolkata WH,East,2023-08-19,2023-08-25,Air,Net 30,2483.31,69,69,803,77,25,0,171348.39,171348.39,In Stock,4,3,6
ORD-003287,SKU-01451,Product_Sigma_36,Apparel,Supplier_J,Bangalore WH,West,2023-08-19,2023-09-14,Air,Net 30,2111.38,30,30,767,113,41,10,63341.4,57007.26,In Stock,4,14,26
ORD-003288,SKU-04093,Product_Omega_8,Industrial Parts,Supplier_A,Kolkata WH,East,2023-08-19,2023-08-25,Sea,Net 15,2058.51,115,115,578,178,19,0,236728.65,236728.65,In Stock,1,8,6
ORD-003289,SKU-01882,Product_Omega_30,FMCG,Supplier_L,Chennai WH,North,2023-08-20,2023-09-07,Air,Immediate,1164.43,8,8,761,105,38,20,9315.44,7452.35,In Stock,4,8,18
ORD-003290,SKU-05408,Product_Beta_37,Pharmaceuticals,Supplier_D,Delhi WH,West,2023-08-20,2023-09-02,Air,Net 15,690.49,369,369,76,129,25,0,254790.81,254790.81,Low Stock,9,0,13
ORD-003291,SKU-05068,Product_Kappa_6,FMCG,Supplier_H,Hyderabad WH,Central,2023-08-20,2023-09-06,Road,Net 15,991.48,275,275,488,60,39,10,272657.0,245391.3,In Stock,0,11,17
ORD-003292,SKU-04277,Product_Beta_6,Pharmaceuticals,Supplier_B,Kolkata WH,South,2023-08-20,2023-08-31,Road,Net 15,286.11,492,492,925,197,4,0,140766.12,140766.12,In Stock,6,12,11
ORD-003293,SKU-09566,Product_Gamma_47,FMCG,Supplier_G,Bangalore WH,North,2023-08-21,2023-09-12,Sea,Net 15,998.67,315,277,86,63,3,15,314581.05,267393.89,In Stock,4,9,22
ORD-003294,SKU-08951,Product_Beta_12,Industrial Parts,Supplier_B,Bangalore WH,Central,2023-08-21,2023-08-27,Sea,Immediate,55.91,439,439,763,156,34,15,24544.49,20862.82,In Stock,5,6,6
ORD-003295,SKU-05690,Product_Omega_38,FMCG,Supplier_G,Hyderabad WH,South,2023-08-21,2023-09-08,Road,Net 15,3140.02,414,414,966,109,42,10,1299968.28,1169971.45,In Stock,8,10,18
ORD-003296,SKU-05595,Product_Alpha_50,Apparel,Supplier_A,Bangalore WH,North,2023-08-21,2023-09-10,Air,Net 60,1588.71,335,335,221,174,10,15,532217.85,452385.17,In Stock,2,7,20
ORD-003297,SKU-05559,Product_Gamma_1,Apparel,Supplier_I,Delhi WH,West,2023-08-21,2023-09-05,Rail,Net 30,4865.99,36,36,412,128,27,0,175175.64,175175.64,In Stock,0,4,15
ORD-003298,SKU-08291,Product_Delta_41,Electronics,Supplier_L,Kolkata WH,Central,2023-08-21,2023-09-20,Sea,Net 15,976.65,311,311,583,78,26,20,303738.15,242990.52,In Stock,7,6,30
ORD-003299,SKU-09160,Product_Omega_30,FMCG,Supplier_I,Chennai WH,West,2023-08-21,2023-09-02,Sea,Net 30,1735.68,44,44,201,129,27,10,76369.92,68732.93,In Stock,1,7,12
ORD-003300,SKU-01112,Product_Beta_47,Electronics,Supplier_B,Hyderabad WH,Central,2023-08-22,2023-09-20,Sea,Net 60,1795.63,155,155,928,125,1,15,278322.65,236574.25,In Stock,1,7,29
ORD-003301,SKU-06131,Product_Delta_20,Furniture,Supplier_J,Hyderabad WH,Central,2023-08-22,2023-09-02,Sea,Immediate,52.17,77,432,570,150,44,10,4017.09,3615.38,In Stock,9,14,11
ORD-003302,SKU-04197,Product_Delta_48,Apparel,Supplier_H,Mumbai WH,Central,2023-08-22,2023-09-09,Air,Net 60,4197.65,78,78,275,26,20,0,327416.7,327416.7,In Stock,3,8,18
ORD-003303,SKU-01139,Product_Gamma_20,Electronics,Supplier_C,Mumbai WH,Central,2023-08-22,2023-09-02,Air,Immediate,169.65,101,266,220,101,25,10,17134.65,15421.19,In Stock,4,4,11
ORD-003304,SKU-02424,Product_Alpha_25,Apparel,Supplier_C,Delhi WH,East,2023-08-22,2023-09-19,Rail,Net 15,4701.5,438,438,156,35,10,0,2059257.0,2059257.0,In Stock,0,1,28
ORD-003305,SKU-03949,Product_Sigma_12,Industrial Parts,Supplier_D,Bangalore WH,North,2023-08-22,2023-09-03,Sea,Net 15,4461.45,432,296,180,68,1,10,1927346.4,1734611.76,In Stock,2,5,12
ORD-003306,SKU-04168,Product_Sigma_9,Electronics,Supplier_K,Bangalore WH,East,2023-08-23,2023-09-06,Road,Net 60,2682.25,30,30,724,140,16,5,80467.5,76444.12,In Stock,7,0,14
ORD-003307,SKU-09708,Product_Omega_27,Industrial Parts,Supplier_J,Kolkata WH,East,2023-08-23,2023-09-17,Sea,Net 30,2722.54,39,39,128,51,11,0,106179.06,106179.06,In Stock,5,9,25
ORD-003308,SKU-07043,Product_Delta_13,Electronics,Supplier_J,Mumbai WH,East,2023-08-23,2023-09-13,Road,Net 60,3272.35,239,239,242,108,4,20,782091.65,625673.32,In Stock,2,5,21
ORD-003309,SKU-07989,Product_Sigma_13,FMCG,Supplier_K,Mumbai WH,Central,2023-08-24,2023-09-07,Air,Net 60,1941.38,13,13,929,191,35,20,25237.94,20190.35,In Stock,6,2,14
ORD-003310,SKU-08236,Product_Gamma_19,Pharmaceuticals,Supplier_G,Kolkata WH,Central,2023-08-24,2023-09-20,Air,Immediate,3239.64,122,122,171,38,13,15,395236.08,335950.67,In Stock,5,12,27
ORD-003311,SKU-07261,Product_Sigma_45,Apparel,Supplier_E,Mumbai WH,South,2023-08-24,2023-09-17,Rail,Net 60,233.39,144,144,502,22,21,10,33608.16,30247.34,In Stock,4,2,24
ORD-003312,SKU-01887,Product_Kappa_17,Industrial Parts,Supplier_H,Delhi WH,West,2023-08-24,2023-09-04,Sea,Net 15,279.7,172,172,479,141,15,10,48108.4,43297.56,In Stock,7,6,11
ORD-003313,SKU-04104,Product_Beta_32,Apparel,Supplier_H,Chennai WH,West,2023-08-25,2023-09-14,Sea,Immediate,2291.58,455,455,876,79,10,10,1042668.9,938402.01,In Stock,7,3,20
ORD-003314,SKU-01049,Product_Omega_38,Pharmaceuticals,Supplier_B,Kolkata WH,North,2023-08-25,2023-09-02,Rail,Net 60,2752.62,368,368,269,182,38,0,1012964.16,1012964.16,In Stock,2,4,8
ORD-003315,SKU-04951,Product_Omega_23,Industrial Parts,Supplier_I,Kolkata WH,East,2023-08-25,2023-09-13,Sea,Immediate,4440.21,247,247,420,48,11,20,1096731.87,877385.5,In Stock,7,14,19
ORD-003316,SKU-04560,Product_Kappa_41,FMCG,Supplier_D,Chennai WH,West,2023-08-25,2023-09-12,Air,Immediate,532.26,247,247,162,94,32,15,131468.22,111747.99,In Stock,9,5,18
ORD-003317,SKU-01018,Product_Gamma_3,Electronics,Supplier_H,Chennai WH,West,2023-08-25,2023-09-01,Sea,Net 15,4115.01,411,411,954,89,33,10,1691269.11,1522142.2,In Stock,8,11,7
ORD-003318,SKU-05821,Product_Zeta_10,Apparel,Supplier_F,Hyderabad WH,East,2023-08-25,2023-09-07,Sea,Net 15,1058.14,45,45,23,102,20,20,47616.3,38093.04,Low Stock,9,9,13
ORD-003319,SKU-07340,Product_Delta_45,Pharmaceuticals,Supplier_D,Delhi WH,Central,2023-08-25,2023-09-19,Road,Net 15,1976.48,253,253,496,120,36,5,500049.44,475046.97,In Stock,2,11,25
ORD-003320,SKU-09058,Product_Zeta_23,Pharmaceuticals,Supplier_A,Bangalore WH,North,2023-08-25,2023-09-12,Rail,Net 60,1589.85,375,375,192,192,30,5,596193.75,566384.06,In Stock,7,13,18
ORD-003321,SKU-03606,Product_Sigma_14,Electronics,Supplier_H,Bangalore WH,West,2023-08-25,2023-09-24,Rail,Immediate,2006.77,291,291,877,174,10,20,583970.07,467176.06,In Stock,7,5,30
ORD-003322,SKU-08846,Product_Omega_45,Industrial Parts,Supplier_G,Chennai WH,West,2023-08-26,2023-09-19,Sea,Net 30,760.97,207,207,389,109,15,5,157520.79,149644.75,In Stock,6,1,24
ORD-003323,SKU-09643,Product_Sigma_6,Furniture,Supplier_I,Bangalore WH,Central,2023-08-26,2023-09-04,Air,Net 15,2522.81,412,84,496,182,29,10,1039397.72,935457.95,In Stock,7,2,9
ORD-003324,SKU-07432,Product_Delta_17,Furniture,Supplier_B,Chennai WH,Central,2023-08-26,2023-09-07,Road,Net 30,4010.2,483,483,963,166,1,0,1936926.6,1936926.6,In Stock,0,0,12
ORD-003325,SKU-04765,Product_Delta_30,Electronics,Supplier_A,Kolkata WH,West,2023-08-26,2023-09-10,Road,Net 30,2213.25,7,7,805,36,21,10,15492.75,13943.48,In Stock,2,2,15
ORD-003326,SKU-03438,Product_Sigma_3,Industrial Parts,Supplier_C,Bangalore WH,West,2023-08-26,2023-09-10,Air,Net 15,2458.16,446,446,128,54,15,10,1096339.36,986705.42,In Stock,5,7,15
ORD-003327,SKU-07358,Product_Beta_34,Industrial Parts,Supplier_E,Mumbai WH,East,2023-08-26,2023-09-08,Rail,Net 60,4245.35,242,242,552,132,3,10,1027374.7,924637.23,In Stock,6,14,13
ORD-003328,SKU-09319,Product_Gamma_31,Pharmaceuticals,Supplier_I,Chennai WH,North,2023-08-27,2023-08-28,Air,Net 60,3533.23,110,110,542,177,33,5,388655.3,369222.54,In Stock,6,3,1
ORD-003329,SKU-06941,Product_Gamma_30,Electronics,Supplier_A,Delhi WH,Central,2023-08-27,2023-09-20,Road,Immediate,2457.37,114,114,35,141,38,0,280140.18,280140.18,Low Stock,5,1,24
ORD-003330,SKU-08644,Product_Omega_24,Industrial Parts,Supplier_K,Kolkata WH,East,2023-08-27,2023-08-29,Rail,Net 15,1295.9,307,307,456,67,19,10,397841.3,358057.17,In Stock,3,3,2
ORD-003331,SKU-05855,Product_Zeta_43,Apparel,Supplier_L,Delhi WH,West,2023-08-27,2023-09-06,Sea,Net 15,4425.78,302,302,360,36,4,20,1336585.56,1069268.45,In Stock,4,13,10
ORD-003332,SKU-07547,Product_Alpha_21,Apparel,Supplier_L,Hyderabad WH,North,2023-08-27,2023-09-16,Road,Immediate,2889.33,276,276,764,120,12,0,797455.08,797455.08,In Stock,8,14,20
ORD-003333,SKU-08196,Product_Beta_41,Apparel,Supplier_I,Bangalore WH,North,2023-08-28,2023-08-29,Sea,Net 15,1113.53,96,96,949,34,25,0,106898.88,106898.88,In Stock,0,6,1
ORD-003334,SKU-06911,Product_Omega_1,FMCG,Supplier_F,Bangalore WH,West,2023-08-28,2023-09-14,Rail,Net 30,1352.91,294,294,876,147,34,0,397755.54,397755.54,In Stock,1,8,17
ORD-003335,SKU-07481,Product_Gamma_27,Pharmaceuticals,Supplier_F,Mumbai WH,East,2023-08-28,2023-09-02,Road,Net 60,4017.63,189,189,214,131,17,20,759332.07,607465.66,In Stock,4,4,5
ORD-003336,SKU-03761,Product_Kappa_22,Furniture,Supplier_H,Kolkata WH,East,2023-08-29,2023-09-27,Rail,Net 15,230.29,360,395,286,33,6,10,82904.4,74613.96,In Stock,4,12,29
ORD-003337,SKU-05456,Product_Omega_42,Electronics,Supplier_I,Hyderabad WH,West,2023-08-29,2023-09-08,Air,Net 30,4960.54,288,288,767,161,12,20,1428635.52,1142908.42,In Stock,6,4,10
ORD-003338,SKU-07361,Product_Beta_12,FMCG,Supplier_A,Kolkata WH,North,2023-08-29,2023-08-30,Air,Immediate,660.45,154,154,924,192,15,5,101709.3,96623.84,In Stock,7,11,1
ORD-003339,SKU-06693,Product_Omega_20,FMCG,Supplier_A,Delhi WH,East,2023-08-30,2023-09-09,Sea,Net 60,3982.38,58,147,368,116,17,5,230978.04,219429.14,Discontinued,9,4,10
ORD-003340,SKU-06788,Product_Gamma_30,FMCG,Supplier_C,Delhi WH,Central,2023-08-30,2023-09-07,Rail,Net 15,1979.93,423,423,468,185,1,10,837510.39,753759.35,In Stock,5,9,8
ORD-003341,SKU-01201,Product_Gamma_49,Apparel,Supplier_K,Kolkata WH,East,2023-08-30,2023-09-06,Air,Net 60,2466.16,404,228,898,138,14,0,996328.64,996328.64,In Stock,5,8,7
ORD-003342,SKU-07160,Product_Alpha_29,Furniture,Supplier_E,Chennai WH,West,2023-08-30,2023-09-27,Sea,Net 30,4404.45,338,338,185,30,2,0,1488704.1,1488704.1,In Stock,4,6,28
ORD-003343,SKU-01517,Product_Kappa_38,Furniture,Supplier_K,Chennai WH,South,2023-08-30,2023-09-10,Sea,Net 15,2070.43,50,50,473,67,4,5,103521.5,98345.42,In Stock,4,13,11
ORD-003344,SKU-08737,Product_Zeta_47,Furniture,Supplier_E,Chennai WH,East,2023-08-30,2023-08-31,Rail,Net 60,2692.09,207,207,60,173,2,0,557262.63,557262.63,Low Stock,7,2,1
ORD-003345,SKU-02988,Product_Zeta_31,Electronics,Supplier_D,Chennai WH,South,2023-08-30,2023-09-24,Sea,Net 15,256.01,52,52,261,86,26,0,13312.52,13312.52,In Stock,4,13,25
ORD-003346,SKU-04802,Product_Delta_17,Apparel,Supplier_C,Kolkata WH,North,2023-08-31,2023-09-27,Sea,Immediate,21.71,342,342,787,44,40,0,7424.82,7424.82,In Stock,5,1,27
ORD-003347,SKU-06808,Product_Omega_39,Furniture,Supplier_D,Chennai WH,Central,2023-08-31,2023-09-23,Road,Net 15,1231.55,371,371,110,105,33,0,456905.05,456905.05,In Stock,2,8,23
ORD-003348,SKU-08162,Product_Omega_31,Furniture,Supplier_G,Bangalore WH,North,2023-08-31,2023-09-27,Rail,Immediate,3406.11,150,150,828,129,39,0,510916.5,510916.5,In Stock,4,2,27
ORD-003349,SKU-07241,Product_Zeta_20,FMCG,Supplier_C,Delhi WH,West,2023-08-31,2023-09-09,Air,Immediate,615.11,53,53,941,173,6,10,32600.83,29340.75,In Stock,8,12,9
ORD-003350,SKU-09399,Product_Alpha_15,Electronics,Supplier_C,Bangalore WH,South,2023-09-01,2023-10-01,Road,Net 60,577.67,213,213,140,181,30,0,123043.71,123043.71,Low Stock,2,10,30
ORD-003351,SKU-06633,Product_Beta_27,Apparel,Supplier_B,Mumbai WH,Central,2023-09-01,2023-09-19,Air,Net 30,2060.69,66,66,744,109,22,0,136005.54,136005.54,In Stock,7,7,18
ORD-003352,SKU-06755,Product_Zeta_50,Electronics,Supplier_G,Kolkata WH,South,2023-09-01,2023-09-18,Sea,Immediate,3242.71,232,232,534,28,27,0,752308.72,752308.72,In Stock,6,14,17
ORD-003353,SKU-07309,Product_Sigma_37,Electronics,Supplier_J,Chennai WH,North,2023-09-01,2023-09-19,Sea,Net 30,3563.24,373,361,78,59,19,5,1329088.52,1262634.09,In Stock,3,11,18
ORD-003354,SKU-05117,Product_Zeta_38,Electronics,Supplier_A,Kolkata WH,North,2023-09-01,2023-09-20,Rail,Immediate,900.47,299,299,493,26,10,10,269240.53,242316.48,In Stock,4,3,19
ORD-003355,SKU-09345,Product_Alpha_11,Pharmaceuticals,Supplier_G,Chennai WH,South,2023-09-01,2023-10-01,Sea,Net 15,407.14,338,338,30,177,6,15,137613.32,116971.32,Low Stock,7,4,30
ORD-003356,SKU-02518,Product_Gamma_20,FMCG,Supplier_J,Delhi WH,East,2023-09-01,2023-09-20,Rail,Net 15,4702.58,151,151,515,137,26,15,710089.58,603576.14,In Stock,9,7,19
ORD-003357,SKU-07163,Product_Delta_37,Industrial Parts,Supplier_K,Mumbai WH,Central,2023-09-01,2023-09-06,Sea,Net 60,1310.73,205,205,508,177,42,0,268699.65,268699.65,In Stock,6,4,5
ORD-003358,SKU-03600,Product_Gamma_9,Industrial Parts,Supplier_G,Delhi WH,East,2023-09-02,2023-09-06,Sea,Net 30,4268.2,320,320,970,77,3,0,1365824.0,1365824.0,In Stock,9,9,4
ORD-003359,SKU-03195,Product_Omega_4,Pharmaceuticals,Supplier_I,Hyderabad WH,West,2023-09-02,2023-09-04,Road,Net 30,4318.82,255,255,629,74,3,0,1101299.1,1101299.1,In Stock,9,1,2
ORD-003360,SKU-04554,Product_Beta_20,Furniture,Supplier_F,Mumbai WH,East,2023-09-02,2023-09-17,Rail,Net 15,3864.89,489,489,65,33,6,20,1889931.21,1511944.97,In Stock,1,5,15
ORD-003361,SKU-03849,Product_Gamma_23,Industrial Parts,Supplier_H,Hyderabad WH,South,2023-09-02,2023-09-14,Rail,Net 60,852.48,137,137,509,137,10,10,116789.76,105110.78,In Stock,7,6,12
ORD-003362,SKU-02742,Product_Kappa_26,FMCG,Supplier_E,Delhi WH,South,2023-09-02,2023-09-07,Rail,Net 15,4110.79,369,369,911,96,38,0,1516881.51,1516881.51,In Stock,7,11,5
ORD-003363,SKU-02306,Product_Gamma_30,Industrial Parts,Supplier_G,Kolkata WH,West,2023-09-03,2023-09-08,Road,Net 60,3848.56,135,488,370,184,13,0,519555.6,519555.6,In Stock,8,0,5
ORD-003364,SKU-04849,Product_Alpha_43,FMCG,Supplier_K,Kolkata WH,West,2023-09-03,2023-09-12,Road,Net 30,2987.65,425,211,286,143,38,5,1269751.25,1206263.69,In Stock,1,9,9
ORD-003365,SKU-08519,Product_Gamma_13,Pharmaceuticals,Supplier_H,Bangalore WH,West,2023-09-03,2023-09-15,Rail,Net 30,1692.64,54,54,175,191,12,0,91402.56,91402.56,Low Stock,3,8,12
ORD-003366,SKU-05195,Product_Gamma_20,Electronics,Supplier_A,Chennai WH,South,2023-09-03,2023-10-02,Sea,Immediate,1319.92,65,65,122,153,27,15,85794.8,72925.58,Low Stock,1,5,29
ORD-003367,SKU-06178,Product_Sigma_6,FMCG,Supplier_G,Hyderabad WH,North,2023-09-03,2023-09-22,Sea,Net 30,618.23,2,2,230,45,8,5,1236.46,1174.64,In Stock,3,3,19
ORD-003368,SKU-03555,Product_Gamma_16,Industrial Parts,Supplier_H,Delhi WH,South,2023-09-03,2023-09-11,Air,Net 15,2553.69,132,132,554,147,5,10,337087.08,303378.37,In Stock,2,1,8
ORD-003369,SKU-03305,Product_Delta_28,Pharmaceuticals,Supplier_K,Chennai WH,North,2023-09-03,2023-09-11,Road,Immediate,2930.45,334,334,3,137,36,5,978770.3,929831.78,Low Stock,6,8,8
ORD-003370,SKU-08619,Product_Beta_47,Furniture,Supplier_K,Kolkata WH,West,2023-09-03,2023-09-12,Rail,Net 30,1803.1,32,32,701,161,38,0,57699.2,57699.2,In Stock,4,5,9
ORD-003371,SKU-03642,Product_Delta_10,FMCG,Supplier_F,Delhi WH,West,2023-09-03,2023-09-29,Road,Net 15,2382.04,356,356,815,155,43,5,848006.24,805605.93,In Stock,6,8,26
ORD-003372,SKU-07409,Product_Omega_1,FMCG,Supplier_B,Kolkata WH,Central,2023-09-04,2023-09-14,Air,Net 15,1823.94,386,386,411,43,30,10,704040.84,633636.76,In Stock,1,1,10
ORD-003373,SKU-05757,Product_Kappa_11,FMCG,Supplier_G,Hyderabad WH,West,2023-09-04,2023-09-07,Air,Net 30,3208.62,360,360,249,186,37,0,1155103.2,1155103.2,In Stock,3,4,3
ORD-003374,SKU-03994,Product_Omega_7,Industrial Parts,Supplier_J,Delhi WH,North,2023-09-04,2023-09-23,Road,Immediate,4507.28,498,498,655,196,29,5,2244625.44,2132394.17,In Stock,5,5,19
ORD-003375,SKU-09751,Product_Kappa_36,Apparel,Supplier_L,Mumbai WH,Central,2023-09-04,2023-09-17,Air,Net 30,827.96,243,243,486,104,22,15,201194.28,171015.14,In Stock,4,13,13
ORD-003376,SKU-02271,Product_Zeta_45,Apparel,Supplier_B,Mumbai WH,South,2023-09-04,2023-09-23,Sea,Net 30,1913.23,192,192,344,82,14,0,367340.16,367340.16,In Stock,1,10,19
ORD-003377,SKU-02813,Product_Delta_31,FMCG,Supplier_D,Mumbai WH,West,2023-09-04,2023-10-04,Rail,Net 60,712.93,142,142,893,45,10,5,101236.06,96174.26,In Stock,6,4,30
ORD-003378,SKU-09801,Product_Zeta_30,Industrial Parts,Supplier_J,Delhi WH,North,2023-09-04,2023-09-11,Sea,Immediate,3128.47,148,148,332,29,11,0,463013.56,463013.56,In Stock,1,5,7
ORD-003379,SKU-03461,Product_Delta_49,Electronics,Supplier_F,Kolkata WH,East,2023-09-04,2023-09-28,Air,Net 60,3647.06,89,89,452,125,35,10,324588.34,292129.51,In Stock,8,2,24
ORD-003380,SKU-05120,Product_Beta_25,Apparel,Supplier_L,Delhi WH,East,2023-09-04,2023-09-07,Road,Net 15,4660.24,490,490,157,136,23,0,2283517.6,2283517.6,In Stock,6,8,3
ORD-003381,SKU-07124,Product_Gamma_21,FMCG,Supplier_L,Chennai WH,Central,2023-09-04,2023-09-28,Sea,Net 60,1401.57,49,466,576,77,8,10,68676.93,61809.24,In Stock,2,1,24
ORD-003382,SKU-09475,Product_Gamma_26,Industrial Parts,Supplier_C,Chennai WH,West,2023-09-05,2023-09-16,Sea,Net 15,4751.55,136,402,836,33,21,0,646210.8,646210.8,In Stock,5,13,11
ORD-003383,SKU-05396,Product_Omega_19,Industrial Parts,Supplier_B,Kolkata WH,South,2023-09-05,2023-10-01,Air,Immediate,325.68,476,476,269,92,37,0,155023.68,155023.68,In Stock,4,11,26
ORD-003384,SKU-01816,Product_Zeta_39,Electronics,Supplier_F,Hyderabad WH,North,2023-09-05,2023-09-21,Air,Net 60,3019.04,191,191,586,58,28,10,576636.64,518972.98,In Stock,8,1,16
ORD-003385,SKU-08304,Product_Zeta_35,Electronics,Supplier_A,Kolkata WH,North,2023-09-05,2023-09-11,Sea,Net 15,295.09,430,430,417,141,31,10,126888.7,114199.83,In Stock,2,4,6
ORD-003386,SKU-08331,Product_Beta_23,Electronics,Supplier_L,Chennai WH,South,2023-09-05,2023-09-21,Road,Net 60,4469.93,149,32,439,178,28,15,666019.57,566116.63,In Stock,1,10,16
ORD-003387,SKU-01082,Product_Kappa_43,Pharmaceuticals,Supplier_B,Delhi WH,East,2023-09-05,2023-10-02,Road,Immediate,2653.75,87,87,28,197,42,5,230876.25,219332.44,Low Stock,1,9,27
ORD-003388,SKU-02920,Product_Alpha_15,Electronics,Supplier_G,Chennai WH,North,2023-09-06,2023-10-05,Rail,Net 15,3350.05,416,416,977,163,27,5,1393620.8,1323939.76,In Stock,3,2,29
ORD-003389,SKU-08817,Product_Gamma_50,Electronics,Supplier_E,Kolkata WH,South,2023-09-06,2023-09-29,Road,Net 15,4159.55,8,8,334,91,40,10,33276.4,29948.76,In Stock,0,12,23
ORD-003390,SKU-03093,Product_Delta_24,Pharmaceuticals,Supplier_C,Chennai WH,East,2023-09-06,2023-09-29,Air,Net 15,760.05,223,223,237,131,21,0,169491.15,169491.15,In Stock,8,12,23
ORD-003391,SKU-08071,Product_Omega_22,Electronics,Supplier_G,Kolkata WH,East,2023-09-07,2023-09-26,Road,Net 15,202.57,357,357,152,70,9,0,72317.49,72317.49,In Stock,2,1,19
ORD-003392,SKU-08967,Product_Alpha_40,Electronics,Supplier_B,Chennai WH,East,2023-09-07,2023-10-04,Air,Net 30,4395.62,16,16,605,162,29,0,70329.92,70329.92,Reorder Pending,4,5,27
ORD-003393,SKU-09367,Product_Zeta_5,Apparel,Supplier_A,Mumbai WH,East,2023-09-07,2023-10-07,Road,Immediate,1581.52,296,296,748,108,15,0,468129.92,468129.92,In Stock,1,11,30
ORD-003394,SKU-06285,Product_Delta_9,Electronics,Supplier_H,Bangalore WH,North,2023-09-08,2023-09-12,Sea,Immediate,653.6,106,106,833,57,33,0,69281.6,69281.6,In Stock,7,5,4
ORD-003395,SKU-05937,Product_Kappa_13,Furniture,Supplier_A,Mumbai WH,North,2023-09-09,2023-09-29,Road,Immediate,2347.62,283,283,114,124,37,20,664376.46,531501.17,Low Stock,2,6,20
ORD-003396,SKU-01369,Product_Alpha_14,Industrial Parts,Supplier_D,Mumbai WH,East,2023-09-09,2023-09-30,Air,Net 30,2995.55,104,88,807,98,36,15,311537.2,264806.62,In Stock,4,3,21
ORD-003397,SKU-02818,Product_Sigma_28,Pharmaceuticals,Supplier_D,Mumbai WH,East,2023-09-09,2023-09-19,Rail,Net 15,164.54,361,361,730,108,28,20,59398.94,47519.15,In Stock,6,7,10
ORD-003398,SKU-03101,Product_Beta_22,Apparel,Supplier_F,Mumbai WH,Central,2023-09-09,2023-09-11,Sea,Net 30,1381.73,146,146,757,90,10,20,201732.58,161386.06,In Stock,1,2,2
ORD-003399,SKU-04490,Product_Zeta_42,Electronics,Supplier_A,Kolkata WH,North,2023-09-10,2023-10-04,Road,Net 60,173.67,35,261,398,109,23,5,6078.45,5774.53,In Stock,2,9,24
ORD-003400,SKU-02779,Product_Gamma_28,Industrial Parts,Supplier_K,Chennai WH,Central,2023-09-10,2023-10-06,Sea,Net 15,2107.47,113,113,31,91,28,0,238144.11,238144.11,Low Stock,7,0,26
ORD-003401,SKU-08674,Product_Gamma_19,Industrial Parts,Supplier_I,Delhi WH,North,2023-09-10,2023-09-29,Rail,Net 30,4476.55,308,308,531,168,34,5,1378777.4,1309838.53,In Stock,9,4,19
ORD-003402,SKU-02364,Product_Sigma_25,FMCG,Supplier_E,Hyderabad WH,Central,2023-09-10,2023-09-23,Road,Immediate,4913.44,399,399,52,35,5,15,1960462.56,1666393.18,In Stock,7,5,13
ORD-003403,SKU-08294,Product_Kappa_3,Electronics,Supplier_C,Bangalore WH,Central,2023-09-10,2023-09-13,Road,Immediate,3188.87,447,447,717,130,18,5,1425424.89,1354153.65,In Stock,2,10,3
ORD-003404,SKU-04676,Product_Sigma_27,Industrial Parts,Supplier_E,Hyderabad WH,Central,2023-09-10,2023-10-05,Rail,Net 60,816.57,53,53,730,86,6,5,43278.21,41114.3,In Stock,9,12,25
ORD-003405,SKU-03426,Product_Gamma_11,Apparel,Supplier_D,Mumbai WH,South,2023-09-10,2023-09-12,Rail,Net 15,4530.19,347,347,194,84,42,0,1571975.93,1571975.93,In Stock,6,2,2
ORD-003406,SKU-09264,Product_Zeta_44,Industrial Parts,Supplier_L,Delhi WH,Central,2023-09-11,2023-10-11,Road,Net 30,2586.08,81,81,304,32,23,5,209472.48,198998.86,In Stock,1,1,30
ORD-003407,SKU-09089,Product_Beta_30,Pharmaceuticals,Supplier_L,Mumbai WH,West,2023-09-11,2023-10-06,Sea,Net 30,777.21,104,104,706,137,28,0,80829.84,80829.84,In Stock,8,2,25
ORD-003408,SKU-03962,Product_Beta_23,Electronics,Supplier_L,Chennai WH,West,2023-09-11,2023-09-22,Road,Net 60,4609.42,322,166,972,80,41,0,1484233.24,1484233.24,In Stock,7,2,11
ORD-003409,SKU-01859,Product_Beta_42,Pharmaceuticals,Supplier_B,Kolkata WH,West,2023-09-12,2023-09-24,Air,Net 60,3789.77,369,369,344,51,13,15,1398425.13,1188661.36,In Stock,8,6,12
ORD-003410,SKU-05138,Product_Zeta_1,Electronics,Supplier_J,Hyderabad WH,South,2023-09-12,2023-10-11,Road,Net 60,3661.21,242,242,81,159,25,0,886012.82,886012.82,Low Stock,8,0,29
ORD-003411,SKU-03424,Product_Gamma_21,Pharmaceuticals,Supplier_I,Kolkata WH,Central,2023-09-12,2023-10-09,Rail,Net 30,3548.81,31,31,0,114,7,20,110013.11,88010.49,Out of Stock,6,10,27
ORD-003412,SKU-05017,Product_Gamma_37,Electronics,Supplier_D,Bangalore WH,Central,2023-09-12,2023-09-26,Sea,Net 60,1009.7,317,317,166,60,2,0,320074.9,320074.9,In Stock,3,3,14
ORD-003413,SKU-09560,Product_Zeta_44,Furniture,Supplier_J,Kolkata WH,West,2023-09-12,2023-09-26,Rail,Net 60,1062.92,192,192,316,155,16,20,204080.64,163264.51,In Stock,4,10,14
ORD-003414,SKU-09342,Product_Kappa_1,Furniture,Supplier_C,Hyderabad WH,South,2023-09-12,2023-10-12,Sea,Net 15,3444.58,357,334,182,44,2,5,1229715.06,1168229.31,In Stock,6,2,30
ORD-003415,SKU-02134,Product_Kappa_42,FMCG,Supplier_E,Bangalore WH,East,2023-09-12,2023-10-10,Air,Net 60,1106.42,361,361,964,152,36,10,399417.62,359475.86,In Stock,4,9,28
ORD-003416,SKU-06166,Product_Zeta_28,Industrial Parts,Supplier_I,Chennai WH,West,2023-09-12,2023-09-16,Air,Net 15,2198.97,233,233,897,64,2,0,512360.01,512360.01,In Stock,9,10,4
ORD-003417,SKU-06119,Product_Alpha_20,Electronics,Supplier_E,Mumbai WH,North,2023-09-13,2023-10-11,Road,Immediate,3912.19,98,98,861,149,38,10,383394.62,345055.16,In Stock,7,6,28
ORD-003418,SKU-06694,Product_Zeta_17,Apparel,Supplier_I,Chennai WH,West,2023-09-13,2023-10-08,Road,Net 15,3921.92,34,34,272,189,10,15,133345.28,113343.49,In Stock,4,0,25
ORD-003419,SKU-07136,Product_Beta_39,Pharmaceuticals,Supplier_B,Delhi WH,South,2023-09-13,2023-09-21,Sea,Net 30,2271.78,243,35,668,185,14,0,552042.54,552042.54,In Stock,4,7,8
ORD-003420,SKU-06485,Product_Kappa_33,Electronics,Supplier_D,Delhi WH,North,2023-09-13,2023-10-07,Road,Net 60,3963.03,439,439,372,22,27,0,1739770.17,1739770.17,In Stock,4,9,24
ORD-003421,SKU-05164,Product_Omega_50,Furniture,Supplier_A,Bangalore WH,South,2023-09-13,2023-10-04,Rail,Net 30,4194.72,59,59,361,193,15,0,247488.48,247488.48,In Stock,3,6,21
ORD-003422,SKU-03346,Product_Kappa_46,Electronics,Supplier_A,Mumbai WH,East,2023-09-13,2023-10-11,Rail,Net 60,3277.33,259,259,899,169,21,0,848828.47,848828.47,In Stock,6,12,28
ORD-003423,SKU-06039,Product_Omega_35,FMCG,Supplier_E,Hyderabad WH,South,2023-09-14,2023-10-04,Air,Net 15,1149.85,17,17,200,123,12,0,19547.45,19547.45,In Stock,1,11,20
ORD-003424,SKU-05897,Product_Omega_8,Furniture,Supplier_B,Bangalore WH,Central,2023-09-14,2023-10-14,Sea,Immediate,1377.32,78,78,191,52,43,10,107430.96,96687.86,In Stock,9,11,30
ORD-003425,SKU-09252,Product_Gamma_28,Electronics,Supplier_L,Mumbai WH,South,2023-09-14,2023-09-15,Road,Net 30,1581.06,206,206,340,51,33,0,325698.36,325698.36,In Stock,3,7,1
ORD-003426,SKU-06041,Product_Zeta_44,Industrial Parts,Supplier_G,Delhi WH,North,2023-09-14,2023-10-05,Road,Immediate,592.85,302,302,298,130,40,10,179040.7,161136.63,In Stock,2,7,21
ORD-003427,SKU-04901,Product_Beta_10,Electronics,Supplier_J,Delhi WH,North,2023-09-14,2023-10-09,Road,Net 15,1373.07,166,166,505,36,22,15,227929.62,193740.18,In Stock,9,12,25
ORD-003428,SKU-02337,Product_Alpha_22,Apparel,Supplier_B,Delhi WH,North,2023-09-14,2023-10-05,Road,Net 15,1055.5,291,291,587,139,38,10,307150.5,276435.45,In Stock,7,10,21
ORD-003429,SKU-02184,Product_Sigma_13,Pharmaceuticals,Supplier_A,Kolkata WH,Central,2023-09-14,2023-09-27,Road,Net 30,2282.09,385,385,139,101,44,0,878604.65,878604.65,In Stock,6,8,13
ORD-003430,SKU-05426,Product_Kappa_28,Electronics,Supplier_F,Mumbai WH,North,2023-09-15,2023-09-17,Air,Net 60,4543.1,112,112,305,22,18,5,508827.2,483385.84,In Stock,2,0,2
ORD-003431,SKU-02551,Product_Alpha_30,Industrial Parts,Supplier_D,Chennai WH,East,2023-09-15,2023-09-25,Sea,Net 30,531.36,413,413,195,89,44,0,219451.68,219451.68,In Stock,3,8,10
ORD-003432,SKU-02629,Product_Sigma_3,Industrial Parts,Supplier_A,Bangalore WH,South,2023-09-15,2023-10-02,Sea,Immediate,3604.14,388,388,60,196,2,0,1398406.32,1398406.32,Low Stock,3,0,17
ORD-003433,SKU-02526,Product_Beta_32,Electronics,Supplier_C,Mumbai WH,East,2023-09-16,2023-09-18,Sea,Net 60,3439.54,317,317,987,137,29,0,1090334.18,1090334.18,In Stock,9,14,2
ORD-003434,SKU-02361,Product_Kappa_24,Apparel,Supplier_B,Hyderabad WH,South,2023-09-16,2023-09-27,Rail,Immediate,487.81,353,353,968,50,7,20,172196.93,137757.54,Reorder Pending,6,2,11
ORD-003435,SKU-05370,Product_Alpha_39,Electronics,Supplier_F,Hyderabad WH,Central,2023-09-16,2023-10-04,Air,Net 30,4613.64,145,145,359,168,31,10,668977.8,602080.02,In Stock,7,12,18
ORD-003436,SKU-06283,Product_Omega_17,Industrial Parts,Supplier_B,Hyderabad WH,East,2023-09-16,2023-10-05,Road,Immediate,2846.68,156,156,306,35,41,0,444082.08,444082.08,In Stock,3,6,19
ORD-003437,SKU-08610,Product_Zeta_22,Furniture,Supplier_G,Kolkata WH,Central,2023-09-16,2023-09-21,Rail,Net 15,1824.99,178,178,479,36,18,5,324848.22,308605.81,In Stock,7,14,5
ORD-003438,SKU-02993,Product_Sigma_50,Apparel,Supplier_H,Mumbai WH,South,2023-09-16,2023-09-27,Sea,Net 30,3785.13,346,346,332,115,9,0,1309654.98,1309654.98,In Stock,0,12,11
ORD-003439,SKU-01869,Product_Alpha_35,FMCG,Supplier_L,Mumbai WH,North,2023-09-17,2023-10-04,Rail,Net 15,1294.25,136,136,865,148,8,20,176018.0,140814.4,In Stock,8,7,17
ORD-003440,SKU-02014,Product_Sigma_12,Electronics,Supplier_F,Kolkata WH,West,2023-09-17,2023-10-10,Air,Net 15,3470.61,418,418,82,131,33,20,1450714.98,1160571.98,Low Stock,6,11,23
ORD-003441,SKU-01602,Product_Sigma_23,Electronics,Supplier_L,Kolkata WH,East,2023-09-17,2023-09-25,Rail,Immediate,208.16,315,315,333,121,5,0,65570.4,65570.4,In Stock,3,4,8
ORD-003442,SKU-01690,Product_Zeta_2,FMCG,Supplier_I,Delhi WH,North,2023-09-17,2023-09-22,Rail,Immediate,4198.65,18,18,516,91,14,0,75575.7,75575.7,In Stock,7,0,5
ORD-003443,SKU-09685,Product_Kappa_21,FMCG,Supplier_G,Mumbai WH,West,2023-09-17,2023-09-19,Sea,Net 60,2246.37,351,351,730,85,13,5,788475.87,749052.08,In Stock,9,2,2
ORD-003444,SKU-01489,Product_Sigma_41,Pharmaceuticals,Supplier_L,Mumbai WH,Central,2023-09-17,2023-10-09,Sea,Net 60,3187.1,443,443,923,130,11,5,1411885.3,1341291.03,In Stock,1,6,22
ORD-003445,SKU-07864,Product_Alpha_39,FMCG,Supplier_E,Bangalore WH,Central,2023-09-17,2023-10-11,Sea,Net 60,1113.98,155,155,765,56,20,0,172666.9,172666.9,In Stock,7,1,24
ORD-003446,SKU-08240,Product_Beta_23,Industrial Parts,Supplier_G,Chennai WH,West,2023-09-17,2023-09-30,Air,Immediate,3388.6,272,272,473,171,23,10,921699.2,829529.28,In Stock,9,1,13
ORD-003447,SKU-08786,Product_Alpha_35,FMCG,Supplier_L,Bangalore WH,East,2023-09-18,2023-10-03,Sea,Immediate,3863.48,266,266,393,110,27,0,1027685.68,1027685.68,In Stock,5,8,15
ORD-003448,SKU-09024,Product_Zeta_16,Apparel,Supplier_D,Hyderabad WH,East,2023-09-18,2023-10-13,Rail,Net 60,2371.33,360,360,599,103,15,10,853678.8,768310.92,In Stock,6,5,25
ORD-003449,SKU-01294,Product_Gamma_6,Industrial Parts,Supplier_D,Kolkata WH,West,2023-09-18,2023-10-08,Road,Immediate,3092.46,332,332,720,130,30,0,1026696.72,1026696.72,In Stock,6,3,20
ORD-003450,SKU-06488,Product_Beta_9,Apparel,Supplier_K,Kolkata WH,West,2023-09-18,2023-10-07,Air,Net 15,2287.07,406,406,691,81,16,10,928550.42,835695.38,In Stock,1,14,19
ORD-003451,SKU-05027,Product_Gamma_41,Electronics,Supplier_J,Hyderabad WH,South,2023-09-18,2023-10-05,Road,Net 30,4471.52,16,16,719,40,40,10,71544.32,64389.89,In Stock,1,9,17
ORD-003452,SKU-03912,Product_Kappa_28,Furniture,Supplier_F,Chennai WH,Central,2023-09-19,2023-09-22,Rail,Net 15,2494.37,12,12,784,125,18,5,29932.44,28435.82,In Stock,3,13,3
ORD-003453,SKU-05744,Product_Sigma_23,Apparel,Supplier_D,Chennai WH,Central,2023-09-19,2023-09-27,Road,Net 60,4210.63,75,75,576,56,42,10,315797.25,284217.53,Reorder Pending,5,8,8
ORD-003454,SKU-02873,Product_Kappa_45,Electronics,Supplier_E,Hyderabad WH,West,2023-09-19,2023-10-03,Rail,Net 30,4008.75,212,212,379,54,23,5,849855.0,807362.25,In Stock,3,14,14
ORD-003455,SKU-04258,Product_Delta_47,Electronics,Supplier_I,Mumbai WH,South,2023-09-19,2023-09-29,Rail,Net 60,2058.42,179,475,20,185,36,0,368457.18,368457.18,Low Stock,5,6,10
ORD-003456,SKU-03817,Product_Kappa_3,Pharmaceuticals,Supplier_B,Mumbai WH,East,2023-09-19,2023-10-15,Road,Net 60,1158.12,129,129,949,162,38,0,149397.48,149397.48,Discontinued,4,6,26
ORD-003457,SKU-09636,Product_Beta_21,Industrial Parts,Supplier_B,Chennai WH,North,2023-09-20,2023-10-03,Rail,Net 60,2036.35,283,283,878,133,8,0,576287.05,576287.05,In Stock,5,7,13
ORD-003458,SKU-04641,Product_Omega_3,Apparel,Supplier_A,Hyderabad WH,Central,2023-09-20,2023-09-25,Road,Net 60,4132.82,195,195,176,189,39,0,805899.9,805899.9,Low Stock,8,2,5
ORD-003459,SKU-05458,Product_Gamma_39,FMCG,Supplier_F,Kolkata WH,Central,2023-09-20,2023-09-25,Air,Net 60,1145.89,268,268,362,113,29,10,307098.52,276388.67,In Stock,5,1,5
ORD-003460,SKU-06307,Product_Beta_25,Pharmaceuticals,Supplier_A,Bangalore WH,West,2023-09-21,2023-10-02,Air,Immediate,2626.94,30,30,21,23,12,0,78808.2,78808.2,Low Stock,5,0,11
ORD-003461,SKU-09933,Product_Beta_22,Pharmaceuticals,Supplier_B,Delhi WH,South,2023-09-21,2023-09-24,Rail,Net 60,4032.42,9,9,836,126,18,0,36291.78,36291.78,In Stock,7,1,3
ORD-003462,SKU-03041,Product_Sigma_28,Furniture,Supplier_E,Chennai WH,South,2023-09-21,2023-10-07,Sea,Net 15,1773.85,309,309,959,186,19,15,548119.65,465901.7,In Stock,4,2,16
ORD-003463,SKU-01679,Product_Zeta_2,FMCG,Supplier_H,Kolkata WH,East,2023-09-22,2023-10-11,Rail,Net 15,3214.63,445,445,547,98,36,10,1430510.35,1287459.32,In Stock,4,4,19
ORD-003464,SKU-06738,Product_Gamma_48,Industrial Parts,Supplier_G,Hyderabad WH,South,2023-09-22,2023-10-16,Air,Net 30,1235.7,310,310,249,42,33,5,383067.0,363913.65,In Stock,9,7,24
ORD-003465,SKU-06668,Product_Sigma_47,Industrial Parts,Supplier_E,Mumbai WH,West,2023-09-22,2023-09-24,Road,Immediate,555.3,165,165,660,124,5,0,91624.5,91624.5,In Stock,0,12,2
ORD-003466,SKU-08697,Product_Beta_28,Furniture,Supplier_C,Kolkata WH,East,2023-09-22,2023-10-10,Sea,Net 60,3973.98,193,193,951,34,39,0,766978.14,766978.14,In Stock,5,10,18
ORD-003467,SKU-09033,Product_Beta_13,Industrial Parts,Supplier_H,Chennai WH,West,2023-09-22,2023-10-05,Road,Immediate,503.85,426,426,72,159,28,5,214640.1,203908.1,Low Stock,0,10,13
ORD-003468,SKU-01062,Product_Sigma_20,Pharmaceuticals,Supplier_I,Chennai WH,North,2023-09-22,2023-10-01,Air,Net 15,1364.19,305,305,90,147,26,15,416077.95,353666.26,Low Stock,7,12,9
ORD-003469,SKU-08829,Product_Delta_45,FMCG,Supplier_J,Bangalore WH,North,2023-09-22,2023-09-25,Rail,Immediate,4277.0,260,260,175,101,43,0,1112020.0,1112020.0,In Stock,9,2,3
ORD-003470,SKU-08352,Product_Alpha_24,Industrial Parts,Supplier_G,Hyderabad WH,South,2023-09-22,2023-10-05,Air,Net 15,1738.88,192,192,125,140,21,5,333864.96,317171.71,Discontinued,8,6,13
ORD-003471,SKU-07915,Product_Kappa_14,Electronics,Supplier_B,Delhi WH,South,2023-09-23,2023-10-10,Road,Net 60,4865.5,79,79,203,107,23,20,384374.5,307499.6,In Stock,5,10,17
ORD-003472,SKU-09326,Product_Zeta_18,Apparel,Supplier_F,Bangalore WH,South,2023-09-23,2023-10-07,Sea,Net 15,4898.87,179,179,913,185,21,10,876897.73,789207.96,In Stock,8,10,14
ORD-003473,SKU-04644,Product_Gamma_18,Electronics,Supplier_H,Mumbai WH,North,2023-09-23,2023-10-18,Rail,Immediate,1348.7,91,91,245,175,11,5,122731.7,116595.12,In Stock,1,4,25
ORD-003474,SKU-05970,Product_Alpha_39,Pharmaceuticals,Supplier_D,Hyderabad WH,South,2023-09-23,2023-10-16,Sea,Net 15,214.48,456,456,610,98,42,10,97802.88,88022.59,In Stock,8,4,23
ORD-003475,SKU-09003,Product_Zeta_12,Electronics,Supplier_I,Mumbai WH,South,2023-09-23,2023-09-28,Rail,Immediate,3528.27,444,444,270,38,39,15,1566551.88,1331569.1,In Stock,3,13,5
ORD-003476,SKU-04278,Product_Sigma_18,FMCG,Supplier_F,Delhi WH,East,2023-09-23,2023-10-18,Sea,Net 15,2260.42,215,215,43,88,16,5,485990.3,461690.78,Low Stock,2,7,25
ORD-003477,SKU-08296,Product_Alpha_27,Apparel,Supplier_F,Delhi WH,North,2023-09-23,2023-09-28,Road,Immediate,512.76,79,79,733,151,33,15,40508.04,34431.83,In Stock,0,9,5
ORD-003478,SKU-04074,Product_Delta_2,Furniture,Supplier_L,Delhi WH,East,2023-09-23,2023-10-09,Rail,Immediate,3540.54,475,475,940,29,27,5,1681756.5,1597668.67,In Stock,0,4,16
ORD-003479,SKU-09312,Product_Zeta_43,Apparel,Supplier_B,Bangalore WH,West,2023-09-23,2023-10-11,Road,Immediate,165.56,415,415,608,159,1,15,68707.4,58401.29,In Stock,7,9,18
ORD-003480,SKU-08552,Product_Gamma_18,Pharmaceuticals,Supplier_C,Kolkata WH,West,2023-09-24,2023-10-01,Road,Net 30,4352.28,103,103,547,154,44,20,448284.84,358627.87,In Stock,1,14,7
ORD-003481,SKU-02637,Product_Sigma_30,Industrial Parts,Supplier_I,Delhi WH,West,2023-09-24,2023-10-10,Air,Net 15,701.88,111,111,167,63,16,5,77908.68,74013.25,In Stock,0,6,16
ORD-003482,SKU-06103,Product_Omega_7,Apparel,Supplier_B,Chennai WH,North,2023-09-24,2023-10-07,Sea,Net 60,645.29,456,456,434,170,5,10,294252.24,264827.02,In Stock,1,12,13
ORD-003483,SKU-01644,Product_Delta_15,Industrial Parts,Supplier_H,Bangalore WH,South,2023-09-25,2023-10-16,Sea,Net 60,886.6,478,478,29,21,18,10,423794.8,381415.32,In Stock,2,11,21
ORD-003484,SKU-03032,Product_Alpha_46,FMCG,Supplier_H,Mumbai WH,East,2023-09-25,2023-10-14,Sea,Net 30,4801.73,314,314,793,113,41,10,1507743.22,1356968.9,In Stock,3,9,19
ORD-003485,SKU-03761,Product_Omega_15,Industrial Parts,Supplier_F,Kolkata WH,North,2023-09-25,2023-10-02,Air,Net 30,3468.92,247,247,596,135,34,15,856823.24,728299.75,In Stock,8,7,7
ORD-003486,SKU-03068,Product_Beta_40,Industrial Parts,Supplier_B,Chennai WH,East,2023-09-25,2023-10-13,Rail,Net 30,4008.84,234,234,356,184,44,0,938068.56,938068.56,In Stock,6,7,18
ORD-003487,SKU-01241,Product_Sigma_47,Industrial Parts,Supplier_C,Chennai WH,Central,2023-09-25,2023-10-15,Rail,Immediate,1994.2,82,82,490,88,25,10,163524.4,147171.96,In Stock,4,2,20
ORD-003488,SKU-03668,Product_Kappa_38,Apparel,Supplier_D,Bangalore WH,Central,2023-09-25,2023-10-19,Air,Net 30,1688.2,132,132,632,167,42,10,222842.4,200558.16,In Stock,4,3,24
ORD-003489,SKU-01802,Product_Zeta_41,Electronics,Supplier_J,Mumbai WH,North,2023-09-25,2023-10-12,Sea,Net 30,1180.08,495,495,798,191,34,10,584139.6,525725.64,In Stock,5,13,17
ORD-003490,SKU-06059,Product_Omega_35,FMCG,Supplier_F,Chennai WH,East,2023-09-26,2023-10-04,Rail,Net 15,2408.43,235,235,247,127,15,10,565981.05,509382.95,In Stock,0,12,8
ORD-003491,SKU-01195,Product_Zeta_31,Pharmaceuticals,Supplier_J,Chennai WH,North,2023-09-26,2023-10-04,Road,Immediate,2763.63,278,278,695,89,4,0,768289.14,768289.14,In Stock,5,7,8
ORD-003492,SKU-03187,Product_Alpha_22,Electronics,Supplier_H,Mumbai WH,Central,2023-09-26,2023-09-29,Rail,Net 15,3162.56,387,387,252,93,4,5,1223910.72,1162715.18,In Stock,5,4,3
ORD-003493,SKU-03330,Product_Omega_21,Pharmaceuticals,Supplier_I,Bangalore WH,South,2023-09-27,2023-10-06,Rail,Immediate,1293.02,335,335,956,198,25,15,433161.7,368187.44,In Stock,4,13,9
ORD-003494,SKU-05841,Product_Omega_29,Apparel,Supplier_B,Delhi WH,Central,2023-09-27,2023-10-22,Air,Immediate,4743.78,99,99,784,99,41,20,469634.22,375707.38,In Stock,9,11,25
ORD-003495,SKU-04606,Product_Gamma_30,Apparel,Supplier_F,Mumbai WH,North,2023-09-27,2023-10-11,Air,Net 30,857.09,431,431,720,117,13,0,369405.79,369405.79,In Stock,8,0,14
ORD-003496,SKU-09468,Product_Kappa_14,Furniture,Supplier_F,Chennai WH,East,2023-09-27,2023-10-08,Air,Immediate,4828.61,38,38,865,178,42,5,183487.18,174312.82,In Stock,9,6,11
ORD-003497,SKU-01060,Product_Gamma_44,Industrial Parts,Supplier_E,Mumbai WH,North,2023-09-27,2023-10-19,Air,Net 30,84.13,161,161,381,119,25,15,13544.93,11513.19,In Stock,9,2,22
ORD-003498,SKU-04927,Product_Zeta_17,Electronics,Supplier_C,Bangalore WH,West,2023-09-27,2023-10-27,Rail,Net 30,2410.82,462,462,535,188,3,10,1113798.84,1002418.96,In Stock,4,1,30
ORD-003499,SKU-07296,Product_Zeta_3,Electronics,Supplier_G,Bangalore WH,West,2023-09-27,2023-10-16,Road,Immediate,1673.51,432,432,633,77,35,10,722956.32,650660.69,In Stock,8,11,19
ORD-003500,SKU-03591,Product_Beta_41,Electronics,Supplier_K,Bangalore WH,West,2023-09-28,2023-10-01,Sea,Net 30,2251.13,449,449,736,152,9,0,1010757.37,1010757.37,In Stock,9,9,3
ORD-003501,SKU-09758,Product_Kappa_36,FMCG,Supplier_A,Mumbai WH,North,2023-09-28,2023-10-02,Sea,Net 30,2857.62,117,259,899,180,14,10,334341.54,300907.39,In Stock,6,4,4
ORD-003502,SKU-07121,Product_Omega_6,Industrial Parts,Supplier_K,Mumbai WH,Central,2023-09-28,2023-10-20,Rail,Net 30,2183.59,241,241,904,190,22,10,526245.19,473620.67,In Stock,2,0,22
ORD-003503,SKU-02200,Product_Delta_48,Industrial Parts,Supplier_J,Chennai WH,North,2023-09-28,2023-10-12,Road,Net 15,2080.09,26,246,897,166,9,10,54082.34,48674.11,In Stock,8,13,14
ORD-003504,SKU-03854,Product_Omega_20,Industrial Parts,Supplier_H,Bangalore WH,South,2023-09-29,2023-10-13,Rail,Net 15,3666.29,136,136,418,51,24,10,498615.44,448753.9,In Stock,9,8,14
ORD-003505,SKU-08024,Product_Sigma_49,Electronics,Supplier_C,Kolkata WH,South,2023-09-29,2023-10-11,Rail,Net 15,3432.52,50,50,122,140,23,5,171626.0,163044.7,Low Stock,6,9,12
ORD-003506,SKU-07972,Product_Omega_29,FMCG,Supplier_D,Chennai WH,Central,2023-09-29,2023-10-11,Road,Immediate,4168.02,464,464,293,22,37,20,1933961.28,1547169.02,In Stock,3,13,12
ORD-003507,SKU-01136,Product_Kappa_2,FMCG,Supplier_L,Bangalore WH,South,2023-09-30,2023-10-07,Air,Immediate,1257.3,294,294,684,148,15,10,369646.2,332681.58,In Stock,8,14,7
ORD-003508,SKU-02029,Product_Gamma_40,Furniture,Supplier_G,Chennai WH,West,2023-09-30,2023-10-11,Air,Net 15,3051.55,394,394,142,188,36,5,1202310.7,1142195.16,Low Stock,5,4,11
ORD-003509,SKU-03594,Product_Gamma_40,Pharmaceuticals,Supplier_A,Hyderabad WH,Central,2023-09-30,2023-10-12,Air,Net 15,2930.12,298,298,937,67,14,20,873175.76,698540.61,In Stock,8,5,12
ORD-003510,SKU-08206,Product_Omega_37,Electronics,Supplier_C,Chennai WH,Central,2023-09-30,2023-10-20,Air,Net 30,1854.99,293,293,898,186,20,20,543512.07,434809.66,Discontinued,3,6,20
ORD-003511,SKU-01661,Product_Zeta_27,Electronics,Supplier_E,Chennai WH,East,2023-10-01,2023-10-22,Sea,Net 60,2435.43,154,154,510,152,39,15,375056.22,318797.79,Discontinued,9,13,21
ORD-003512,SKU-03472,Product_Alpha_49,Electronics,Supplier_E,Bangalore WH,East,2023-10-01,2023-10-02,Air,Net 15,1575.77,220,220,926,96,36,5,346669.4,329335.93,In Stock,1,8,1
ORD-003513,SKU-01086,Product_Sigma_36,Electronics,Supplier_G,Hyderabad WH,West,2023-10-01,2023-10-26,Road,Net 15,717.8,140,140,947,30,27,5,100492.0,95467.4,In Stock,8,10,25
ORD-003514,SKU-07219,Product_Kappa_16,Industrial Parts,Supplier_L,Chennai WH,Central,2023-10-02,2023-10-12,Road,Net 15,1076.87,468,468,680,41,17,0,503975.16,503975.16,In Stock,9,4,10
ORD-003515,SKU-09143,Product_Zeta_35,Pharmaceuticals,Supplier_F,Hyderabad WH,North,2023-10-02,2023-10-08,Road,Net 60,536.51,49,49,56,31,26,0,26288.99,26288.99,In Stock,3,11,6
ORD-003516,SKU-07968,Product_Gamma_25,Industrial Parts,Supplier_E,Bangalore WH,Central,2023-10-02,2023-10-14,Rail,Net 15,3418.52,142,292,41,72,41,5,485429.84,461158.35,Low Stock,1,3,12
ORD-003517,SKU-03773,Product_Beta_7,Furniture,Supplier_G,Hyderabad WH,Central,2023-10-02,2023-10-22,Sea,Immediate,3307.03,46,46,820,74,4,5,152123.38,144517.21,In Stock,6,11,20
ORD-003518,SKU-02700,Product_Zeta_14,Industrial Parts,Supplier_H,Chennai WH,West,2023-10-03,2023-10-30,Rail,Net 15,4753.53,163,163,630,72,3,0,774825.39,774825.39,In Stock,6,2,27
ORD-003519,SKU-03700,Product_Delta_8,Electronics,Supplier_H,Mumbai WH,South,2023-10-03,2023-10-29,Road,Immediate,3651.1,285,285,120,40,19,20,1040563.5,832450.8,In Stock,4,4,26
ORD-003520,SKU-07815,Product_Sigma_12,FMCG,Supplier_C,Mumbai WH,West,2023-10-03,2023-10-18,Rail,Net 60,269.71,268,268,823,38,41,5,72282.28,68668.17,In Stock,4,13,15
ORD-003521,SKU-02647,Product_Gamma_50,Electronics,Supplier_A,Bangalore WH,North,2023-10-03,2023-10-23,Air,Net 60,4422.38,116,116,762,107,40,5,512996.08,487346.28,In Stock,7,9,20
ORD-003522,SKU-07038,Product_Zeta_36,Electronics,Supplier_F,Hyderabad WH,East,2023-10-03,2023-10-08,Air,Net 60,4314.75,82,82,342,113,39,5,353809.5,336119.02,In Stock,5,9,5
ORD-003523,SKU-06164,Product_Zeta_23,Furniture,Supplier_B,Bangalore WH,South,2023-10-03,2023-10-18,Air,Immediate,2222.17,44,44,331,85,7,0,97775.48,97775.48,In Stock,0,12,15
ORD-003524,SKU-06520,Product_Delta_27,Furniture,Supplier_H,Kolkata WH,West,2023-10-03,2023-10-05,Rail,Net 15,2933.46,194,194,455,78,36,15,569091.24,483727.55,In Stock,3,2,2
ORD-003525,SKU-04687,Product_Sigma_21,FMCG,Supplier_B,Bangalore WH,West,2023-10-04,2023-11-03,Sea,Net 15,4880.63,258,258,436,196,19,0,1259202.54,1259202.54,In Stock,0,4,30
ORD-003526,SKU-01596,Product_Omega_41,Pharmaceuticals,Supplier_A,Delhi WH,Central,2023-10-04,2023-10-31,Air,Immediate,2666.2,443,443,340,78,12,10,1181126.6,1063013.94,In Stock,4,7,27
ORD-003527,SKU-05545,Product_Beta_43,Apparel,Supplier_H,Delhi WH,East,2023-10-04,2023-10-12,Road,Net 15,4527.56,273,273,340,170,20,10,1236023.88,1112421.49,In Stock,4,1,8
ORD-003528,SKU-09676,Product_Omega_33,Pharmaceuticals,Supplier_D,Bangalore WH,Central,2023-10-04,2023-10-11,Rail,Net 60,424.36,394,394,415,22,38,5,167197.84,158837.95,In Stock,3,12,7
ORD-003529,SKU-09837,Product_Zeta_15,Pharmaceuticals,Supplier_A,Chennai WH,East,2023-10-05,2023-10-27,Sea,Net 60,963.35,274,274,848,135,12,5,263957.9,250760.0,In Stock,8,3,22
ORD-003530,SKU-05757,Product_Zeta_32,Electronics,Supplier_I,Kolkata WH,East,2023-10-05,2023-10-17,Rail,Net 15,2209.37,278,278,181,77,29,0,614204.86,614204.86,In Stock,7,7,12
ORD-003531,SKU-05384,Product_Kappa_19,Furniture,Supplier_H,Mumbai WH,East,2023-10-05,2023-10-10,Sea,Net 60,2927.94,83,83,676,81,30,0,243019.02,243019.02,In Stock,9,14,5
ORD-003532,SKU-09912,Product_Kappa_11,Pharmaceuticals,Supplier_B,Bangalore WH,South,2023-10-05,2023-10-30,Air,Net 60,4082.98,58,58,983,165,20,5,236812.84,224972.2,In Stock,2,13,25
ORD-003533,SKU-05733,Product_Gamma_26,Furniture,Supplier_F,Delhi WH,North,2023-10-05,2023-10-29,Air,Net 15,4941.43,53,289,263,145,4,10,261895.79,235706.21,In Stock,4,4,24
ORD-003534,SKU-08081,Product_Sigma_1,Furniture,Supplier_G,Chennai WH,South,2023-10-05,2023-11-02,Sea,Net 60,1950.37,1,1,209,56,2,5,1950.37,1852.85,In Stock,5,7,28
ORD-003535,SKU-09690,Product_Omega_49,Furniture,Supplier_E,Hyderabad WH,South,2023-10-05,2023-10-08,Rail,Net 30,246.6,216,391,522,132,30,0,53265.6,53265.6,Discontinued,4,5,3
ORD-003536,SKU-08117,Product_Kappa_42,Furniture,Supplier_K,Mumbai WH,East,2023-10-06,2023-10-10,Road,Net 30,4007.85,317,317,181,114,23,0,1270488.45,1270488.45,In Stock,7,0,4
ORD-003537,SKU-05729,Product_Gamma_44,FMCG,Supplier_H,Hyderabad WH,Central,2023-10-06,2023-10-30,Sea,Immediate,3025.86,228,228,443,97,6,10,689896.08,620906.47,In Stock,4,4,24
ORD-003538,SKU-02673,Product_Beta_25,Pharmaceuticals,Supplier_I,Chennai WH,South,2023-10-06,2023-10-08,Road,Net 30,1000.73,473,473,250,161,18,5,473345.29,449678.03,In Stock,7,9,2
ORD-003539,SKU-09306,Product_Zeta_27,Electronics,Supplier_K,Bangalore WH,East,2023-10-06,2023-10-14,Rail,Net 60,2479.19,484,484,137,124,22,0,1199927.96,1199927.96,In Stock,9,14,8
ORD-003540,SKU-08178,Product_Zeta_13,FMCG,Supplier_D,Chennai WH,Central,2023-10-06,2023-10-26,Rail,Net 60,3714.13,254,254,217,24,37,10,943389.02,849050.12,In Stock,9,1,20
ORD-003541,SKU-03294,Product_Alpha_40,Apparel,Supplier_H,Hyderabad WH,Central,2023-10-06,2023-11-05,Rail,Net 15,3854.35,159,159,750,114,4,0,612841.65,612841.65,In Stock,2,6,30
ORD-003542,SKU-04630,Product_Delta_9,Furniture,Supplier_K,Bangalore WH,West,2023-10-07,2023-10-12,Rail,Immediate,2503.1,287,287,453,148,43,5,718389.7,682470.22,In Stock,4,13,5
ORD-003543,SKU-01146,Product_Beta_39,Furniture,Supplier_L,Delhi WH,South,2023-10-07,2023-11-04,Sea,Net 60,1533.02,66,66,882,82,11,0,101179.32,101179.32,In Stock,3,9,28
ORD-003544,SKU-04453,Product_Zeta_2,Electronics,Supplier_A,Mumbai WH,North,2023-10-07,2023-11-03,Road,Net 15,4868.98,403,403,848,39,41,20,1962198.94,1569759.15,In Stock,5,3,27
ORD-003545,SKU-05507,Product_Omega_40,FMCG,Supplier_D,Kolkata WH,South,2023-10-07,2023-11-03,Air,Net 60,3320.18,309,309,86,62,35,0,1025935.62,1025935.62,In Stock,2,1,27
ORD-003546,SKU-06783,Product_Delta_11,Apparel,Supplier_B,Delhi WH,West,2023-10-07,2023-10-17,Road,Immediate,2047.11,460,460,809,104,11,5,941670.6,894587.07,In Stock,9,0,10
ORD-003547,SKU-08751,Product_Kappa_44,Electronics,Supplier_H,Chennai WH,South,2023-10-08,2023-10-09,Air,Immediate,1409.51,458,277,292,113,34,20,645555.58,516444.46,In Stock,3,4,1
ORD-003548,SKU-06628,Product_Beta_24,FMCG,Supplier_F,Mumbai WH,West,2023-10-08,2023-10-19,Road,Net 30,3658.2,95,104,91,61,9,0,347529.0,347529.0,In Stock,3,10,11
ORD-003549,SKU-09328,Product_Alpha_48,Pharmaceuticals,Supplier_E,Chennai WH,North,2023-10-09,2023-11-01,Rail,Immediate,1218.5,493,493,207,127,31,10,600720.5,540648.45,In Stock,4,9,23
ORD-003550,SKU-04360,Product_Zeta_36,Pharmaceuticals,Supplier_D,Chennai WH,East,2023-10-09,2023-11-04,Rail,Net 60,866.83,253,253,203,113,42,0,219307.99,219307.99,In Stock,5,12,26
ORD-003551,SKU-04005,Product_Delta_11,Pharmaceuticals,Supplier_I,Kolkata WH,East,2023-10-09,2023-10-13,Sea,Net 30,2653.87,150,150,185,93,32,0,398080.5,398080.5,In Stock,1,7,4
ORD-003552,SKU-04552,Product_Kappa_24,Electronics,Supplier_A,Chennai WH,North,2023-10-09,2023-10-19,Road,Immediate,1457.04,23,23,84,128,43,10,33511.92,30160.73,Low Stock,9,7,10
ORD-003553,SKU-01018,Product_Delta_12,Pharmaceuticals,Supplier_C,Mumbai WH,South,2023-10-09,2023-10-24,Road,Net 30,3148.24,244,244,826,134,35,20,768170.56,614536.45,In Stock,7,11,15
ORD-003554,SKU-03242,Product_Kappa_46,FMCG,Supplier_H,Hyderabad WH,North,2023-10-10,2023-10-26,Road,Immediate,598.51,215,215,663,186,11,5,128679.65,122245.67,Discontinued,3,12,16
ORD-003555,SKU-07318,Product_Delta_21,Furniture,Supplier_E,Mumbai WH,North,2023-10-10,2023-10-11,Rail,Net 30,3278.16,399,399,155,195,17,10,1307985.84,1177187.26,Low Stock,6,9,1
ORD-003556,SKU-06097,Product_Gamma_19,Pharmaceuticals,Supplier_B,Kolkata WH,Central,2023-10-10,2023-10-21,Air,Immediate,1423.65,410,410,292,144,36,10,583696.5,525326.85,In Stock,6,1,11
ORD-003557,SKU-09640,Product_Beta_2,Industrial Parts,Supplier_E,Bangalore WH,North,2023-10-11,2023-10-18,Sea,Net 15,11.21,131,131,532,25,2,5,1468.51,1395.08,In Stock,9,5,7
ORD-003558,SKU-02948,Product_Delta_37,Industrial Parts,Supplier_I,Kolkata WH,South,2023-10-11,2023-11-04,Air,Net 60,643.41,343,343,160,142,24,10,220689.63,198620.67,In Stock,1,6,24
ORD-003559,SKU-06618,Product_Kappa_30,Pharmaceuticals,Supplier_F,Delhi WH,West,2023-10-11,2023-10-29,Sea,Net 15,4668.74,148,492,385,61,15,0,690973.52,690973.52,In Stock,6,9,18
ORD-003560,SKU-05236,Product_Delta_44,Pharmaceuticals,Supplier_L,Hyderabad WH,West,2023-10-11,2023-10-18,Road,Net 30,4338.1,381,381,484,77,28,0,1652816.1,1652816.1,In Stock,0,0,7
ORD-003561,SKU-07901,Product_Kappa_16,Industrial Parts,Supplier_H,Chennai WH,Central,2023-10-11,2023-10-18,Rail,Net 15,1175.71,109,109,502,190,3,5,128152.39,121744.77,In Stock,1,4,7
ORD-003562,SKU-02920,Product_Gamma_30,Furniture,Supplier_K,Hyderabad WH,North,2023-10-11,2023-10-29,Road,Net 15,3894.08,40,40,850,29,29,15,155763.2,132398.72,In Stock,4,5,18
ORD-003563,SKU-05188,Product_Beta_39,Apparel,Supplier_C,Mumbai WH,East,2023-10-11,2023-10-28,Rail,Net 60,3046.77,121,121,155,108,13,0,368659.17,368659.17,In Stock,7,6,17
ORD-003564,SKU-01238,Product_Omega_11,Furniture,Supplier_G,Bangalore WH,North,2023-10-11,2023-11-05,Sea,Net 30,4854.81,295,295,142,97,22,10,1432168.95,1288952.06,In Stock,6,10,25
ORD-003565,SKU-01204,Product_Delta_30,Electronics,Supplier_A,Kolkata WH,Central,2023-10-12,2023-10-21,Sea,Immediate,1874.29,120,120,768,130,31,0,224914.8,224914.8,In Stock,2,8,9
ORD-003566,SKU-06552,Product_Beta_1,Apparel,Supplier_C,Bangalore WH,South,2023-10-12,2023-10-30,Air,Immediate,3410.49,456,456,618,58,7,0,1555183.44,1555183.44,In Stock,9,2,18
ORD-003567,SKU-05927,Product_Alpha_44,Industrial Parts,Supplier_J,Mumbai WH,Central,2023-10-12,2023-10-28,Rail,Net 15,327.04,18,18,283,160,26,10,5886.72,5298.05,In Stock,8,7,16
ORD-003568,SKU-05390,Product_Zeta_34,Pharmaceuticals,Supplier_C,Delhi WH,West,2023-10-12,2023-11-01,Rail,Net 15,1987.27,169,169,561,186,31,10,335848.63,302263.77,In Stock,4,9,20
ORD-003569,SKU-03687,Product_Kappa_25,Industrial Parts,Supplier_F,Mumbai WH,North,2023-10-12,2023-11-05,Sea,Net 60,4819.45,198,291,34,30,38,5,954251.1,906538.54,In Stock,2,2,24
ORD-003570,SKU-05951,Product_Beta_27,Furniture,Supplier_E,Hyderabad WH,West,2023-10-13,2023-10-18,Air,Net 15,2699.51,411,411,223,129,38,0,1109498.61,1109498.61,In Stock,6,10,5
ORD-003571,SKU-07160,Product_Sigma_46,Electronics,Supplier_G,Delhi WH,North,2023-10-13,2023-11-05,Air,Net 15,1446.52,484,484,667,35,4,20,700115.68,560092.54,In Stock,3,8,23
ORD-003572,SKU-06388,Product_Beta_46,Industrial Parts,Supplier_K,Bangalore WH,North,2023-10-13,2023-11-05,Sea,Net 30,610.15,143,143,392,52,35,0,87251.45,87251.45,In Stock,0,7,23
ORD-003573,SKU-06126,Product_Alpha_29,Industrial Parts,Supplier_I,Chennai WH,East,2023-10-13,2023-11-04,Air,Immediate,3520.61,37,342,407,78,33,10,130262.57,117236.31,In Stock,4,8,22
ORD-003574,SKU-01816,Product_Kappa_47,Pharmaceuticals,Supplier_G,Kolkata WH,West,2023-10-13,2023-10-14,Road,Net 30,3227.83,186,186,702,70,3,10,600376.38,540338.74,In Stock,7,4,1
ORD-003575,SKU-01192,Product_Alpha_19,Pharmaceuticals,Supplier_C,Bangalore WH,North,2023-10-13,2023-10-26,Air,Net 30,1875.95,261,261,387,34,19,10,489622.95,440660.66,In Stock,3,10,13
ORD-003576,SKU-02776,Product_Zeta_47,Furniture,Supplier_H,Delhi WH,Central,2023-10-13,2023-11-01,Air,Net 15,4755.2,231,499,695,62,9,20,1098451.2,878760.96,In Stock,6,8,19
ORD-003577,SKU-04645,Product_Alpha_24,FMCG,Supplier_C,Mumbai WH,Central,2023-10-13,2023-11-11,Sea,Immediate,120.79,254,254,748,46,19,10,30680.66,27612.59,Discontinued,7,12,29
ORD-003578,SKU-07314,Product_Zeta_46,Electronics,Supplier_I,Mumbai WH,North,2023-10-13,2023-11-04,Rail,Net 15,1525.58,329,446,296,75,19,0,501915.82,501915.82,In Stock,8,2,22
ORD-003579,SKU-09442,Product_Kappa_28,Industrial Parts,Supplier_I,Mumbai WH,North,2023-10-13,2023-10-30,Air,Net 60,4606.14,391,391,322,140,26,0,1801000.74,1801000.74,In Stock,8,6,17
ORD-003580,SKU-02788,Product_Beta_7,Industrial Parts,Supplier_E,Bangalore WH,Central,2023-10-14,2023-10-16,Sea,Net 15,1611.47,297,402,815,132,13,0,478606.59,478606.59,In Stock,4,2,2
ORD-003581,SKU-08374,Product_Gamma_17,Electronics,Supplier_A,Chennai WH,Central,2023-10-14,2023-10-23,Road,Net 15,1268.74,468,468,853,79,22,0,593770.32,593770.32,In Stock,5,5,9
ORD-003582,SKU-04700,Product_Beta_47,Apparel,Supplier_H,Chennai WH,South,2023-10-15,2023-10-21,Rail,Immediate,2675.76,10,412,487,134,8,20,26757.6,21406.08,In Stock,6,7,6
ORD-003583,SKU-04893,Product_Gamma_24,Apparel,Supplier_G,Hyderabad WH,East,2023-10-15,2023-10-17,Road,Net 60,4120.77,446,446,569,128,24,0,1837863.42,1837863.42,In Stock,9,1,2
ORD-003584,SKU-07811,Product_Zeta_43,Industrial Parts,Supplier_G,Kolkata WH,West,2023-10-15,2023-10-25,Air,Net 15,524.7,410,410,38,194,26,10,215127.0,193614.3,Low Stock,1,14,10
ORD-003585,SKU-03679,Product_Omega_10,FMCG,Supplier_E,Kolkata WH,Central,2023-10-15,2023-10-22,Rail,Immediate,4715.67,324,324,504,131,41,10,1527877.08,1375089.37,In Stock,8,7,7
ORD-003586,SKU-04904,Product_Delta_31,Electronics,Supplier_C,Kolkata WH,South,2023-10-15,2023-11-10,Air,Net 15,3977.41,230,230,502,119,41,15,914804.3,777583.66,In Stock,0,0,26
ORD-003587,SKU-08260,Product_Delta_17,Industrial Parts,Supplier_A,Kolkata WH,East,2023-10-16,2023-11-08,Road,Immediate,914.44,24,258,752,27,3,5,21946.56,20849.23,In Stock,5,3,23
ORD-003588,SKU-01504,Product_Beta_22,Industrial Parts,Supplier_H,Kolkata WH,West,2023-10-16,2023-11-05,Air,Immediate,3562.92,78,78,536,154,7,10,277907.76,250116.98,In Stock,5,6,20
ORD-003589,SKU-07773,Product_Beta_30,Pharmaceuticals,Supplier_K,Delhi WH,West,2023-10-16,2023-10-25,Road,Immediate,1930.94,425,421,315,100,2,0,820649.5,820649.5,Discontinued,6,13,9
ORD-003590,SKU-04816,Product_Kappa_49,FMCG,Supplier_G,Bangalore WH,Central,2023-10-16,2023-10-18,Road,Net 15,2017.45,193,193,495,149,33,10,389367.85,350431.06,In Stock,1,0,2
ORD-003591,SKU-01717,Product_Delta_49,Apparel,Supplier_K,Bangalore WH,Central,2023-10-16,2023-10-31,Rail,Net 30,3918.62,401,260,116,164,12,0,1571366.62,1571366.62,Low Stock,5,5,15
ORD-003592,SKU-05434,Product_Sigma_22,Apparel,Supplier_D,Chennai WH,South,2023-10-16,2023-11-06,Air,Net 60,4814.3,109,109,341,140,12,20,524758.7,419806.96,In Stock,5,9,21
ORD-003593,SKU-01658,Product_Sigma_45,Apparel,Supplier_C,Kolkata WH,East,2023-10-16,2023-10-17,Sea,Net 30,642.01,280,280,881,23,10,0,179762.8,179762.8,In Stock,8,5,1
ORD-003594,SKU-06057,Product_Kappa_22,FMCG,Supplier_H,Hyderabad WH,North,2023-10-16,2023-10-19,Rail,Immediate,2108.94,411,411,239,45,41,0,866774.34,866774.34,In Stock,7,13,3
ORD-003595,SKU-05008,Product_Kappa_45,Industrial Parts,Supplier_B,Chennai WH,North,2023-10-17,2023-10-30,Sea,Immediate,2409.9,263,263,686,97,27,5,633803.7,602113.51,In Stock,4,12,13
ORD-003596,SKU-05994,Product_Sigma_37,Apparel,Supplier_L,Mumbai WH,South,2023-10-17,2023-11-08,Air,Immediate,1887.8,329,329,993,91,18,10,621086.2,558977.58,In Stock,6,6,22
ORD-003597,SKU-05234,Product_Sigma_39,Apparel,Supplier_D,Bangalore WH,East,2023-10-17,2023-10-26,Sea,Net 15,1822.31,363,363,444,152,4,10,661498.53,595348.68,In Stock,6,8,9
ORD-003598,SKU-04764,Product_Alpha_49,Furniture,Supplier_F,Delhi WH,North,2023-10-17,2023-11-08,Air,Net 30,270.82,355,355,851,147,40,0,96141.1,96141.1,In Stock,4,6,22
ORD-003599,SKU-05637,Product_Gamma_10,Furniture,Supplier_D,Hyderabad WH,East,2023-10-17,2023-11-14,Rail,Net 15,3430.84,378,378,739,24,23,0,1296857.52,1296857.52,Reorder Pending,6,2,28
ORD-003600,SKU-03104,Product_Sigma_2,Pharmaceuticals,Supplier_L,Bangalore WH,North,2023-10-17,2023-11-16,Sea,Net 60,2186.71,268,268,996,110,21,0,586038.28,586038.28,In Stock,2,3,30
ORD-003601,SKU-07801,Product_Delta_24,Furniture,Supplier_I,Kolkata WH,South,2023-10-17,2023-11-08,Rail,Immediate,982.02,341,341,486,88,36,5,334868.82,318125.38,In Stock,6,12,22
ORD-003602,SKU-09575,Product_Omega_46,Pharmaceuticals,Supplier_G,Kolkata WH,North,2023-10-17,2023-10-29,Air,Net 60,4082.01,259,259,764,22,30,5,1057240.59,1004378.56,In Stock,5,14,12
ORD-003603,SKU-03607,Product_Sigma_20,Pharmaceuticals,Supplier_H,Delhi WH,Central,2023-10-17,2023-11-14,Rail,Immediate,4014.78,335,335,410,185,21,5,1344951.3,1277703.73,In Stock,5,0,28
ORD-003604,SKU-09385,Product_Gamma_37,FMCG,Supplier_G,Chennai WH,North,2023-10-17,2023-10-21,Rail,Net 15,2437.09,85,85,891,113,23,10,207152.65,186437.38,In Stock,1,4,4
ORD-003605,SKU-04719,Product_Sigma_31,Pharmaceuticals,Supplier_L,Delhi WH,North,2023-10-18,2023-10-19,Air,Immediate,1499.27,10,10,622,20,21,5,14992.7,14243.06,In Stock,1,6,1
ORD-003606,SKU-03581,Product_Kappa_44,Pharmaceuticals,Supplier_C,Mumbai WH,Central,2023-10-18,2023-10-28,Road,Net 15,3194.08,289,289,752,155,8,20,923089.12,738471.3,In Stock,6,2,10
ORD-003607,SKU-03565,Product_Sigma_10,Electronics,Supplier_F,Mumbai WH,North,2023-10-18,2023-11-15,Road,Net 15,1447.88,302,302,735,32,39,0,437259.76,437259.76,In Stock,0,5,28
ORD-003608,SKU-03763,Product_Gamma_10,Pharmaceuticals,Supplier_J,Kolkata WH,East,2023-10-18,2023-11-16,Road,Net 15,1187.68,59,59,297,197,13,10,70073.12,63065.81,In Stock,8,11,29
ORD-003609,SKU-07328,Product_Sigma_25,Industrial Parts,Supplier_C,Hyderabad WH,North,2023-10-18,2023-11-08,Sea,Immediate,3655.27,308,308,51,131,40,10,1125823.16,1013240.84,Low Stock,2,14,21
ORD-003610,SKU-06991,Product_Sigma_41,Electronics,Supplier_D,Hyderabad WH,East,2023-10-19,2023-11-01,Sea,Net 60,211.22,262,262,732,27,22,0,55339.64,55339.64,In Stock,5,14,13
ORD-003611,SKU-04406,Product_Delta_2,Electronics,Supplier_I,Mumbai WH,North,2023-10-19,2023-10-27,Rail,Net 15,482.89,386,386,303,177,7,5,186395.54,177075.76,In Stock,2,2,8
ORD-003612,SKU-09923,Product_Delta_38,Furniture,Supplier_G,Delhi WH,South,2023-10-19,2023-11-01,Air,Net 60,43.87,285,285,287,132,24,0,12502.95,12502.95,In Stock,8,3,13
ORD-003613,SKU-05780,Product_Sigma_10,FMCG,Supplier_L,Bangalore WH,South,2023-10-19,2023-11-05,Road,Net 30,773.19,119,294,663,187,5,0,92009.61,92009.61,In Stock,9,4,17
ORD-003614,SKU-05177,Product_Alpha_17,Apparel,Supplier_I,Chennai WH,East,2023-10-19,2023-11-11,Rail,Net 60,354.26,168,477,898,98,26,5,59515.68,56539.9,In Stock,6,5,23
ORD-003615,SKU-07476,Product_Omega_47,Industrial Parts,Supplier_H,Hyderabad WH,North,2023-10-19,2023-10-23,Air,Net 60,4979.05,353,383,117,141,10,0,1757604.65,1757604.65,Low Stock,0,5,4
ORD-003616,SKU-03604,Product_Zeta_31,Furniture,Supplier_J,Kolkata WH,West,2023-10-19,2023-11-17,Rail,Immediate,1451.16,189,189,922,93,11,0,274269.24,274269.24,In Stock,3,0,29
ORD-003617,SKU-09181,Product_Gamma_23,Apparel,Supplier_A,Mumbai WH,Central,2023-10-19,2023-10-30,Sea,Net 15,754.85,452,452,968,146,40,5,341192.2,324132.59,In Stock,4,11,11
ORD-003618,SKU-03382,Product_Gamma_38,Electronics,Supplier_G,Mumbai WH,North,2023-10-20,2023-11-05,Rail,Net 15,1212.57,251,251,423,180,38,5,304355.07,289137.32,In Stock,6,7,16
ORD-003619,SKU-01531,Product_Omega_34,Apparel,Supplier_K,Mumbai WH,East,2023-10-20,2023-11-17,Air,Immediate,4681.27,324,324,790,132,11,0,1516731.48,1516731.48,In Stock,6,2,28
ORD-003620,SKU-07079,Product_Omega_25,Industrial Parts,Supplier_L,Chennai WH,East,2023-10-20,2023-11-09,Sea,Net 15,2605.6,413,413,646,71,30,0,1076112.8,1076112.8,In Stock,4,3,20
ORD-003621,SKU-01634,Product_Kappa_42,Electronics,Supplier_A,Kolkata WH,West,2023-10-20,2023-11-07,Air,Net 30,1830.44,229,229,208,140,4,10,419170.76,377253.68,In Stock,0,7,18
ORD-003622,SKU-01002,Product_Gamma_34,Pharmaceuticals,Supplier_E,Kolkata WH,North,2023-10-20,2023-10-23,Rail,Net 30,4368.22,190,190,126,52,2,10,829961.8,746965.62,In Stock,4,14,3
ORD-003623,SKU-09397,Product_Kappa_12,Industrial Parts,Supplier_I,Mumbai WH,Central,2023-10-21,2023-10-27,Sea,Net 15,1981.0,316,316,292,92,13,20,625996.0,500796.8,In Stock,4,4,6
ORD-003624,SKU-06951,Product_Kappa_25,Pharmaceuticals,Supplier_I,Kolkata WH,East,2023-10-21,2023-10-28,Road,Immediate,1681.69,124,124,518,115,39,0,208529.56,208529.56,In Stock,3,5,7
ORD-003625,SKU-06626,Product_Alpha_43,Apparel,Supplier_G,Delhi WH,West,2023-10-21,2023-11-07,Air,Immediate,1044.34,84,386,221,56,17,0,87724.56,87724.56,In Stock,5,12,17
ORD-003626,SKU-08739,Product_Beta_22,Electronics,Supplier_J,Hyderabad WH,North,2023-10-21,2023-11-05,Rail,Net 15,1895.21,297,297,76,88,23,0,562877.37,562877.37,Low Stock,7,12,15
ORD-003627,SKU-07003,Product_Delta_20,Electronics,Supplier_K,Kolkata WH,Central,2023-10-21,2023-11-08,Road,Net 60,1590.25,215,215,337,151,10,5,341903.75,324808.56,In Stock,9,14,18
ORD-003628,SKU-03890,Product_Delta_15,Industrial Parts,Supplier_D,Kolkata WH,East,2023-10-21,2023-11-20,Rail,Net 60,3389.75,237,237,862,79,13,10,803370.75,723033.68,In Stock,4,0,30
ORD-003629,SKU-07239,Product_Gamma_18,Electronics,Supplier_C,Bangalore WH,North,2023-10-21,2023-11-13,Road,Net 60,1455.02,466,123,789,93,42,5,678039.32,644137.35,Reorder Pending,7,7,23
ORD-003630,SKU-09026,Product_Beta_42,Apparel,Supplier_A,Bangalore WH,West,2023-10-21,2023-10-22,Road,Net 30,2890.23,113,113,845,50,39,10,326595.99,293936.39,In Stock,4,4,1
ORD-003631,SKU-04306,Product_Delta_23,Furniture,Supplier_L,Delhi WH,West,2023-10-21,2023-10-23,Air,Net 30,338.8,217,217,849,33,42,10,73519.6,66167.64,In Stock,2,0,2
ORD-003632,SKU-01897,Product_Kappa_30,Furniture,Supplier_F,Kolkata WH,North,2023-10-21,2023-10-29,Air,Net 30,964.53,321,321,738,79,29,20,309614.13,247691.3,In Stock,7,6,8
ORD-003633,SKU-01670,Product_Alpha_48,Furniture,Supplier_F,Chennai WH,East,2023-10-23,2023-11-22,Air,Immediate,2042.95,246,246,912,87,16,0,502565.7,502565.7,In Stock,3,14,30
ORD-003634,SKU-08291,Product_Delta_48,Electronics,Supplier_D,Chennai WH,Central,2023-10-23,2023-11-09,Rail,Net 30,4685.38,448,448,274,147,3,0,2099050.24,2099050.24,In Stock,2,1,17
ORD-003635,SKU-02505,Product_Delta_24,Furniture,Supplier_E,Chennai WH,West,2023-10-23,2023-11-02,Road,Immediate,1892.49,335,335,862,45,36,0,633984.15,633984.15,In Stock,2,11,10
ORD-003636,SKU-07460,Product_Alpha_26,Furniture,Supplier_A,Kolkata WH,Central,2023-10-23,2023-11-03,Rail,Immediate,3323.73,319,319,806,171,4,0,1060269.87,1060269.87,In Stock,5,5,11
ORD-003637,SKU-06167,Product_Beta_22,Furniture,Supplier_F,Chennai WH,South,2023-10-23,2023-11-08,Air,Immediate,1282.89,482,125,116,156,36,20,618352.98,494682.38,Low Stock,7,13,16
ORD-003638,SKU-06255,Product_Beta_18,FMCG,Supplier_A,Delhi WH,North,2023-10-23,2023-11-05,Rail,Net 30,643.9,432,432,291,54,16,0,278164.8,278164.8,Discontinued,9,2,13
ORD-003639,SKU-01249,Product_Beta_4,Electronics,Supplier_K,Chennai WH,North,2023-10-23,2023-11-16,Air,Net 15,302.1,404,404,270,125,41,5,122048.4,115945.98,In Stock,4,5,24
ORD-003640,SKU-07457,Product_Kappa_37,Pharmaceuticals,Supplier_I,Mumbai WH,South,2023-10-23,2023-10-29,Rail,Net 60,1534.01,374,374,446,43,6,0,573719.74,573719.74,In Stock,0,8,6
ORD-003641,SKU-02892,Product_Delta_16,Electronics,Supplier_J,Chennai WH,North,2023-10-23,2023-10-24,Air,Net 15,796.73,37,37,156,178,42,0,29479.01,29479.01,Low Stock,0,5,1
ORD-003642,SKU-04439,Product_Sigma_48,Apparel,Supplier_C,Kolkata WH,East,2023-10-24,2023-11-05,Air,Immediate,878.31,64,64,571,102,28,0,56211.84,56211.84,In Stock,2,0,12
ORD-003643,SKU-03854,Product_Gamma_45,FMCG,Supplier_H,Mumbai WH,East,2023-10-24,2023-11-15,Road,Immediate,3806.19,219,219,183,188,36,0,833555.61,833555.61,Low Stock,5,5,22
ORD-003644,SKU-04792,Product_Delta_15,Furniture,Supplier_D,Kolkata WH,West,2023-10-24,2023-11-05,Rail,Immediate,89.03,342,337,423,55,23,10,30448.26,27403.43,In Stock,1,2,12
ORD-003645,SKU-06330,Product_Kappa_12,Furniture,Supplier_J,Mumbai WH,East,2023-10-24,2023-11-05,Sea,Net 30,2793.47,499,499,655,120,12,20,1393941.53,1115153.22,Discontinued,0,3,12
ORD-003646,SKU-08871,Product_Alpha_39,Pharmaceuticals,Supplier_G,Hyderabad WH,East,2023-10-24,2023-11-14,Road,Immediate,1903.51,389,388,672,53,42,5,740465.39,703442.12,In Stock,6,12,21
ORD-003647,SKU-09235,Product_Sigma_36,Pharmaceuticals,Supplier_L,Chennai WH,West,2023-10-24,2023-11-03,Air,Net 30,2537.68,34,34,600,140,31,5,86281.12,81967.06,In Stock,1,3,10
ORD-003648,SKU-04612,Product_Sigma_6,Pharmaceuticals,Supplier_B,Mumbai WH,South,2023-10-24,2023-11-01,Rail,Net 60,2818.52,39,39,15,58,12,0,109922.28,109922.28,Low Stock,7,8,8
ORD-003649,SKU-03618,Product_Delta_47,Pharmaceuticals,Supplier_F,Delhi WH,South,2023-10-24,2023-11-10,Road,Immediate,1573.7,67,67,925,42,32,15,105437.9,89622.22,In Stock,1,7,17
ORD-003650,SKU-05678,Product_Beta_9,Pharmaceuticals,Supplier_J,Delhi WH,West,2023-10-25,2023-11-03,Sea,Immediate,1482.59,209,209,760,99,25,0,309861.31,309861.31,In Stock,0,6,9
ORD-003651,SKU-04163,Product_Sigma_4,Pharmaceuticals,Supplier_H,Delhi WH,East,2023-10-25,2023-11-20,Rail,Net 60,3669.68,318,318,97,191,29,20,1166958.24,933566.59,Low Stock,9,4,26
ORD-003652,SKU-03942,Product_Delta_15,Industrial Parts,Supplier_G,Mumbai WH,West,2023-10-25,2023-10-27,Road,Immediate,4357.67,344,344,961,89,19,5,1499038.48,1424086.56,In Stock,1,9,2
ORD-003653,SKU-09411,Product_Delta_38,Apparel,Supplier_E,Mumbai WH,Central,2023-10-25,2023-11-15,Air,Net 15,970.98,152,152,615,78,22,0,147588.96,147588.96,In Stock,1,10,21
ORD-003654,SKU-02925,Product_Kappa_30,Electronics,Supplier_A,Delhi WH,East,2023-10-25,2023-11-03,Air,Net 60,497.12,387,387,299,173,24,5,192385.44,182766.17,In Stock,6,3,9
ORD-003655,SKU-03972,Product_Beta_35,Electronics,Supplier_F,Delhi WH,North,2023-10-26,2023-11-24,Road,Net 15,4490.0,365,365,746,41,33,20,1638850.0,1311080.0,In Stock,0,12,29
ORD-003656,SKU-01990,Product_Alpha_21,Industrial Parts,Supplier_D,Kolkata WH,West,2023-10-26,2023-11-08,Air,Net 30,1755.98,199,199,421,128,36,0,349440.02,349440.02,In Stock,2,2,13
ORD-003657,SKU-02812,Product_Beta_13,Electronics,Supplier_K,Kolkata WH,East,2023-10-26,2023-11-24,Air,Net 60,2761.07,89,89,306,130,40,0,245735.23,245735.23,In Stock,4,11,29
ORD-003658,SKU-09995,Product_Kappa_8,Furniture,Supplier_K,Hyderabad WH,North,2023-10-26,2023-11-22,Sea,Net 60,1804.12,248,248,955,107,16,0,447421.76,447421.76,In Stock,6,0,27
ORD-003659,SKU-01489,Product_Kappa_6,Pharmaceuticals,Supplier_L,Bangalore WH,South,2023-10-26,2023-10-27,Rail,Net 60,637.75,323,323,273,59,2,5,205993.25,195693.59,In Stock,5,8,1
ORD-003660,SKU-06876,Product_Kappa_13,Pharmaceuticals,Supplier_F,Hyderabad WH,South,2023-10-26,2023-11-13,Air,Net 60,2950.76,79,79,260,104,8,0,233110.04,233110.04,In Stock,7,14,18
ORD-003661,SKU-04645,Product_Beta_35,Furniture,Supplier_G,Bangalore WH,West,2023-10-26,2023-11-04,Road,Net 30,2630.45,477,477,238,113,13,10,1254724.65,1129252.18,In Stock,0,7,9
ORD-003662,SKU-08081,Product_Delta_39,Pharmaceuticals,Supplier_H,Mumbai WH,East,2023-10-27,2023-11-04,Air,Net 15,1022.94,434,434,935,30,30,20,443955.96,355164.77,In Stock,6,0,8
ORD-003663,SKU-03891,Product_Kappa_20,FMCG,Supplier_A,Chennai WH,East,2023-10-27,2023-11-01,Rail,Immediate,2264.83,285,285,773,136,1,20,645476.55,516381.24,In Stock,8,1,5
ORD-003664,SKU-04516,Product_Alpha_38,Furniture,Supplier_L,Bangalore WH,Central,2023-10-27,2023-11-07,Rail,Net 60,3986.77,330,330,331,28,12,0,1315634.1,1315634.1,In Stock,6,13,11
ORD-003665,SKU-04340,Product_Zeta_8,Pharmaceuticals,Supplier_H,Hyderabad WH,Central,2023-10-28,2023-11-26,Sea,Net 60,2956.23,32,32,114,31,7,5,94599.36,89869.39,In Stock,5,0,29
ORD-003666,SKU-07410,Product_Kappa_50,Electronics,Supplier_I,Mumbai WH,Central,2023-10-28,2023-11-10,Sea,Immediate,493.62,87,87,267,173,14,0,42944.94,42944.94,In Stock,8,0,13
ORD-003667,SKU-01053,Product_Delta_38,Electronics,Supplier_J,Mumbai WH,Central,2023-10-28,2023-11-19,Sea,Net 60,2744.63,39,39,11,57,42,5,107040.57,101688.54,Low Stock,3,13,22
ORD-003668,SKU-03575,Product_Kappa_1,Pharmaceuticals,Supplier_H,Mumbai WH,West,2023-10-28,2023-11-02,Rail,Immediate,3516.66,393,393,72,150,35,15,1382047.38,1174740.27,Low Stock,9,8,5
ORD-003669,SKU-01615,Product_Sigma_49,Industrial Parts,Supplier_H,Chennai WH,North,2023-10-28,2023-10-31,Rail,Net 15,3965.59,101,101,873,145,28,5,400524.59,380498.36,In Stock,5,4,3
ORD-003670,SKU-06944,Product_Zeta_39,FMCG,Supplier_L,Chennai WH,Central,2023-10-28,2023-11-21,Air,Immediate,3149.3,244,244,405,162,12,15,768429.2,653164.82,In Stock,5,14,24
ORD-003671,SKU-08404,Product_Sigma_32,FMCG,Supplier_F,Kolkata WH,South,2023-10-28,2023-11-10,Road,Net 30,771.76,232,232,816,194,40,15,179048.32,152191.07,In Stock,9,2,13
ORD-003672,SKU-01954,Product_Gamma_22,Pharmaceuticals,Supplier_F,Hyderabad WH,South,2023-10-28,2023-11-14,Sea,Net 15,3553.76,398,398,177,152,24,0,1414396.48,1414396.48,In Stock,2,1,17
ORD-003673,SKU-02629,Product_Kappa_33,Apparel,Supplier_E,Chennai WH,Central,2023-10-28,2023-11-19,Road,Net 60,3389.94,68,68,975,73,1,10,230515.92,207464.33,In Stock,6,11,22
ORD-003674,SKU-07859,Product_Sigma_42,Apparel,Supplier_C,Delhi WH,North,2023-10-28,2023-11-17,Air,Net 60,131.89,192,192,771,43,17,0,25322.88,25322.88,In Stock,0,13,20
ORD-003675,SKU-09841,Product_Sigma_17,Electronics,Supplier_G,Hyderabad WH,South,2023-10-29,2023-11-26,Road,Net 30,2064.62,404,404,945,158,38,0,834106.48,834106.48,In Stock,7,7,28
ORD-003676,SKU-04278,Product_Delta_22,Industrial Parts,Supplier_B,Mumbai WH,West,2023-10-29,2023-11-19,Sea,Net 15,1671.42,28,28,258,140,28,0,46799.76,46799.76,In Stock,7,7,21
ORD-003677,SKU-06455,Product_Sigma_44,FMCG,Supplier_J,Kolkata WH,Central,2023-10-29,2023-11-20,Sea,Net 30,3350.37,270,473,399,138,33,20,904599.9,723679.92,In Stock,7,14,22
ORD-003678,SKU-04801,Product_Sigma_41,Pharmaceuticals,Supplier_L,Hyderabad WH,East,2023-10-29,2023-11-06,Rail,Net 15,1088.52,428,428,269,180,24,5,465886.56,442592.23,In Stock,8,14,8
ORD-003679,SKU-03561,Product_Kappa_8,Pharmaceuticals,Supplier_A,Hyderabad WH,North,2023-10-29,2023-11-12,Air,Net 15,2958.45,226,226,831,93,6,10,668609.7,601748.73,In Stock,3,13,14
ORD-003680,SKU-07539,Product_Gamma_32,Furniture,Supplier_D,Chennai WH,South,2023-10-30,2023-11-07,Sea,Immediate,4566.9,77,77,631,199,21,10,351651.3,316486.17,In Stock,5,5,8
ORD-003681,SKU-01370,Product_Alpha_21,Apparel,Supplier_I,Chennai WH,West,2023-10-30,2023-11-18,Rail,Net 15,3991.03,223,223,680,190,4,10,889999.69,800999.72,In Stock,6,1,19
ORD-003682,SKU-01857,Product_Kappa_32,Pharmaceuticals,Supplier_E,Kolkata WH,East,2023-10-30,2023-11-04,Rail,Net 60,4608.07,481,481,485,140,33,10,2216481.67,1994833.5,In Stock,1,10,5
ORD-003683,SKU-05886,Product_Gamma_12,Industrial Parts,Supplier_C,Kolkata WH,North,2023-10-30,2023-11-13,Air,Net 15,4892.74,372,372,579,147,10,0,1820099.28,1820099.28,In Stock,5,14,14
ORD-003684,SKU-08485,Product_Beta_49,Pharmaceuticals,Supplier_C,Kolkata WH,North,2023-10-30,2023-11-09,Rail,Net 60,63.24,167,443,58,63,36,10,10561.08,9504.97,Low Stock,7,0,10
ORD-003685,SKU-01383,Product_Zeta_44,FMCG,Supplier_H,Delhi WH,West,2023-10-30,2023-11-29,Road,Net 15,3117.48,284,284,641,109,13,5,885364.32,841096.1,In Stock,3,5,30
ORD-003686,SKU-05334,Product_Sigma_7,Industrial Parts,Supplier_D,Kolkata WH,North,2023-10-31,2023-11-20,Road,Net 15,2070.07,192,390,886,183,36,5,397453.44,377580.77,In Stock,4,0,20
ORD-003687,SKU-05290,Product_Kappa_22,Electronics,Supplier_G,Mumbai WH,South,2023-10-31,2023-11-11,Air,Net 60,4300.67,89,89,265,31,9,0,382759.63,382759.63,In Stock,7,11,11
ORD-003688,SKU-03725,Product_Gamma_13,Pharmaceuticals,Supplier_L,Chennai WH,South,2023-11-01,2023-11-16,Air,Net 30,1266.56,32,32,74,22,31,0,40529.92,40529.92,In Stock,2,5,15
ORD-003689,SKU-07204,Product_Beta_49,Apparel,Supplier_C,Delhi WH,West,2023-11-01,2023-11-19,Air,Net 15,4905.34,137,137,998,69,4,20,672031.58,537625.26,In Stock,5,14,18
ORD-003690,SKU-07111,Product_Delta_14,Electronics,Supplier_H,Bangalore WH,West,2023-11-01,2023-11-06,Air,Net 15,3072.4,156,407,89,176,20,0,479294.4,479294.4,Low Stock,0,9,5
ORD-003691,SKU-05251,Product_Sigma_33,Electronics,Supplier_L,Kolkata WH,East,2023-11-01,2023-11-08,Road,Net 60,3969.75,250,250,504,127,8,5,992437.5,942815.62,In Stock,3,1,7
ORD-003692,SKU-01922,Product_Sigma_21,FMCG,Supplier_D,Kolkata WH,South,2023-11-01,2023-11-22,Air,Net 60,437.14,95,95,356,35,27,0,41528.3,41528.3,In Stock,5,14,21
ORD-003693,SKU-03915,Product_Kappa_7,Pharmaceuticals,Supplier_C,Bangalore WH,North,2023-11-01,2023-11-06,Rail,Net 15,925.45,17,17,153,187,36,0,15732.65,15732.65,Low Stock,2,6,5
ORD-003694,SKU-08957,Product_Sigma_40,Electronics,Supplier_A,Hyderabad WH,Central,2023-11-01,2023-11-20,Road,Net 15,3794.43,117,117,899,46,9,0,443948.31,443948.31,In Stock,0,11,19
ORD-003695,SKU-04046,Product_Delta_37,Industrial Parts,Supplier_L,Bangalore WH,North,2023-11-02,2023-11-20,Road,Net 15,119.71,471,485,217,142,43,5,56383.41,53564.24,In Stock,5,9,18
ORD-003696,SKU-02230,Product_Gamma_21,Industrial Parts,Supplier_C,Chennai WH,East,2023-11-02,2023-11-24,Air,Net 30,4086.22,333,333,485,89,24,20,1360711.26,1088569.01,Discontinued,2,1,22
ORD-003697,SKU-08647,Product_Gamma_13,FMCG,Supplier_C,Hyderabad WH,West,2023-11-02,2023-11-28,Rail,Net 15,79.61,311,311,539,61,37,0,24758.71,24758.71,In Stock,7,1,26
ORD-003698,SKU-05933,Product_Zeta_11,Industrial Parts,Supplier_K,Mumbai WH,West,2023-11-02,2023-11-09,Sea,Net 15,3289.02,10,10,129,157,41,0,32890.2,32890.2,Low Stock,6,5,7
ORD-003699,SKU-04940,Product_Gamma_40,Furniture,Supplier_C,Delhi WH,South,2023-11-02,2023-11-30,Road,Immediate,1831.82,80,80,65,144,40,5,146545.6,139218.32,Low Stock,6,3,28
ORD-003700,SKU-07483,Product_Gamma_21,Electronics,Supplier_H,Hyderabad WH,North,2023-11-02,2023-11-07,Road,Immediate,3061.36,134,134,143,185,30,0,410222.24,410222.24,Low Stock,7,5,5
ORD-003701,SKU-01203,Product_Kappa_42,Apparel,Supplier_B,Bangalore WH,North,2023-11-03,2023-11-13,Rail,Net 30,3483.2,432,432,379,155,26,20,1504742.4,1203793.92,In Stock,6,11,10
ORD-003702,SKU-01160,Product_Zeta_50,Apparel,Supplier_B,Chennai WH,North,2023-11-03,2023-11-26,Road,Net 30,1718.95,203,203,312,165,4,0,348946.85,348946.85,In Stock,4,7,23
ORD-003703,SKU-09960,Product_Sigma_15,Industrial Parts,Supplier_B,Bangalore WH,North,2023-11-03,2023-11-26,Rail,Immediate,548.73,116,116,406,164,1,5,63652.68,60470.05,In Stock,9,10,23
ORD-003704,SKU-04748,Product_Sigma_31,Pharmaceuticals,Supplier_H,Hyderabad WH,Central,2023-11-03,2023-12-02,Air,Immediate,357.53,451,451,406,77,20,5,161246.03,153183.73,In Stock,7,9,29
ORD-003705,SKU-07718,Product_Sigma_24,Electronics,Supplier_F,Kolkata WH,Central,2023-11-03,2023-11-20,Road,Immediate,2948.79,220,220,972,125,28,10,648733.8,583860.42,In Stock,7,2,17
ORD-003706,SKU-03581,Product_Gamma_20,FMCG,Supplier_K,Delhi WH,West,2023-11-03,2023-12-03,Road,Net 30,2608.07,253,253,276,85,24,5,659841.71,626849.62,In Stock,7,4,30
ORD-003707,SKU-02093,Product_Omega_47,Pharmaceuticals,Supplier_H,Delhi WH,East,2023-11-03,2023-11-08,Rail,Net 15,3713.58,169,169,614,191,28,0,627595.02,627595.02,In Stock,9,4,5
ORD-003708,SKU-05500,Product_Omega_48,Industrial Parts,Supplier_G,Mumbai WH,East,2023-11-03,2023-11-17,Sea,Net 60,2553.58,335,335,408,103,28,0,855449.3,855449.3,In Stock,5,9,14
ORD-003709,SKU-09799,Product_Omega_29,Electronics,Supplier_J,Mumbai WH,West,2023-11-03,2023-12-03,Road,Net 15,2118.0,316,316,313,28,5,20,669288.0,535430.4,In Stock,1,8,30
ORD-003710,SKU-06710,Product_Sigma_28,Furniture,Supplier_B,Bangalore WH,North,2023-11-03,2023-11-28,Sea,Net 60,1996.46,205,369,548,195,32,15,409274.3,347883.16,In Stock,7,6,25
ORD-003711,SKU-03875,Product_Zeta_49,Furniture,Supplier_H,Hyderabad WH,South,2023-11-04,2023-11-09,Sea,Net 30,141.97,298,298,248,186,30,0,42307.06,42307.06,In Stock,9,12,5
ORD-003712,SKU-04191,Product_Zeta_1,Electronics,Supplier_B,Bangalore WH,East,2023-11-04,2023-11-25,Air,Net 30,1684.43,372,372,944,124,21,15,626607.96,532616.77,In Stock,0,8,21
ORD-003713,SKU-02837,Product_Zeta_4,Apparel,Supplier_G,Delhi WH,South,2023-11-04,2023-12-04,Road,Net 30,4880.34,248,248,460,108,42,5,1210324.32,1149808.1,In Stock,8,7,30
ORD-003714,SKU-01689,Product_Zeta_23,Pharmaceuticals,Supplier_C,Hyderabad WH,West,2023-11-05,2023-11-24,Road,Net 15,4369.04,365,365,398,108,16,5,1594699.6,1514964.62,In Stock,8,2,19
ORD-003715,SKU-04759,Product_Gamma_30,Industrial Parts,Supplier_A,Mumbai WH,North,2023-11-05,2023-12-05,Air,Net 60,1653.6,465,465,667,107,8,0,768924.0,768924.0,In Stock,5,1,30
ORD-003716,SKU-03103,Product_Sigma_2,Furniture,Supplier_E,Bangalore WH,West,2023-11-05,2023-11-11,Road,Net 60,2943.1,71,71,450,25,12,10,208960.1,188064.09,In Stock,9,14,6
ORD-003717,SKU-01365,Product_Delta_14,Pharmaceuticals,Supplier_C,Delhi WH,East,2023-11-05,2023-11-16,Rail,Net 60,4238.01,156,156,470,177,32,0,661129.56,661129.56,In Stock,5,2,11
ORD-003718,SKU-09092,Product_Sigma_19,FMCG,Supplier_J,Kolkata WH,North,2023-11-05,2023-11-08,Road,Net 15,2211.96,102,102,643,142,25,10,225619.92,203057.93,In Stock,5,5,3
ORD-003719,SKU-05172,Product_Omega_2,Apparel,Supplier_I,Delhi WH,North,2023-11-05,2023-11-23,Rail,Immediate,99.61,13,13,558,93,3,0,1294.93,1294.93,In Stock,3,10,18
ORD-003720,SKU-07033,Product_Omega_28,Pharmaceuticals,Supplier_F,Delhi WH,East,2023-11-05,2023-11-23,Road,Net 60,381.81,465,465,433,122,26,10,177541.65,159787.48,In Stock,0,11,18
ORD-003721,SKU-03378,Product_Zeta_21,Furniture,Supplier_B,Delhi WH,West,2023-11-05,2023-11-29,Road,Net 15,2556.86,271,271,955,165,36,0,692909.06,692909.06,In Stock,0,9,24
ORD-003722,SKU-02205,Product_Delta_14,Industrial Parts,Supplier_E,Bangalore WH,East,2023-11-05,2023-11-09,Sea,Net 60,4847.5,292,292,445,190,17,0,1415470.0,1415470.0,In Stock,0,3,4
ORD-003723,SKU-05988,Product_Kappa_18,Pharmaceuticals,Supplier_E,Bangalore WH,Central,2023-11-06,2023-11-12,Sea,Immediate,3469.12,220,220,706,52,27,0,763206.4,763206.4,In Stock,4,10,6
ORD-003724,SKU-06669,Product_Beta_5,Pharmaceuticals,Supplier_I,Chennai WH,West,2023-11-06,2023-11-17,Air,Immediate,363.87,15,478,102,166,22,0,5458.05,5458.05,Low Stock,6,0,11
ORD-003725,SKU-03735,Product_Delta_11,Apparel,Supplier_G,Delhi WH,West,2023-11-06,2023-12-03,Sea,Net 15,954.91,238,238,327,106,38,5,227268.58,215905.15,In Stock,0,9,27
ORD-003726,SKU-09490,Product_Omega_47,Industrial Parts,Supplier_J,Chennai WH,Central,2023-11-06,2023-12-05,Sea,Net 60,3858.9,117,494,682,88,35,0,451491.3,451491.3,In Stock,0,9,29
ORD-003727,SKU-01956,Product_Kappa_47,Furniture,Supplier_I,Bangalore WH,East,2023-11-06,2023-11-11,Sea,Net 30,4208.78,331,331,600,143,7,20,1393106.18,1114484.94,In Stock,5,12,5
ORD-003728,SKU-07623,Product_Kappa_3,Industrial Parts,Supplier_D,Hyderabad WH,Central,2023-11-06,2023-11-30,Air,Immediate,3092.3,56,56,245,45,3,5,173168.8,164510.36,In Stock,1,8,24
ORD-003729,SKU-02474,Product_Zeta_45,Pharmaceuticals,Supplier_A,Kolkata WH,West,2023-11-06,2023-11-07,Rail,Immediate,3225.67,351,351,57,176,6,5,1132210.17,1075599.66,Low Stock,1,5,1
ORD-003730,SKU-05460,Product_Kappa_16,Furniture,Supplier_F,Kolkata WH,Central,2023-11-07,2023-12-02,Road,Net 30,151.4,132,132,104,171,13,0,19984.8,19984.8,Low Stock,6,0,25
ORD-003731,SKU-08002,Product_Sigma_39,Industrial Parts,Supplier_C,Kolkata WH,Central,2023-11-07,2023-11-18,Road,Immediate,4144.37,483,39,691,25,15,5,2001730.71,1901644.17,In Stock,8,2,11
ORD-003732,SKU-07396,Product_Zeta_4,Furniture,Supplier_B,Kolkata WH,Central,2023-11-07,2023-12-06,Sea,Net 15,3943.49,226,226,971,58,26,0,891228.74,891228.74,In Stock,7,10,29
ORD-003733,SKU-03828,Product_Beta_4,Furniture,Supplier_G,Delhi WH,East,2023-11-07,2023-11-21,Sea,Net 15,1302.59,308,308,68,23,33,10,401197.72,361077.95,In Stock,1,10,14
ORD-003734,SKU-03850,Product_Omega_18,Electronics,Supplier_J,Hyderabad WH,Central,2023-11-07,2023-11-21,Sea,Net 30,3546.3,475,475,992,147,15,0,1684492.5,1684492.5,In Stock,6,12,14
ORD-003735,SKU-03964,Product_Omega_29,FMCG,Supplier_A,Delhi WH,East,2023-11-08,2023-11-18,Sea,Net 30,1082.12,394,394,301,77,39,10,426355.28,383719.75,In Stock,4,0,10
ORD-003736,SKU-05594,Product_Sigma_8,Electronics,Supplier_D,Mumbai WH,Central,2023-11-08,2023-11-23,Rail,Net 15,211.25,222,222,152,67,41,0,46897.5,46897.5,In Stock,9,11,15
ORD-003737,SKU-07644,Product_Kappa_9,Pharmaceuticals,Supplier_J,Hyderabad WH,North,2023-11-08,2023-12-02,Air,Net 15,1013.67,173,412,536,79,14,20,175364.91,140291.93,In Stock,3,8,24
ORD-003738,SKU-03850,Product_Beta_21,FMCG,Supplier_C,Kolkata WH,West,2023-11-08,2023-12-08,Sea,Immediate,901.36,340,340,888,45,19,0,306462.4,306462.4,In Stock,9,3,30
ORD-003739,SKU-01165,Product_Zeta_10,Apparel,Supplier_C,Hyderabad WH,North,2023-11-08,2023-12-05,Sea,Net 60,1695.36,285,285,34,96,28,0,483177.6,483177.6,Low Stock,3,1,27
ORD-003740,SKU-01919,Product_Gamma_38,Furniture,Supplier_A,Hyderabad WH,South,2023-11-08,2023-12-07,Road,Net 15,2098.06,309,309,956,187,24,5,648300.54,615885.51,Discontinued,3,3,29
ORD-003741,SKU-09305,Product_Sigma_37,Electronics,Supplier_C,Kolkata WH,West,2023-11-09,2023-11-30,Air,Net 60,2547.61,157,157,14,105,41,20,399974.77,319979.82,Low Stock,8,14,21
ORD-003742,SKU-04504,Product_Delta_36,FMCG,Supplier_L,Kolkata WH,North,2023-11-09,2023-12-09,Air,Immediate,2389.0,151,151,105,142,33,10,360739.0,324665.1,Low Stock,6,1,30
ORD-003743,SKU-01991,Product_Beta_29,Electronics,Supplier_G,Kolkata WH,North,2023-11-09,2023-12-03,Sea,Immediate,1360.67,185,496,729,75,12,0,251723.95,251723.95,In Stock,6,5,24
ORD-003744,SKU-07047,Product_Delta_21,Pharmaceuticals,Supplier_J,Delhi WH,North,2023-11-09,2023-11-18,Rail,Net 30,155.56,178,72,895,58,10,5,27689.68,26305.2,In Stock,3,5,9
ORD-003745,SKU-04839,Product_Sigma_36,Industrial Parts,Supplier_I,Bangalore WH,West,2023-11-09,2023-11-14,Road,Net 15,3029.46,21,21,73,100,7,20,63618.66,50894.93,Low Stock,8,14,5
ORD-003746,SKU-02258,Product_Sigma_45,Electronics,Supplier_A,Bangalore WH,West,2023-11-09,2023-12-04,Rail,Net 30,1984.77,112,220,855,186,1,0,222294.24,222294.24,In Stock,7,10,25
ORD-003747,SKU-08609,Product_Alpha_9,FMCG,Supplier_B,Kolkata WH,North,2023-11-09,2023-11-16,Air,Immediate,1500.37,171,171,930,195,15,0,256563.27,256563.27,In Stock,9,6,7
ORD-003748,SKU-09706,Product_Beta_45,Industrial Parts,Supplier_E,Delhi WH,North,2023-11-10,2023-11-14,Air,Net 30,4336.04,138,138,284,44,1,15,598373.52,508617.49,In Stock,3,8,4
ORD-003749,SKU-05804,Product_Omega_24,Electronics,Supplier_C,Delhi WH,West,2023-11-10,2023-11-15,Road,Net 15,3736.25,233,233,549,181,20,15,870546.25,739964.31,Discontinued,5,10,5
ORD-003750,SKU-01067,Product_Kappa_48,Industrial Parts,Supplier_K,Bangalore WH,West,2023-11-10,2023-11-16,Road,Immediate,4290.25,332,332,196,146,2,10,1424363.0,1281926.7,In Stock,3,8,6
ORD-003751,SKU-06660,Product_Delta_12,Pharmaceuticals,Supplier_G,Delhi WH,South,2023-11-10,2023-11-11,Air,Immediate,2479.96,30,30,279,168,3,20,74398.8,59519.04,In Stock,0,3,1
ORD-003752,SKU-05478,Product_Omega_30,Furniture,Supplier_E,Bangalore WH,West,2023-11-10,2023-12-05,Rail,Net 60,663.35,381,381,786,44,36,0,252736.35,252736.35,In Stock,4,8,25
ORD-003753,SKU-09210,Product_Delta_30,Apparel,Supplier_H,Mumbai WH,East,2023-11-10,2023-11-30,Air,Net 30,3484.14,307,307,685,108,16,5,1069630.98,1016149.43,In Stock,9,7,20
ORD-003754,SKU-04521,Product_Omega_22,Apparel,Supplier_B,Delhi WH,Central,2023-11-11,2023-12-01,Air,Immediate,1038.31,161,161,816,41,29,10,167167.91,150451.12,In Stock,2,11,20
ORD-003755,SKU-01572,Product_Delta_44,Industrial Parts,Supplier_A,Bangalore WH,East,2023-11-11,2023-11-20,Sea,Net 60,2211.74,402,402,555,42,44,10,889119.48,800207.53,In Stock,0,0,9
ORD-003756,SKU-08082,Product_Sigma_17,FMCG,Supplier_G,Chennai WH,Central,2023-11-11,2023-12-01,Road,Net 15,334.35,78,231,968,172,36,10,26079.3,23471.37,Reorder Pending,1,14,20
ORD-003757,SKU-08832,Product_Alpha_9,Furniture,Supplier_I,Chennai WH,South,2023-11-11,2023-11-30,Rail,Immediate,4128.29,278,278,665,173,44,20,1147664.62,918131.7,In Stock,1,6,19
ORD-003758,SKU-06395,Product_Beta_42,Furniture,Supplier_A,Hyderabad WH,South,2023-11-11,2023-12-01,Sea,Net 15,638.44,320,320,152,49,39,0,204300.8,204300.8,In Stock,7,6,20
ORD-003759,SKU-03258,Product_Zeta_28,Pharmaceuticals,Supplier_B,Bangalore WH,North,2023-11-11,2023-11-19,Road,Net 60,4516.46,21,21,290,185,3,0,94845.66,94845.66,In Stock,3,14,8
ORD-003760,SKU-07039,Product_Zeta_32,Pharmaceuticals,Supplier_H,Delhi WH,West,2023-11-12,2023-12-02,Rail,Net 15,4322.51,385,385,931,122,37,0,1664166.35,1664166.35,In Stock,2,9,20
ORD-003761,SKU-01650,Product_Alpha_34,Apparel,Supplier_H,Kolkata WH,Central,2023-11-12,2023-11-20,Rail,Net 60,2328.27,497,497,141,181,44,10,1157150.19,1041435.17,Low Stock,3,3,8
ORD-003762,SKU-06741,Product_Alpha_33,FMCG,Supplier_A,Mumbai WH,North,2023-11-12,2023-11-20,Road,Immediate,3724.4,363,363,767,96,12,0,1351957.2,1351957.2,In Stock,9,6,8
ORD-003763,SKU-07838,Product_Omega_2,Furniture,Supplier_D,Bangalore WH,North,2023-11-12,2023-12-04,Sea,Net 30,3101.03,372,372,311,92,20,15,1153583.16,980545.69,In Stock,0,10,22
ORD-003764,SKU-03587,Product_Zeta_3,Industrial Parts,Supplier_B,Mumbai WH,North,2023-11-12,2023-11-13,Rail,Net 15,4017.35,380,336,645,162,23,0,1526593.0,1526593.0,Reorder Pending,0,10,1
ORD-003765,SKU-08876,Product_Omega_35,FMCG,Supplier_G,Hyderabad WH,West,2023-11-12,2023-11-24,Rail,Net 30,2164.71,143,449,31,114,22,0,309553.53,309553.53,Low Stock,4,10,12
ORD-003766,SKU-04262,Product_Kappa_19,Electronics,Supplier_D,Kolkata WH,North,2023-11-12,2023-11-15,Air,Immediate,3931.18,36,36,25,191,32,5,141522.48,134446.36,Low Stock,6,10,3
ORD-003767,SKU-02338,Product_Omega_41,Industrial Parts,Supplier_H,Kolkata WH,Central,2023-11-13,2023-12-06,Sea,Net 30,2317.66,303,303,910,114,7,10,702250.98,632025.88,In Stock,8,9,23
ORD-003768,SKU-05996,Product_Beta_48,Pharmaceuticals,Supplier_A,Delhi WH,West,2023-11-13,2023-12-08,Road,Net 60,4705.42,438,438,254,157,22,0,2060973.96,2060973.96,In Stock,6,9,25
ORD-003769,SKU-06780,Product_Beta_37,Furniture,Supplier_F,Bangalore WH,North,2023-11-14,2023-11-30,Road,Net 30,2437.0,214,214,944,136,44,10,521518.0,469366.2,In Stock,4,4,16
ORD-003770,SKU-03827,Product_Beta_36,Furniture,Supplier_K,Hyderabad WH,North,2023-11-14,2023-11-19,Sea,Net 15,2318.47,32,32,734,56,2,5,74191.04,70481.49,In Stock,2,4,5
ORD-003771,SKU-06232,Product_Beta_35,Furniture,Supplier_A,Kolkata WH,East,2023-11-14,2023-12-01,Sea,Net 15,3927.51,186,186,55,26,14,0,730516.86,730516.86,In Stock,7,14,17
ORD-003772,SKU-03217,Product_Gamma_33,Industrial Parts,Supplier_A,Mumbai WH,Central,2023-11-14,2023-12-12,Road,Net 15,4109.67,174,174,292,143,16,0,715082.58,715082.58,In Stock,6,4,28
ORD-003773,SKU-04539,Product_Beta_37,Apparel,Supplier_E,Chennai WH,North,2023-11-14,2023-12-04,Rail,Net 60,2776.9,54,54,636,51,24,10,149952.6,134957.34,In Stock,3,5,20
ORD-003774,SKU-08845,Product_Kappa_40,FMCG,Supplier_J,Bangalore WH,South,2023-11-15,2023-12-01,Road,Net 30,907.19,161,161,229,30,7,0,146057.59,146057.59,In Stock,0,6,16
ORD-003775,SKU-05383,Product_Delta_49,Furniture,Supplier_D,Chennai WH,North,2023-11-15,2023-12-08,Road,Net 60,2344.11,250,250,52,195,4,20,586027.5,468822.0,Low Stock,2,4,23
ORD-003776,SKU-03961,Product_Beta_50,Electronics,Supplier_D,Bangalore WH,East,2023-11-15,2023-12-06,Air,Net 30,4840.68,489,489,953,128,37,5,2367092.52,2248737.89,In Stock,7,8,21
ORD-003777,SKU-04226,Product_Zeta_18,Pharmaceuticals,Supplier_C,Bangalore WH,East,2023-11-15,2023-11-27,Road,Immediate,3767.4,251,251,100,111,41,0,945617.4,945617.4,Low Stock,1,13,12
ORD-003778,SKU-07837,Product_Kappa_29,Industrial Parts,Supplier_G,Hyderabad WH,East,2023-11-15,2023-11-21,Road,Net 15,4057.7,423,423,466,67,5,0,1716407.1,1716407.1,In Stock,8,11,6
ORD-003779,SKU-08031,Product_Gamma_42,Furniture,Supplier_H,Delhi WH,North,2023-11-16,2023-12-14,Sea,Net 60,173.8,279,279,845,64,2,0,48490.2,48490.2,In Stock,3,10,28
ORD-003780,SKU-04716,Product_Omega_5,Furniture,Supplier_C,Mumbai WH,East,2023-11-16,2023-11-29,Road,Net 15,2344.62,171,171,803,114,5,5,400930.02,380883.52,In Stock,6,8,13
ORD-003781,SKU-04414,Product_Gamma_42,FMCG,Supplier_E,Delhi WH,East,2023-11-16,2023-12-02,Road,Net 30,3236.64,183,183,868,52,3,5,592305.12,562689.86,In Stock,9,13,16
ORD-003782,SKU-02448,Product_Omega_30,Pharmaceuticals,Supplier_E,Hyderabad WH,Central,2023-11-16,2023-12-02,Sea,Net 60,4151.86,2,2,266,137,42,10,8303.72,7473.35,In Stock,6,6,16
ORD-003783,SKU-01570,Product_Zeta_2,Industrial Parts,Supplier_G,Kolkata WH,West,2023-11-16,2023-11-21,Sea,Net 15,255.88,194,194,794,151,8,0,49640.72,49640.72,In Stock,7,9,5
ORD-003784,SKU-03904,Product_Zeta_37,Industrial Parts,Supplier_J,Delhi WH,West,2023-11-17,2023-11-23,Air,Immediate,4263.67,166,166,1,66,26,0,707769.22,707769.22,Low Stock,6,2,6
ORD-003785,SKU-03505,Product_Sigma_1,Pharmaceuticals,Supplier_D,Delhi WH,East,2023-11-17,2023-11-24,Sea,Net 60,2746.52,247,247,21,141,10,0,678390.44,678390.44,Reorder Pending,3,3,7
ORD-003786,SKU-01917,Product_Zeta_2,Apparel,Supplier_B,Chennai WH,South,2023-11-17,2023-11-25,Air,Net 15,994.6,499,499,577,72,34,0,496305.4,496305.4,In Stock,6,3,8
ORD-003787,SKU-07982,Product_Alpha_15,Furniture,Supplier_H,Hyderabad WH,South,2023-11-17,2023-11-19,Rail,Net 60,1593.1,413,413,211,145,36,5,657950.3,625052.78,In Stock,4,6,2
ORD-003788,SKU-08427,Product_Omega_28,FMCG,Supplier_C,Bangalore WH,South,2023-11-17,2023-12-01,Road,Net 30,1416.83,244,244,235,178,12,20,345706.52,276565.22,In Stock,9,14,14
ORD-003789,SKU-07336,Product_Gamma_17,Pharmaceuticals,Supplier_J,Chennai WH,Central,2023-11-17,2023-12-12,Road,Immediate,2658.99,110,110,879,178,20,10,292488.9,263240.01,In Stock,6,1,25
ORD-003790,SKU-02678,Product_Delta_38,Industrial Parts,Supplier_E,Bangalore WH,East,2023-11-18,2023-11-19,Rail,Net 60,267.91,380,114,528,46,29,10,101805.8,91625.22,In Stock,2,10,1
ORD-003791,SKU-01615,Product_Omega_35,Electronics,Supplier_H,Chennai WH,Central,2023-11-18,2023-12-18,Sea,Immediate,801.1,323,323,387,108,14,0,258755.3,258755.3,In Stock,9,4,30
ORD-003792,SKU-08086,Product_Kappa_42,FMCG,Supplier_G,Delhi WH,West,2023-11-18,2023-11-27,Road,Net 30,4065.34,487,487,13,195,5,0,1979820.58,1979820.58,Low Stock,6,10,9
ORD-003793,SKU-05749,Product_Delta_50,Industrial Parts,Supplier_D,Chennai WH,East,2023-11-18,2023-12-02,Air,Net 60,671.69,71,71,518,55,27,0,47689.99,47689.99,In Stock,6,10,14
ORD-003794,SKU-04505,Product_Omega_46,Pharmaceuticals,Supplier_I,Chennai WH,East,2023-11-18,2023-11-26,Rail,Net 15,1174.65,164,164,846,196,4,0,192642.6,192642.6,In Stock,1,3,8
ORD-003795,SKU-05529,Product_Gamma_13,FMCG,Supplier_A,Hyderabad WH,South,2023-11-18,2023-12-12,Road,Net 30,2272.32,285,285,221,178,29,5,647611.2,615230.64,In Stock,7,9,24
ORD-003796,SKU-02135,Product_Gamma_14,Apparel,Supplier_I,Bangalore WH,South,2023-11-18,2023-12-10,Air,Net 15,2590.43,375,205,911,120,3,0,971411.25,971411.25,Discontinued,6,10,22
ORD-003797,SKU-09566,Product_Sigma_12,Electronics,Supplier_D,Delhi WH,Central,2023-11-18,2023-11-25,Air,Net 60,3820.42,421,421,615,141,33,15,1608396.82,1367137.3,In Stock,8,8,7
ORD-003798,SKU-08226,Product_Beta_2,Industrial Parts,Supplier_J,Delhi WH,North,2023-11-19,2023-12-14,Sea,Net 30,2242.19,113,113,961,191,30,20,253367.47,202693.98,In Stock,3,0,25
ORD-003799,SKU-06162,Product_Alpha_50,Electronics,Supplier_A,Hyderabad WH,West,2023-11-19,2023-11-26,Road,Net 15,3951.42,228,305,402,144,36,0,900923.76,900923.76,Reorder Pending,8,14,7
ORD-003800,SKU-01206,Product_Gamma_35,Apparel,Supplier_L,Delhi WH,North,2023-11-19,2023-11-22,Air,Net 60,3095.55,471,471,512,78,9,10,1458004.05,1312203.64,Reorder Pending,0,9,3
ORD-003801,SKU-05875,Product_Omega_5,Pharmaceuticals,Supplier_G,Mumbai WH,South,2023-11-19,2023-11-25,Road,Net 30,574.37,301,25,286,42,1,10,172885.37,155596.83,In Stock,4,12,6
ORD-003802,SKU-02319,Product_Omega_21,FMCG,Supplier_F,Chennai WH,South,2023-11-19,2023-12-19,Rail,Immediate,790.09,16,16,383,118,23,0,12641.44,12641.44,In Stock,9,13,30
ORD-003803,SKU-02141,Product_Delta_43,Electronics,Supplier_E,Kolkata WH,East,2023-11-20,2023-12-05,Road,Net 60,2190.8,496,496,246,87,3,20,1086636.8,869309.44,In Stock,6,2,15
ORD-003804,SKU-05627,Product_Delta_13,Industrial Parts,Supplier_A,Delhi WH,South,2023-11-20,2023-12-18,Rail,Net 30,1990.48,31,31,899,111,32,0,61704.88,61704.88,In Stock,3,5,28
ORD-003805,SKU-08389,Product_Sigma_11,Apparel,Supplier_C,Chennai WH,North,2023-11-20,2023-12-10,Sea,Net 15,3720.29,162,162,90,189,24,10,602686.98,542418.28,Low Stock,6,10,20
ORD-003806,SKU-03690,Product_Zeta_18,Apparel,Supplier_F,Hyderabad WH,North,2023-11-20,2023-12-06,Air,Immediate,2907.88,306,306,825,124,6,0,889811.28,889811.28,In Stock,8,3,16
ORD-003807,SKU-08323,Product_Delta_14,FMCG,Supplier_J,Hyderabad WH,East,2023-11-20,2023-12-13,Rail,Net 60,1946.78,193,193,311,61,13,0,375728.54,375728.54,In Stock,4,2,23
ORD-003808,SKU-04255,Product_Omega_2,Pharmaceuticals,Supplier_L,Kolkata WH,Central,2023-11-20,2023-12-01,Air,Net 15,862.09,210,210,436,160,15,5,181038.9,171986.96,In Stock,4,5,11
ORD-003809,SKU-09281,Product_Gamma_29,Apparel,Supplier_J,Hyderabad WH,Central,2023-11-20,2023-12-18,Sea,Net 30,1141.92,378,378,984,148,30,15,431645.76,366898.9,In Stock,1,12,28
ORD-003810,SKU-06213,Product_Beta_25,Furniture,Supplier_I,Kolkata WH,Central,2023-11-20,2023-12-05,Air,Net 15,2881.75,446,446,725,72,12,0,1285260.5,1285260.5,In Stock,4,10,15
ORD-003811,SKU-05108,Product_Alpha_29,Industrial Parts,Supplier_F,Kolkata WH,South,2023-11-20,2023-12-19,Sea,Net 15,2122.96,232,232,42,187,40,0,492526.72,492526.72,Low Stock,7,2,29
ORD-003812,SKU-04020,Product_Delta_25,FMCG,Supplier_B,Mumbai WH,West,2023-11-21,2023-11-29,Sea,Net 60,2579.49,427,427,73,109,35,5,1101442.23,1046370.12,Low Stock,3,6,8
ORD-003813,SKU-02857,Product_Alpha_29,Pharmaceuticals,Supplier_L,Chennai WH,West,2023-11-21,2023-12-05,Rail,Net 60,861.68,184,184,753,193,28,0,158549.12,158549.12,In Stock,1,11,14
ORD-003814,SKU-09996,Product_Kappa_26,Pharmaceuticals,Supplier_J,Kolkata WH,East,2023-11-21,2023-12-04,Air,Net 15,3317.9,15,15,992,135,4,10,49768.5,44791.65,In Stock,7,0,13
ORD-003815,SKU-03789,Product_Delta_14,Apparel,Supplier_D,Delhi WH,South,2023-11-21,2023-12-16,Rail,Net 15,4264.17,432,432,560,106,7,10,1842121.44,1657909.3,In Stock,3,8,25
ORD-003816,SKU-04875,Product_Zeta_38,Electronics,Supplier_L,Chennai WH,West,2023-11-21,2023-11-23,Rail,Immediate,1297.12,305,305,879,132,43,15,395621.6,336278.36,In Stock,4,14,2
ORD-003817,SKU-08605,Product_Beta_6,Pharmaceuticals,Supplier_J,Delhi WH,North,2023-11-21,2023-12-11,Sea,Net 15,2462.66,209,209,875,169,16,10,514695.94,463226.35,In Stock,6,12,20
ORD-003818,SKU-09135,Product_Gamma_33,Pharmaceuticals,Supplier_D,Delhi WH,Central,2023-11-21,2023-12-15,Road,Net 30,4877.88,172,172,315,134,22,20,838995.36,671196.29,In Stock,4,9,24
ORD-003819,SKU-07055,Product_Beta_11,Apparel,Supplier_C,Bangalore WH,West,2023-11-22,2023-12-19,Rail,Net 15,1672.88,266,266,733,199,41,10,444986.08,400487.47,In Stock,9,1,27
ORD-003820,SKU-04882,Product_Delta_8,FMCG,Supplier_H,Hyderabad WH,West,2023-11-22,2023-12-05,Sea,Net 15,2979.28,20,20,861,139,25,20,59585.6,47668.48,In Stock,3,3,13
ORD-003821,SKU-08175,Product_Kappa_48,Pharmaceuticals,Supplier_L,Chennai WH,South,2023-11-22,2023-12-16,Sea,Net 15,460.08,70,70,143,47,3,0,32205.6,32205.6,In Stock,6,5,24
ORD-003822,SKU-08129,Product_Omega_48,Industrial Parts,Supplier_C,Chennai WH,North,2023-11-22,2023-12-03,Sea,Immediate,3034.01,8,8,328,72,22,5,24272.08,23058.48,In Stock,3,5,11
ORD-003823,SKU-06021,Product_Omega_27,Pharmaceuticals,Supplier_H,Hyderabad WH,West,2023-11-22,2023-12-05,Sea,Immediate,457.26,429,429,208,136,31,20,196164.54,156931.63,In Stock,9,10,13
ORD-003824,SKU-05735,Product_Delta_14,Furniture,Supplier_C,Chennai WH,South,2023-11-22,2023-12-12,Road,Immediate,4796.58,34,34,98,164,37,10,163083.72,146775.35,Low Stock,3,7,20
ORD-003825,SKU-03387,Product_Beta_33,Pharmaceuticals,Supplier_I,Delhi WH,Central,2023-11-22,2023-12-16,Air,Net 15,3581.16,224,366,699,83,22,15,802179.84,681852.86,In Stock,1,7,24
ORD-003826,SKU-07582,Product_Omega_31,Apparel,Supplier_B,Delhi WH,East,2023-11-23,2023-12-12,Road,Net 60,3942.92,179,179,113,25,27,0,705782.68,705782.68,In Stock,4,3,19
ORD-003827,SKU-06866,Product_Sigma_33,Pharmaceuticals,Supplier_C,Hyderabad WH,West,2023-11-23,2023-12-13,Air,Immediate,3523.48,246,246,174,161,2,15,866776.08,736759.67,In Stock,7,5,20
ORD-003828,SKU-03566,Product_Beta_30,Electronics,Supplier_J,Hyderabad WH,South,2023-11-23,2023-12-11,Rail,Immediate,2952.75,490,490,270,133,22,10,1446847.5,1302162.75,In Stock,3,8,18
ORD-003829,SKU-01975,Product_Alpha_1,Industrial Parts,Supplier_B,Chennai WH,East,2023-11-23,2023-12-10,Rail,Net 30,2255.06,260,260,62,147,17,0,586315.6,586315.6,Low Stock,1,6,17
ORD-003830,SKU-08212,Product_Zeta_27,Apparel,Supplier_G,Chennai WH,Central,2023-11-24,2023-12-15,Air,Net 30,4293.28,108,108,795,36,20,0,463674.24,463674.24,In Stock,8,12,21
ORD-003831,SKU-02262,Product_Zeta_7,FMCG,Supplier_D,Chennai WH,West,2023-11-24,2023-12-23,Rail,Immediate,4784.61,242,242,403,57,24,0,1157875.62,1157875.62,In Stock,5,7,29
ORD-003832,SKU-06047,Product_Omega_24,Industrial Parts,Supplier_F,Bangalore WH,South,2023-11-24,2023-12-17,Rail,Net 15,2500.19,423,423,224,32,31,20,1057580.37,846064.3,In Stock,2,7,23
ORD-003833,SKU-08382,Product_Sigma_5,Industrial Parts,Supplier_K,Hyderabad WH,South,2023-11-24,2023-12-20,Rail,Net 15,4658.36,468,468,958,131,43,10,2180112.48,1962101.23,In Stock,9,1,26
ORD-003834,SKU-07231,Product_Zeta_42,Apparel,Supplier_A,Kolkata WH,Central,2023-11-24,2023-11-26,Rail,Net 60,2920.83,24,24,160,156,8,20,70099.92,56079.94,In Stock,4,6,2
ORD-003835,SKU-04327,Product_Sigma_15,Pharmaceuticals,Supplier_E,Kolkata WH,East,2023-11-24,2023-12-11,Road,Immediate,2696.54,216,216,35,191,5,5,582452.64,553330.01,Low Stock,5,2,17
ORD-003836,SKU-06630,Product_Beta_42,Industrial Parts,Supplier_J,Hyderabad WH,Central,2023-11-25,2023-11-29,Road,Net 30,2277.87,55,55,380,146,2,20,125282.85,100226.28,In Stock,8,6,4
ORD-003837,SKU-03259,Product_Zeta_31,Pharmaceuticals,Supplier_G,Mumbai WH,West,2023-11-25,2023-12-10,Rail,Immediate,1054.35,26,427,652,125,4,5,27413.1,26042.44,In Stock,4,1,15
ORD-003838,SKU-02257,Product_Alpha_18,Pharmaceuticals,Supplier_A,Kolkata WH,East,2023-11-25,2023-12-10,Rail,Net 30,28.56,281,281,317,173,35,0,8025.36,8025.36,In Stock,8,0,15
ORD-003839,SKU-01464,Product_Omega_3,Electronics,Supplier_C,Mumbai WH,South,2023-11-25,2023-12-22,Rail,Net 60,1215.12,292,292,707,96,34,0,354815.04,354815.04,In Stock,0,10,27
ORD-003840,SKU-04294,Product_Gamma_16,Industrial Parts,Supplier_G,Mumbai WH,Central,2023-11-25,2023-12-24,Air,Immediate,2553.52,327,327,662,38,3,20,835001.04,668000.83,In Stock,9,8,29
ORD-003841,SKU-07774,Product_Gamma_37,Electronics,Supplier_L,Chennai WH,South,2023-11-25,2023-11-27,Road,Net 30,1906.0,458,458,455,195,20,0,872948.0,872948.0,In Stock,3,9,2
ORD-003842,SKU-08431,Product_Alpha_9,Pharmaceuticals,Supplier_G,Delhi WH,West,2023-11-25,2023-12-24,Road,Net 30,2247.94,186,186,268,177,9,0,418116.84,418116.84,In Stock,0,9,29
ORD-003843,SKU-02230,Product_Gamma_9,Electronics,Supplier_H,Chennai WH,West,2023-11-25,2023-12-03,Air,Immediate,4903.43,495,495,343,179,6,0,2427197.85,2427197.85,In Stock,1,0,8
ORD-003844,SKU-04805,Product_Kappa_49,Electronics,Supplier_G,Delhi WH,Central,2023-11-26,2023-12-13,Rail,Immediate,1757.86,12,12,39,97,5,0,21094.32,21094.32,Low Stock,1,10,17
ORD-003845,SKU-07419,Product_Alpha_4,FMCG,Supplier_K,Kolkata WH,West,2023-11-26,2023-12-14,Air,Net 15,2266.39,129,129,749,139,41,15,292364.31,248509.66,In Stock,9,0,18
ORD-003846,SKU-06750,Product_Delta_48,Electronics,Supplier_F,Bangalore WH,North,2023-11-26,2023-12-09,Rail,Net 60,676.24,372,372,413,98,38,5,251561.28,238983.22,In Stock,4,10,13
ORD-003847,SKU-04856,Product_Sigma_24,Apparel,Supplier_C,Delhi WH,East,2023-11-26,2023-12-20,Rail,Net 60,249.31,434,434,379,95,35,10,108200.54,97380.49,In Stock,0,11,24
ORD-003848,SKU-04135,Product_Zeta_11,Electronics,Supplier_H,Bangalore WH,North,2023-11-26,2023-11-28,Air,Immediate,3879.29,409,409,221,120,31,20,1586629.61,1269303.69,In Stock,9,11,2
ORD-003849,SKU-07953,Product_Zeta_12,Pharmaceuticals,Supplier_C,Hyderabad WH,South,2023-11-26,2023-12-14,Sea,Net 15,2857.71,208,208,280,94,13,5,594403.68,564683.5,In Stock,2,2,18
ORD-003850,SKU-07034,Product_Gamma_34,Furniture,Supplier_I,Mumbai WH,East,2023-11-27,2023-12-10,Road,Immediate,3805.92,133,133,224,139,26,15,506187.36,430259.26,In Stock,5,0,13
ORD-003851,SKU-05589,Product_Gamma_48,Apparel,Supplier_K,Bangalore WH,Central,2023-11-27,2023-12-14,Rail,Immediate,757.82,339,339,456,158,22,0,256900.98,256900.98,In Stock,0,6,17
ORD-003852,SKU-02546,Product_Gamma_24,FMCG,Supplier_E,Mumbai WH,South,2023-11-27,2023-12-22,Air,Net 15,2863.43,196,196,153,102,32,20,561232.28,448985.82,In Stock,0,6,25
ORD-003853,SKU-07065,Product_Beta_11,Furniture,Supplier_F,Bangalore WH,North,2023-11-27,2023-12-18,Air,Net 60,1275.68,262,262,279,173,15,0,334228.16,334228.16,In Stock,2,10,21
ORD-003854,SKU-02094,Product_Alpha_32,Pharmaceuticals,Supplier_D,Bangalore WH,West,2023-11-27,2023-11-29,Air,Net 30,1148.03,282,282,352,45,11,10,323744.46,291370.01,Discontinued,8,7,2
ORD-003855,SKU-03411,Product_Delta_20,Furniture,Supplier_J,Kolkata WH,Central,2023-11-27,2023-12-04,Sea,Net 30,67.51,369,369,38,147,16,10,24911.19,22420.07,Low Stock,1,1,7
ORD-003856,SKU-03617,Product_Zeta_41,Apparel,Supplier_H,Hyderabad WH,West,2023-11-27,2023-12-07,Sea,Net 60,660.4,103,103,728,164,6,0,68021.2,68021.2,In Stock,5,6,10
ORD-003857,SKU-09954,Product_Omega_17,Apparel,Supplier_E,Delhi WH,West,2023-11-27,2023-12-12,Rail,Immediate,1553.25,120,120,755,102,11,0,186390.0,186390.0,In Stock,2,8,15
ORD-003858,SKU-05145,Product_Omega_2,Furniture,Supplier_J,Hyderabad WH,North,2023-11-28,2023-12-11,Rail,Net 30,593.23,183,183,620,63,10,0,108561.09,108561.09,In Stock,5,13,13
ORD-003859,SKU-03775,Product_Alpha_22,Industrial Parts,Supplier_L,Bangalore WH,West,2023-11-28,2023-12-27,Air,Net 30,4929.43,423,423,974,103,16,0,2085148.89,2085148.89,In Stock,6,10,29
ORD-003860,SKU-07628,Product_Alpha_31,Electronics,Supplier_K,Chennai WH,North,2023-11-28,2023-12-08,Road,Immediate,1550.08,9,9,572,170,12,5,13950.72,13253.18,In Stock,6,9,10
ORD-003861,SKU-04155,Product_Alpha_48,Apparel,Supplier_J,Bangalore WH,East,2023-11-28,2023-12-23,Sea,Net 30,660.32,45,178,488,44,7,20,29714.4,23771.52,In Stock,1,4,25
ORD-003862,SKU-04970,Product_Gamma_27,Apparel,Supplier_F,Chennai WH,East,2023-11-28,2023-12-25,Road,Immediate,1003.42,244,244,944,56,39,5,244834.48,232592.76,In Stock,2,9,27
ORD-003863,SKU-08972,Product_Alpha_35,Industrial Parts,Supplier_A,Kolkata WH,Central,2023-11-28,2023-12-08,Sea,Net 30,2942.64,270,270,936,131,27,5,794512.8,754787.16,In Stock,3,13,10
ORD-003864,SKU-09775,Product_Zeta_49,Furniture,Supplier_H,Mumbai WH,North,2023-11-28,2023-12-13,Rail,Net 15,329.58,112,112,197,21,24,0,36912.96,36912.96,In Stock,7,2,15
ORD-003865,SKU-06415,Product_Gamma_11,Industrial Parts,Supplier_L,Hyderabad WH,West,2023-11-28,2023-12-04,Air,Immediate,4313.55,55,55,275,117,15,0,237245.25,237245.25,In Stock,4,8,6
ORD-003866,SKU-05331,Product_Beta_1,Electronics,Supplier_A,Bangalore WH,South,2023-11-29,2023-12-13,Rail,Net 60,4807.88,393,449,171,51,6,5,1889496.84,1795022.0,In Stock,0,0,14
ORD-003867,SKU-02942,Product_Omega_15,FMCG,Supplier_I,Mumbai WH,East,2023-11-29,2023-12-09,Air,Net 30,1241.27,15,68,783,108,19,20,18619.05,14895.24,In Stock,8,11,10
ORD-003868,SKU-07026,Product_Beta_27,Apparel,Supplier_I,Bangalore WH,West,2023-11-29,2023-12-19,Rail,Net 15,2255.98,37,37,507,197,8,15,83471.26,70950.57,In Stock,0,13,20
ORD-003869,SKU-09301,Product_Beta_8,Apparel,Supplier_G,Mumbai WH,Central,2023-11-29,2023-12-29,Air,Net 15,120.45,178,267,404,179,36,0,21440.1,21440.1,In Stock,1,2,30
ORD-003870,SKU-01191,Product_Kappa_30,Electronics,Supplier_E,Mumbai WH,South,2023-11-29,2023-12-01,Sea,Net 30,3207.14,127,127,270,56,13,5,407306.78,386941.44,In Stock,6,1,2
ORD-003871,SKU-01861,Product_Zeta_35,FMCG,Supplier_A,Hyderabad WH,North,2023-11-29,2023-12-22,Road,Net 30,2075.49,117,117,934,134,33,5,242832.33,230690.71,In Stock,2,1,23
ORD-003872,SKU-07711,Product_Kappa_9,FMCG,Supplier_G,Kolkata WH,North,2023-11-30,2023-12-17,Sea,Net 15,1357.59,340,340,553,160,32,10,461580.6,415422.54,In Stock,5,13,17
ORD-003873,SKU-01649,Product_Alpha_20,Pharmaceuticals,Supplier_L,Hyderabad WH,West,2023-11-30,2023-12-29,Road,Net 30,1042.12,72,360,700,22,28,10,75032.64,67529.38,In Stock,7,2,29
ORD-003874,SKU-05134,Product_Kappa_31,Pharmaceuticals,Supplier_H,Hyderabad WH,South,2023-11-30,2023-12-05,Road,Net 30,3273.58,352,352,771,189,40,10,1152300.16,1037070.14,In Stock,4,9,5
ORD-003875,SKU-08587,Product_Sigma_9,Electronics,Supplier_F,Mumbai WH,East,2023-11-30,2023-12-15,Road,Immediate,2086.92,111,111,663,59,10,0,231648.12,231648.12,In Stock,0,6,15
ORD-003876,SKU-09828,Product_Omega_43,Industrial Parts,Supplier_G,Bangalore WH,North,2023-11-30,2023-12-27,Rail,Immediate,906.5,149,264,130,93,33,20,135068.5,108054.8,In Stock,9,12,27
ORD-003877,SKU-02036,Product_Omega_40,FMCG,Supplier_A,Mumbai WH,West,2023-11-30,2023-12-21,Road,Net 15,3448.65,185,185,625,85,1,0,638000.25,638000.25,In Stock,2,5,21
ORD-003878,SKU-05131,Product_Beta_31,Furniture,Supplier_C,Chennai WH,Central,2023-12-01,2023-12-16,Sea,Net 15,2829.71,105,105,384,79,21,5,297119.55,282263.57,In Stock,1,11,15
ORD-003879,SKU-03148,Product_Kappa_48,Electronics,Supplier_A,Chennai WH,Central,2023-12-01,2023-12-04,Sea,Net 30,4294.77,147,147,733,30,5,20,631331.19,505064.95,In Stock,5,8,3
ORD-003880,SKU-06457,Product_Delta_9,Apparel,Supplier_I,Kolkata WH,Central,2023-12-01,2023-12-25,Sea,Net 60,596.2,221,221,396,139,1,5,131760.2,125172.19,In Stock,4,9,24
ORD-003881,SKU-07079,Product_Delta_33,FMCG,Supplier_A,Mumbai WH,South,2023-12-01,2023-12-18,Air,Immediate,3930.48,314,314,565,148,21,0,1234170.72,1234170.72,In Stock,6,12,17
ORD-003882,SKU-03430,Product_Gamma_10,FMCG,Supplier_K,Delhi WH,East,2023-12-02,2023-12-06,Road,Net 30,3370.85,351,351,849,173,25,0,1183168.35,1183168.35,In Stock,1,10,4
ORD-003883,SKU-02879,Product_Delta_43,FMCG,Supplier_L,Chennai WH,East,2023-12-02,2023-12-08,Road,Immediate,583.9,374,374,295,61,20,5,218378.6,207459.67,In Stock,5,9,6
ORD-003884,SKU-08542,Product_Beta_48,Industrial Parts,Supplier_B,Kolkata WH,West,2023-12-02,2023-12-27,Road,Net 15,3477.16,6,6,382,142,9,0,20862.96,20862.96,In Stock,4,13,25
ORD-003885,SKU-03011,Product_Beta_46,Apparel,Supplier_J,Chennai WH,East,2023-12-02,2023-12-21,Air,Immediate,2213.32,260,260,511,111,16,5,575463.2,546690.04,In Stock,5,2,19
ORD-003886,SKU-04373,Product_Zeta_19,FMCG,Supplier_C,Bangalore WH,West,2023-12-03,2024-01-01,Road,Net 30,4725.47,299,299,394,81,28,0,1412915.53,1412915.53,In Stock,4,12,29
ORD-003887,SKU-08357,Product_Beta_16,Electronics,Supplier_J,Hyderabad WH,South,2023-12-03,2023-12-26,Air,Net 30,716.64,349,349,553,31,40,15,250107.36,212591.26,In Stock,6,4,23
ORD-003888,SKU-02289,Product_Delta_17,Pharmaceuticals,Supplier_A,Delhi WH,Central,2023-12-03,2023-12-21,Sea,Net 30,3217.74,42,42,604,174,36,0,135145.08,135145.08,In Stock,4,14,18
ORD-003889,SKU-02447,Product_Gamma_47,Electronics,Supplier_C,Delhi WH,Central,2023-12-03,2023-12-08,Air,Immediate,1916.08,259,259,259,47,39,10,496264.72,446638.25,In Stock,6,8,5
ORD-003890,SKU-04199,Product_Sigma_22,Industrial Parts,Supplier_C,Kolkata WH,Central,2023-12-03,2023-12-16,Road,Immediate,4784.51,385,385,280,175,24,5,1842036.35,1749934.53,In Stock,0,2,13
ORD-003891,SKU-07381,Product_Kappa_43,FMCG,Supplier_B,Bangalore WH,West,2023-12-03,2023-12-17,Rail,Immediate,1656.57,492,492,355,126,16,5,815032.44,774280.82,In Stock,8,11,14
ORD-003892,SKU-08522,Product_Sigma_49,Furniture,Supplier_F,Hyderabad WH,North,2023-12-03,2023-12-14,Rail,Net 30,4811.31,439,439,419,168,14,0,2112165.09,2112165.09,In Stock,5,7,11
ORD-003893,SKU-07059,Product_Gamma_21,Electronics,Supplier_E,Bangalore WH,North,2023-12-04,2023-12-19,Sea,Net 60,4508.41,271,271,191,154,34,10,1221779.11,1099601.2,In Stock,8,8,15
ORD-003894,SKU-04183,Product_Zeta_24,Apparel,Supplier_D,Chennai WH,East,2023-12-04,2023-12-05,Rail,Net 60,1359.21,47,47,636,114,24,10,63882.87,57494.58,In Stock,0,10,1
ORD-003895,SKU-06462,Product_Gamma_38,Furniture,Supplier_J,Chennai WH,East,2023-12-04,2023-12-10,Road,Net 15,4019.67,85,85,427,33,11,0,341671.95,341671.95,In Stock,1,14,6
ORD-003896,SKU-04216,Product_Alpha_48,FMCG,Supplier_A,Hyderabad WH,East,2023-12-04,2023-12-19,Air,Net 30,4978.06,174,174,807,186,36,15,866182.44,736255.07,In Stock,6,10,15
ORD-003897,SKU-04136,Product_Zeta_41,FMCG,Supplier_E,Chennai WH,West,2023-12-04,2023-12-23,Air,Net 15,1270.79,58,58,347,137,1,15,73705.82,62649.95,In Stock,3,6,19
ORD-003898,SKU-04318,Product_Alpha_13,Electronics,Supplier_E,Hyderabad WH,North,2023-12-04,2024-01-02,Road,Net 30,2189.52,479,479,428,145,12,0,1048780.08,1048780.08,In Stock,9,12,29
ORD-003899,SKU-03782,Product_Gamma_1,Pharmaceuticals,Supplier_I,Mumbai WH,South,2023-12-05,2023-12-28,Sea,Net 15,2605.7,199,199,391,122,21,10,518534.3,466680.87,In Stock,0,5,23
ORD-003900,SKU-08657,Product_Gamma_41,Industrial Parts,Supplier_J,Delhi WH,Central,2023-12-05,2024-01-03,Rail,Immediate,1481.71,209,209,340,92,9,5,309677.39,294193.52,In Stock,4,12,29
ORD-003901,SKU-05920,Product_Alpha_16,Industrial Parts,Supplier_A,Mumbai WH,South,2023-12-05,2023-12-12,Sea,Immediate,86.17,248,248,546,81,39,0,21370.16,21370.16,In Stock,3,10,7
ORD-003902,SKU-07324,Product_Gamma_26,Electronics,Supplier_J,Delhi WH,East,2023-12-05,2024-01-03,Road,Net 60,1108.44,211,211,939,31,3,0,233880.84,233880.84,In Stock,5,5,29
ORD-003903,SKU-07327,Product_Omega_1,Industrial Parts,Supplier_D,Mumbai WH,South,2023-12-05,2023-12-20,Sea,Immediate,1416.87,39,39,401,57,16,20,55257.93,44206.34,In Stock,6,5,15
ORD-003904,SKU-09417,Product_Kappa_31,Furniture,Supplier_C,Hyderabad WH,West,2023-12-06,2023-12-09,Road,Net 15,2223.56,252,252,46,58,4,5,560337.12,532320.26,Low Stock,2,4,3
ORD-003905,SKU-01776,Product_Omega_13,Industrial Parts,Supplier_C,Bangalore WH,North,2023-12-06,2023-12-15,Air,Immediate,863.8,131,131,664,105,26,20,113157.8,90526.24,In Stock,5,6,9
ORD-003906,SKU-06208,Product_Zeta_29,Furniture,Supplier_F,Mumbai WH,Central,2023-12-06,2023-12-17,Air,Net 30,4367.54,414,414,749,23,13,10,1808161.56,1627345.4,Discontinued,1,6,11
ORD-003907,SKU-01687,Product_Delta_30,Electronics,Supplier_D,Mumbai WH,West,2023-12-06,2023-12-29,Rail,Net 60,3527.51,291,291,424,67,20,0,1026505.41,1026505.41,In Stock,9,6,23
ORD-003908,SKU-01529,Product_Sigma_35,Pharmaceuticals,Supplier_D,Chennai WH,West,2023-12-07,2023-12-28,Road,Net 15,435.15,250,267,516,154,19,0,108787.5,108787.5,In Stock,3,2,21
ORD-003909,SKU-06067,Product_Kappa_8,Apparel,Supplier_D,Mumbai WH,Central,2023-12-07,2024-01-06,Road,Net 60,3253.96,441,441,959,79,27,10,1434996.36,1291496.72,In Stock,9,10,30
ORD-003910,SKU-09080,Product_Sigma_42,Furniture,Supplier_C,Chennai WH,South,2023-12-07,2023-12-30,Air,Net 60,3271.75,413,413,957,187,2,5,1351232.75,1283671.11,In Stock,8,5,23
ORD-003911,SKU-06518,Product_Omega_22,FMCG,Supplier_A,Chennai WH,East,2023-12-07,2024-01-02,Air,Net 15,4781.54,434,434,636,27,10,0,2075188.36,2075188.36,In Stock,6,8,26
ORD-003912,SKU-03153,Product_Gamma_17,Pharmaceuticals,Supplier_C,Chennai WH,East,2023-12-07,2023-12-13,Sea,Immediate,25.07,446,446,878,143,25,10,11181.22,10063.1,Discontinued,1,8,6
ORD-003913,SKU-07094,Product_Omega_32,Pharmaceuticals,Supplier_D,Hyderabad WH,South,2023-12-07,2023-12-30,Road,Net 15,1247.18,52,52,327,135,19,15,64853.36,55125.36,In Stock,5,3,23
ORD-003914,SKU-07974,Product_Kappa_43,Pharmaceuticals,Supplier_F,Hyderabad WH,Central,2023-12-08,2024-01-01,Road,Net 60,4639.68,374,374,86,77,15,10,1735240.32,1561716.29,In Stock,3,8,24
ORD-003915,SKU-05774,Product_Beta_43,Pharmaceuticals,Supplier_B,Kolkata WH,North,2023-12-08,2023-12-12,Air,Net 60,4661.35,14,14,514,54,39,0,65258.9,65258.9,In Stock,7,1,4
ORD-003916,SKU-08692,Product_Omega_49,Furniture,Supplier_A,Mumbai WH,East,2023-12-08,2023-12-11,Sea,Immediate,3605.73,419,419,164,92,24,0,1510800.87,1510800.87,In Stock,7,7,3
ORD-003917,SKU-04103,Product_Sigma_5,Electronics,Supplier_C,Bangalore WH,North,2023-12-08,2023-12-12,Rail,Immediate,3831.16,156,156,222,134,16,20,597660.96,478128.77,In Stock,0,1,4
ORD-003918,SKU-03440,Product_Omega_28,Pharmaceuticals,Supplier_F,Bangalore WH,Central,2023-12-08,2023-12-31,Rail,Immediate,466.5,442,442,860,32,17,15,206193.0,175264.05,In Stock,7,4,23
ORD-003919,SKU-05135,Product_Alpha_35,Pharmaceuticals,Supplier_K,Delhi WH,South,2023-12-08,2023-12-23,Air,Net 30,2574.24,30,30,296,58,16,0,77227.2,77227.2,In Stock,9,5,15
ORD-003920,SKU-08124,Product_Gamma_7,Furniture,Supplier_F,Kolkata WH,West,2023-12-08,2023-12-29,Air,Net 15,1165.6,90,90,915,103,18,15,104904.0,89168.4,In Stock,6,1,21
ORD-003921,SKU-06201,Product_Delta_30,Electronics,Supplier_F,Bangalore WH,North,2023-12-08,2023-12-20,Road,Net 30,914.28,391,391,450,40,4,0,357483.48,357483.48,In Stock,0,8,12
ORD-003922,SKU-01844,Product_Beta_8,Industrial Parts,Supplier_A,Kolkata WH,North,2023-12-09,2023-12-12,Air,Net 60,4053.41,167,167,342,66,2,0,676919.47,676919.47,Discontinued,2,5,3
ORD-003923,SKU-01446,Product_Sigma_9,Industrial Parts,Supplier_B,Kolkata WH,North,2023-12-09,2023-12-26,Air,Net 60,683.84,351,351,935,21,31,0,240027.84,240027.84,In Stock,4,7,17
ORD-003924,SKU-04915,Product_Omega_20,Pharmaceuticals,Supplier_J,Delhi WH,North,2023-12-09,2024-01-01,Road,Immediate,2348.57,69,69,340,63,2,0,162051.33,162051.33,Reorder Pending,2,3,23
ORD-003925,SKU-04109,Product_Kappa_28,Apparel,Supplier_L,Mumbai WH,North,2023-12-09,2023-12-22,Sea,Net 30,4693.51,163,15,460,49,2,15,765042.13,650285.81,In Stock,2,2,13
ORD-003926,SKU-02234,Product_Beta_33,Electronics,Supplier_D,Bangalore WH,North,2023-12-09,2024-01-02,Rail,Immediate,937.3,242,242,391,147,15,5,226826.6,215485.27,In Stock,0,3,24
ORD-003927,SKU-07587,Product_Gamma_26,FMCG,Supplier_F,Mumbai WH,North,2023-12-09,2024-01-04,Rail,Net 60,4890.19,495,495,900,74,43,0,2420644.05,2420644.05,In Stock,7,0,26
ORD-003928,SKU-01226,Product_Delta_10,Electronics,Supplier_E,Hyderabad WH,East,2023-12-10,2023-12-27,Air,Immediate,4971.5,383,383,536,59,29,15,1904084.5,1618471.82,In Stock,8,0,17
ORD-003929,SKU-05143,Product_Delta_50,Industrial Parts,Supplier_F,Bangalore WH,West,2023-12-10,2023-12-30,Air,Immediate,2782.53,52,52,550,116,34,15,144691.56,122987.83,Discontinued,4,7,20
ORD-003930,SKU-08185,Product_Alpha_13,FMCG,Supplier_L,Bangalore WH,North,2023-12-10,2023-12-16,Air,Net 15,859.01,142,296,420,111,40,0,121979.42,121979.42,In Stock,0,0,6
ORD-003931,SKU-06558,Product_Omega_34,Industrial Parts,Supplier_K,Chennai WH,West,2023-12-10,2023-12-23,Road,Net 15,1587.36,63,63,380,43,32,10,100003.68,90003.31,In Stock,0,4,13
ORD-003932,SKU-01186,Product_Gamma_37,Pharmaceuticals,Supplier_A,Delhi WH,North,2023-12-11,2023-12-29,Air,Net 60,2128.22,292,73,616,189,21,10,621440.24,559296.22,In Stock,8,9,18
ORD-003933,SKU-03535,Product_Alpha_35,Electronics,Supplier_D,Mumbai WH,Central,2023-12-11,2023-12-24,Road,Net 30,1553.53,91,91,4,47,30,10,141371.23,127234.11,Low Stock,0,8,13
ORD-003934,SKU-02932,Product_Omega_35,Apparel,Supplier_G,Delhi WH,West,2023-12-11,2023-12-13,Rail,Net 30,1410.37,152,11,647,136,24,10,214376.24,192938.62,In Stock,8,2,2
ORD-003935,SKU-03032,Product_Delta_45,FMCG,Supplier_J,Hyderabad WH,South,2023-12-11,2024-01-05,Air,Net 30,4861.43,424,337,3,124,44,0,2061246.32,2061246.32,Low Stock,2,9,25
ORD-003936,SKU-02252,Product_Gamma_24,Pharmaceuticals,Supplier_I,Chennai WH,Central,2023-12-11,2023-12-17,Rail,Immediate,775.29,157,157,680,112,14,0,121720.53,121720.53,In Stock,2,1,6
ORD-003937,SKU-06509,Product_Gamma_7,Apparel,Supplier_I,Mumbai WH,East,2023-12-12,2024-01-11,Air,Immediate,3669.31,309,309,315,117,28,15,1133816.79,963744.27,In Stock,3,4,30
ORD-003938,SKU-06074,Product_Gamma_41,Industrial Parts,Supplier_I,Delhi WH,East,2023-12-12,2023-12-23,Air,Net 60,12.05,365,365,821,198,14,15,4398.25,3738.51,In Stock,4,11,11
ORD-003939,SKU-02881,Product_Delta_49,Furniture,Supplier_E,Hyderabad WH,Central,2023-12-12,2023-12-31,Sea,Net 30,2984.95,150,150,917,169,44,0,447742.5,447742.5,In Stock,5,13,19
ORD-003940,SKU-01269,Product_Gamma_35,Industrial Parts,Supplier_L,Hyderabad WH,Central,2023-12-12,2024-01-09,Air,Immediate,4580.56,328,328,77,108,34,0,1502423.68,1502423.68,Low Stock,5,1,28
ORD-003941,SKU-02630,Product_Zeta_13,FMCG,Supplier_D,Chennai WH,North,2023-12-12,2024-01-03,Road,Net 15,1446.79,271,271,530,97,14,15,392080.09,333268.08,In Stock,9,9,22
ORD-003942,SKU-05405,Product_Sigma_4,Pharmaceuticals,Supplier_J,Mumbai WH,South,2023-12-12,2024-01-09,Rail,Net 15,935.77,369,369,716,93,25,0,345299.13,345299.13,In Stock,8,0,28
ORD-003943,SKU-07139,Product_Zeta_19,Industrial Parts,Supplier_D,Kolkata WH,North,2023-12-12,2023-12-17,Sea,Net 60,3261.88,69,132,354,155,12,0,225069.72,225069.72,In Stock,0,10,5
ORD-003944,SKU-02574,Product_Zeta_34,Pharmaceuticals,Supplier_D,Delhi WH,South,2023-12-12,2023-12-18,Air,Immediate,3565.88,116,116,835,33,41,0,413642.08,413642.08,In Stock,8,8,6
ORD-003945,SKU-02695,Product_Zeta_31,Furniture,Supplier_D,Kolkata WH,North,2023-12-12,2024-01-09,Sea,Net 30,3443.27,192,403,32,64,40,5,661107.84,628052.45,Low Stock,3,10,28
ORD-003946,SKU-04258,Product_Kappa_21,Pharmaceuticals,Supplier_C,Chennai WH,North,2023-12-13,2023-12-18,Sea,Immediate,1603.39,4,4,661,57,20,0,6413.56,6413.56,In Stock,6,9,5
ORD-003947,SKU-04262,Product_Gamma_47,Pharmaceuticals,Supplier_E,Mumbai WH,Central,2023-12-13,2023-12-19,Sea,Net 30,1268.49,75,75,704,179,42,5,95136.75,90379.91,In Stock,5,10,6
ORD-003948,SKU-02445,Product_Sigma_1,Apparel,Supplier_D,Hyderabad WH,Central,2023-12-13,2024-01-07,Road,Net 15,4780.03,402,402,138,81,7,0,1921572.06,1921572.06,In Stock,8,8,25
ORD-003949,SKU-07263,Product_Beta_17,Furniture,Supplier_G,Kolkata WH,South,2023-12-14,2024-01-06,Road,Net 30,4617.26,298,298,271,115,15,20,1375943.48,1100754.78,In Stock,1,0,23
ORD-003950,SKU-09411,Product_Sigma_14,Pharmaceuticals,Supplier_C,Mumbai WH,South,2023-12-14,2023-12-16,Air,Net 15,2292.01,241,241,195,86,9,20,552374.41,441899.53,In Stock,1,3,2
ORD-003951,SKU-01052,Product_Beta_4,Industrial Parts,Supplier_J,Chennai WH,Central,2023-12-14,2023-12-28,Rail,Net 30,4232.51,30,30,126,80,4,20,126975.3,101580.24,In Stock,6,4,14
ORD-003952,SKU-06570,Product_Zeta_9,Furniture,Supplier_G,Chennai WH,East,2023-12-14,2023-12-24,Sea,Net 15,2267.09,143,143,348,32,31,15,324193.87,275564.79,In Stock,8,11,10
ORD-003953,SKU-08579,Product_Gamma_31,Pharmaceuticals,Supplier_C,Chennai WH,West,2023-12-14,2023-12-24,Air,Net 60,2127.7,326,326,742,138,23,10,693630.2,624267.18,In Stock,4,1,10
ORD-003954,SKU-02666,Product_Gamma_49,Pharmaceuticals,Supplier_A,Chennai WH,Central,2023-12-14,2024-01-07,Road,Net 30,792.25,183,183,43,106,6,0,144981.75,144981.75,Low Stock,6,10,24
ORD-003955,SKU-07901,Product_Delta_26,Industrial Parts,Supplier_I,Kolkata WH,Central,2023-12-14,2024-01-08,Road,Net 15,2137.77,437,437,741,102,28,0,934205.49,934205.49,In Stock,7,8,25
ORD-003956,SKU-03785,Product_Gamma_42,FMCG,Supplier_A,Delhi WH,North,2023-12-15,2023-12-30,Air,Net 30,2691.71,16,16,727,99,12,0,43067.36,43067.36,In Stock,7,8,15
ORD-003957,SKU-01719,Product_Zeta_26,Pharmaceuticals,Supplier_F,Delhi WH,Central,2023-12-15,2023-12-25,Rail,Net 30,122.3,111,111,243,66,22,0,13575.3,13575.3,In Stock,3,8,10
ORD-003958,SKU-09597,Product_Delta_16,Industrial Parts,Supplier_J,Hyderabad WH,West,2023-12-15,2024-01-05,Road,Net 15,2226.12,360,360,8,130,24,5,801403.2,761333.04,Low Stock,9,7,21
ORD-003959,SKU-07855,Product_Omega_5,Pharmaceuticals,Supplier_L,Bangalore WH,West,2023-12-15,2023-12-21,Rail,Net 15,3908.97,201,201,761,133,34,20,785702.97,628562.38,In Stock,6,5,6
ORD-003960,SKU-03294,Product_Delta_18,FMCG,Supplier_L,Mumbai WH,South,2023-12-15,2023-12-19,Sea,Net 30,3403.43,107,107,711,73,19,5,364167.01,345958.66,In Stock,0,0,4
ORD-003961,SKU-09263,Product_Gamma_26,Furniture,Supplier_I,Bangalore WH,South,2023-12-15,2024-01-13,Rail,Net 60,3179.43,379,379,845,90,24,5,1205003.97,1144753.77,In Stock,3,13,29
ORD-003962,SKU-05482,Product_Beta_47,Electronics,Supplier_K,Mumbai WH,South,2023-12-15,2023-12-20,Road,Net 30,4548.68,162,162,78,199,20,10,736886.16,663197.54,Low Stock,4,9,5
ORD-003963,SKU-01698,Product_Gamma_14,FMCG,Supplier_D,Kolkata WH,North,2023-12-15,2023-12-22,Road,Net 60,99.98,283,283,756,91,34,0,28294.34,28294.34,In Stock,9,4,7
ORD-003964,SKU-08243,Product_Kappa_10,FMCG,Supplier_B,Kolkata WH,North,2023-12-15,2023-12-16,Rail,Immediate,2789.67,269,269,189,44,27,20,750421.23,600336.98,In Stock,6,7,1
ORD-003965,SKU-06918,Product_Sigma_49,Pharmaceuticals,Supplier_C,Chennai WH,East,2023-12-16,2024-01-05,Rail,Net 15,3938.87,484,484,85,42,44,5,1906413.08,1811092.43,In Stock,5,11,20
ORD-003966,SKU-01348,Product_Omega_1,FMCG,Supplier_E,Kolkata WH,East,2023-12-16,2024-01-10,Road,Net 30,2711.26,155,155,484,177,29,0,420245.3,420245.3,In Stock,3,13,25
ORD-003967,SKU-06374,Product_Beta_34,FMCG,Supplier_E,Hyderabad WH,Central,2023-12-16,2023-12-25,Air,Net 60,1626.24,73,352,270,30,1,20,118715.52,94972.42,In Stock,2,3,9
ORD-003968,SKU-08869,Product_Sigma_34,Furniture,Supplier_B,Chennai WH,North,2023-12-16,2023-12-17,Air,Net 30,689.89,197,197,773,182,36,10,135908.33,122317.5,In Stock,5,7,1
ORD-003969,SKU-01307,Product_Beta_50,Electronics,Supplier_C,Mumbai WH,West,2023-12-16,2023-12-31,Sea,Immediate,4438.94,243,8,512,46,43,5,1078662.42,1024729.3,In Stock,9,5,15
ORD-003970,SKU-04416,Product_Kappa_15,Electronics,Supplier_J,Delhi WH,West,2023-12-17,2024-01-02,Rail,Net 30,2359.1,86,86,19,136,39,5,202882.6,192738.47,Low Stock,4,0,16
ORD-003971,SKU-05820,Product_Kappa_20,Electronics,Supplier_A,Hyderabad WH,South,2023-12-17,2024-01-14,Air,Net 30,4391.79,287,287,488,86,7,10,1260443.73,1134399.36,In Stock,2,0,28
ORD-003972,SKU-04558,Product_Beta_35,Pharmaceuticals,Supplier_H,Delhi WH,West,2023-12-17,2024-01-02,Air,Net 15,2933.4,259,259,931,66,43,0,759750.6,759750.6,In Stock,3,2,16
ORD-003973,SKU-05478,Product_Kappa_10,Apparel,Supplier_F,Delhi WH,East,2023-12-18,2024-01-05,Air,Immediate,3374.22,286,286,129,197,20,15,965026.92,820272.88,Low Stock,1,0,18
ORD-003974,SKU-07531,Product_Beta_49,Furniture,Supplier_J,Chennai WH,East,2023-12-18,2024-01-13,Rail,Immediate,4023.26,149,337,837,27,20,20,599465.74,479572.59,In Stock,8,3,26
ORD-003975,SKU-05620,Product_Omega_18,Pharmaceuticals,Supplier_G,Delhi WH,West,2023-12-18,2023-12-19,Sea,Immediate,3299.19,355,355,769,96,25,5,1171212.45,1112651.83,In Stock,6,2,1
ORD-003976,SKU-03985,Product_Alpha_25,Furniture,Supplier_F,Mumbai WH,North,2023-12-18,2024-01-07,Air,Net 15,1996.29,390,390,642,189,43,10,778553.1,700697.79,In Stock,9,6,20
ORD-003977,SKU-09112,Product_Sigma_8,Apparel,Supplier_J,Delhi WH,Central,2023-12-19,2024-01-17,Air,Net 15,2573.03,476,476,6,86,21,15,1224762.28,1041047.94,Low Stock,2,10,29
ORD-003978,SKU-09467,Product_Kappa_28,Electronics,Supplier_J,Delhi WH,South,2023-12-19,2024-01-04,Air,Net 60,4017.2,416,416,851,167,9,0,1671155.2,1671155.2,In Stock,7,8,16
ORD-003979,SKU-03547,Product_Gamma_46,Furniture,Supplier_J,Mumbai WH,South,2023-12-19,2023-12-27,Rail,Immediate,1874.51,426,426,752,192,27,20,798541.26,638833.01,In Stock,7,14,8
ORD-003980,SKU-01336,Product_Kappa_49,Industrial Parts,Supplier_C,Kolkata WH,North,2023-12-19,2023-12-26,Air,Net 15,1946.73,485,485,703,54,28,10,944164.05,849747.64,In Stock,0,6,7
ORD-003981,SKU-03979,Product_Sigma_15,FMCG,Supplier_A,Bangalore WH,Central,2023-12-19,2024-01-07,Road,Net 60,487.49,190,190,936,96,25,5,92623.1,87991.94,In Stock,4,10,19
ORD-003982,SKU-04968,Product_Beta_6,Apparel,Supplier_B,Mumbai WH,Central,2023-12-19,2024-01-10,Air,Net 30,4573.78,217,217,309,167,36,10,992510.26,893259.23,In Stock,4,4,22
ORD-003983,SKU-01910,Product_Omega_16,Furniture,Supplier_C,Mumbai WH,South,2023-12-20,2024-01-05,Road,Net 60,464.27,416,416,808,43,34,5,193136.32,183479.5,In Stock,2,0,16
ORD-003984,SKU-02996,Product_Kappa_45,Industrial Parts,Supplier_D,Bangalore WH,South,2023-12-20,2024-01-04,Rail,Immediate,3244.56,355,355,626,74,2,0,1151818.8,1151818.8,In Stock,1,4,15
ORD-003985,SKU-04129,Product_Zeta_27,Furniture,Supplier_H,Kolkata WH,North,2023-12-20,2024-01-03,Rail,Net 60,2071.84,86,86,900,156,9,10,178178.24,160360.42,In Stock,0,0,14
ORD-003986,SKU-06447,Product_Alpha_41,Electronics,Supplier_G,Bangalore WH,West,2023-12-20,2024-01-04,Rail,Net 15,2034.04,216,216,472,113,19,5,439352.64,417385.01,In Stock,3,5,15
ORD-003987,SKU-07129,Product_Beta_50,FMCG,Supplier_D,Chennai WH,South,2023-12-20,2023-12-23,Sea,Net 30,3400.96,423,423,101,163,15,10,1438606.08,1294745.47,Low Stock,9,12,3
ORD-003988,SKU-06850,Product_Sigma_47,Electronics,Supplier_B,Mumbai WH,North,2023-12-20,2024-01-09,Rail,Net 60,344.8,320,320,337,77,21,0,110336.0,110336.0,In Stock,1,7,20
ORD-003989,SKU-05204,Product_Sigma_17,Electronics,Supplier_H,Kolkata WH,Central,2023-12-20,2024-01-09,Road,Net 15,2972.59,118,118,318,83,16,5,350765.62,333227.34,Discontinued,4,6,20
ORD-003990,SKU-08446,Product_Omega_27,Industrial Parts,Supplier_H,Delhi WH,West,2023-12-20,2023-12-21,Air,Net 15,3862.44,414,414,512,95,2,10,1599050.16,1439145.14,In Stock,9,0,1
ORD-003991,SKU-09519,Product_Sigma_23,Electronics,Supplier_E,Bangalore WH,East,2023-12-20,2023-12-28,Sea,Net 15,4142.78,447,447,24,134,26,20,1851822.66,1481458.13,Low Stock,1,7,8
ORD-003992,SKU-01314,Product_Beta_1,Industrial Parts,Supplier_J,Kolkata WH,North,2023-12-20,2024-01-18,Road,Net 15,860.95,370,370,720,68,44,15,318551.5,270768.77,Reorder Pending,0,11,29
ORD-003993,SKU-02134,Product_Beta_46,Furniture,Supplier_F,Kolkata WH,West,2023-12-21,2024-01-08,Road,Net 60,4488.12,480,480,429,48,29,15,2154297.6,1831152.96,In Stock,9,13,18
ORD-003994,SKU-05876,Product_Kappa_16,Furniture,Supplier_E,Chennai WH,West,2023-12-21,2023-12-30,Road,Net 60,3284.17,415,415,142,137,33,0,1362930.55,1362930.55,In Stock,9,13,9
ORD-003995,SKU-09102,Product_Kappa_15,Electronics,Supplier_C,Kolkata WH,North,2023-12-21,2024-01-10,Rail,Immediate,4410.46,87,87,708,101,34,15,383710.02,326153.52,In Stock,9,13,20
ORD-003996,SKU-09347,Product_Zeta_43,Apparel,Supplier_B,Kolkata WH,South,2023-12-21,2024-01-11,Sea,Net 15,2431.55,40,40,656,26,27,0,97262.0,97262.0,In Stock,9,8,21
ORD-003997,SKU-06592,Product_Sigma_7,Pharmaceuticals,Supplier_A,Chennai WH,North,2023-12-21,2024-01-08,Sea,Immediate,2714.75,161,161,148,96,7,0,437074.75,437074.75,In Stock,8,11,18
ORD-003998,SKU-02724,Product_Kappa_36,Pharmaceuticals,Supplier_G,Chennai WH,South,2023-12-22,2024-01-18,Road,Net 15,4596.0,191,191,692,141,15,0,877836.0,877836.0,In Stock,1,9,27
ORD-003999,SKU-04343,Product_Zeta_39,Pharmaceuticals,Supplier_C,Delhi WH,South,2023-12-22,2024-01-18,Air,Immediate,4500.55,25,406,54,88,17,15,112513.75,95636.69,Low Stock,9,13,27
ORD-004000,SKU-01886,Product_Zeta_3,Industrial Parts,Supplier_J,Hyderabad WH,West,2023-12-22,2023-12-29,Sea,Immediate,2246.32,420,420,470,109,9,0,943454.4,943454.4,In Stock,3,1,7
ORD-004001,SKU-01721,Product_Beta_38,Apparel,Supplier_E,Kolkata WH,East,2023-12-22,2023-12-24,Sea,Net 30,1379.32,152,152,362,21,13,0,209656.64,209656.64,In Stock,2,0,2
ORD-004002,SKU-08678,Product_Beta_37,Industrial Parts,Supplier_K,Chennai WH,North,2023-12-22,2023-12-28,Air,Net 30,1971.92,95,95,649,180,32,0,187332.4,187332.4,In Stock,0,5,6
ORD-004003,SKU-04357,Product_Beta_8,FMCG,Supplier_B,Delhi WH,West,2023-12-22,2023-12-27,Sea,Net 15,1944.94,442,442,208,195,2,5,859663.48,816680.31,In Stock,7,11,5
ORD-004004,SKU-01870,Product_Delta_24,Apparel,Supplier_J,Kolkata WH,Central,2023-12-22,2023-12-24,Sea,Net 30,1441.47,423,423,184,56,32,15,609741.81,518280.54,In Stock,1,3,2
ORD-004005,SKU-07751,Product_Zeta_26,Industrial Parts,Supplier_D,Hyderabad WH,South,2023-12-22,2024-01-12,Sea,Net 15,1350.21,46,46,64,108,20,5,62109.66,59004.18,Reorder Pending,7,13,21
ORD-004006,SKU-01497,Product_Alpha_23,Furniture,Supplier_H,Hyderabad WH,West,2023-12-22,2024-01-03,Sea,Net 60,4306.7,461,461,548,146,43,5,1985388.7,1886119.26,In Stock,0,6,12
ORD-004007,SKU-02756,Product_Kappa_30,Furniture,Supplier_F,Kolkata WH,Central,2023-12-22,2023-12-24,Sea,Net 60,358.61,138,138,111,122,19,0,49488.18,49488.18,Low Stock,5,2,2
ORD-004008,SKU-02117,Product_Alpha_26,Apparel,Supplier_J,Chennai WH,South,2023-12-22,2023-12-27,Sea,Net 30,3391.28,471,471,262,49,27,0,1597292.88,1597292.88,In Stock,3,2,5
ORD-004009,SKU-03828,Product_Zeta_43,Electronics,Supplier_B,Delhi WH,East,2023-12-23,2024-01-20,Rail,Immediate,872.37,466,466,75,60,36,0,406524.42,406524.42,In Stock,2,13,28
ORD-004010,SKU-02647,Product_Alpha_14,Pharmaceuticals,Supplier_J,Chennai WH,Central,2023-12-23,2023-12-25,Air,Net 15,1729.08,288,288,295,23,30,5,497975.04,473076.29,In Stock,0,7,2
ORD-004011,SKU-07992,Product_Gamma_2,Pharmaceuticals,Supplier_C,Bangalore WH,Central,2023-12-23,2024-01-14,Road,Net 30,317.1,353,353,177,102,11,5,111936.3,106339.48,In Stock,9,6,22
ORD-004012,SKU-07771,Product_Omega_7,FMCG,Supplier_C,Kolkata WH,North,2023-12-23,2024-01-11,Sea,Net 15,1357.17,164,164,765,130,16,0,222575.88,222575.88,In Stock,0,4,19
ORD-004013,SKU-01142,Product_Sigma_27,FMCG,Supplier_G,Hyderabad WH,West,2023-12-23,2024-01-19,Sea,Net 30,3844.42,412,412,0,186,26,15,1583901.04,1346315.88,Out of Stock,6,2,27
ORD-004014,SKU-03761,Product_Alpha_47,FMCG,Supplier_H,Chennai WH,West,2023-12-24,2024-01-13,Air,Immediate,4426.23,400,400,147,43,30,20,1770492.0,1416393.6,In Stock,5,0,20
ORD-004015,SKU-04435,Product_Kappa_17,Pharmaceuticals,Supplier_B,Bangalore WH,West,2023-12-24,2024-01-03,Road,Net 60,1115.42,16,16,875,69,2,0,17846.72,17846.72,In Stock,2,10,10
ORD-004016,SKU-07622,Product_Omega_44,Electronics,Supplier_L,Chennai WH,East,2023-12-24,2024-01-04,Road,Net 15,2323.1,18,18,670,56,34,0,41815.8,41815.8,In Stock,1,2,11
ORD-004017,SKU-08069,Product_Omega_23,Industrial Parts,Supplier_D,Chennai WH,North,2023-12-24,2024-01-23,Air,Net 30,2356.92,136,136,835,44,41,10,320541.12,288487.01,In Stock,9,14,30
ORD-004018,SKU-05512,Product_Delta_18,Industrial Parts,Supplier_B,Chennai WH,South,2023-12-24,2023-12-27,Road,Immediate,4369.14,490,490,985,112,22,0,2140878.6,2140878.6,In Stock,2,8,3
ORD-004019,SKU-02848,Product_Kappa_4,Electronics,Supplier_H,Chennai WH,South,2023-12-24,2023-12-26,Sea,Immediate,3816.37,464,464,779,144,31,0,1770795.68,1770795.68,In Stock,7,0,2
ORD-004020,SKU-03696,Product_Omega_30,Electronics,Supplier_F,Bangalore WH,South,2023-12-25,2023-12-29,Road,Net 15,2570.26,247,247,661,50,21,0,634854.22,634854.22,In Stock,6,14,4
ORD-004021,SKU-02717,Product_Sigma_50,Electronics,Supplier_D,Delhi WH,Central,2023-12-25,2024-01-08,Air,Net 30,3357.03,248,248,128,111,36,20,832543.44,666034.75,Discontinued,6,4,14
ORD-004022,SKU-04072,Product_Gamma_14,Pharmaceuticals,Supplier_L,Hyderabad WH,North,2023-12-26,2024-01-01,Rail,Net 15,4238.3,331,331,637,57,40,10,1402877.3,1262589.57,In Stock,4,3,6
ORD-004023,SKU-03786,Product_Omega_48,Furniture,Supplier_G,Hyderabad WH,Central,2023-12-26,2024-01-01,Sea,Immediate,57.6,198,69,512,146,23,0,11404.8,11404.8,In Stock,9,10,6
ORD-004024,SKU-04791,Product_Zeta_49,Furniture,Supplier_C,Kolkata WH,South,2023-12-26,2024-01-17,Road,Net 30,2020.42,1,1,898,77,26,0,2020.42,2020.42,In Stock,2,13,22
ORD-004025,SKU-04871,Product_Omega_50,Pharmaceuticals,Supplier_G,Kolkata WH,South,2023-12-26,2024-01-05,Air,Immediate,4537.14,190,190,628,133,18,0,862056.6,862056.6,In Stock,0,5,10
ORD-004026,SKU-02806,Product_Gamma_32,FMCG,Supplier_E,Chennai WH,East,2023-12-26,2024-01-15,Rail,Immediate,3704.16,381,381,971,69,15,0,1411284.96,1411284.96,In Stock,0,1,20
ORD-004027,SKU-02504,Product_Beta_22,Apparel,Supplier_H,Hyderabad WH,South,2023-12-26,2024-01-17,Rail,Net 30,2718.78,460,460,501,151,34,5,1250638.8,1188106.86,In Stock,5,3,22
ORD-004028,SKU-04308,Product_Omega_40,FMCG,Supplier_F,Mumbai WH,Central,2023-12-27,2024-01-19,Air,Immediate,2652.93,294,294,148,111,22,15,779961.42,662967.21,In Stock,3,8,23
ORD-004029,SKU-08117,Product_Delta_21,Pharmaceuticals,Supplier_C,Mumbai WH,South,2023-12-27,2024-01-19,Rail,Net 60,1745.37,476,476,268,199,28,0,830796.12,830796.12,In Stock,6,13,23
ORD-004030,SKU-06048,Product_Sigma_7,Pharmaceuticals,Supplier_K,Bangalore WH,West,2023-12-27,2024-01-16,Rail,Net 15,2607.4,45,45,700,178,43,0,117333.0,117333.0,In Stock,9,14,20
ORD-004031,SKU-09263,Product_Beta_41,FMCG,Supplier_I,Bangalore WH,West,2023-12-27,2024-01-15,Rail,Immediate,3280.36,442,442,652,97,7,0,1449919.12,1449919.12,In Stock,9,10,19
ORD-004032,SKU-02690,Product_Zeta_21,Apparel,Supplier_K,Delhi WH,North,2023-12-27,2024-01-22,Sea,Immediate,2097.63,337,337,104,161,40,0,706901.31,706901.31,Low Stock,9,4,26
ORD-004033,SKU-04303,Product_Kappa_41,Electronics,Supplier_G,Delhi WH,South,2023-12-28,2024-01-15,Air,Immediate,3573.62,385,385,465,148,42,20,1375843.7,1100674.96,In Stock,0,14,18
ORD-004034,SKU-04113,Product_Gamma_49,FMCG,Supplier_E,Hyderabad WH,West,2023-12-28,2024-01-03,Sea,Net 60,4307.55,32,32,763,62,24,0,137841.6,137841.6,Reorder Pending,5,7,6
ORD-004035,SKU-08850,Product_Zeta_13,Industrial Parts,Supplier_G,Kolkata WH,Central,2023-12-28,2024-01-12,Road,Net 15,781.88,392,392,928,137,35,0,306496.96,306496.96,In Stock,6,1,15
ORD-004036,SKU-07416,Product_Sigma_46,Industrial Parts,Supplier_B,Bangalore WH,South,2023-12-28,2024-01-21,Rail,Immediate,2263.22,118,447,901,78,13,0,267059.96,267059.96,In Stock,0,11,24
ORD-004037,SKU-02504,Product_Kappa_23,Furniture,Supplier_C,Mumbai WH,West,2023-12-28,2024-01-16,Air,Immediate,2046.02,296,296,280,80,13,5,605621.92,575340.82,In Stock,1,10,19
ORD-004038,SKU-09924,Product_Omega_29,FMCG,Supplier_L,Mumbai WH,Central,2023-12-29,2024-01-10,Air,Immediate,3440.45,184,184,406,60,31,20,633042.8,506434.24,In Stock,8,8,12
ORD-004039,SKU-04924,Product_Omega_49,Furniture,Supplier_A,Bangalore WH,East,2023-12-29,2024-01-28,Sea,Net 30,1256.84,191,191,855,37,19,0,240056.44,240056.44,In Stock,8,11,30
ORD-004040,SKU-09615,Product_Gamma_11,Pharmaceuticals,Supplier_J,Mumbai WH,Central,2023-12-29,2023-12-31,Sea,Net 30,3204.85,235,235,612,98,29,5,753139.75,715482.76,In Stock,5,6,2
ORD-004041,SKU-05485,Product_Omega_2,Pharmaceuticals,Supplier_G,Kolkata WH,Central,2023-12-30,2024-01-02,Rail,Net 60,4388.67,238,238,793,189,22,0,1044503.46,1044503.46,Reorder Pending,3,6,3
ORD-004042,SKU-09100,Product_Beta_13,Industrial Parts,Supplier_B,Chennai WH,Central,2023-12-30,2024-01-24,Air,Net 15,2096.48,216,216,899,183,41,10,452839.68,407555.71,In Stock,6,1,25
ORD-004043,SKU-09684,Product_Sigma_33,Industrial Parts,Supplier_H,Kolkata WH,East,2023-12-30,2024-01-09,Road,Net 30,4555.97,74,74,357,187,21,10,337141.78,303427.6,In Stock,4,7,10
ORD-004044,SKU-01191,Product_Sigma_49,Industrial Parts,Supplier_D,Kolkata WH,South,2023-12-30,2024-01-10,Air,Immediate,4965.89,111,111,674,49,16,10,551213.79,496092.41,In Stock,2,8,11
ORD-004045,SKU-09690,Product_Gamma_26,Industrial Parts,Supplier_A,Bangalore WH,South,2023-12-30,2024-01-11,Rail,Net 15,539.4,103,103,202,121,30,5,55558.2,52780.29,In Stock,3,9,12
ORD-004046,SKU-05917,Product_Beta_13,Electronics,Supplier_A,Mumbai WH,East,2023-12-30,2024-01-28,Sea,Net 15,1172.94,359,359,611,30,5,20,421085.46,336868.37,In Stock,1,10,29
ORD-004047,SKU-06831,Product_Beta_6,FMCG,Supplier_J,Chennai WH,South,2023-12-30,2024-01-12,Rail,Net 60,4752.39,74,74,280,143,41,5,351676.86,334093.02,In Stock,5,11,13
ORD-004048,SKU-05322,Product_Zeta_17,Industrial Parts,Supplier_J,Hyderabad WH,Central,2023-12-31,2024-01-27,Rail,Net 30,4792.06,420,420,915,172,41,5,2012665.2,1912031.94,In Stock,2,4,27
ORD-004049,SKU-07999,Product_Gamma_46,FMCG,Supplier_C,Mumbai WH,West,2023-12-31,2024-01-03,Road,Net 60,497.56,473,473,256,192,6,10,235345.88,211811.29,In Stock,6,14,3
ORD-004050,SKU-08282,Product_Omega_35,Apparel,Supplier_K,Kolkata WH,East,2023-12-31,2024-01-25,Air,Net 60,84.84,252,252,93,198,21,5,21379.68,20310.7,Low Stock,3,2,25
ORD-004051,SKU-02874,Product_Omega_26,Electronics,Supplier_L,Mumbai WH,East,2023-12-31,2024-01-14,Rail,Net 15,813.89,114,114,323,190,42,0,92783.46,92783.46,In Stock,7,13,14
ORD-004052,SKU-05763,Product_Gamma_25,FMCG,Supplier_I,Mumbai WH,East,2023-12-31,2024-01-27,Road,Net 60,4980.1,379,379,790,85,11,0,1887457.9,1887457.9,In Stock,0,2,27
ORD-004053,SKU-09464,Product_Beta_48,FMCG,Supplier_E,Delhi WH,Central,2024-01-01,2024-01-19,Sea,Net 15,908.2,313,313,738,118,24,0,284266.6,284266.6,In Stock,8,12,18
ORD-004054,SKU-02051,Product_Sigma_40,Industrial Parts,Supplier_F,Hyderabad WH,East,2024-01-01,2024-01-04,Road,Immediate,2517.71,330,330,361,194,28,5,830844.3,789302.08,In Stock,2,12,3
ORD-004055,SKU-08538,Product_Beta_21,FMCG,Supplier_C,Delhi WH,South,2024-01-01,2024-01-11,Air,Net 60,4243.6,339,339,661,43,15,10,1438580.4,1294722.36,In Stock,2,5,10
ORD-004056,SKU-08411,Product_Delta_29,Industrial Parts,Supplier_E,Bangalore WH,West,2024-01-01,2024-01-17,Rail,Immediate,111.8,238,238,350,96,39,0,26608.4,26608.4,In Stock,4,13,16
ORD-004057,SKU-07320,Product_Alpha_16,Industrial Parts,Supplier_A,Mumbai WH,Central,2024-01-01,2024-01-06,Rail,Net 60,3026.4,173,464,61,184,40,10,523567.2,471210.48,Low Stock,9,0,5
ORD-004058,SKU-03105,Product_Gamma_43,FMCG,Supplier_D,Hyderabad WH,West,2024-01-02,2024-01-06,Rail,Net 15,1392.36,79,79,640,147,19,15,109996.44,93496.97,In Stock,0,9,4
ORD-004059,SKU-01307,Product_Sigma_2,Pharmaceuticals,Supplier_C,Kolkata WH,Central,2024-01-02,2024-01-25,Road,Net 15,4313.05,464,464,186,113,17,0,2001255.2,2001255.2,In Stock,2,10,23
ORD-004060,SKU-08737,Product_Kappa_15,Electronics,Supplier_L,Delhi WH,North,2024-01-02,2024-01-30,Road,Net 30,1424.47,386,386,579,106,3,0,549845.42,549845.42,In Stock,3,8,28
ORD-004061,SKU-04359,Product_Delta_16,Pharmaceuticals,Supplier_B,Chennai WH,North,2024-01-02,2024-01-11,Road,Net 15,3436.91,93,93,914,143,3,15,319632.63,271687.74,In Stock,1,5,9
ORD-004062,SKU-04176,Product_Delta_29,Industrial Parts,Supplier_B,Delhi WH,North,2024-01-03,2024-01-14,Sea,Immediate,3374.36,452,452,541,65,39,10,1525210.72,1372689.65,In Stock,5,8,11
ORD-004063,SKU-02251,Product_Delta_10,FMCG,Supplier_F,Bangalore WH,East,2024-01-03,2024-01-20,Air,Net 30,1115.25,50,83,896,175,28,0,55762.5,55762.5,In Stock,9,2,17
ORD-004064,SKU-06366,Product_Alpha_19,FMCG,Supplier_L,Kolkata WH,South,2024-01-04,2024-01-18,Rail,Immediate,183.65,285,285,303,112,31,5,52340.25,49723.24,In Stock,3,9,14
ORD-004065,SKU-02517,Product_Delta_2,Apparel,Supplier_D,Bangalore WH,South,2024-01-04,2024-01-21,Rail,Net 15,2052.16,223,223,786,199,42,10,457631.68,411868.51,In Stock,0,12,17
ORD-004066,SKU-07226,Product_Kappa_29,Apparel,Supplier_F,Chennai WH,North,2024-01-04,2024-01-11,Air,Immediate,1453.07,81,81,638,34,8,5,117698.67,111813.74,In Stock,2,2,7
ORD-004067,SKU-06305,Product_Zeta_36,Pharmaceuticals,Supplier_F,Kolkata WH,West,2024-01-04,2024-01-27,Sea,Immediate,4046.8,266,266,435,192,17,10,1076448.8,968803.92,In Stock,6,9,23
ORD-004068,SKU-06869,Product_Delta_27,Pharmaceuticals,Supplier_A,Mumbai WH,East,2024-01-05,2024-01-12,Road,Net 30,4003.82,155,155,212,77,35,5,620592.1,589562.5,In Stock,2,12,7
ORD-004069,SKU-09039,Product_Gamma_34,Electronics,Supplier_F,Chennai WH,North,2024-01-05,2024-01-25,Rail,Net 60,2290.55,373,373,405,91,36,10,854375.15,768937.64,In Stock,5,6,20
ORD-004070,SKU-05891,Product_Zeta_41,Industrial Parts,Supplier_B,Delhi WH,Central,2024-01-05,2024-01-07,Sea,Net 15,3036.5,233,233,817,117,27,0,707504.5,707504.5,In Stock,5,14,2
ORD-004071,SKU-05992,Product_Zeta_48,Apparel,Supplier_E,Delhi WH,Central,2024-01-05,2024-01-09,Sea,Net 30,3025.25,399,450,961,92,40,10,1207074.75,1086367.28,In Stock,0,6,4
ORD-004072,SKU-02961,Product_Sigma_46,Apparel,Supplier_D,Bangalore WH,North,2024-01-05,2024-01-24,Air,Net 60,4137.52,316,316,133,100,33,20,1307456.32,1045965.06,In Stock,1,3,19
ORD-004073,SKU-03863,Product_Omega_17,FMCG,Supplier_L,Chennai WH,East,2024-01-06,2024-01-30,Road,Immediate,2130.76,236,236,959,188,11,0,502859.36,502859.36,In Stock,9,10,24
ORD-004074,SKU-07603,Product_Zeta_24,FMCG,Supplier_C,Kolkata WH,Central,2024-01-06,2024-01-27,Air,Net 60,1384.48,159,159,916,84,21,10,220132.32,198119.09,In Stock,5,14,21
ORD-004075,SKU-05567,Product_Omega_16,Industrial Parts,Supplier_B,Hyderabad WH,West,2024-01-06,2024-01-23,Sea,Immediate,1332.52,405,405,992,187,6,0,539670.6,539670.6,In Stock,1,13,17
ORD-004076,SKU-07513,Product_Omega_35,Industrial Parts,Supplier_J,Delhi WH,West,2024-01-06,2024-01-09,Air,Net 60,2685.6,316,316,914,24,21,0,848649.6,848649.6,In Stock,1,7,3
ORD-004077,SKU-05005,Product_Omega_5,Apparel,Supplier_K,Delhi WH,North,2024-01-06,2024-01-22,Rail,Immediate,2251.25,251,251,218,47,28,20,565063.75,452051.0,In Stock,3,10,16
ORD-004078,SKU-01183,Product_Gamma_21,Furniture,Supplier_B,Bangalore WH,East,2024-01-06,2024-01-30,Road,Immediate,2206.2,314,314,420,57,17,0,692746.8,692746.8,In Stock,7,13,24
ORD-004079,SKU-08755,Product_Delta_35,Apparel,Supplier_E,Delhi WH,East,2024-01-06,2024-01-29,Sea,Immediate,464.78,425,425,318,100,18,0,197531.5,197531.5,In Stock,5,1,23
ORD-004080,SKU-04358,Product_Gamma_7,Industrial Parts,Supplier_D,Kolkata WH,East,2024-01-06,2024-01-26,Rail,Net 15,3595.83,430,430,156,106,11,5,1546206.9,1468896.56,In Stock,7,0,20
ORD-004081,SKU-07615,Product_Kappa_35,FMCG,Supplier_K,Kolkata WH,Central,2024-01-07,2024-02-06,Road,Net 30,1076.55,301,301,187,165,44,5,324041.55,307839.47,In Stock,3,0,30
ORD-004082,SKU-07797,Product_Omega_7,Furniture,Supplier_A,Delhi WH,North,2024-01-07,2024-02-02,Air,Net 60,992.8,380,380,475,56,25,10,377264.0,339537.6,In Stock,2,1,26
ORD-004083,SKU-09728,Product_Delta_47,FMCG,Supplier_I,Delhi WH,West,2024-01-07,2024-01-30,Rail,Net 60,2069.66,282,282,161,174,30,0,583644.12,583644.12,Low Stock,6,10,23
ORD-004084,SKU-08678,Product_Omega_46,Electronics,Supplier_H,Delhi WH,South,2024-01-07,2024-01-17,Rail,Net 15,1146.61,102,102,128,44,25,0,116954.22,116954.22,In Stock,6,10,10
ORD-004085,SKU-06698,Product_Delta_30,Electronics,Supplier_H,Chennai WH,West,2024-01-07,2024-01-21,Rail,Net 60,2923.45,51,51,303,102,7,0,149095.95,149095.95,In Stock,1,5,14
ORD-004086,SKU-02273,Product_Sigma_37,Industrial Parts,Supplier_J,Kolkata WH,Central,2024-01-07,2024-01-27,Rail,Net 30,1863.6,420,420,88,46,37,5,782712.0,743576.4,In Stock,0,7,20
ORD-004087,SKU-07653,Product_Alpha_30,Furniture,Supplier_H,Mumbai WH,West,2024-01-07,2024-02-04,Road,Net 60,2250.07,52,52,894,96,27,5,117003.64,111153.46,In Stock,7,2,28
ORD-004088,SKU-02096,Product_Kappa_32,FMCG,Supplier_K,Chennai WH,Central,2024-01-08,2024-01-19,Rail,Immediate,2690.47,209,209,916,154,26,10,562308.23,506077.41,In Stock,2,11,11
ORD-004089,SKU-09002,Product_Zeta_5,Pharmaceuticals,Supplier_C,Delhi WH,North,2024-01-08,2024-01-17,Rail,Net 30,1025.64,307,307,161,109,13,5,314871.48,299127.91,In Stock,5,5,9
ORD-004090,SKU-05247,Product_Gamma_2,Pharmaceuticals,Supplier_E,Delhi WH,South,2024-01-08,2024-01-25,Rail,Immediate,787.2,131,300,921,46,24,0,103123.2,103123.2,In Stock,6,7,17
ORD-004091,SKU-06314,Product_Kappa_36,FMCG,Supplier_H,Hyderabad WH,East,2024-01-08,2024-01-27,Air,Immediate,4403.31,270,270,35,141,12,10,1188893.7,1070004.33,Low Stock,7,8,19
ORD-004092,SKU-04354,Product_Alpha_23,Apparel,Supplier_J,Delhi WH,Central,2024-01-08,2024-01-28,Sea,Net 30,2174.28,433,433,226,78,14,0,941463.24,941463.24,In Stock,5,7,20
ORD-004093,SKU-01270,Product_Kappa_46,Electronics,Supplier_C,Mumbai WH,North,2024-01-08,2024-01-20,Sea,Net 30,2066.35,205,205,150,91,9,0,423601.75,423601.75,In Stock,6,6,12
ORD-004094,SKU-02186,Product_Gamma_5,Electronics,Supplier_F,Chennai WH,South,2024-01-09,2024-02-08,Sea,Immediate,187.7,489,58,592,178,31,10,91785.3,82606.77,In Stock,4,3,30
ORD-004095,SKU-07305,Product_Omega_5,Furniture,Supplier_L,Bangalore WH,North,2024-01-09,2024-01-14,Sea,Immediate,2494.9,219,219,46,110,4,0,546383.1,546383.1,Low Stock,2,2,5
ORD-004096,SKU-03398,Product_Sigma_37,Furniture,Supplier_L,Hyderabad WH,East,2024-01-09,2024-01-29,Road,Net 60,2775.31,257,257,715,87,19,5,713254.67,677591.94,In Stock,1,6,20
ORD-004097,SKU-07995,Product_Sigma_47,Industrial Parts,Supplier_E,Hyderabad WH,West,2024-01-09,2024-01-28,Road,Immediate,2798.62,185,350,939,125,1,0,517744.7,517744.7,In Stock,6,0,19
ORD-004098,SKU-08299,Product_Alpha_46,Apparel,Supplier_C,Kolkata WH,South,2024-01-09,2024-01-25,Air,Net 60,3538.09,145,145,659,23,29,5,513023.05,487371.9,In Stock,7,6,16
ORD-004099,SKU-05182,Product_Kappa_28,Apparel,Supplier_C,Mumbai WH,West,2024-01-09,2024-01-26,Air,Net 15,895.63,496,496,230,165,6,0,444232.48,444232.48,In Stock,7,5,17
ORD-004100,SKU-03230,Product_Gamma_26,Electronics,Supplier_B,Kolkata WH,South,2024-01-09,2024-02-02,Air,Immediate,1268.59,178,178,538,82,1,20,225809.02,180647.22,In Stock,2,2,24
ORD-004101,SKU-07511,Product_Delta_43,Apparel,Supplier_I,Bangalore WH,North,2024-01-09,2024-01-30,Sea,Net 30,4055.55,482,482,700,106,25,0,1954775.1,1954775.1,In Stock,1,13,21
ORD-004102,SKU-01128,Product_Kappa_20,Apparel,Supplier_I,Chennai WH,West,2024-01-09,2024-01-25,Road,Immediate,4736.38,14,14,164,199,27,10,66309.32,59678.39,Low Stock,8,2,16
ORD-004103,SKU-04672,Product_Sigma_22,FMCG,Supplier_D,Bangalore WH,South,2024-01-09,2024-01-25,Air,Net 15,688.3,246,246,723,130,22,15,169321.8,143923.53,In Stock,5,1,16
ORD-004104,SKU-05765,Product_Delta_37,Apparel,Supplier_L,Hyderabad WH,West,2024-01-09,2024-02-04,Rail,Net 30,2493.27,187,187,819,192,17,10,466241.49,419617.34,Discontinued,9,0,26
ORD-004105,SKU-04970,Product_Zeta_10,Industrial Parts,Supplier_E,Chennai WH,West,2024-01-09,2024-01-15,Air,Immediate,1078.74,337,337,586,159,29,5,363535.38,345358.61,In Stock,2,10,6
ORD-004106,SKU-08545,Product_Omega_1,Industrial Parts,Supplier_K,Hyderabad WH,North,2024-01-09,2024-02-07,Rail,Net 60,309.77,259,259,603,155,3,5,80230.43,76218.91,In Stock,4,4,29
ORD-004107,SKU-06552,Product_Alpha_46,Industrial Parts,Supplier_K,Mumbai WH,South,2024-01-09,2024-01-29,Sea,Net 30,1634.26,354,354,573,41,17,5,578528.04,549601.64,In Stock,0,12,20
ORD-004108,SKU-01627,Product_Omega_38,Furniture,Supplier_F,Mumbai WH,South,2024-01-09,2024-01-17,Air,Net 15,727.0,40,40,65,110,2,15,29080.0,24718.0,Low Stock,1,6,8
ORD-004109,SKU-07589,Product_Beta_50,Furniture,Supplier_L,Bangalore WH,South,2024-01-10,2024-02-02,Air,Net 60,3552.57,89,89,919,188,32,0,316178.73,316178.73,In Stock,8,6,23
ORD-004110,SKU-03044,Product_Beta_40,Industrial Parts,Supplier_I,Bangalore WH,East,2024-01-10,2024-01-20,Road,Net 15,2673.29,125,125,79,135,22,15,334161.25,284037.06,Low Stock,9,5,10
ORD-004111,SKU-03341,Product_Beta_34,FMCG,Supplier_B,Hyderabad WH,Central,2024-01-10,2024-01-17,Rail,Net 30,727.73,450,450,139,60,39,5,327478.5,311104.58,In Stock,9,10,7
ORD-004112,SKU-06884,Product_Zeta_47,Industrial Parts,Supplier_J,Hyderabad WH,East,2024-01-10,2024-01-11,Sea,Net 60,56.12,418,418,399,100,33,15,23458.16,19939.44,In Stock,2,14,1
ORD-004113,SKU-09185,Product_Gamma_47,Apparel,Supplier_C,Kolkata WH,North,2024-01-10,2024-01-14,Air,Net 15,4042.7,474,474,931,142,22,0,1916239.8,1916239.8,In Stock,7,9,4
ORD-004114,SKU-01249,Product_Delta_16,FMCG,Supplier_L,Mumbai WH,Central,2024-01-10,2024-01-11,Sea,Net 60,889.21,351,351,129,76,4,15,312112.71,265295.8,In Stock,9,5,1
ORD-004115,SKU-03925,Product_Gamma_12,Pharmaceuticals,Supplier_A,Bangalore WH,North,2024-01-11,2024-01-26,Rail,Net 60,3035.02,9,253,984,179,38,0,27315.18,27315.18,In Stock,7,10,15
ORD-004116,SKU-06043,Product_Alpha_42,Electronics,Supplier_E,Chennai WH,South,2024-01-11,2024-02-01,Sea,Immediate,1691.24,350,350,765,146,13,10,591934.0,532740.6,In Stock,4,6,21
ORD-004117,SKU-01974,Product_Kappa_47,Industrial Parts,Supplier_I,Delhi WH,Central,2024-01-11,2024-02-06,Air,Net 30,2931.57,84,84,445,114,23,5,246251.88,233939.29,In Stock,7,14,26
ORD-004118,SKU-08192,Product_Beta_22,Electronics,Supplier_H,Hyderabad WH,East,2024-01-11,2024-01-15,Rail,Net 60,1585.11,21,431,831,74,13,10,33287.31,29958.58,In Stock,1,7,4
ORD-004119,SKU-03672,Product_Beta_7,Electronics,Supplier_H,Mumbai WH,East,2024-01-11,2024-02-04,Air,Net 60,443.83,477,477,28,25,20,10,211706.91,190536.22,In Stock,1,4,24
ORD-004120,SKU-08279,Product_Zeta_37,Electronics,Supplier_A,Delhi WH,Central,2024-01-11,2024-02-08,Air,Net 15,1122.52,281,9,987,186,33,0,315428.12,315428.12,In Stock,3,0,28
ORD-004121,SKU-08531,Product_Zeta_27,Apparel,Supplier_G,Bangalore WH,Central,2024-01-12,2024-01-19,Rail,Net 30,948.41,358,358,201,28,34,5,339530.78,322554.24,In Stock,7,6,7
ORD-004122,SKU-09662,Product_Zeta_45,FMCG,Supplier_H,Hyderabad WH,Central,2024-01-12,2024-02-07,Sea,Net 60,2145.82,378,378,236,51,38,0,811119.96,811119.96,Discontinued,1,1,26
ORD-004123,SKU-02987,Product_Kappa_9,Furniture,Supplier_K,Chennai WH,West,2024-01-12,2024-02-01,Sea,Net 60,3294.84,172,417,598,183,29,5,566712.48,538376.86,In Stock,3,10,20
ORD-004124,SKU-01090,Product_Omega_12,Electronics,Supplier_G,Chennai WH,West,2024-01-12,2024-01-26,Sea,Net 15,1326.39,25,393,607,147,32,10,33159.75,29843.78,In Stock,7,14,14
ORD-004125,SKU-09721,Product_Beta_20,Electronics,Supplier_J,Hyderabad WH,South,2024-01-12,2024-01-26,Air,Net 15,70.23,393,393,798,35,11,0,27600.39,27600.39,In Stock,2,4,14
ORD-004126,SKU-05059,Product_Omega_12,FMCG,Supplier_D,Delhi WH,West,2024-01-12,2024-01-14,Sea,Net 60,2599.5,103,103,338,159,18,5,267748.5,254361.08,In Stock,7,6,2
ORD-004127,SKU-03773,Product_Zeta_17,Pharmaceuticals,Supplier_D,Bangalore WH,Central,2024-01-12,2024-01-23,Rail,Net 15,3032.74,190,190,398,60,21,10,576220.6,518598.54,In Stock,1,6,11
ORD-004128,SKU-09383,Product_Kappa_6,FMCG,Supplier_D,Chennai WH,South,2024-01-13,2024-01-25,Rail,Net 60,4814.72,236,236,438,156,12,0,1136273.92,1136273.92,In Stock,0,8,12
ORD-004129,SKU-08409,Product_Gamma_17,Pharmaceuticals,Supplier_C,Mumbai WH,Central,2024-01-13,2024-01-31,Road,Net 60,2951.46,410,410,288,144,39,20,1210098.6,968078.88,In Stock,5,4,18
ORD-004130,SKU-05440,Product_Zeta_13,Pharmaceuticals,Supplier_J,Kolkata WH,East,2024-01-13,2024-02-08,Sea,Net 60,2361.15,313,313,251,36,20,5,739039.95,702087.95,In Stock,7,5,26
ORD-004131,SKU-08347,Product_Delta_23,Furniture,Supplier_J,Hyderabad WH,West,2024-01-14,2024-02-04,Road,Net 15,2871.27,37,37,976,129,7,0,106236.99,106236.99,In Stock,8,9,21
ORD-004132,SKU-02008,Product_Beta_22,Industrial Parts,Supplier_I,Chennai WH,Central,2024-01-14,2024-01-21,Rail,Net 60,4640.22,272,272,691,152,27,0,1262139.84,1262139.84,In Stock,9,13,7
ORD-004133,SKU-04783,Product_Kappa_49,Electronics,Supplier_G,Kolkata WH,East,2024-01-15,2024-01-16,Rail,Net 15,4143.61,293,293,99,45,7,5,1214077.73,1153373.84,In Stock,7,11,1
ORD-004134,SKU-07646,Product_Beta_34,Electronics,Supplier_F,Chennai WH,East,2024-01-15,2024-02-05,Sea,Net 15,1621.66,332,332,915,148,2,0,538391.12,538391.12,In Stock,1,10,21
ORD-004135,SKU-05298,Product_Sigma_2,Pharmaceuticals,Supplier_B,Bangalore WH,North,2024-01-15,2024-01-22,Air,Net 15,1193.9,152,152,584,20,43,0,181472.8,181472.8,In Stock,0,5,7
ORD-004136,SKU-05668,Product_Alpha_36,Electronics,Supplier_F,Kolkata WH,Central,2024-01-15,2024-02-07,Rail,Net 15,1320.54,282,282,421,54,33,0,372392.28,372392.28,In Stock,6,0,23
ORD-004137,SKU-05287,Product_Alpha_44,Electronics,Supplier_J,Mumbai WH,South,2024-01-15,2024-01-25,Sea,Immediate,2527.06,20,20,642,28,21,5,50541.2,48014.14,In Stock,6,9,10
ORD-004138,SKU-03052,Product_Omega_7,Industrial Parts,Supplier_A,Mumbai WH,East,2024-01-15,2024-01-24,Sea,Net 15,3722.81,137,137,693,106,29,5,510024.97,484523.72,In Stock,2,6,9
ORD-004139,SKU-07009,Product_Gamma_1,Pharmaceuticals,Supplier_C,Delhi WH,West,2024-01-15,2024-02-10,Air,Immediate,2521.06,471,471,705,57,32,0,1187419.26,1187419.26,In Stock,5,14,26
ORD-004140,SKU-02716,Product_Alpha_1,Pharmaceuticals,Supplier_F,Mumbai WH,East,2024-01-15,2024-01-18,Air,Net 30,348.3,359,359,17,23,12,10,125039.7,112535.73,Low Stock,6,9,3
ORD-004141,SKU-01310,Product_Omega_25,Industrial Parts,Supplier_H,Delhi WH,North,2024-01-15,2024-01-25,Air,Immediate,3620.67,29,29,470,71,13,20,104999.43,83999.54,In Stock,8,14,10
ORD-004142,SKU-05538,Product_Sigma_2,Industrial Parts,Supplier_L,Chennai WH,North,2024-01-15,2024-01-25,Air,Net 15,4031.79,31,31,637,166,39,20,124985.49,99988.39,In Stock,0,6,10
ORD-004143,SKU-02260,Product_Omega_5,Furniture,Supplier_I,Kolkata WH,North,2024-01-16,2024-02-02,Sea,Net 15,1454.59,19,19,722,24,44,15,27637.21,23491.63,In Stock,2,3,17
ORD-004144,SKU-04932,Product_Gamma_13,Industrial Parts,Supplier_K,Mumbai WH,West,2024-01-16,2024-02-03,Sea,Net 15,3323.99,148,148,6,125,40,15,491950.52,418157.94,Low Stock,4,3,18
ORD-004145,SKU-01584,Product_Kappa_12,Pharmaceuticals,Supplier_E,Kolkata WH,South,2024-01-17,2024-01-28,Air,Immediate,2138.69,471,471,418,67,3,0,1007322.99,1007322.99,In Stock,2,10,11
ORD-004146,SKU-08616,Product_Delta_23,Apparel,Supplier_G,Chennai WH,West,2024-01-17,2024-02-11,Road,Net 60,4446.71,491,491,379,106,39,0,2183334.61,2183334.61,In Stock,7,5,25
ORD-004147,SKU-09551,Product_Beta_44,Apparel,Supplier_E,Chennai WH,West,2024-01-17,2024-01-18,Road,Immediate,4227.68,283,283,507,57,8,5,1196433.44,1136611.77,In Stock,9,2,1
ORD-004148,SKU-03866,Product_Gamma_39,Electronics,Supplier_A,Bangalore WH,North,2024-01-17,2024-01-21,Road,Immediate,2631.91,350,350,113,71,2,10,921168.5,829051.65,In Stock,5,13,4
ORD-004149,SKU-06898,Product_Omega_37,Apparel,Supplier_I,Mumbai WH,South,2024-01-18,2024-02-09,Rail,Net 60,3460.61,341,341,851,106,6,15,1180068.01,1003057.81,In Stock,1,13,22
ORD-004150,SKU-03011,Product_Gamma_29,Pharmaceuticals,Supplier_F,Hyderabad WH,Central,2024-01-18,2024-01-29,Sea,Net 30,4417.92,300,300,510,65,41,0,1325376.0,1325376.0,Discontinued,0,14,11
ORD-004151,SKU-07251,Product_Gamma_33,Pharmaceuticals,Supplier_K,Mumbai WH,West,2024-01-18,2024-01-29,Air,Net 60,2483.63,163,163,595,112,15,5,404831.69,384590.11,In Stock,9,9,11
ORD-004152,SKU-05939,Product_Gamma_29,FMCG,Supplier_I,Bangalore WH,South,2024-01-18,2024-01-31,Rail,Net 15,1573.12,113,113,850,156,12,10,177762.56,159986.3,In Stock,4,5,13
ORD-004153,SKU-05006,Product_Alpha_40,Industrial Parts,Supplier_F,Chennai WH,East,2024-01-18,2024-02-11,Rail,Net 15,3770.79,455,455,872,69,41,5,1715709.45,1629923.98,In Stock,8,10,24
ORD-004154,SKU-02625,Product_Alpha_35,Electronics,Supplier_L,Hyderabad WH,West,2024-01-18,2024-02-06,Road,Immediate,1108.13,150,430,975,85,32,5,166219.5,157908.52,In Stock,9,10,19
ORD-004155,SKU-01890,Product_Beta_20,FMCG,Supplier_I,Bangalore WH,West,2024-01-19,2024-02-08,Air,Net 15,1948.77,330,336,613,57,6,0,643094.1,643094.1,In Stock,8,3,20
ORD-004156,SKU-07078,Product_Sigma_7,Industrial Parts,Supplier_I,Bangalore WH,West,2024-01-19,2024-01-20,Sea,Net 60,4329.98,255,255,468,174,27,20,1104144.9,883315.92,In Stock,0,9,1
ORD-004157,SKU-08036,Product_Omega_44,Apparel,Supplier_D,Hyderabad WH,North,2024-01-19,2024-02-15,Road,Net 15,3624.87,87,87,92,124,13,5,315363.69,299595.51,Low Stock,2,7,27
ORD-004158,SKU-09923,Product_Gamma_38,Furniture,Supplier_L,Mumbai WH,North,2024-01-19,2024-01-25,Road,Net 15,2025.02,399,399,491,167,23,5,807982.98,767583.83,In Stock,5,4,6
ORD-004159,SKU-04961,Product_Gamma_7,Industrial Parts,Supplier_I,Kolkata WH,South,2024-01-19,2024-01-26,Rail,Immediate,1081.58,350,350,827,35,10,0,378553.0,378553.0,In Stock,4,12,7
ORD-004160,SKU-03504,Product_Kappa_13,FMCG,Supplier_C,Chennai WH,East,2024-01-20,2024-01-31,Sea,Net 30,1786.28,98,98,101,98,14,5,175055.44,166302.67,In Stock,3,7,11
ORD-004161,SKU-09806,Product_Gamma_40,Apparel,Supplier_F,Kolkata WH,Central,2024-01-20,2024-02-16,Sea,Immediate,1427.68,397,397,492,32,3,0,566788.96,566788.96,In Stock,1,8,27
ORD-004162,SKU-04806,Product_Omega_30,Furniture,Supplier_L,Mumbai WH,East,2024-01-20,2024-01-31,Sea,Net 60,888.69,132,132,762,133,12,0,117307.08,117307.08,In Stock,3,3,11
ORD-004163,SKU-07100,Product_Zeta_29,Industrial Parts,Supplier_G,Bangalore WH,South,2024-01-21,2024-02-20,Rail,Net 15,3719.23,466,466,535,121,25,0,1733161.18,1733161.18,In Stock,4,0,30
ORD-004164,SKU-02719,Product_Beta_43,Electronics,Supplier_L,Delhi WH,South,2024-01-21,2024-02-12,Air,Net 15,1267.83,312,312,484,167,1,0,395562.96,395562.96,In Stock,1,9,22
ORD-004165,SKU-07686,Product_Beta_22,Apparel,Supplier_H,Delhi WH,South,2024-01-21,2024-02-06,Road,Net 15,2276.3,407,407,988,171,32,5,926454.1,880131.39,In Stock,9,6,16
ORD-004166,SKU-02587,Product_Delta_24,Furniture,Supplier_C,Delhi WH,North,2024-01-21,2024-02-20,Air,Net 60,1935.44,97,97,478,197,24,0,187737.68,187737.68,Discontinued,0,12,30
ORD-004167,SKU-08000,Product_Gamma_16,Electronics,Supplier_G,Kolkata WH,North,2024-01-21,2024-02-06,Rail,Net 60,4910.57,98,98,876,154,42,15,481235.86,409050.48,In Stock,6,6,16
ORD-004168,SKU-01896,Product_Kappa_13,Apparel,Supplier_C,Kolkata WH,Central,2024-01-22,2024-02-17,Road,Net 30,1961.55,290,290,166,106,9,0,568849.5,568849.5,In Stock,6,4,26
ORD-004169,SKU-06558,Product_Zeta_3,Electronics,Supplier_A,Kolkata WH,North,2024-01-22,2024-01-24,Air,Net 60,409.11,356,356,139,107,1,0,145643.16,145643.16,In Stock,7,4,2
ORD-004170,SKU-09469,Product_Omega_4,Apparel,Supplier_L,Kolkata WH,East,2024-01-23,2024-02-13,Sea,Net 30,458.23,227,227,93,48,42,15,104018.21,88415.48,In Stock,9,0,21
ORD-004171,SKU-05647,Product_Kappa_43,Pharmaceuticals,Supplier_I,Mumbai WH,West,2024-01-23,2024-01-28,Sea,Net 15,2957.86,145,145,180,152,39,0,428889.7,428889.7,Reorder Pending,5,14,5
ORD-004172,SKU-03432,Product_Beta_34,FMCG,Supplier_E,Delhi WH,South,2024-01-23,2024-02-08,Road,Net 30,3000.82,156,156,575,126,10,0,468127.92,468127.92,In Stock,0,2,16
ORD-004173,SKU-04904,Product_Beta_43,Apparel,Supplier_G,Hyderabad WH,North,2024-01-23,2024-01-28,Rail,Net 60,2099.61,270,270,3,182,44,0,566894.7,566894.7,Low Stock,7,0,5
ORD-004174,SKU-07837,Product_Omega_34,Furniture,Supplier_H,Chennai WH,Central,2024-01-23,2024-02-13,Sea,Net 30,2164.9,162,162,605,84,43,15,350713.8,298106.73,In Stock,1,6,21
ORD-004175,SKU-02449,Product_Zeta_49,Industrial Parts,Supplier_C,Kolkata WH,South,2024-01-23,2024-02-07,Road,Net 15,279.12,112,112,388,119,41,15,31261.44,26572.22,In Stock,2,4,15
ORD-004176,SKU-05500,Product_Delta_19,FMCG,Supplier_K,Delhi WH,Central,2024-01-24,2024-02-22,Rail,Net 15,2587.57,331,331,271,134,30,0,856485.67,856485.67,In Stock,7,11,29
ORD-004177,SKU-06454,Product_Omega_9,Apparel,Supplier_J,Delhi WH,South,2024-01-24,2024-02-21,Sea,Net 30,2528.65,185,185,794,106,5,10,467800.25,421020.22,In Stock,3,3,28
ORD-004178,SKU-05117,Product_Kappa_49,Industrial Parts,Supplier_C,Bangalore WH,East,2024-01-24,2024-02-11,Air,Immediate,756.25,205,172,131,93,4,5,155031.25,147279.69,In Stock,4,13,18
ORD-004179,SKU-09869,Product_Delta_19,FMCG,Supplier_F,Kolkata WH,Central,2024-01-24,2024-02-22,Rail,Net 60,528.16,97,97,583,154,8,20,51231.52,40985.22,In Stock,8,6,29
ORD-004180,SKU-03028,Product_Zeta_26,Furniture,Supplier_E,Kolkata WH,South,2024-01-24,2024-02-04,Air,Immediate,626.63,377,377,815,191,16,0,236239.51,236239.51,In Stock,6,8,11
ORD-004181,SKU-07845,Product_Zeta_25,Pharmaceuticals,Supplier_D,Chennai WH,Central,2024-01-24,2024-02-08,Air,Net 30,514.13,55,55,903,32,1,15,28277.15,24035.58,In Stock,9,5,15
ORD-004182,SKU-04758,Product_Beta_32,Furniture,Supplier_K,Delhi WH,West,2024-01-25,2024-02-20,Road,Net 60,3052.44,450,450,592,113,15,0,1373598.0,1373598.0,Reorder Pending,6,13,26
ORD-004183,SKU-06904,Product_Alpha_32,Industrial Parts,Supplier_F,Bangalore WH,South,2024-01-25,2024-02-21,Air,Net 60,990.45,482,482,511,97,24,0,477396.9,477396.9,In Stock,0,8,27
ORD-004184,SKU-05624,Product_Beta_21,Pharmaceuticals,Supplier_L,Delhi WH,South,2024-01-25,2024-02-08,Air,Net 60,1264.64,117,117,685,143,15,0,147962.88,147962.88,In Stock,0,5,14
ORD-004185,SKU-09848,Product_Kappa_40,Electronics,Supplier_F,Hyderabad WH,North,2024-01-25,2024-02-24,Sea,Net 60,876.12,93,93,811,144,6,10,81479.16,73331.24,In Stock,7,9,30
ORD-004186,SKU-01165,Product_Zeta_20,Industrial Parts,Supplier_B,Delhi WH,North,2024-01-26,2024-02-19,Rail,Net 30,4789.6,293,293,962,57,2,10,1403352.8,1263017.52,In Stock,9,8,24
ORD-004187,SKU-05591,Product_Kappa_50,Pharmaceuticals,Supplier_J,Hyderabad WH,West,2024-01-26,2024-01-28,Road,Immediate,4274.54,452,452,986,32,5,5,1932092.08,1835487.48,In Stock,0,5,2
ORD-004188,SKU-01589,Product_Sigma_50,FMCG,Supplier_G,Bangalore WH,Central,2024-01-26,2024-02-22,Road,Net 30,1160.17,204,204,51,73,39,10,236674.68,213007.21,Low Stock,9,13,27
ORD-004189,SKU-05524,Product_Alpha_34,Furniture,Supplier_C,Bangalore WH,Central,2024-01-27,2024-02-13,Road,Net 30,1644.56,282,282,289,125,41,10,463765.92,417389.33,In Stock,1,8,17
ORD-004190,SKU-03821,Product_Alpha_13,Apparel,Supplier_I,Mumbai WH,South,2024-01-27,2024-02-06,Air,Net 30,1057.37,189,189,445,63,34,10,199842.93,179858.64,In Stock,3,12,10
ORD-004191,SKU-07509,Product_Beta_20,FMCG,Supplier_C,Mumbai WH,North,2024-01-27,2024-02-15,Rail,Net 15,2464.46,476,476,236,160,39,0,1173082.96,1173082.96,In Stock,8,13,19
ORD-004192,SKU-08693,Product_Gamma_42,FMCG,Supplier_C,Chennai WH,South,2024-01-27,2024-02-20,Rail,Net 15,107.86,323,323,788,172,32,5,34838.78,33096.84,In Stock,6,2,24
ORD-004193,SKU-01071,Product_Omega_48,Pharmaceuticals,Supplier_C,Delhi WH,West,2024-01-27,2024-02-18,Sea,Immediate,3360.13,84,455,490,43,29,0,282250.92,282250.92,In Stock,6,4,22
ORD-004194,SKU-04580,Product_Alpha_35,Apparel,Supplier_F,Chennai WH,South,2024-01-27,2024-02-07,Rail,Net 30,2620.56,458,458,279,143,29,5,1200216.48,1140205.66,In Stock,9,10,11
ORD-004195,SKU-08962,Product_Alpha_4,FMCG,Supplier_A,Kolkata WH,West,2024-01-28,2024-02-15,Air,Net 60,4494.21,180,180,43,48,24,10,808957.8,728062.02,Low Stock,6,4,18
ORD-004196,SKU-01268,Product_Sigma_25,Apparel,Supplier_B,Mumbai WH,East,2024-01-28,2024-02-15,Air,Net 60,830.32,274,274,881,165,31,10,227507.68,204756.91,In Stock,4,14,18
ORD-004197,SKU-03462,Product_Delta_23,Electronics,Supplier_I,Kolkata WH,East,2024-01-28,2024-01-29,Road,Net 15,4022.51,181,181,765,111,24,10,728074.31,655266.88,In Stock,0,12,1
ORD-004198,SKU-02015,Product_Alpha_44,Furniture,Supplier_C,Delhi WH,Central,2024-01-28,2024-02-04,Sea,Net 60,3961.89,447,447,936,24,15,0,1770964.83,1770964.83,In Stock,4,9,7
ORD-004199,SKU-08984,Product_Zeta_48,Pharmaceuticals,Supplier_F,Kolkata WH,East,2024-01-28,2024-02-16,Rail,Net 30,644.63,181,181,924,165,12,10,116678.03,105010.23,In Stock,7,13,19
ORD-004200,SKU-01406,Product_Gamma_33,Furniture,Supplier_L,Kolkata WH,South,2024-01-28,2024-02-19,Air,Net 30,1998.81,283,283,358,144,20,0,565663.23,565663.23,In Stock,6,7,22
ORD-004201,SKU-08384,Product_Omega_44,Apparel,Supplier_K,Kolkata WH,South,2024-01-29,2024-02-09,Sea,Net 60,859.06,287,287,645,184,4,20,246550.22,197240.18,In Stock,6,14,11
ORD-004202,SKU-07049,Product_Alpha_14,Pharmaceuticals,Supplier_K,Mumbai WH,North,2024-01-29,2024-02-24,Air,Immediate,1281.06,475,475,567,90,13,0,608503.5,608503.5,In Stock,1,10,26
ORD-004203,SKU-07169,Product_Beta_30,FMCG,Supplier_G,Mumbai WH,West,2024-01-29,2024-02-28,Air,Net 60,1323.6,106,106,525,118,41,10,140301.6,126271.44,In Stock,0,12,30
ORD-004204,SKU-08982,Product_Gamma_15,FMCG,Supplier_C,Bangalore WH,South,2024-01-29,2024-02-27,Road,Net 30,2785.62,129,129,689,31,44,10,359344.98,323410.48,In Stock,3,12,29
ORD-004205,SKU-01985,Product_Omega_5,FMCG,Supplier_E,Chennai WH,North,2024-01-29,2024-02-24,Rail,Net 30,2062.94,262,262,461,71,10,20,540490.28,432392.22,In Stock,7,10,26
ORD-004206,SKU-05485,Product_Delta_32,FMCG,Supplier_H,Kolkata WH,North,2024-01-29,2024-02-10,Road,Immediate,4739.19,11,382,100,65,41,5,52131.09,49524.54,In Stock,0,6,12
ORD-004207,SKU-09901,Product_Delta_37,Electronics,Supplier_C,Mumbai WH,Central,2024-01-29,2024-02-01,Sea,Immediate,640.59,162,162,691,123,23,0,103775.58,103775.58,In Stock,1,1,3
ORD-004208,SKU-03618,Product_Alpha_3,Electronics,Supplier_I,Chennai WH,West,2024-01-29,2024-02-03,Rail,Net 60,4868.72,487,487,983,63,7,5,2371066.64,2252513.31,In Stock,6,10,5
ORD-004209,SKU-07289,Product_Zeta_14,Furniture,Supplier_G,Hyderabad WH,North,2024-01-30,2024-02-08,Road,Net 15,1160.89,468,468,460,171,12,0,543296.52,543296.52,In Stock,4,1,9
ORD-004210,SKU-07928,Product_Beta_19,Industrial Parts,Supplier_D,Kolkata WH,Central,2024-01-30,2024-02-26,Road,Net 30,3866.64,447,447,768,28,15,10,1728388.08,1555549.27,Discontinued,5,6,27
ORD-004211,SKU-06368,Product_Alpha_16,FMCG,Supplier_J,Mumbai WH,East,2024-01-30,2024-01-31,Rail,Immediate,1701.46,181,181,267,159,7,20,307964.26,246371.41,In Stock,7,9,1
ORD-004212,SKU-05621,Product_Omega_12,FMCG,Supplier_E,Delhi WH,South,2024-01-30,2024-02-10,Sea,Net 15,723.98,213,213,882,119,8,0,154207.74,154207.74,In Stock,8,11,11
ORD-004213,SKU-08566,Product_Zeta_15,Furniture,Supplier_C,Delhi WH,Central,2024-01-30,2024-02-12,Sea,Net 60,4290.87,469,297,361,156,7,5,2012418.03,1911797.13,In Stock,7,9,13
ORD-004214,SKU-05670,Product_Omega_26,FMCG,Supplier_K,Delhi WH,West,2024-01-30,2024-02-20,Rail,Immediate,1551.22,274,274,407,122,43,15,425034.28,361279.14,In Stock,0,3,21
ORD-004215,SKU-08658,Product_Alpha_10,FMCG,Supplier_A,Delhi WH,East,2024-01-30,2024-02-17,Air,Net 30,3297.69,21,21,36,129,4,0,69251.49,69251.49,Low Stock,3,5,18
ORD-004216,SKU-02003,Product_Gamma_39,Furniture,Supplier_B,Kolkata WH,North,2024-01-30,2024-02-26,Rail,Immediate,2836.55,275,311,467,135,7,5,780051.25,741048.69,In Stock,4,8,27
ORD-004217,SKU-08504,Product_Delta_40,Industrial Parts,Supplier_C,Delhi WH,West,2024-01-31,2024-02-06,Road,Net 30,2364.06,260,260,965,41,41,15,614655.6,522457.26,In Stock,8,9,6
ORD-004218,SKU-03466,Product_Sigma_28,FMCG,Supplier_C,Hyderabad WH,South,2024-01-31,2024-02-19,Sea,Net 30,2484.14,333,84,715,164,30,20,827218.62,661774.9,In Stock,5,10,19
ORD-004219,SKU-02939,Product_Sigma_14,Furniture,Supplier_D,Delhi WH,West,2024-01-31,2024-02-20,Road,Net 15,3663.87,466,466,980,180,18,5,1707363.42,1621995.25,In Stock,5,3,20
ORD-004220,SKU-02635,Product_Sigma_27,Apparel,Supplier_E,Hyderabad WH,Central,2024-01-31,2024-02-13,Rail,Net 15,447.99,116,116,258,194,30,0,51966.84,51966.84,In Stock,2,14,13
ORD-004221,SKU-09095,Product_Alpha_27,Apparel,Supplier_B,Hyderabad WH,West,2024-01-31,2024-02-06,Air,Net 30,3344.22,413,413,508,107,7,0,1381162.86,1381162.86,In Stock,1,6,6
ORD-004222,SKU-07265,Product_Zeta_25,Electronics,Supplier_E,Hyderabad WH,South,2024-02-01,2024-02-21,Road,Net 15,4480.1,25,489,666,162,23,5,112002.5,106402.38,In Stock,1,8,20
ORD-004223,SKU-02895,Product_Sigma_13,Electronics,Supplier_J,Mumbai WH,West,2024-02-01,2024-02-05,Road,Net 60,298.36,440,440,749,52,37,0,131278.4,131278.4,In Stock,6,13,4
ORD-004224,SKU-07524,Product_Kappa_17,Apparel,Supplier_J,Delhi WH,East,2024-02-02,2024-03-01,Air,Net 60,711.86,333,333,308,34,7,0,237049.38,237049.38,In Stock,4,0,28
ORD-004225,SKU-02073,Product_Alpha_41,Apparel,Supplier_C,Hyderabad WH,North,2024-02-02,2024-02-28,Air,Net 15,3585.99,254,254,611,46,38,10,910841.46,819757.31,In Stock,9,9,26
ORD-004226,SKU-06184,Product_Zeta_3,Apparel,Supplier_J,Chennai WH,South,2024-02-02,2024-02-27,Rail,Immediate,2192.04,447,447,272,131,29,10,979841.88,881857.69,In Stock,0,10,25
ORD-004227,SKU-03402,Product_Kappa_9,Furniture,Supplier_A,Hyderabad WH,Central,2024-02-02,2024-02-12,Rail,Net 30,2023.71,411,411,624,101,34,15,831744.81,706983.09,In Stock,4,1,10
ORD-004228,SKU-05895,Product_Delta_5,Industrial Parts,Supplier_A,Delhi WH,East,2024-02-03,2024-02-26,Air,Immediate,693.46,444,444,109,67,39,0,307896.24,307896.24,In Stock,0,12,23
ORD-004229,SKU-08331,Product_Beta_8,FMCG,Supplier_J,Kolkata WH,East,2024-02-03,2024-03-02,Air,Net 15,2538.78,211,211,654,27,41,0,535682.58,535682.58,In Stock,8,8,28
ORD-004230,SKU-02956,Product_Gamma_32,Pharmaceuticals,Supplier_L,Delhi WH,East,2024-02-03,2024-02-14,Air,Net 30,641.46,305,57,678,153,18,15,195645.3,166298.5,In Stock,7,12,11
ORD-004231,SKU-08023,Product_Beta_12,Pharmaceuticals,Supplier_K,Bangalore WH,North,2024-02-03,2024-02-26,Air,Net 60,2388.34,321,321,259,137,43,10,766657.14,689991.43,In Stock,3,4,23
ORD-004232,SKU-04907,Product_Omega_11,Furniture,Supplier_G,Hyderabad WH,North,2024-02-03,2024-02-05,Road,Net 15,3820.44,422,422,656,103,25,15,1612225.68,1370391.83,In Stock,0,3,2
ORD-004233,SKU-01807,Product_Sigma_44,Furniture,Supplier_G,Delhi WH,North,2024-02-03,2024-02-12,Air,Net 60,1298.74,339,339,741,21,27,20,440272.86,352218.29,In Stock,7,6,9
ORD-004234,SKU-09378,Product_Zeta_19,Industrial Parts,Supplier_C,Mumbai WH,East,2024-02-04,2024-02-18,Sea,Net 60,2409.12,436,436,906,169,27,15,1050376.32,892819.87,Reorder Pending,4,4,14
ORD-004235,SKU-05827,Product_Sigma_19,Furniture,Supplier_L,Hyderabad WH,North,2024-02-04,2024-02-07,Air,Immediate,4960.16,257,408,267,137,12,5,1274761.12,1211023.06,In Stock,0,0,3
ORD-004236,SKU-05524,Product_Sigma_7,Pharmaceuticals,Supplier_H,Kolkata WH,North,2024-02-04,2024-02-20,Sea,Net 15,3436.39,168,168,31,40,23,0,577313.52,577313.52,Low Stock,1,8,16
ORD-004237,SKU-03284,Product_Beta_26,Furniture,Supplier_A,Mumbai WH,Central,2024-02-04,2024-03-04,Air,Net 60,4208.37,337,337,922,153,17,5,1418220.69,1347309.66,In Stock,4,7,29
ORD-004238,SKU-06313,Product_Delta_6,Electronics,Supplier_C,Bangalore WH,North,2024-02-04,2024-02-12,Road,Net 60,2080.09,21,21,939,142,44,10,43681.89,39313.7,In Stock,8,2,8
ORD-004239,SKU-01757,Product_Kappa_13,Industrial Parts,Supplier_G,Kolkata WH,Central,2024-02-04,2024-02-16,Sea,Immediate,3841.63,86,86,810,115,7,0,330380.18,330380.18,In Stock,9,9,12
ORD-004240,SKU-05887,Product_Gamma_34,Industrial Parts,Supplier_G,Bangalore WH,East,2024-02-04,2024-02-19,Road,Net 30,212.14,15,106,730,32,24,10,3182.1,2863.89,In Stock,7,2,15
ORD-004241,SKU-04854,Product_Alpha_31,Industrial Parts,Supplier_A,Delhi WH,Central,2024-02-04,2024-03-02,Air,Net 60,623.33,50,50,176,20,7,0,31166.5,31166.5,In Stock,9,2,27
ORD-004242,SKU-04558,Product_Kappa_7,Apparel,Supplier_E,Bangalore WH,East,2024-02-05,2024-02-15,Air,Net 15,1023.32,487,487,103,169,29,10,498356.84,448521.16,Low Stock,7,6,10
ORD-004243,SKU-01961,Product_Beta_15,Apparel,Supplier_F,Hyderabad WH,South,2024-02-05,2024-02-12,Rail,Net 30,2015.74,304,304,235,136,28,0,612784.96,612784.96,In Stock,8,1,7
ORD-004244,SKU-04847,Product_Alpha_25,Furniture,Supplier_A,Hyderabad WH,South,2024-02-05,2024-02-22,Road,Net 60,4230.27,487,487,92,171,23,5,2060141.49,1957134.42,Low Stock,1,8,17
ORD-004245,SKU-07726,Product_Gamma_6,FMCG,Supplier_J,Mumbai WH,West,2024-02-05,2024-02-15,Road,Immediate,1737.87,416,416,200,83,10,15,722953.92,614510.83,In Stock,6,3,10
ORD-004246,SKU-04575,Product_Beta_16,Furniture,Supplier_F,Hyderabad WH,South,2024-02-05,2024-02-11,Air,Net 30,3276.56,305,262,810,188,16,0,999350.8,999350.8,In Stock,9,6,6
ORD-004247,SKU-03418,Product_Zeta_40,Furniture,Supplier_G,Kolkata WH,South,2024-02-05,2024-02-09,Rail,Net 15,3549.48,196,196,898,169,43,5,695698.08,660913.18,In Stock,4,7,4
ORD-004248,SKU-05198,Product_Omega_29,Furniture,Supplier_D,Delhi WH,North,2024-02-05,2024-02-17,Rail,Net 60,2935.05,364,364,742,80,34,0,1068358.2,1068358.2,In Stock,2,4,12
ORD-004249,SKU-02001,Product_Gamma_29,Furniture,Supplier_C,Hyderabad WH,North,2024-02-05,2024-03-02,Road,Net 30,1792.64,301,301,924,127,25,15,539584.64,458646.94,In Stock,9,7,26
ORD-004250,SKU-06244,Product_Alpha_43,Apparel,Supplier_B,Kolkata WH,South,2024-02-05,2024-02-07,Sea,Net 30,2889.5,288,288,766,31,2,15,832176.0,707349.6,In Stock,7,3,2
ORD-004251,SKU-08119,Product_Delta_50,Industrial Parts,Supplier_H,Mumbai WH,West,2024-02-06,2024-03-02,Sea,Immediate,1717.91,388,388,596,109,5,20,666549.08,533239.26,In Stock,1,12,25
ORD-004252,SKU-05066,Product_Delta_47,Apparel,Supplier_E,Delhi WH,North,2024-02-06,2024-02-13,Road,Net 30,428.53,245,285,34,151,14,15,104989.85,89241.37,Low Stock,3,9,7
ORD-004253,SKU-03845,Product_Omega_3,Electronics,Supplier_K,Bangalore WH,West,2024-02-06,2024-03-07,Rail,Net 30,4964.09,449,449,116,102,31,10,2228876.41,2005988.77,In Stock,4,1,30
ORD-004254,SKU-09849,Product_Alpha_10,Apparel,Supplier_A,Kolkata WH,South,2024-02-06,2024-02-09,Road,Immediate,644.64,353,353,687,147,40,0,227557.92,227557.92,In Stock,4,2,3
ORD-004255,SKU-06316,Product_Omega_17,Pharmaceuticals,Supplier_A,Mumbai WH,South,2024-02-06,2024-02-21,Rail,Net 15,371.02,455,337,457,159,6,0,168814.1,168814.1,In Stock,3,13,15
ORD-004256,SKU-01422,Product_Gamma_23,Pharmaceuticals,Supplier_L,Kolkata WH,South,2024-02-06,2024-02-23,Road,Net 15,4393.87,201,201,470,52,28,5,883167.87,839009.48,In Stock,2,5,17
ORD-004257,SKU-07715,Product_Kappa_13,Industrial Parts,Supplier_D,Chennai WH,East,2024-02-06,2024-02-07,Rail,Net 30,1516.15,193,193,934,168,9,5,292616.95,277986.1,In Stock,2,9,1
ORD-004258,SKU-05266,Product_Alpha_26,Furniture,Supplier_J,Chennai WH,North,2024-02-07,2024-03-04,Sea,Net 15,3254.98,336,336,984,147,6,10,1093673.28,984305.95,In Stock,4,12,26
ORD-004259,SKU-08549,Product_Zeta_10,Apparel,Supplier_B,Chennai WH,South,2024-02-07,2024-02-23,Air,Net 60,1651.74,146,146,919,119,17,0,241154.04,241154.04,In Stock,9,5,16
ORD-004260,SKU-07316,Product_Sigma_33,Electronics,Supplier_A,Delhi WH,Central,2024-02-07,2024-03-07,Air,Net 30,1963.36,310,310,787,125,40,0,608641.6,608641.6,In Stock,5,11,29
ORD-004261,SKU-03710,Product_Beta_15,Industrial Parts,Supplier_L,Mumbai WH,South,2024-02-07,2024-02-24,Sea,Net 30,1317.94,127,127,398,91,35,5,167378.38,159009.46,In Stock,0,14,17
ORD-004262,SKU-09644,Product_Gamma_41,FMCG,Supplier_B,Chennai WH,North,2024-02-07,2024-02-12,Air,Net 15,1721.79,175,175,596,93,12,0,301313.25,301313.25,In Stock,3,11,5
ORD-004263,SKU-09069,Product_Delta_22,Furniture,Supplier_J,Chennai WH,South,2024-02-08,2024-02-15,Rail,Immediate,2059.39,134,134,116,115,18,10,275958.26,248362.43,In Stock,9,11,7
ORD-004264,SKU-02657,Product_Kappa_2,Electronics,Supplier_D,Mumbai WH,East,2024-02-08,2024-02-19,Rail,Net 60,3604.88,66,465,361,111,43,5,237922.08,226025.98,In Stock,9,13,11
ORD-004265,SKU-03541,Product_Kappa_5,Furniture,Supplier_D,Hyderabad WH,South,2024-02-08,2024-03-09,Rail,Net 15,2562.57,393,393,203,93,34,10,1007090.01,906381.01,In Stock,5,6,30
ORD-004266,SKU-07763,Product_Delta_39,Pharmaceuticals,Supplier_F,Kolkata WH,East,2024-02-08,2024-02-24,Road,Net 15,4718.39,452,452,145,91,1,0,2132712.28,2132712.28,Discontinued,1,11,16
ORD-004267,SKU-04075,Product_Sigma_36,Electronics,Supplier_D,Delhi WH,South,2024-02-08,2024-03-03,Sea,Net 15,218.98,365,365,443,199,15,20,79927.7,63942.16,In Stock,9,10,24
ORD-004268,SKU-04164,Product_Gamma_10,Electronics,Supplier_I,Hyderabad WH,West,2024-02-09,2024-03-08,Air,Immediate,2520.31,279,279,726,194,18,0,703166.49,703166.49,In Stock,4,13,28
ORD-004269,SKU-03053,Product_Omega_4,Pharmaceuticals,Supplier_J,Delhi WH,East,2024-02-09,2024-02-26,Rail,Net 30,2925.28,246,246,616,78,22,0,719618.88,719618.88,In Stock,8,3,17
ORD-004270,SKU-09479,Product_Beta_44,Industrial Parts,Supplier_C,Mumbai WH,South,2024-02-09,2024-02-19,Rail,Net 60,4601.78,363,363,860,194,18,10,1670446.14,1503401.53,In Stock,2,12,10
ORD-004271,SKU-06737,Product_Beta_27,Apparel,Supplier_C,Mumbai WH,Central,2024-02-09,2024-03-05,Rail,Net 15,255.3,237,237,296,75,1,0,60506.1,60506.1,In Stock,2,7,25
ORD-004272,SKU-04217,Product_Alpha_40,Electronics,Supplier_C,Kolkata WH,North,2024-02-10,2024-02-21,Road,Net 30,2871.76,171,171,867,32,20,0,491070.96,491070.96,In Stock,8,7,11
ORD-004273,SKU-02447,Product_Gamma_47,FMCG,Supplier_E,Kolkata WH,West,2024-02-10,2024-02-15,Sea,Net 15,4269.61,51,51,580,191,36,0,217750.11,217750.11,In Stock,2,10,5
ORD-004274,SKU-07009,Product_Omega_24,FMCG,Supplier_H,Chennai WH,Central,2024-02-10,2024-03-06,Rail,Net 60,1217.22,328,328,486,54,38,5,399248.16,379285.75,In Stock,3,6,25
ORD-004275,SKU-01607,Product_Alpha_10,Furniture,Supplier_B,Hyderabad WH,South,2024-02-10,2024-03-09,Road,Net 30,4382.7,359,359,985,138,25,15,1573389.3,1337380.9,In Stock,8,2,28
ORD-004276,SKU-05552,Product_Beta_44,Furniture,Supplier_B,Delhi WH,Central,2024-02-10,2024-02-14,Sea,Immediate,105.03,153,153,766,134,16,5,16069.59,15266.11,In Stock,3,13,4
ORD-004277,SKU-02764,Product_Delta_1,Apparel,Supplier_J,Bangalore WH,North,2024-02-10,2024-03-08,Road,Net 30,3664.95,80,80,230,176,20,10,293196.0,263876.4,In Stock,4,2,27
ORD-004278,SKU-03671,Product_Zeta_1,Electronics,Supplier_D,Hyderabad WH,Central,2024-02-10,2024-02-27,Rail,Net 15,4666.23,419,419,202,75,38,0,1955150.37,1955150.37,In Stock,1,1,17
ORD-004279,SKU-07519,Product_Alpha_25,Industrial Parts,Supplier_G,Bangalore WH,North,2024-02-11,2024-03-04,Air,Net 60,3289.42,145,145,361,152,33,0,476965.9,476965.9,Reorder Pending,7,10,22
ORD-004280,SKU-04962,Product_Beta_15,Pharmaceuticals,Supplier_A,Chennai WH,West,2024-02-11,2024-02-16,Air,Net 15,2200.76,274,274,394,72,7,0,603008.24,603008.24,In Stock,8,12,5
ORD-004281,SKU-04177,Product_Alpha_37,Apparel,Supplier_L,Kolkata WH,West,2024-02-11,2024-02-18,Rail,Net 60,233.96,155,155,247,120,23,15,36263.8,30824.23,In Stock,9,6,7
ORD-004282,SKU-04722,Product_Beta_2,FMCG,Supplier_A,Bangalore WH,South,2024-02-11,2024-03-06,Rail,Net 30,4601.37,399,399,439,139,11,0,1835946.63,1835946.63,In Stock,3,13,24
ORD-004283,SKU-05906,Product_Kappa_37,Furniture,Supplier_G,Chennai WH,North,2024-02-11,2024-02-13,Air,Net 15,2356.78,337,337,913,79,33,20,794234.86,635387.89,In Stock,2,5,2
ORD-004284,SKU-08263,Product_Zeta_19,Pharmaceuticals,Supplier_A,Delhi WH,West,2024-02-12,2024-02-27,Road,Net 30,154.69,363,363,395,124,40,0,56152.47,56152.47,In Stock,3,11,15
ORD-004285,SKU-06054,Product_Zeta_29,Pharmaceuticals,Supplier_I,Bangalore WH,West,2024-02-12,2024-02-25,Road,Immediate,3452.21,325,325,760,153,5,10,1121968.25,1009771.42,In Stock,6,6,13
ORD-004286,SKU-01808,Product_Delta_44,Apparel,Supplier_C,Kolkata WH,Central,2024-02-12,2024-03-06,Road,Net 60,2414.37,336,336,655,195,41,20,811228.32,648982.66,In Stock,0,1,23
ORD-004287,SKU-01725,Product_Kappa_40,FMCG,Supplier_H,Mumbai WH,West,2024-02-12,2024-03-11,Road,Net 30,630.48,143,143,794,125,8,0,90158.64,90158.64,In Stock,1,3,28
ORD-004288,SKU-08701,Product_Sigma_23,Pharmaceuticals,Supplier_H,Delhi WH,Central,2024-02-12,2024-02-29,Rail,Net 60,1079.22,298,298,355,99,17,10,321607.56,289446.8,In Stock,9,0,17
ORD-004289,SKU-02216,Product_Kappa_31,Apparel,Supplier_K,Delhi WH,West,2024-02-12,2024-02-16,Rail,Net 30,331.81,494,494,400,182,18,0,163914.14,163914.14,In Stock,4,1,4
ORD-004290,SKU-05051,Product_Gamma_30,FMCG,Supplier_A,Delhi WH,East,2024-02-12,2024-02-13,Road,Net 60,2875.72,34,34,240,165,27,0,97774.48,97774.48,In Stock,8,6,1
ORD-004291,SKU-03197,Product_Omega_15,Apparel,Supplier_F,Bangalore WH,North,2024-02-12,2024-02-22,Rail,Net 30,3113.93,304,304,340,30,31,0,946634.72,946634.72,In Stock,5,4,10
ORD-004292,SKU-03806,Product_Gamma_19,FMCG,Supplier_G,Kolkata WH,South,2024-02-13,2024-03-14,Air,Net 30,2533.65,467,467,886,70,4,15,1183214.55,1005732.37,In Stock,2,9,30
ORD-004293,SKU-09970,Product_Gamma_25,Electronics,Supplier_E,Hyderabad WH,South,2024-02-13,2024-02-15,Road,Immediate,4087.34,392,392,228,140,2,0,1602237.28,1602237.28,In Stock,2,2,2
ORD-004294,SKU-01972,Product_Sigma_11,Electronics,Supplier_G,Mumbai WH,North,2024-02-13,2024-03-06,Rail,Net 15,4306.43,239,239,542,42,5,0,1029236.77,1029236.77,In Stock,6,1,22
ORD-004295,SKU-06634,Product_Omega_48,Furniture,Supplier_B,Kolkata WH,East,2024-02-13,2024-03-12,Road,Net 60,3081.97,138,138,620,66,17,20,425311.86,340249.49,In Stock,2,2,28
ORD-004296,SKU-08483,Product_Alpha_28,Furniture,Supplier_K,Kolkata WH,East,2024-02-13,2024-03-04,Air,Net 15,73.65,254,254,930,94,39,0,18707.1,18707.1,In Stock,9,3,20
ORD-004297,SKU-03123,Product_Sigma_10,Furniture,Supplier_L,Mumbai WH,East,2024-02-13,2024-03-12,Rail,Net 30,3479.2,5,5,538,112,32,5,17396.0,16526.2,Reorder Pending,2,9,28
ORD-004298,SKU-09790,Product_Alpha_30,Electronics,Supplier_G,Delhi WH,East,2024-02-13,2024-02-16,Air,Net 15,2095.82,372,372,854,146,29,20,779645.04,623716.03,In Stock,9,9,3
ORD-004299,SKU-01224,Product_Zeta_46,Pharmaceuticals,Supplier_A,Hyderabad WH,North,2024-02-13,2024-02-24,Sea,Net 30,2832.13,176,176,671,75,16,0,498454.88,498454.88,In Stock,6,4,11
ORD-004300,SKU-02814,Product_Delta_26,Electronics,Supplier_H,Chennai WH,North,2024-02-14,2024-02-29,Rail,Net 60,3248.91,373,373,528,174,1,0,1211843.43,1211843.43,Reorder Pending,8,7,15
ORD-004301,SKU-02106,Product_Gamma_41,Furniture,Supplier_G,Chennai WH,West,2024-02-14,2024-03-14,Air,Immediate,1757.68,410,410,266,92,12,15,720648.8,612551.48,In Stock,8,8,29
ORD-004302,SKU-01124,Product_Omega_14,Industrial Parts,Supplier_C,Mumbai WH,North,2024-02-14,2024-02-16,Sea,Net 15,4586.32,214,214,128,182,19,0,981472.48,981472.48,Low Stock,2,1,2
ORD-004303,SKU-04246,Product_Zeta_27,Industrial Parts,Supplier_G,Hyderabad WH,West,2024-02-14,2024-02-18,Air,Immediate,678.53,364,364,219,156,9,0,246984.92,246984.92,In Stock,7,11,4
ORD-004304,SKU-03931,Product_Zeta_30,Industrial Parts,Supplier_E,Chennai WH,West,2024-02-14,2024-03-02,Sea,Immediate,3360.84,23,23,81,37,7,5,77299.32,73434.35,In Stock,0,2,17
ORD-004305,SKU-03971,Product_Kappa_29,Pharmaceuticals,Supplier_D,Hyderabad WH,East,2024-02-14,2024-03-10,Road,Net 15,31.75,318,318,560,63,30,10,10096.5,9086.85,In Stock,7,3,25
ORD-004306,SKU-03017,Product_Zeta_30,FMCG,Supplier_L,Hyderabad WH,Central,2024-02-15,2024-03-08,Rail,Net 60,4624.01,13,13,552,168,15,0,60112.13,60112.13,In Stock,1,6,22
ORD-004307,SKU-08415,Product_Omega_22,Pharmaceuticals,Supplier_I,Bangalore WH,West,2024-02-15,2024-03-10,Rail,Net 30,571.4,393,393,19,75,44,0,224560.2,224560.2,Low Stock,3,13,24
ORD-004308,SKU-03415,Product_Omega_43,Electronics,Supplier_L,Mumbai WH,North,2024-02-16,2024-02-26,Rail,Net 60,483.47,241,241,326,195,4,0,116516.27,116516.27,In Stock,6,5,10
ORD-004309,SKU-04096,Product_Zeta_9,Industrial Parts,Supplier_F,Delhi WH,North,2024-02-17,2024-02-18,Road,Net 60,1671.71,276,276,36,119,6,0,461391.96,461391.96,Low Stock,5,12,1
ORD-004310,SKU-02609,Product_Delta_16,FMCG,Supplier_A,Hyderabad WH,Central,2024-02-17,2024-03-07,Rail,Net 15,1874.1,92,279,381,20,38,10,172417.2,155175.48,In Stock,8,5,19
ORD-004311,SKU-01717,Product_Delta_46,Apparel,Supplier_A,Hyderabad WH,East,2024-02-17,2024-03-13,Road,Net 60,1079.36,108,108,911,174,35,0,116570.88,116570.88,In Stock,7,9,25
ORD-004312,SKU-04561,Product_Delta_37,FMCG,Supplier_J,Delhi WH,East,2024-02-17,2024-02-27,Rail,Net 30,2929.76,441,441,38,64,2,10,1292024.16,1162821.74,Low Stock,1,6,10
ORD-004313,SKU-07782,Product_Delta_47,FMCG,Supplier_F,Kolkata WH,East,2024-02-17,2024-03-09,Sea,Immediate,2220.14,229,229,108,82,5,5,508412.06,482991.46,In Stock,3,0,21
ORD-004314,SKU-02048,Product_Omega_30,FMCG,Supplier_D,Bangalore WH,Central,2024-02-17,2024-03-17,Sea,Net 60,180.54,152,152,428,77,8,0,27442.08,27442.08,In Stock,0,7,29
ORD-004315,SKU-09307,Product_Zeta_24,Furniture,Supplier_H,Mumbai WH,North,2024-02-18,2024-02-25,Sea,Net 60,1605.06,108,108,63,187,30,0,173346.48,173346.48,Low Stock,6,8,7
ORD-004316,SKU-08905,Product_Sigma_14,FMCG,Supplier_C,Kolkata WH,North,2024-02-18,2024-02-29,Sea,Net 60,4054.06,289,289,174,82,19,0,1171623.34,1171623.34,In Stock,3,1,11
ORD-004317,SKU-06578,Product_Zeta_10,FMCG,Supplier_D,Chennai WH,East,2024-02-18,2024-02-25,Rail,Net 60,3451.61,404,404,790,57,30,0,1394450.44,1394450.44,In Stock,7,0,7
ORD-004318,SKU-02620,Product_Kappa_7,FMCG,Supplier_E,Hyderabad WH,North,2024-02-18,2024-02-25,Rail,Net 60,3627.11,444,293,31,48,31,10,1610436.84,1449393.16,Low Stock,1,3,7
ORD-004319,SKU-07548,Product_Kappa_20,Industrial Parts,Supplier_G,Mumbai WH,West,2024-02-18,2024-02-28,Rail,Net 15,3493.6,176,176,944,59,16,10,614873.6,553386.24,In Stock,7,10,10
ORD-004320,SKU-08381,Product_Zeta_4,Electronics,Supplier_B,Chennai WH,West,2024-02-18,2024-02-27,Sea,Net 60,1561.76,320,221,720,166,38,0,499763.2,499763.2,In Stock,1,1,9
ORD-004321,SKU-05780,Product_Delta_14,Pharmaceuticals,Supplier_H,Chennai WH,East,2024-02-18,2024-03-07,Rail,Immediate,507.32,286,286,890,107,22,10,145093.52,130584.17,In Stock,7,5,18
ORD-004322,SKU-04792,Product_Omega_36,Apparel,Supplier_G,Kolkata WH,South,2024-02-18,2024-02-29,Road,Immediate,1369.61,364,364,530,75,33,20,498538.04,398830.43,In Stock,0,2,11
ORD-004323,SKU-03941,Product_Gamma_43,Pharmaceuticals,Supplier_K,Bangalore WH,Central,2024-02-18,2024-03-14,Air,Net 30,4160.61,329,329,105,63,22,0,1368840.69,1368840.69,In Stock,1,8,25
ORD-004324,SKU-06695,Product_Zeta_34,FMCG,Supplier_C,Kolkata WH,West,2024-02-18,2024-03-04,Rail,Net 30,4902.55,365,365,481,119,8,5,1789430.75,1699959.21,In Stock,4,7,15
ORD-004325,SKU-07401,Product_Zeta_12,Furniture,Supplier_D,Delhi WH,South,2024-02-19,2024-03-12,Sea,Immediate,2474.3,241,241,205,160,37,10,596306.3,536675.67,In Stock,0,12,22
ORD-004326,SKU-07197,Product_Kappa_2,Electronics,Supplier_K,Kolkata WH,Central,2024-02-19,2024-02-23,Rail,Net 60,58.4,145,373,246,177,12,0,8468.0,8468.0,In Stock,4,6,4
ORD-004327,SKU-06450,Product_Delta_25,Industrial Parts,Supplier_B,Delhi WH,North,2024-02-19,2024-02-28,Air,Immediate,708.82,356,356,834,68,5,10,252339.92,227105.93,In Stock,4,10,9
ORD-004328,SKU-09975,Product_Gamma_18,Pharmaceuticals,Supplier_D,Chennai WH,Central,2024-02-19,2024-02-24,Air,Net 15,1617.18,14,14,678,134,25,20,22640.52,18112.42,In Stock,6,6,5
ORD-004329,SKU-09432,Product_Gamma_42,Pharmaceuticals,Supplier_D,Chennai WH,South,2024-02-19,2024-02-25,Sea,Immediate,2897.14,275,275,88,94,29,0,796713.5,796713.5,Low Stock,1,6,6
ORD-004330,SKU-06874,Product_Zeta_37,Apparel,Supplier_G,Chennai WH,East,2024-02-19,2024-02-28,Air,Immediate,384.72,71,71,315,182,13,15,27315.12,23217.85,In Stock,1,4,9
ORD-004331,SKU-02553,Product_Delta_10,Industrial Parts,Supplier_B,Chennai WH,North,2024-02-20,2024-02-24,Sea,Net 60,4717.35,315,120,10,158,26,0,1485965.25,1485965.25,Low Stock,5,7,4
ORD-004332,SKU-02012,Product_Zeta_21,Furniture,Supplier_A,Kolkata WH,North,2024-02-20,2024-02-21,Road,Net 30,1831.77,195,195,48,68,22,0,357195.15,357195.15,Low Stock,9,3,1
ORD-004333,SKU-09378,Product_Kappa_16,Pharmaceuticals,Supplier_K,Delhi WH,East,2024-02-20,2024-03-11,Sea,Net 15,4563.8,353,353,910,126,29,5,1611021.4,1530470.33,In Stock,2,4,20
ORD-004334,SKU-02881,Product_Gamma_49,Electronics,Supplier_J,Hyderabad WH,North,2024-02-20,2024-03-09,Rail,Immediate,3904.8,300,300,895,130,12,0,1171440.0,1171440.0,In Stock,7,2,18
ORD-004335,SKU-07799,Product_Kappa_21,Electronics,Supplier_E,Chennai WH,East,2024-02-20,2024-03-08,Sea,Immediate,3779.63,416,416,978,134,43,5,1572326.08,1493709.78,In Stock,2,2,17
ORD-004336,SKU-05586,Product_Alpha_44,Furniture,Supplier_E,Chennai WH,North,2024-02-20,2024-02-24,Road,Immediate,3037.53,367,367,572,187,28,0,1114773.51,1114773.51,In Stock,9,1,4
ORD-004337,SKU-09622,Product_Beta_5,Furniture,Supplier_L,Chennai WH,Central,2024-02-20,2024-02-27,Sea,Net 15,3137.65,11,11,170,40,9,10,34514.15,31062.74,In Stock,3,13,7
ORD-004338,SKU-09430,Product_Beta_2,Furniture,Supplier_B,Mumbai WH,West,2024-02-21,2024-03-10,Rail,Net 30,3193.64,106,106,142,66,10,5,338525.84,321599.55,In Stock,6,4,18
ORD-004339,SKU-07447,Product_Alpha_4,Furniture,Supplier_G,Kolkata WH,Central,2024-02-21,2024-03-04,Rail,Net 30,3147.32,258,258,206,22,42,5,812008.56,771408.13,In Stock,0,11,12
ORD-004340,SKU-03345,Product_Omega_6,Furniture,Supplier_E,Hyderabad WH,Central,2024-02-21,2024-03-10,Road,Net 15,2773.1,474,474,997,177,26,0,1314449.4,1314449.4,In Stock,0,1,18
ORD-004341,SKU-01075,Product_Omega_23,FMCG,Supplier_C,Hyderabad WH,West,2024-02-21,2024-03-03,Sea,Net 60,4932.21,381,381,462,146,36,0,1879172.01,1879172.01,In Stock,8,9,11
ORD-004342,SKU-06877,Product_Delta_48,Apparel,Supplier_D,Mumbai WH,North,2024-02-21,2024-03-01,Sea,Immediate,3664.13,196,67,508,86,40,0,718169.48,718169.48,In Stock,5,3,9
ORD-004343,SKU-07785,Product_Gamma_14,Furniture,Supplier_L,Chennai WH,South,2024-02-21,2024-02-26,Road,Net 15,3886.96,145,145,200,81,11,10,563609.2,507248.28,In Stock,4,9,5
ORD-004344,SKU-05922,Product_Sigma_5,Pharmaceuticals,Supplier_B,Mumbai WH,North,2024-02-21,2024-03-15,Rail,Net 60,4363.59,465,465,4,184,6,0,2029069.35,2029069.35,Low Stock,1,11,23
ORD-004345,SKU-09090,Product_Omega_40,Electronics,Supplier_G,Chennai WH,East,2024-02-21,2024-03-18,Rail,Net 15,1086.04,220,220,210,169,4,10,238928.8,215035.92,In Stock,1,0,26
ORD-004346,SKU-03330,Product_Omega_38,Apparel,Supplier_F,Hyderabad WH,South,2024-02-21,2024-03-02,Sea,Net 15,428.18,350,350,983,50,27,0,149863.0,149863.0,In Stock,6,1,10
ORD-004347,SKU-05686,Product_Kappa_31,Pharmaceuticals,Supplier_E,Hyderabad WH,East,2024-02-21,2024-03-11,Air,Net 60,2419.64,424,424,28,65,24,10,1025927.36,923334.62,Low Stock,5,10,19
ORD-004348,SKU-02902,Product_Omega_46,Industrial Parts,Supplier_E,Kolkata WH,East,2024-02-22,2024-03-01,Air,Net 15,2575.26,471,435,189,64,5,5,1212947.46,1152300.09,In Stock,7,0,8
ORD-004349,SKU-05670,Product_Gamma_19,Pharmaceuticals,Supplier_B,Kolkata WH,South,2024-02-22,2024-02-28,Road,Immediate,4147.62,174,174,187,33,3,5,721685.88,685601.59,In Stock,2,1,6
ORD-004350,SKU-08143,Product_Sigma_7,Pharmaceuticals,Supplier_L,Bangalore WH,South,2024-02-22,2024-02-25,Air,Immediate,2224.48,216,216,836,140,7,10,480487.68,432438.91,In Stock,2,3,3
ORD-004351,SKU-03059,Product_Gamma_10,Furniture,Supplier_D,Delhi WH,South,2024-02-22,2024-03-03,Air,Immediate,2858.56,93,93,766,159,24,5,265846.08,252553.78,In Stock,4,0,10
ORD-004352,SKU-01140,Product_Gamma_27,FMCG,Supplier_H,Delhi WH,South,2024-02-22,2024-03-13,Rail,Net 30,2640.08,260,260,149,138,22,15,686420.8,583457.68,In Stock,9,5,20
ORD-004353,SKU-02789,Product_Beta_35,Pharmaceuticals,Supplier_C,Kolkata WH,Central,2024-02-23,2024-03-23,Air,Immediate,200.63,422,422,524,96,12,10,84665.86,76199.27,In Stock,3,0,29
ORD-004354,SKU-01016,Product_Zeta_11,Furniture,Supplier_H,Kolkata WH,North,2024-02-23,2024-03-05,Sea,Immediate,3079.92,63,63,945,107,35,5,194034.96,184333.21,In Stock,7,2,11
ORD-004355,SKU-01464,Product_Kappa_45,Industrial Parts,Supplier_H,Chennai WH,East,2024-02-23,2024-03-12,Road,Net 60,4141.94,29,29,883,185,17,15,120116.26,102098.82,In Stock,5,1,18
ORD-004356,SKU-05471,Product_Sigma_45,Pharmaceuticals,Supplier_K,Kolkata WH,Central,2024-02-23,2024-03-09,Rail,Net 15,795.93,275,245,942,136,3,15,218880.75,186048.64,In Stock,7,1,15
ORD-004357,SKU-02827,Product_Delta_8,Pharmaceuticals,Supplier_G,Mumbai WH,Central,2024-02-24,2024-02-26,Rail,Immediate,2975.72,347,347,365,194,11,5,1032574.84,980946.1,In Stock,6,3,2
ORD-004358,SKU-09711,Product_Gamma_29,Pharmaceuticals,Supplier_I,Chennai WH,South,2024-02-24,2024-02-29,Rail,Net 30,2972.12,285,285,156,143,6,0,847054.2,847054.2,In Stock,1,8,5
ORD-004359,SKU-06956,Product_Beta_49,Industrial Parts,Supplier_F,Chennai WH,West,2024-02-24,2024-02-25,Road,Net 30,829.28,484,484,79,73,43,5,401371.52,381302.94,In Stock,8,2,1
ORD-004360,SKU-01089,Product_Alpha_9,Pharmaceuticals,Supplier_H,Mumbai WH,West,2024-02-24,2024-03-11,Sea,Net 15,626.08,419,166,867,67,36,0,262327.52,262327.52,In Stock,5,11,16
ORD-004361,SKU-05815,Product_Zeta_31,Pharmaceuticals,Supplier_G,Hyderabad WH,East,2024-02-24,2024-03-24,Air,Net 15,4900.46,372,372,272,120,17,5,1822971.12,1731822.56,In Stock,5,5,29
ORD-004362,SKU-03851,Product_Zeta_31,Pharmaceuticals,Supplier_A,Mumbai WH,South,2024-02-24,2024-03-17,Air,Net 30,1974.66,70,70,659,34,22,10,138226.2,124403.58,In Stock,1,11,22
ORD-004363,SKU-03843,Product_Gamma_50,Apparel,Supplier_G,Mumbai WH,East,2024-02-24,2024-02-26,Sea,Net 30,1144.83,379,379,717,132,1,10,433890.57,390501.51,In Stock,8,10,2
ORD-004364,SKU-07543,Product_Alpha_38,Furniture,Supplier_L,Chennai WH,East,2024-02-25,2024-02-29,Air,Net 60,864.91,279,279,625,35,44,10,241309.89,217178.9,In Stock,0,9,4
ORD-004365,SKU-06901,Product_Omega_29,Pharmaceuticals,Supplier_D,Chennai WH,North,2024-02-25,2024-03-09,Road,Net 30,3341.33,231,231,517,190,3,10,771847.23,694662.51,In Stock,5,2,13
ORD-004366,SKU-01969,Product_Gamma_29,Electronics,Supplier_E,Chennai WH,East,2024-02-25,2024-02-27,Road,Net 15,3051.13,302,302,789,154,16,0,921441.26,921441.26,In Stock,7,9,2
ORD-004367,SKU-02094,Product_Alpha_32,FMCG,Supplier_J,Chennai WH,West,2024-02-25,2024-02-28,Rail,Net 60,3221.33,255,255,231,62,35,0,821439.15,821439.15,In Stock,1,4,3
ORD-004368,SKU-07124,Product_Omega_22,FMCG,Supplier_E,Hyderabad WH,West,2024-02-25,2024-03-10,Sea,Net 30,449.15,172,172,648,47,14,10,77253.8,69528.42,In Stock,2,8,14
ORD-004369,SKU-08347,Product_Beta_24,Industrial Parts,Supplier_C,Kolkata WH,South,2024-02-25,2024-03-09,Air,Net 30,4468.74,432,432,159,85,7,5,1930495.68,1833970.9,In Stock,9,2,13
ORD-004370,SKU-04195,Product_Beta_12,Pharmaceuticals,Supplier_J,Hyderabad WH,East,2024-02-26,2024-03-03,Sea,Net 60,1952.44,180,180,343,117,26,10,351439.2,316295.28,In Stock,9,7,6
ORD-004371,SKU-02404,Product_Gamma_40,Furniture,Supplier_A,Delhi WH,South,2024-02-26,2024-03-20,Road,Immediate,1573.71,264,264,288,79,43,0,415459.44,415459.44,In Stock,6,5,23
ORD-004372,SKU-07940,Product_Sigma_44,Apparel,Supplier_E,Hyderabad WH,Central,2024-02-26,2024-03-17,Sea,Net 30,2317.18,183,183,204,147,31,0,424043.94,424043.94,In Stock,0,13,20
ORD-004373,SKU-05290,Product_Zeta_10,Industrial Parts,Supplier_G,Kolkata WH,East,2024-02-26,2024-03-26,Road,Immediate,1956.43,322,322,994,150,24,5,629970.46,598471.94,In Stock,4,14,29
ORD-004374,SKU-04982,Product_Beta_43,Electronics,Supplier_B,Kolkata WH,North,2024-02-27,2024-03-17,Rail,Net 60,4319.25,205,205,837,148,19,5,885446.25,841173.94,In Stock,5,11,19
ORD-004375,SKU-06555,Product_Delta_41,FMCG,Supplier_H,Mumbai WH,North,2024-02-27,2024-03-19,Air,Net 60,4647.01,424,424,304,178,37,0,1970332.24,1970332.24,In Stock,9,7,21
ORD-004376,SKU-08954,Product_Omega_19,Industrial Parts,Supplier_F,Chennai WH,North,2024-02-27,2024-03-25,Sea,Net 60,1524.23,249,249,359,75,1,5,379533.27,360556.61,In Stock,6,1,27
ORD-004377,SKU-05713,Product_Beta_23,Furniture,Supplier_F,Kolkata WH,North,2024-02-27,2024-03-21,Rail,Net 30,4321.04,213,213,669,103,25,0,920381.52,920381.52,In Stock,9,8,23
ORD-004378,SKU-04092,Product_Kappa_2,Apparel,Supplier_B,Chennai WH,East,2024-02-27,2024-03-21,Road,Immediate,3909.8,159,159,869,193,10,0,621658.2,621658.2,In Stock,9,13,23
ORD-004379,SKU-05159,Product_Zeta_11,FMCG,Supplier_I,Delhi WH,South,2024-02-27,2024-03-13,Air,Net 15,4654.73,432,432,399,51,18,0,2010843.36,2010843.36,In Stock,6,0,15
ORD-004380,SKU-07308,Product_Omega_17,Industrial Parts,Supplier_I,Chennai WH,East,2024-02-27,2024-03-18,Sea,Net 15,1236.29,100,100,448,100,42,5,123629.0,117447.55,In Stock,2,2,20
ORD-004381,SKU-08478,Product_Delta_33,Apparel,Supplier_H,Bangalore WH,East,2024-02-27,2024-03-10,Air,Immediate,2889.03,317,317,105,37,1,15,915822.51,778449.13,In Stock,6,3,12
ORD-004382,SKU-09476,Product_Sigma_34,Electronics,Supplier_A,Mumbai WH,Central,2024-02-27,2024-03-08,Road,Net 30,1379.98,112,112,81,54,29,0,154557.76,154557.76,In Stock,0,5,10
ORD-004383,SKU-05933,Product_Alpha_32,Electronics,Supplier_B,Mumbai WH,West,2024-02-28,2024-03-10,Road,Net 30,4122.23,308,308,341,123,13,0,1269646.84,1269646.84,Reorder Pending,3,10,11
ORD-004384,SKU-05926,Product_Omega_11,Furniture,Supplier_H,Hyderabad WH,South,2024-02-28,2024-03-26,Rail,Net 30,36.57,166,166,985,119,4,10,6070.62,5463.56,In Stock,6,3,27
ORD-004385,SKU-04969,Product_Alpha_42,Pharmaceuticals,Supplier_J,Kolkata WH,West,2024-02-28,2024-03-06,Air,Net 30,2828.45,475,475,781,42,12,15,1343513.75,1141986.69,In Stock,6,12,7
ORD-004386,SKU-03965,Product_Delta_45,Pharmaceuticals,Supplier_J,Hyderabad WH,West,2024-02-28,2024-03-22,Road,Immediate,1702.63,36,36,951,160,19,0,61294.68,61294.68,In Stock,3,10,23
ORD-004387,SKU-05319,Product_Sigma_17,Furniture,Supplier_J,Kolkata WH,Central,2024-02-28,2024-03-24,Rail,Net 15,1620.19,112,112,420,161,26,0,181461.28,181461.28,In Stock,0,14,25
ORD-004388,SKU-09975,Product_Kappa_28,Industrial Parts,Supplier_D,Kolkata WH,Central,2024-02-28,2024-03-21,Road,Net 30,3228.08,87,87,48,184,44,0,280842.96,280842.96,Reorder Pending,7,1,22
ORD-004389,SKU-08108,Product_Omega_3,Furniture,Supplier_C,Hyderabad WH,Central,2024-02-29,2024-03-26,Rail,Net 30,4258.91,183,183,205,24,38,0,779380.53,779380.53,In Stock,3,2,26
ORD-004390,SKU-04939,Product_Sigma_48,FMCG,Supplier_E,Hyderabad WH,South,2024-02-29,2024-03-18,Rail,Net 60,3049.89,85,85,217,169,16,10,259240.65,233316.58,In Stock,1,2,18
ORD-004391,SKU-01044,Product_Kappa_43,Apparel,Supplier_L,Delhi WH,West,2024-02-29,2024-03-03,Road,Net 60,4267.33,269,269,817,47,44,20,1147911.77,918329.42,In Stock,3,5,3
ORD-004392,SKU-02810,Product_Beta_22,FMCG,Supplier_C,Chennai WH,North,2024-02-29,2024-03-30,Sea,Immediate,1330.34,165,165,675,151,25,10,219506.1,197555.49,In Stock,7,14,30
ORD-004393,SKU-05566,Product_Alpha_9,Apparel,Supplier_A,Bangalore WH,South,2024-02-29,2024-03-25,Rail,Net 60,2602.31,303,303,435,69,10,20,788499.93,630799.94,In Stock,7,4,25
ORD-004394,SKU-02909,Product_Alpha_48,Apparel,Supplier_C,Hyderabad WH,North,2024-02-29,2024-03-25,Road,Net 30,2258.18,90,90,790,121,37,5,203236.2,193074.39,In Stock,4,13,25
ORD-004395,SKU-07364,Product_Alpha_20,Pharmaceuticals,Supplier_E,Hyderabad WH,West,2024-02-29,2024-03-15,Road,Net 15,68.11,488,488,321,48,28,15,33237.68,28252.03,In Stock,1,4,15
ORD-004396,SKU-03581,Product_Zeta_13,Furniture,Supplier_I,Mumbai WH,East,2024-03-01,2024-03-20,Sea,Net 60,2788.49,455,455,230,56,28,0,1268762.95,1268762.95,In Stock,6,13,19
ORD-004397,SKU-01691,Product_Kappa_25,Apparel,Supplier_D,Bangalore WH,Central,2024-03-01,2024-03-06,Air,Net 60,3311.01,238,238,710,182,25,0,788020.38,788020.38,Reorder Pending,2,10,5
ORD-004398,SKU-01931,Product_Zeta_3,Pharmaceuticals,Supplier_H,Hyderabad WH,Central,2024-03-01,2024-03-04,Sea,Net 15,2963.65,487,487,486,167,25,10,1443297.55,1298967.8,In Stock,5,3,3
ORD-004399,SKU-08910,Product_Sigma_45,Industrial Parts,Supplier_E,Hyderabad WH,North,2024-03-01,2024-03-28,Rail,Net 30,3684.04,22,22,428,182,12,0,81048.88,81048.88,In Stock,8,12,27
ORD-004400,SKU-07382,Product_Zeta_22,Apparel,Supplier_E,Delhi WH,South,2024-03-02,2024-03-28,Sea,Net 60,2860.98,167,167,882,149,8,0,477783.66,477783.66,In Stock,4,12,26
ORD-004401,SKU-04406,Product_Omega_33,Pharmaceuticals,Supplier_E,Mumbai WH,North,2024-03-02,2024-04-01,Rail,Net 30,343.08,215,215,725,135,36,10,73762.2,66385.98,In Stock,8,3,30
ORD-004402,SKU-09339,Product_Zeta_27,Apparel,Supplier_B,Bangalore WH,East,2024-03-02,2024-03-25,Rail,Net 15,591.06,58,58,283,77,39,0,34281.48,34281.48,Discontinued,3,8,23
ORD-004403,SKU-02032,Product_Omega_9,Apparel,Supplier_H,Bangalore WH,East,2024-03-02,2024-03-17,Rail,Immediate,2986.41,30,30,485,165,24,5,89592.3,85112.68,In Stock,8,6,15
ORD-004404,SKU-02311,Product_Omega_47,Pharmaceuticals,Supplier_C,Hyderabad WH,Central,2024-03-02,2024-03-06,Rail,Net 60,1382.15,402,402,275,125,23,0,555624.3,555624.3,In Stock,0,12,4
ORD-004405,SKU-09579,Product_Sigma_36,Electronics,Supplier_D,Chennai WH,Central,2024-03-02,2024-03-17,Rail,Net 15,407.43,106,106,432,75,37,10,43187.58,38868.82,In Stock,3,12,15
ORD-004406,SKU-04121,Product_Delta_32,Apparel,Supplier_E,Chennai WH,North,2024-03-02,2024-03-12,Sea,Net 15,2153.72,402,100,184,141,11,0,865795.44,865795.44,In Stock,0,11,10
ORD-004407,SKU-02873,Product_Sigma_18,Electronics,Supplier_F,Chennai WH,Central,2024-03-02,2024-03-24,Air,Net 60,2776.07,494,494,721,122,17,5,1371378.58,1302809.65,In Stock,8,7,22
ORD-004408,SKU-07781,Product_Beta_29,Furniture,Supplier_G,Mumbai WH,West,2024-03-02,2024-03-23,Road,Net 60,1650.44,330,330,632,142,28,0,544645.2,544645.2,In Stock,7,3,21
ORD-004409,SKU-04748,Product_Beta_43,Furniture,Supplier_F,Chennai WH,North,2024-03-02,2024-03-25,Sea,Net 30,3604.96,167,167,215,199,3,10,602028.32,541825.49,In Stock,7,10,23
ORD-004410,SKU-01277,Product_Omega_33,Pharmaceuticals,Supplier_D,Bangalore WH,Central,2024-03-02,2024-03-27,Road,Net 15,3222.42,350,350,96,41,2,10,1127847.0,1015062.3,In Stock,6,14,25
ORD-004411,SKU-02859,Product_Beta_2,Industrial Parts,Supplier_I,Hyderabad WH,West,2024-03-03,2024-03-18,Air,Net 30,1670.76,154,154,954,79,29,0,257297.04,257297.04,In Stock,8,2,15
ORD-004412,SKU-06929,Product_Gamma_49,Electronics,Supplier_G,Chennai WH,North,2024-03-03,2024-03-19,Sea,Immediate,3776.81,327,327,118,157,34,0,1235016.87,1235016.87,Low Stock,2,0,16
ORD-004413,SKU-07792,Product_Beta_16,Industrial Parts,Supplier_J,Chennai WH,East,2024-03-03,2024-03-11,Rail,Net 30,3246.99,7,72,364,103,14,0,22728.93,22728.93,In Stock,6,8,8
ORD-004414,SKU-05713,Product_Beta_12,Apparel,Supplier_E,Bangalore WH,South,2024-03-03,2024-03-11,Road,Net 60,3190.85,197,197,793,147,33,5,628597.45,597167.58,In Stock,5,8,8
ORD-004415,SKU-05675,Product_Omega_5,Pharmaceuticals,Supplier_H,Delhi WH,South,2024-03-03,2024-03-08,Sea,Net 60,2771.6,321,379,402,99,18,5,889683.6,845199.42,In Stock,4,1,5
ORD-004416,SKU-02170,Product_Gamma_37,Apparel,Supplier_J,Hyderabad WH,Central,2024-03-04,2024-04-01,Air,Net 30,66.83,46,46,617,153,29,0,3074.18,3074.18,In Stock,8,3,28
ORD-004417,SKU-09681,Product_Delta_50,Apparel,Supplier_A,Mumbai WH,South,2024-03-04,2024-04-02,Road,Net 30,3485.57,18,18,396,100,2,10,62740.26,56466.23,In Stock,3,12,29
ORD-004418,SKU-06308,Product_Beta_5,Pharmaceuticals,Supplier_C,Hyderabad WH,East,2024-03-04,2024-03-24,Road,Net 30,1886.45,397,397,457,25,11,15,748920.65,636582.55,In Stock,2,3,20
ORD-004419,SKU-03462,Product_Alpha_47,Pharmaceuticals,Supplier_F,Bangalore WH,East,2024-03-04,2024-03-13,Road,Net 15,4713.62,153,153,317,105,31,0,721183.86,721183.86,In Stock,2,11,9
ORD-004420,SKU-01287,Product_Alpha_48,Electronics,Supplier_E,Kolkata WH,East,2024-03-04,2024-04-03,Rail,Net 30,4091.74,488,488,381,101,13,5,1996769.12,1896930.66,In Stock,1,0,30
ORD-004421,SKU-06953,Product_Omega_40,Furniture,Supplier_I,Hyderabad WH,East,2024-03-04,2024-03-16,Air,Net 15,2942.6,264,264,141,175,44,5,776846.4,738004.08,Low Stock,0,11,12
ORD-004422,SKU-05282,Product_Beta_10,Pharmaceuticals,Supplier_F,Delhi WH,Central,2024-03-05,2024-03-18,Road,Net 30,1268.39,74,74,456,61,26,5,93860.86,89167.82,In Stock,2,1,13
ORD-004423,SKU-02907,Product_Kappa_41,Pharmaceuticals,Supplier_L,Bangalore WH,South,2024-03-05,2024-03-11,Road,Immediate,1026.55,416,416,500,93,34,0,427044.8,427044.8,In Stock,7,13,6
ORD-004424,SKU-02161,Product_Omega_43,Apparel,Supplier_D,Delhi WH,North,2024-03-05,2024-03-28,Road,Immediate,1708.52,145,145,906,60,10,0,247735.4,247735.4,In Stock,5,12,23
ORD-004425,SKU-01129,Product_Beta_40,Apparel,Supplier_G,Delhi WH,East,2024-03-05,2024-04-04,Sea,Net 15,2388.07,102,102,322,82,12,0,243583.14,243583.14,In Stock,1,7,30
ORD-004426,SKU-07337,Product_Beta_4,Apparel,Supplier_C,Kolkata WH,East,2024-03-05,2024-03-27,Road,Immediate,1487.37,335,77,999,41,22,5,498268.95,473355.5,In Stock,7,5,22
ORD-004427,SKU-03363,Product_Gamma_13,Electronics,Supplier_G,Bangalore WH,Central,2024-03-05,2024-03-16,Sea,Net 30,2579.5,335,335,267,98,31,10,864132.5,777719.25,In Stock,4,0,11
ORD-004428,SKU-09151,Product_Beta_12,Electronics,Supplier_I,Delhi WH,West,2024-03-05,2024-03-31,Sea,Immediate,835.2,121,121,802,176,19,0,101059.2,101059.2,In Stock,3,6,26
ORD-004429,SKU-06983,Product_Beta_46,Electronics,Supplier_J,Chennai WH,West,2024-03-05,2024-04-02,Air,Net 30,4888.79,176,176,486,90,24,0,860427.04,860427.04,In Stock,0,10,28
ORD-004430,SKU-01143,Product_Beta_1,Electronics,Supplier_A,Delhi WH,East,2024-03-05,2024-04-03,Sea,Immediate,548.54,63,63,877,133,25,0,34558.02,34558.02,In Stock,0,14,29
ORD-004431,SKU-09207,Product_Zeta_44,Apparel,Supplier_E,Chennai WH,West,2024-03-05,2024-03-16,Sea,Net 30,4660.4,296,296,678,53,35,15,1379478.4,1172556.64,In Stock,3,6,11
ORD-004432,SKU-08469,Product_Delta_14,Apparel,Supplier_L,Bangalore WH,West,2024-03-05,2024-03-20,Rail,Net 30,4568.75,499,499,159,115,8,0,2279806.25,2279806.25,Reorder Pending,8,5,15
ORD-004433,SKU-01244,Product_Alpha_46,Apparel,Supplier_H,Chennai WH,Central,2024-03-05,2024-03-21,Air,Net 30,2631.55,84,84,742,149,5,5,221050.2,209997.69,In Stock,9,12,16
ORD-004434,SKU-01926,Product_Beta_25,Electronics,Supplier_C,Hyderabad WH,Central,2024-03-06,2024-03-07,Rail,Net 30,3627.3,15,15,13,173,22,10,54409.5,48968.55,Low Stock,9,13,1
ORD-004435,SKU-04178,Product_Omega_41,Electronics,Supplier_D,Hyderabad WH,North,2024-03-07,2024-03-10,Air,Immediate,2185.88,355,355,704,128,28,15,775987.4,659589.29,In Stock,5,10,3
ORD-004436,SKU-03176,Product_Delta_31,Electronics,Supplier_I,Mumbai WH,North,2024-03-07,2024-03-23,Rail,Net 15,3153.87,134,134,154,94,12,10,422618.58,380356.72,In Stock,0,7,16
ORD-004437,SKU-06002,Product_Delta_46,Furniture,Supplier_G,Hyderabad WH,South,2024-03-07,2024-03-11,Sea,Net 15,1709.47,478,478,100,38,33,0,817126.66,817126.66,In Stock,7,10,4
ORD-004438,SKU-01886,Product_Kappa_39,Pharmaceuticals,Supplier_L,Delhi WH,West,2024-03-07,2024-03-19,Rail,Net 60,1512.78,121,121,571,144,16,15,183046.38,155589.42,In Stock,8,11,12
ORD-004439,SKU-09532,Product_Gamma_31,Industrial Parts,Supplier_L,Mumbai WH,Central,2024-03-07,2024-03-23,Rail,Immediate,2895.37,319,319,42,39,26,10,923623.03,831260.73,In Stock,1,4,16
ORD-004440,SKU-04398,Product_Sigma_47,Industrial Parts,Supplier_E,Hyderabad WH,Central,2024-03-08,2024-03-23,Air,Net 60,2495.67,392,392,192,180,12,10,978302.64,880472.38,In Stock,5,1,15
ORD-004441,SKU-09497,Product_Alpha_29,Industrial Parts,Supplier_B,Bangalore WH,South,2024-03-08,2024-04-05,Air,Net 15,2901.89,479,479,310,135,23,0,1390005.31,1390005.31,In Stock,6,3,28
ORD-004442,SKU-03654,Product_Gamma_33,Industrial Parts,Supplier_K,Chennai WH,North,2024-03-08,2024-03-14,Road,Net 60,1440.44,128,128,620,113,26,0,184376.32,184376.32,In Stock,0,10,6
ORD-004443,SKU-08392,Product_Alpha_6,Electronics,Supplier_A,Bangalore WH,East,2024-03-08,2024-03-18,Sea,Immediate,1841.12,368,368,604,101,41,10,677532.16,609778.94,In Stock,4,13,10
ORD-004444,SKU-02371,Product_Gamma_13,Electronics,Supplier_A,Delhi WH,East,2024-03-08,2024-04-02,Road,Immediate,428.65,367,133,727,115,13,20,157314.55,125851.64,In Stock,4,7,25
ORD-004445,SKU-08135,Product_Sigma_10,Electronics,Supplier_J,Hyderabad WH,West,2024-03-08,2024-03-20,Air,Net 30,270.86,288,288,464,123,23,10,78007.68,70206.91,In Stock,2,12,12
ORD-004446,SKU-01320,Product_Delta_45,Pharmaceuticals,Supplier_F,Hyderabad WH,West,2024-03-08,2024-03-28,Air,Net 15,1274.75,301,301,162,23,31,15,383699.75,326144.79,In Stock,1,7,20
ORD-004447,SKU-05654,Product_Beta_45,Furniture,Supplier_D,Chennai WH,South,2024-03-09,2024-03-28,Air,Net 15,380.49,378,378,350,179,36,5,143825.22,136633.96,Reorder Pending,0,11,19
ORD-004448,SKU-06300,Product_Beta_13,Pharmaceuticals,Supplier_I,Delhi WH,West,2024-03-09,2024-03-14,Rail,Net 60,527.84,180,180,233,166,27,0,95011.2,95011.2,In Stock,5,4,5
ORD-004449,SKU-07761,Product_Gamma_21,Furniture,Supplier_F,Kolkata WH,East,2024-03-09,2024-03-26,Air,Immediate,4066.51,463,463,927,150,36,10,1882794.13,1694514.72,Reorder Pending,6,5,17
ORD-004450,SKU-07854,Product_Delta_11,Pharmaceuticals,Supplier_K,Delhi WH,East,2024-03-10,2024-03-14,Road,Net 60,203.98,82,82,402,111,42,10,16726.36,15053.72,In Stock,1,8,4
ORD-004451,SKU-06505,Product_Zeta_41,Furniture,Supplier_F,Bangalore WH,North,2024-03-10,2024-03-23,Road,Immediate,3298.12,13,13,350,80,23,10,42875.56,38588.0,In Stock,1,9,13
ORD-004452,SKU-07553,Product_Sigma_39,Industrial Parts,Supplier_H,Hyderabad WH,North,2024-03-10,2024-04-06,Road,Net 30,1370.06,24,24,166,57,38,20,32881.44,26305.15,In Stock,4,9,27
ORD-004453,SKU-05042,Product_Zeta_33,Furniture,Supplier_L,Chennai WH,West,2024-03-10,2024-04-02,Air,Net 60,4359.01,168,168,147,137,3,0,732313.68,732313.68,In Stock,4,9,23
ORD-004454,SKU-08498,Product_Sigma_14,Industrial Parts,Supplier_E,Delhi WH,North,2024-03-11,2024-04-06,Sea,Net 30,2430.11,270,54,27,153,30,0,656129.7,656129.7,Low Stock,2,10,26
ORD-004455,SKU-07636,Product_Zeta_17,Electronics,Supplier_C,Delhi WH,Central,2024-03-11,2024-03-15,Rail,Net 60,1534.83,476,476,258,75,32,20,730579.08,584463.26,In Stock,2,10,4
ORD-004456,SKU-08362,Product_Omega_48,Electronics,Supplier_B,Kolkata WH,Central,2024-03-11,2024-03-22,Rail,Net 60,2593.02,459,459,927,187,15,0,1190196.18,1190196.18,In Stock,0,1,11
ORD-004457,SKU-01011,Product_Delta_34,Pharmaceuticals,Supplier_G,Bangalore WH,East,2024-03-12,2024-03-30,Rail,Net 15,1915.97,70,70,597,140,38,10,134117.9,120706.11,In Stock,2,4,18
ORD-004458,SKU-01194,Product_Alpha_42,Electronics,Supplier_L,Delhi WH,Central,2024-03-12,2024-04-02,Road,Net 15,2825.86,318,318,619,100,11,15,898623.48,763829.96,In Stock,8,8,21
ORD-004459,SKU-03537,Product_Sigma_19,FMCG,Supplier_E,Delhi WH,Central,2024-03-12,2024-03-15,Road,Net 30,581.52,376,376,441,125,2,0,218651.52,218651.52,In Stock,1,2,3
ORD-004460,SKU-03842,Product_Gamma_5,Apparel,Supplier_D,Kolkata WH,West,2024-03-12,2024-04-07,Sea,Net 30,4984.98,89,89,949,139,26,15,443663.22,377113.74,In Stock,0,5,26
ORD-004461,SKU-03229,Product_Alpha_5,FMCG,Supplier_F,Hyderabad WH,North,2024-03-12,2024-03-22,Sea,Net 15,2133.52,189,169,937,88,34,0,403235.28,403235.28,In Stock,8,3,10
ORD-004462,SKU-04009,Product_Kappa_23,Industrial Parts,Supplier_J,Mumbai WH,North,2024-03-13,2024-03-31,Sea,Net 15,1747.67,257,257,628,102,1,10,449151.19,404236.07,In Stock,4,3,18
ORD-004463,SKU-08984,Product_Alpha_40,Electronics,Supplier_J,Bangalore WH,East,2024-03-13,2024-03-28,Sea,Immediate,3553.95,217,217,875,61,11,0,771207.15,771207.15,In Stock,7,2,15
ORD-004464,SKU-03077,Product_Zeta_6,FMCG,Supplier_A,Bangalore WH,South,2024-03-13,2024-03-26,Rail,Net 15,1825.86,450,450,526,118,5,10,821637.0,739473.3,In Stock,3,9,13
ORD-004465,SKU-08845,Product_Kappa_1,Electronics,Supplier_A,Hyderabad WH,South,2024-03-13,2024-04-01,Road,Net 30,4168.04,382,382,997,149,26,10,1592191.28,1432972.15,In Stock,7,12,19
ORD-004466,SKU-04867,Product_Beta_21,Furniture,Supplier_J,Kolkata WH,North,2024-03-13,2024-03-27,Road,Net 60,2276.81,32,32,210,47,6,5,72857.92,69215.02,In Stock,4,0,14
ORD-004467,SKU-05873,Product_Omega_45,Apparel,Supplier_D,Kolkata WH,South,2024-03-13,2024-03-21,Road,Immediate,3600.6,141,141,829,136,35,10,507684.6,456916.14,In Stock,5,11,8
ORD-004468,SKU-09635,Product_Beta_37,Pharmaceuticals,Supplier_H,Mumbai WH,South,2024-03-13,2024-04-02,Rail,Net 60,546.19,161,161,542,164,5,20,87936.59,70349.27,In Stock,5,10,20
ORD-004469,SKU-01297,Product_Sigma_47,FMCG,Supplier_I,Hyderabad WH,West,2024-03-13,2024-03-21,Rail,Net 60,4232.13,32,32,444,89,9,10,135428.16,121885.34,Discontinued,5,7,8
ORD-004470,SKU-06856,Product_Omega_29,FMCG,Supplier_B,Chennai WH,Central,2024-03-14,2024-04-01,Road,Immediate,3681.23,312,312,793,126,28,20,1148543.76,918835.01,In Stock,1,4,18
ORD-004471,SKU-02015,Product_Omega_48,Furniture,Supplier_E,Hyderabad WH,Central,2024-03-14,2024-03-20,Road,Net 15,1066.47,152,152,452,142,19,5,162103.44,153998.27,In Stock,9,1,6
ORD-004472,SKU-02384,Product_Kappa_24,Apparel,Supplier_K,Chennai WH,West,2024-03-14,2024-03-30,Sea,Net 15,734.98,347,347,696,88,5,5,255038.06,242286.16,In Stock,9,0,16
ORD-004473,SKU-09745,Product_Kappa_20,Furniture,Supplier_G,Bangalore WH,North,2024-03-14,2024-03-27,Road,Net 15,1588.3,260,260,403,58,23,0,412958.0,412958.0,In Stock,8,0,13
ORD-004474,SKU-03350,Product_Kappa_21,Electronics,Supplier_A,Kolkata WH,North,2024-03-14,2024-03-17,Road,Immediate,4880.59,216,216,65,154,44,20,1054207.44,843365.95,Low Stock,6,3,3
ORD-004475,SKU-02269,Product_Delta_15,Pharmaceuticals,Supplier_E,Chennai WH,Central,2024-03-14,2024-03-25,Sea,Net 30,1291.59,279,279,404,179,44,0,360353.61,360353.61,In Stock,2,14,11
ORD-004476,SKU-02260,Product_Gamma_3,Pharmaceuticals,Supplier_H,Delhi WH,South,2024-03-14,2024-03-21,Road,Immediate,2286.07,285,285,882,23,16,0,651529.95,651529.95,In Stock,1,3,7
ORD-004477,SKU-08701,Product_Omega_27,Electronics,Supplier_K,Kolkata WH,East,2024-03-14,2024-04-10,Sea,Net 30,159.8,98,98,827,168,7,0,15660.4,15660.4,In Stock,3,5,27
ORD-004478,SKU-09376,Product_Kappa_30,Industrial Parts,Supplier_K,Mumbai WH,West,2024-03-15,2024-04-07,Road,Immediate,1992.17,405,405,574,179,14,0,806828.85,806828.85,In Stock,7,10,23
ORD-004479,SKU-05563,Product_Omega_26,FMCG,Supplier_G,Kolkata WH,West,2024-03-15,2024-04-03,Air,Net 15,2860.89,30,119,434,101,22,20,85826.7,68661.36,Discontinued,8,6,19
ORD-004480,SKU-07897,Product_Kappa_30,Industrial Parts,Supplier_L,Delhi WH,North,2024-03-15,2024-03-29,Rail,Net 30,4766.09,90,90,227,116,9,0,428948.1,428948.1,In Stock,9,0,14
ORD-004481,SKU-06672,Product_Kappa_10,Pharmaceuticals,Supplier_B,Mumbai WH,South,2024-03-15,2024-04-10,Air,Net 15,2588.51,148,148,475,161,23,20,383099.48,306479.58,In Stock,1,9,26
ORD-004482,SKU-06593,Product_Gamma_48,Furniture,Supplier_E,Hyderabad WH,Central,2024-03-16,2024-03-30,Air,Immediate,4097.35,144,144,467,89,43,5,590018.4,560517.48,In Stock,5,1,14
ORD-004483,SKU-07155,Product_Zeta_27,Apparel,Supplier_D,Mumbai WH,Central,2024-03-16,2024-04-04,Air,Net 60,2740.17,67,67,100,65,4,15,183591.39,156052.68,In Stock,7,14,19
ORD-004484,SKU-06543,Product_Alpha_9,Apparel,Supplier_H,Delhi WH,Central,2024-03-16,2024-04-11,Road,Net 60,213.52,433,470,422,167,43,5,92454.16,87831.45,In Stock,2,2,26
ORD-004485,SKU-08240,Product_Omega_25,FMCG,Supplier_I,Delhi WH,Central,2024-03-16,2024-03-27,Sea,Net 60,1581.89,357,357,355,118,26,0,564734.73,564734.73,In Stock,8,8,11
ORD-004486,SKU-05683,Product_Gamma_26,FMCG,Supplier_I,Delhi WH,Central,2024-03-16,2024-04-03,Air,Net 15,2881.99,58,58,138,99,41,5,167155.42,158797.65,Reorder Pending,3,3,18
ORD-004487,SKU-02881,Product_Omega_1,Industrial Parts,Supplier_E,Kolkata WH,South,2024-03-17,2024-04-09,Sea,Net 15,4753.46,488,488,630,67,6,5,2319688.48,2203704.06,In Stock,4,5,23
ORD-004488,SKU-09713,Product_Zeta_43,Pharmaceuticals,Supplier_E,Mumbai WH,North,2024-03-17,2024-03-25,Sea,Immediate,4297.06,428,428,568,26,31,0,1839141.68,1839141.68,In Stock,6,1,8
ORD-004489,SKU-04809,Product_Gamma_10,FMCG,Supplier_D,Bangalore WH,West,2024-03-17,2024-03-23,Road,Net 60,1149.49,281,281,130,59,17,0,323006.69,323006.69,In Stock,4,12,6
ORD-004490,SKU-06807,Product_Gamma_14,Furniture,Supplier_H,Kolkata WH,East,2024-03-17,2024-04-08,Air,Net 15,1108.35,279,279,548,78,9,0,309229.65,309229.65,In Stock,3,10,22
ORD-004491,SKU-05883,Product_Beta_2,Electronics,Supplier_A,Delhi WH,West,2024-03-17,2024-04-08,Rail,Net 30,1013.85,236,236,467,55,27,0,239268.6,239268.6,In Stock,3,1,22
ORD-004492,SKU-08206,Product_Zeta_31,Electronics,Supplier_G,Delhi WH,North,2024-03-18,2024-03-21,Road,Immediate,4613.27,443,443,479,191,6,10,2043678.61,1839310.75,In Stock,4,12,3
ORD-004493,SKU-05155,Product_Gamma_18,Electronics,Supplier_L,Kolkata WH,North,2024-03-18,2024-04-11,Rail,Net 15,4264.8,385,385,110,127,6,0,1641948.0,1641948.0,Low Stock,2,14,24
ORD-004494,SKU-05673,Product_Omega_13,Apparel,Supplier_G,Hyderabad WH,South,2024-03-18,2024-04-17,Sea,Net 30,3876.67,353,353,152,50,4,10,1368464.51,1231618.06,In Stock,8,12,30
ORD-004495,SKU-02409,Product_Alpha_32,Furniture,Supplier_B,Chennai WH,Central,2024-03-18,2024-04-10,Sea,Net 15,1969.75,399,399,916,189,43,20,785930.25,628744.2,In Stock,1,1,23
ORD-004496,SKU-06197,Product_Zeta_11,Electronics,Supplier_I,Kolkata WH,Central,2024-03-18,2024-04-06,Rail,Net 60,2526.86,128,128,761,63,3,0,323438.08,323438.08,In Stock,6,10,19
ORD-004497,SKU-08452,Product_Sigma_36,Industrial Parts,Supplier_H,Delhi WH,West,2024-03-18,2024-04-14,Road,Net 30,2327.02,337,337,241,190,24,5,784205.74,744995.45,In Stock,3,4,27
ORD-004498,SKU-09718,Product_Sigma_15,Industrial Parts,Supplier_K,Chennai WH,Central,2024-03-19,2024-04-04,Sea,Net 15,1274.46,482,482,719,62,18,0,614289.72,614289.72,In Stock,7,12,16
ORD-004499,SKU-03172,Product_Delta_32,Apparel,Supplier_F,Bangalore WH,Central,2024-03-19,2024-03-23,Air,Net 30,2530.09,209,66,879,194,32,0,528788.81,528788.81,In Stock,6,8,4
ORD-004500,SKU-01279,Product_Kappa_28,Electronics,Supplier_G,Mumbai WH,South,2024-03-19,2024-04-07,Rail,Immediate,162.18,436,436,681,153,21,10,70710.48,63639.43,In Stock,7,13,19
ORD-004501,SKU-04977,Product_Zeta_11,FMCG,Supplier_E,Hyderabad WH,West,2024-03-19,2024-04-08,Rail,Net 30,667.73,186,186,768,112,29,0,124197.78,124197.78,In Stock,3,5,20
ORD-004502,SKU-03669,Product_Kappa_43,FMCG,Supplier_G,Delhi WH,North,2024-03-19,2024-04-03,Sea,Net 30,4434.08,169,169,278,105,32,0,749359.52,749359.52,In Stock,1,13,15
ORD-004503,SKU-08825,Product_Alpha_23,FMCG,Supplier_H,Chennai WH,East,2024-03-20,2024-03-31,Road,Net 30,3760.88,172,122,362,28,25,0,646871.36,646871.36,In Stock,6,8,11
ORD-004504,SKU-04981,Product_Beta_5,Furniture,Supplier_C,Kolkata WH,West,2024-03-20,2024-04-07,Air,Immediate,2120.11,260,260,624,30,12,15,551228.6,468544.31,In Stock,8,5,18
ORD-004505,SKU-05769,Product_Omega_46,Pharmaceuticals,Supplier_K,Kolkata WH,North,2024-03-20,2024-03-24,Air,Net 60,2590.58,205,205,407,99,9,10,531068.9,477962.01,In Stock,5,8,4
ORD-004506,SKU-06247,Product_Kappa_39,Industrial Parts,Supplier_G,Hyderabad WH,South,2024-03-20,2024-04-16,Rail,Immediate,1856.29,452,452,174,128,7,20,839043.08,671234.46,In Stock,6,12,27
ORD-004507,SKU-05427,Product_Sigma_10,Industrial Parts,Supplier_D,Bangalore WH,South,2024-03-20,2024-04-04,Road,Net 30,3706.49,135,135,600,137,14,20,500376.15,400300.92,In Stock,5,4,15
ORD-004508,SKU-07135,Product_Delta_34,Electronics,Supplier_G,Mumbai WH,Central,2024-03-20,2024-03-26,Air,Net 60,3923.09,46,46,134,37,20,0,180462.14,180462.14,Reorder Pending,1,10,6
ORD-004509,SKU-06573,Product_Kappa_14,FMCG,Supplier_I,Mumbai WH,West,2024-03-21,2024-03-31,Road,Immediate,3818.79,9,9,505,172,20,0,34369.11,34369.11,In Stock,8,11,10
ORD-004510,SKU-05131,Product_Zeta_32,Electronics,Supplier_B,Mumbai WH,Central,2024-03-21,2024-04-03,Air,Immediate,3615.83,471,471,293,116,10,0,1703055.93,1703055.93,In Stock,4,0,13
ORD-004511,SKU-08189,Product_Alpha_20,Furniture,Supplier_F,Mumbai WH,Central,2024-03-21,2024-03-24,Sea,Immediate,1030.48,161,161,494,49,11,5,165907.28,157611.92,Discontinued,2,5,3
ORD-004512,SKU-05535,Product_Gamma_22,Electronics,Supplier_K,Mumbai WH,East,2024-03-21,2024-04-10,Road,Immediate,1696.47,289,289,814,134,39,5,490279.83,465765.84,Reorder Pending,3,3,20
ORD-004513,SKU-03776,Product_Sigma_44,Industrial Parts,Supplier_E,Chennai WH,South,2024-03-21,2024-03-25,Air,Net 15,2354.53,340,340,870,20,19,0,800540.2,800540.2,In Stock,3,8,4
ORD-004514,SKU-08697,Product_Zeta_40,Industrial Parts,Supplier_L,Hyderabad WH,Central,2024-03-21,2024-04-12,Rail,Net 15,1660.66,388,388,418,116,19,0,644336.08,644336.08,In Stock,8,5,22
ORD-004515,SKU-09386,Product_Beta_39,Furniture,Supplier_B,Mumbai WH,East,2024-03-21,2024-04-17,Air,Net 60,3777.15,321,321,205,132,43,0,1212465.15,1212465.15,In Stock,4,14,27
ORD-004516,SKU-01662,Product_Gamma_34,Industrial Parts,Supplier_I,Delhi WH,Central,2024-03-22,2024-04-11,Sea,Net 30,1653.47,106,51,317,98,6,15,175267.82,148977.65,Discontinued,1,14,20
ORD-004517,SKU-09671,Product_Sigma_22,Industrial Parts,Supplier_F,Kolkata WH,Central,2024-03-22,2024-04-16,Road,Net 60,699.78,290,327,72,48,8,20,202936.2,162348.96,In Stock,5,0,25
ORD-004518,SKU-09044,Product_Omega_45,FMCG,Supplier_I,Hyderabad WH,Central,2024-03-22,2024-04-18,Road,Net 15,2001.21,475,475,258,85,1,0,950574.75,950574.75,In Stock,6,5,27
ORD-004519,SKU-05218,Product_Gamma_24,Electronics,Supplier_L,Delhi WH,West,2024-03-22,2024-04-04,Sea,Net 30,4899.77,341,341,357,124,23,0,1670821.57,1670821.57,In Stock,7,2,13
ORD-004520,SKU-06060,Product_Kappa_5,Electronics,Supplier_J,Chennai WH,Central,2024-03-22,2024-04-02,Sea,Net 15,1137.15,88,88,147,38,40,0,100069.2,100069.2,In Stock,4,2,11
ORD-004521,SKU-06874,Product_Alpha_29,Electronics,Supplier_J,Mumbai WH,North,2024-03-22,2024-04-07,Road,Immediate,3064.67,463,463,224,85,37,15,1418942.21,1206100.88,In Stock,7,6,16
ORD-004522,SKU-06581,Product_Omega_27,Furniture,Supplier_A,Delhi WH,Central,2024-03-23,2024-04-13,Air,Net 30,2170.54,483,483,104,131,10,20,1048370.82,838696.66,Low Stock,7,1,21
ORD-004523,SKU-03014,Product_Delta_14,Industrial Parts,Supplier_A,Delhi WH,East,2024-03-23,2024-04-14,Road,Net 30,364.41,192,179,555,199,2,0,69966.72,69966.72,In Stock,3,8,22
ORD-004524,SKU-04789,Product_Omega_45,FMCG,Supplier_C,Chennai WH,South,2024-03-23,2024-03-25,Sea,Net 15,2444.5,153,153,927,178,36,0,374008.5,374008.5,In Stock,6,8,2
ORD-004525,SKU-08148,Product_Delta_21,FMCG,Supplier_H,Kolkata WH,Central,2024-03-23,2024-03-26,Road,Net 15,3513.8,311,183,355,79,2,0,1092791.8,1092791.8,In Stock,8,6,3
ORD-004526,SKU-08766,Product_Kappa_18,Electronics,Supplier_H,Mumbai WH,West,2024-03-23,2024-03-30,Rail,Immediate,2570.97,137,137,537,136,15,5,352222.89,334611.75,In Stock,9,8,7
ORD-004527,SKU-03364,Product_Omega_37,Furniture,Supplier_L,Delhi WH,West,2024-03-24,2024-04-20,Air,Immediate,4361.81,273,273,815,87,20,10,1190774.13,1071696.72,In Stock,3,10,27
ORD-004528,SKU-04629,Product_Omega_45,Electronics,Supplier_C,Mumbai WH,South,2024-03-24,2024-03-29,Rail,Immediate,1451.8,149,149,260,112,42,5,216318.2,205502.29,In Stock,8,5,5
ORD-004529,SKU-06919,Product_Delta_9,Furniture,Supplier_J,Bangalore WH,North,2024-03-25,2024-04-23,Rail,Net 30,440.38,188,188,570,177,21,20,82791.44,66233.15,In Stock,3,8,29
ORD-004530,SKU-06675,Product_Omega_41,Apparel,Supplier_B,Mumbai WH,Central,2024-03-25,2024-04-13,Air,Immediate,4683.46,141,141,572,160,30,0,660367.86,660367.86,In Stock,0,9,19
ORD-004531,SKU-09872,Product_Delta_46,FMCG,Supplier_A,Chennai WH,North,2024-03-25,2024-04-23,Road,Net 15,1897.2,131,131,816,162,24,10,248533.2,223679.88,In Stock,3,12,29
ORD-004532,SKU-07638,Product_Delta_16,Electronics,Supplier_I,Kolkata WH,North,2024-03-25,2024-04-19,Sea,Net 30,2886.26,452,452,925,167,2,0,1304589.52,1304589.52,In Stock,1,1,25
ORD-004533,SKU-05651,Product_Kappa_37,Industrial Parts,Supplier_E,Kolkata WH,West,2024-03-25,2024-04-15,Rail,Net 60,3962.1,4,4,912,181,38,0,15848.4,15848.4,In Stock,5,13,21
ORD-004534,SKU-01609,Product_Kappa_2,Pharmaceuticals,Supplier_F,Chennai WH,South,2024-03-25,2024-04-20,Air,Immediate,1628.33,491,491,69,167,22,10,799510.03,719559.03,Low Stock,7,4,26
ORD-004535,SKU-08940,Product_Omega_33,FMCG,Supplier_A,Mumbai WH,West,2024-03-25,2024-03-26,Road,Net 30,3583.66,476,476,953,69,29,20,1705822.16,1364657.73,In Stock,5,10,1
ORD-004536,SKU-04866,Product_Beta_25,Electronics,Supplier_L,Bangalore WH,Central,2024-03-25,2024-04-19,Sea,Net 30,685.74,263,263,446,108,14,10,180349.62,162314.66,In Stock,8,14,25
ORD-004537,SKU-01371,Product_Gamma_40,Industrial Parts,Supplier_H,Kolkata WH,East,2024-03-26,2024-03-31,Air,Net 30,1463.56,26,26,956,174,5,10,38052.56,34247.3,In Stock,5,5,5
ORD-004538,SKU-07998,Product_Omega_6,Pharmaceuticals,Supplier_K,Hyderabad WH,Central,2024-03-26,2024-04-17,Air,Net 15,732.11,459,459,446,177,24,10,336038.49,302434.64,In Stock,6,11,22
ORD-004539,SKU-01615,Product_Kappa_30,Pharmaceuticals,Supplier_I,Chennai WH,Central,2024-03-26,2024-03-31,Air,Net 15,4058.04,24,24,782,118,26,0,97392.96,97392.96,In Stock,4,5,5
ORD-004540,SKU-07911,Product_Sigma_5,FMCG,Supplier_G,Bangalore WH,Central,2024-03-26,2024-04-10,Sea,Net 30,1121.02,491,491,256,132,2,10,550420.82,495378.74,In Stock,7,10,15
ORD-004541,SKU-07010,Product_Kappa_25,Pharmaceuticals,Supplier_A,Mumbai WH,East,2024-03-26,2024-04-13,Road,Net 15,3589.84,266,266,908,126,34,10,954897.44,859407.7,In Stock,1,3,18
ORD-004542,SKU-03253,Product_Delta_50,Industrial Parts,Supplier_E,Chennai WH,East,2024-03-26,2024-04-05,Road,Net 30,4717.06,229,229,943,43,23,5,1080206.74,1026196.4,In Stock,1,12,10
ORD-004543,SKU-05942,Product_Sigma_46,Electronics,Supplier_D,Kolkata WH,East,2024-03-26,2024-04-08,Air,Net 15,2643.58,269,269,895,44,41,5,711123.02,675566.87,In Stock,7,3,13
ORD-004544,SKU-01864,Product_Gamma_24,Pharmaceuticals,Supplier_F,Kolkata WH,West,2024-03-26,2024-04-15,Sea,Net 30,2704.75,125,412,929,30,35,10,338093.75,304284.38,In Stock,5,4,20
ORD-004545,SKU-02268,Product_Alpha_31,Pharmaceuticals,Supplier_G,Bangalore WH,East,2024-03-26,2024-04-14,Air,Net 60,2310.56,172,172,636,113,15,15,397416.32,337803.87,In Stock,1,5,19
ORD-004546,SKU-08454,Product_Delta_15,Electronics,Supplier_G,Delhi WH,East,2024-03-27,2024-04-11,Road,Net 30,1636.19,234,234,925,79,3,0,382868.46,382868.46,In Stock,5,11,15
ORD-004547,SKU-09976,Product_Alpha_21,FMCG,Supplier_A,Kolkata WH,East,2024-03-27,2024-04-03,Air,Net 30,2383.52,295,295,530,194,12,15,703138.4,597667.64,In Stock,7,12,7
ORD-004548,SKU-05571,Product_Omega_40,Pharmaceuticals,Supplier_F,Bangalore WH,North,2024-03-27,2024-04-03,Rail,Net 30,3018.01,403,453,118,172,38,15,1216258.03,1033819.33,Low Stock,5,13,7
ORD-004549,SKU-06229,Product_Kappa_36,Apparel,Supplier_A,Chennai WH,North,2024-03-27,2024-04-18,Rail,Net 60,4930.1,435,435,831,44,17,0,2144593.5,2144593.5,In Stock,8,7,22
ORD-004550,SKU-03237,Product_Gamma_18,Industrial Parts,Supplier_D,Kolkata WH,West,2024-03-28,2024-04-26,Road,Net 15,4689.45,275,275,65,164,38,10,1289598.75,1160638.88,Low Stock,5,11,29
ORD-004551,SKU-05054,Product_Omega_32,Industrial Parts,Supplier_L,Delhi WH,West,2024-03-28,2024-04-08,Road,Net 60,4312.14,76,76,244,159,27,0,327722.64,327722.64,In Stock,2,12,11
ORD-004552,SKU-01935,Product_Omega_39,Pharmaceuticals,Supplier_D,Kolkata WH,Central,2024-03-28,2024-04-07,Rail,Net 60,4446.76,308,308,56,142,19,0,1369602.08,1369602.08,Low Stock,8,9,10
ORD-004553,SKU-07394,Product_Delta_42,Apparel,Supplier_H,Bangalore WH,South,2024-03-29,2024-04-17,Sea,Net 30,2344.57,214,214,43,199,21,5,501737.98,476651.08,Reorder Pending,9,0,19
ORD-004554,SKU-08891,Product_Delta_39,FMCG,Supplier_E,Bangalore WH,West,2024-03-29,2024-04-24,Air,Net 30,3290.65,431,431,523,30,40,20,1418270.15,1134616.12,In Stock,4,7,26
ORD-004555,SKU-01325,Product_Beta_19,Pharmaceuticals,Supplier_G,Chennai WH,South,2024-03-29,2024-04-28,Road,Net 15,4476.38,485,485,889,29,24,0,2171044.3,2171044.3,Reorder Pending,5,1,30
ORD-004556,SKU-08774,Product_Alpha_48,Apparel,Supplier_J,Kolkata WH,West,2024-03-29,2024-04-20,Road,Net 60,1970.82,376,376,423,100,24,15,741028.32,629874.07,In Stock,3,10,22
ORD-004557,SKU-04861,Product_Delta_34,Industrial Parts,Supplier_I,Hyderabad WH,East,2024-03-30,2024-04-09,Road,Net 30,4809.19,158,158,747,73,19,5,759852.02,721859.42,In Stock,2,14,10
ORD-004558,SKU-02985,Product_Sigma_16,Pharmaceuticals,Supplier_D,Bangalore WH,East,2024-03-30,2024-04-29,Air,Net 60,2084.77,302,302,535,128,31,15,629600.54,535160.46,In Stock,9,6,30
ORD-004559,SKU-05932,Product_Zeta_28,Furniture,Supplier_D,Chennai WH,South,2024-03-30,2024-04-29,Rail,Immediate,3009.4,204,204,394,82,40,15,613917.6,521829.96,Discontinued,4,3,30
ORD-004560,SKU-05603,Product_Alpha_20,Pharmaceuticals,Supplier_A,Kolkata WH,East,2024-03-30,2024-04-13,Sea,Net 15,3551.93,477,477,449,39,20,15,1694270.61,1440130.02,In Stock,2,14,14
ORD-004561,SKU-03778,Product_Sigma_14,Pharmaceuticals,Supplier_G,Chennai WH,West,2024-03-30,2024-04-22,Rail,Net 15,4753.45,149,149,256,24,15,10,708264.05,637437.64,In Stock,1,7,23
ORD-004562,SKU-09832,Product_Gamma_19,Pharmaceuticals,Supplier_H,Bangalore WH,East,2024-03-31,2024-04-30,Air,Immediate,1230.64,75,75,953,60,40,15,92298.0,78453.3,In Stock,5,5,30
ORD-004563,SKU-08754,Product_Alpha_2,Industrial Parts,Supplier_K,Delhi WH,Central,2024-03-31,2024-04-12,Sea,Net 15,3733.19,380,380,795,137,35,0,1418612.2,1418612.2,In Stock,7,4,12
ORD-004564,SKU-05078,Product_Zeta_6,Apparel,Supplier_H,Kolkata WH,North,2024-03-31,2024-04-03,Rail,Immediate,2608.87,229,229,835,82,35,0,597431.23,597431.23,In Stock,2,9,3
ORD-004565,SKU-02367,Product_Omega_30,Industrial Parts,Supplier_K,Chennai WH,West,2024-03-31,2024-04-19,Sea,Net 30,1350.1,304,224,360,51,33,0,410430.4,410430.4,In Stock,5,9,19
ORD-004566,SKU-05042,Product_Gamma_29,Pharmaceuticals,Supplier_D,Hyderabad WH,North,2024-03-31,2024-04-01,Air,Net 30,3885.27,62,62,762,46,40,10,240886.74,216798.07,In Stock,8,13,1
ORD-004567,SKU-03575,Product_Zeta_36,Industrial Parts,Supplier_A,Chennai WH,East,2024-03-31,2024-04-20,Road,Net 30,2765.59,58,352,605,87,41,0,160404.22,160404.22,In Stock,0,4,20
ORD-004568,SKU-07754,Product_Gamma_39,Electronics,Supplier_G,Mumbai WH,South,2024-04-01,2024-04-18,Road,Net 30,3308.26,274,274,379,124,44,0,906463.24,906463.24,In Stock,2,3,17
ORD-004569,SKU-02581,Product_Kappa_49,Pharmaceuticals,Supplier_H,Bangalore WH,East,2024-04-01,2024-04-14,Road,Immediate,1621.28,108,108,442,195,18,15,175098.24,148833.5,In Stock,1,13,13
ORD-004570,SKU-02986,Product_Omega_7,Apparel,Supplier_L,Kolkata WH,Central,2024-04-01,2024-04-29,Air,Immediate,2411.56,187,187,966,26,17,10,450961.72,405865.55,In Stock,7,2,28
ORD-004571,SKU-03240,Product_Sigma_30,Pharmaceuticals,Supplier_B,Bangalore WH,Central,2024-04-02,2024-04-07,Air,Net 60,3090.6,475,109,891,193,8,15,1468035.0,1247829.75,In Stock,8,2,5
ORD-004572,SKU-04966,Product_Sigma_13,Industrial Parts,Supplier_I,Bangalore WH,South,2024-04-02,2024-04-30,Sea,Net 15,2030.5,229,229,533,122,20,0,464984.5,464984.5,In Stock,9,13,28
ORD-004573,SKU-08604,Product_Kappa_19,Pharmaceuticals,Supplier_C,Bangalore WH,Central,2024-04-02,2024-04-12,Air,Net 30,999.88,48,48,473,131,11,0,47994.24,47994.24,In Stock,5,2,10
ORD-004574,SKU-09320,Product_Gamma_38,Pharmaceuticals,Supplier_C,Mumbai WH,Central,2024-04-02,2024-04-04,Rail,Net 15,4808.59,319,319,156,165,30,0,1533940.21,1533940.21,Low Stock,2,6,2
ORD-004575,SKU-06968,Product_Gamma_21,Pharmaceuticals,Supplier_L,Bangalore WH,East,2024-04-03,2024-04-15,Air,Net 60,2562.22,268,268,88,185,27,0,686674.96,686674.96,Low Stock,9,7,12
ORD-004576,SKU-08493,Product_Alpha_8,Furniture,Supplier_C,Bangalore WH,Central,2024-04-03,2024-05-02,Sea,Immediate,3672.26,215,215,201,122,39,0,789535.9,789535.9,In Stock,7,12,29
ORD-004577,SKU-05103,Product_Alpha_21,Pharmaceuticals,Supplier_G,Kolkata WH,North,2024-04-03,2024-04-21,Rail,Net 30,2061.13,290,290,979,36,14,0,597727.7,597727.7,In Stock,9,7,18
ORD-004578,SKU-03076,Product_Kappa_24,Electronics,Supplier_G,Delhi WH,West,2024-04-03,2024-04-05,Air,Net 30,1782.11,254,254,461,109,42,0,452655.94,452655.94,In Stock,6,1,2
ORD-004579,SKU-06231,Product_Gamma_21,Industrial Parts,Supplier_H,Bangalore WH,Central,2024-04-03,2024-04-04,Road,Net 15,2041.75,445,445,480,134,15,5,908578.75,863149.81,In Stock,1,13,1
ORD-004580,SKU-03994,Product_Zeta_36,Pharmaceuticals,Supplier_J,Chennai WH,Central,2024-04-03,2024-04-26,Rail,Immediate,2051.89,358,358,708,105,12,0,734576.62,734576.62,In Stock,6,2,23
ORD-004581,SKU-04744,Product_Alpha_41,Furniture,Supplier_K,Kolkata WH,West,2024-04-03,2024-04-21,Air,Net 60,2725.46,87,87,556,122,20,0,237115.02,237115.02,In Stock,0,1,18
ORD-004582,SKU-06594,Product_Zeta_42,Furniture,Supplier_E,Chennai WH,East,2024-04-03,2024-04-30,Road,Immediate,2721.91,181,181,453,101,17,10,492665.71,443399.14,In Stock,7,5,27
ORD-004583,SKU-08531,Product_Omega_26,Furniture,Supplier_B,Hyderabad WH,Central,2024-04-03,2024-04-15,Air,Net 60,2490.8,25,25,469,145,40,10,62270.0,56043.0,In Stock,4,10,12
ORD-004584,SKU-08371,Product_Gamma_21,Industrial Parts,Supplier_J,Hyderabad WH,East,2024-04-03,2024-04-07,Air,Immediate,682.58,446,446,379,57,26,15,304430.68,258766.08,In Stock,8,2,4
ORD-004585,SKU-02644,Product_Alpha_42,Pharmaceuticals,Supplier_A,Kolkata WH,West,2024-04-03,2024-05-01,Sea,Net 30,2485.42,388,388,400,111,14,5,964342.96,916125.81,In Stock,2,5,28
ORD-004586,SKU-04144,Product_Sigma_21,Electronics,Supplier_I,Chennai WH,Central,2024-04-04,2024-04-14,Sea,Net 30,853.83,222,222,78,82,25,20,189550.26,151640.21,Low Stock,6,3,10
ORD-004587,SKU-01242,Product_Alpha_33,FMCG,Supplier_H,Bangalore WH,South,2024-04-04,2024-05-02,Sea,Immediate,639.42,478,478,550,189,26,20,305642.76,244514.21,In Stock,7,12,28
ORD-004588,SKU-05085,Product_Alpha_47,Electronics,Supplier_I,Hyderabad WH,West,2024-04-04,2024-04-05,Rail,Net 15,4663.9,397,397,935,155,25,5,1851568.3,1758989.88,In Stock,0,11,1
ORD-004589,SKU-08954,Product_Gamma_32,FMCG,Supplier_K,Mumbai WH,East,2024-04-04,2024-04-12,Sea,Immediate,3028.7,426,426,795,49,25,5,1290226.2,1225714.89,In Stock,5,14,8
ORD-004590,SKU-08269,Product_Beta_5,Pharmaceuticals,Supplier_I,Kolkata WH,West,2024-04-05,2024-04-19,Rail,Immediate,3300.86,49,49,385,83,27,0,161742.14,161742.14,In Stock,1,9,14
ORD-004591,SKU-08130,Product_Gamma_10,Industrial Parts,Supplier_G,Kolkata WH,Central,2024-04-05,2024-04-28,Rail,Net 15,2014.95,334,334,977,28,43,10,672993.3,605693.97,In Stock,7,14,23
ORD-004592,SKU-07828,Product_Beta_34,Apparel,Supplier_F,Bangalore WH,North,2024-04-05,2024-04-24,Rail,Net 15,4545.81,440,413,666,76,12,5,2000156.4,1900148.58,In Stock,5,9,19
ORD-004593,SKU-09362,Product_Gamma_46,FMCG,Supplier_D,Hyderabad WH,West,2024-04-05,2024-04-18,Air,Net 60,3193.27,175,414,660,126,20,20,558822.25,447057.8,In Stock,2,5,13
ORD-004594,SKU-09844,Product_Delta_6,Industrial Parts,Supplier_I,Mumbai WH,West,2024-04-05,2024-04-26,Rail,Immediate,3848.16,392,392,342,114,16,5,1508478.72,1433054.78,In Stock,3,12,21
ORD-004595,SKU-07331,Product_Omega_23,Electronics,Supplier_F,Bangalore WH,Central,2024-04-05,2024-04-16,Air,Net 60,1849.13,311,311,902,94,25,20,575079.43,460063.54,In Stock,6,2,11
ORD-004596,SKU-04512,Product_Omega_6,Pharmaceuticals,Supplier_K,Hyderabad WH,East,2024-04-05,2024-04-28,Rail,Net 60,4800.46,472,472,444,24,27,15,2265817.12,1925944.55,In Stock,8,4,23
ORD-004597,SKU-02499,Product_Zeta_22,Industrial Parts,Supplier_J,Kolkata WH,South,2024-04-05,2024-04-18,Rail,Net 60,4104.1,274,11,51,114,18,20,1124523.4,899618.72,Low Stock,9,7,13
ORD-004598,SKU-03158,Product_Beta_32,Industrial Parts,Supplier_A,Mumbai WH,East,2024-04-06,2024-04-19,Air,Net 30,4271.2,35,35,250,23,10,0,149492.0,149492.0,In Stock,1,2,13
ORD-004599,SKU-06162,Product_Zeta_35,Electronics,Supplier_G,Kolkata WH,North,2024-04-06,2024-04-19,Rail,Net 15,869.25,217,217,943,27,30,0,188627.25,188627.25,In Stock,8,8,13
ORD-004600,SKU-05039,Product_Alpha_34,Furniture,Supplier_H,Bangalore WH,West,2024-04-06,2024-04-20,Sea,Immediate,1362.11,209,209,893,189,1,10,284680.99,256212.89,In Stock,5,14,14
ORD-004601,SKU-03035,Product_Zeta_42,Pharmaceuticals,Supplier_D,Kolkata WH,South,2024-04-06,2024-04-24,Road,Net 60,1435.28,160,160,658,182,4,10,229644.8,206680.32,In Stock,1,8,18
ORD-004602,SKU-08977,Product_Zeta_45,Apparel,Supplier_J,Hyderabad WH,North,2024-04-06,2024-04-13,Road,Net 30,1361.84,408,408,328,160,23,0,555630.72,555630.72,In Stock,7,12,7
ORD-004603,SKU-01857,Product_Gamma_36,Apparel,Supplier_G,Chennai WH,West,2024-04-06,2024-04-28,Sea,Net 30,4278.49,7,7,907,152,7,10,29949.43,26954.49,In Stock,3,6,22
ORD-004604,SKU-04823,Product_Beta_14,Electronics,Supplier_D,Kolkata WH,North,2024-04-06,2024-04-12,Sea,Net 15,169.11,269,269,493,59,30,5,45490.59,43216.06,In Stock,7,7,6
ORD-004605,SKU-07770,Product_Kappa_11,Electronics,Supplier_E,Mumbai WH,West,2024-04-06,2024-04-22,Rail,Immediate,389.74,126,126,349,38,26,0,49107.24,49107.24,In Stock,6,8,16
ORD-004606,SKU-01298,Product_Beta_49,Apparel,Supplier_K,Chennai WH,West,2024-04-06,2024-04-11,Sea,Net 15,1376.84,475,475,966,101,1,5,653999.0,621299.05,In Stock,6,0,5
ORD-004607,SKU-08244,Product_Sigma_15,Industrial Parts,Supplier_C,Chennai WH,West,2024-04-07,2024-04-14,Road,Net 30,1007.37,368,368,769,144,29,20,370712.16,296569.73,In Stock,6,14,7
ORD-004608,SKU-01923,Product_Delta_4,Furniture,Supplier_L,Mumbai WH,North,2024-04-07,2024-04-25,Sea,Net 60,1166.98,325,325,784,23,25,5,379268.5,360305.08,In Stock,1,6,18
ORD-004609,SKU-05232,Product_Alpha_4,FMCG,Supplier_I,Chennai WH,South,2024-04-07,2024-04-20,Road,Immediate,3991.74,356,356,458,147,40,10,1421059.44,1278953.5,Discontinued,7,9,13
ORD-004610,SKU-05306,Product_Delta_31,Industrial Parts,Supplier_L,Chennai WH,East,2024-04-08,2024-05-05,Sea,Net 30,2820.0,90,90,497,165,26,0,253800.0,253800.0,In Stock,1,2,27
ORD-004611,SKU-03799,Product_Alpha_3,Furniture,Supplier_J,Bangalore WH,North,2024-04-08,2024-05-08,Rail,Immediate,38.8,42,42,124,171,17,10,1629.6,1466.64,Low Stock,2,5,30
ORD-004612,SKU-07578,Product_Delta_49,Pharmaceuticals,Supplier_I,Hyderabad WH,North,2024-04-08,2024-04-20,Air,Net 60,2152.32,365,365,203,126,31,20,785596.8,628477.44,In Stock,9,8,12
ORD-004613,SKU-05875,Product_Delta_10,Pharmaceuticals,Supplier_H,Bangalore WH,West,2024-04-08,2024-05-05,Air,Net 60,2045.35,159,159,767,112,8,5,325210.65,308950.12,In Stock,6,11,27
ORD-004614,SKU-06326,Product_Gamma_33,Pharmaceuticals,Supplier_G,Mumbai WH,Central,2024-04-08,2024-04-22,Rail,Immediate,578.59,202,202,642,50,5,0,116875.18,116875.18,In Stock,6,14,14
ORD-004615,SKU-07582,Product_Omega_21,Apparel,Supplier_A,Mumbai WH,Central,2024-04-08,2024-04-13,Road,Net 15,3383.95,366,366,20,77,1,10,1238525.7,1114673.13,Low Stock,6,9,5
ORD-004616,SKU-02802,Product_Zeta_49,Industrial Parts,Supplier_L,Delhi WH,South,2024-04-08,2024-04-18,Air,Net 15,3513.46,282,282,589,47,15,20,990795.72,792636.58,In Stock,3,10,10
ORD-004617,SKU-03657,Product_Zeta_2,Electronics,Supplier_F,Kolkata WH,West,2024-04-09,2024-05-07,Rail,Immediate,3607.26,470,470,846,156,36,0,1695412.2,1695412.2,In Stock,4,7,28
ORD-004618,SKU-04346,Product_Sigma_32,FMCG,Supplier_K,Chennai WH,Central,2024-04-09,2024-05-01,Road,Net 60,3645.07,332,332,562,192,7,5,1210163.24,1149655.08,In Stock,6,1,22
ORD-004619,SKU-03949,Product_Alpha_43,Electronics,Supplier_F,Chennai WH,South,2024-04-09,2024-04-14,Rail,Net 30,10.26,288,288,361,109,44,0,2954.88,2954.88,In Stock,7,3,5
ORD-004620,SKU-01941,Product_Zeta_36,Pharmaceuticals,Supplier_A,Bangalore WH,South,2024-04-10,2024-04-15,Rail,Net 15,4770.06,91,91,360,68,27,5,434075.46,412371.69,In Stock,2,13,5
ORD-004621,SKU-02907,Product_Beta_3,Electronics,Supplier_K,Hyderabad WH,South,2024-04-10,2024-04-11,Air,Immediate,4072.9,481,481,777,130,35,5,1959064.9,1861111.65,In Stock,5,10,1
ORD-004622,SKU-05837,Product_Delta_38,Pharmaceuticals,Supplier_K,Chennai WH,South,2024-04-10,2024-04-13,Rail,Net 15,4520.87,125,125,115,21,27,20,565108.75,452087.0,In Stock,8,4,3
ORD-004623,SKU-09105,Product_Alpha_14,FMCG,Supplier_E,Delhi WH,Central,2024-04-10,2024-05-01,Sea,Immediate,88.06,126,126,54,25,20,5,11095.56,10540.78,In Stock,9,12,21
ORD-004624,SKU-02243,Product_Delta_38,Apparel,Supplier_J,Hyderabad WH,East,2024-04-10,2024-04-11,Road,Immediate,4669.96,52,52,291,48,18,5,242837.92,230696.02,In Stock,4,9,1
ORD-004625,SKU-06696,Product_Kappa_1,Electronics,Supplier_C,Hyderabad WH,East,2024-04-10,2024-04-15,Air,Net 60,4050.84,404,404,50,173,40,15,1636539.36,1391058.46,Low Stock,3,5,5
ORD-004626,SKU-02466,Product_Omega_45,Industrial Parts,Supplier_C,Bangalore WH,North,2024-04-10,2024-05-04,Sea,Net 60,4187.72,103,400,841,175,2,0,431335.16,431335.16,In Stock,8,12,24
ORD-004627,SKU-04957,Product_Beta_38,FMCG,Supplier_B,Mumbai WH,South,2024-04-11,2024-05-10,Sea,Net 30,475.5,361,361,784,26,30,10,171655.5,154489.95,In Stock,3,6,29
ORD-004628,SKU-02966,Product_Omega_33,FMCG,Supplier_L,Mumbai WH,South,2024-04-11,2024-04-27,Rail,Net 15,3696.5,424,424,253,53,38,10,1567316.0,1410584.4,In Stock,2,10,16
ORD-004629,SKU-01375,Product_Gamma_26,Pharmaceuticals,Supplier_H,Kolkata WH,West,2024-04-11,2024-05-03,Road,Immediate,4799.98,187,187,491,157,30,0,897596.26,897596.26,In Stock,6,3,22
ORD-004630,SKU-01262,Product_Delta_10,FMCG,Supplier_A,Chennai WH,Central,2024-04-12,2024-04-26,Rail,Immediate,3395.95,205,205,984,131,7,0,696169.75,696169.75,In Stock,4,3,14
ORD-004631,SKU-05362,Product_Alpha_41,Electronics,Supplier_E,Hyderabad WH,Central,2024-04-12,2024-04-17,Road,Net 30,2857.1,14,14,572,76,39,5,39999.4,37999.43,In Stock,0,4,5
ORD-004632,SKU-07502,Product_Sigma_18,Industrial Parts,Supplier_K,Hyderabad WH,Central,2024-04-12,2024-04-15,Rail,Net 15,4728.69,428,428,858,194,13,0,2023879.32,2023879.32,In Stock,7,8,3
ORD-004633,SKU-08833,Product_Omega_33,Industrial Parts,Supplier_I,Mumbai WH,East,2024-04-12,2024-04-17,Air,Net 30,2220.26,104,104,992,46,33,0,230907.04,230907.04,Reorder Pending,0,8,5
ORD-004634,SKU-02893,Product_Zeta_11,Industrial Parts,Supplier_G,Kolkata WH,South,2024-04-13,2024-05-04,Sea,Immediate,3000.47,117,117,970,58,40,20,351054.99,280843.99,Discontinued,8,13,21
ORD-004635,SKU-09106,Product_Delta_49,FMCG,Supplier_L,Kolkata WH,Central,2024-04-13,2024-05-09,Sea,Immediate,2386.93,470,470,908,169,30,5,1121857.1,1065764.25,In Stock,0,0,26
ORD-004636,SKU-02652,Product_Sigma_22,Furniture,Supplier_B,Bangalore WH,East,2024-04-13,2024-04-27,Sea,Net 30,4664.9,466,466,960,138,30,15,2173843.4,1847766.89,In Stock,3,12,14
ORD-004637,SKU-06540,Product_Delta_21,Electronics,Supplier_I,Bangalore WH,North,2024-04-13,2024-05-11,Rail,Net 30,389.66,304,304,862,166,23,0,118456.64,118456.64,In Stock,9,4,28
ORD-004638,SKU-04892,Product_Sigma_26,Furniture,Supplier_G,Mumbai WH,South,2024-04-13,2024-04-28,Air,Net 60,2510.59,93,93,224,119,24,20,233484.87,186787.9,In Stock,3,4,15
ORD-004639,SKU-01599,Product_Beta_42,Furniture,Supplier_K,Kolkata WH,South,2024-04-13,2024-05-12,Sea,Net 15,3437.89,427,427,468,28,20,10,1467979.03,1321181.13,In Stock,8,6,29
ORD-004640,SKU-05815,Product_Sigma_29,Apparel,Supplier_L,Chennai WH,North,2024-04-14,2024-05-10,Sea,Net 30,3961.61,144,144,847,166,28,15,570471.84,484901.06,In Stock,0,7,26
ORD-004641,SKU-02912,Product_Alpha_29,Industrial Parts,Supplier_H,Hyderabad WH,South,2024-04-14,2024-05-07,Rail,Net 60,2919.26,110,110,102,21,19,0,321118.6,321118.6,In Stock,9,2,23
ORD-004642,SKU-09792,Product_Zeta_14,FMCG,Supplier_A,Kolkata WH,West,2024-04-14,2024-05-04,Rail,Immediate,4545.5,163,163,982,111,13,5,740916.5,703870.68,In Stock,8,0,20
ORD-004643,SKU-09572,Product_Gamma_8,Industrial Parts,Supplier_G,Bangalore WH,East,2024-04-14,2024-05-14,Sea,Net 15,4710.54,53,53,969,78,16,5,249658.62,237175.69,In Stock,3,1,30
ORD-004644,SKU-05213,Product_Alpha_25,Pharmaceuticals,Supplier_G,Hyderabad WH,South,2024-04-14,2024-04-28,Rail,Net 60,330.95,418,418,47,90,15,10,138337.1,124503.39,Low Stock,6,5,14
ORD-004645,SKU-04637,Product_Beta_48,Apparel,Supplier_D,Delhi WH,South,2024-04-14,2024-05-04,Air,Net 30,2017.83,3,3,736,89,11,15,6053.49,5145.47,In Stock,8,10,20
ORD-004646,SKU-06599,Product_Delta_13,Electronics,Supplier_C,Bangalore WH,West,2024-04-15,2024-04-21,Air,Net 30,127.06,68,68,341,180,12,0,8640.08,8640.08,Reorder Pending,6,13,6
ORD-004647,SKU-07448,Product_Sigma_45,Electronics,Supplier_A,Delhi WH,South,2024-04-15,2024-04-30,Air,Net 15,1653.79,246,246,232,44,22,20,406832.34,325465.87,In Stock,1,5,15
ORD-004648,SKU-09557,Product_Delta_38,Pharmaceuticals,Supplier_B,Kolkata WH,East,2024-04-15,2024-05-02,Sea,Net 30,2688.97,389,277,581,89,25,20,1046009.33,836807.46,In Stock,5,10,17
ORD-004649,SKU-08382,Product_Sigma_24,Furniture,Supplier_G,Bangalore WH,East,2024-04-15,2024-04-29,Sea,Net 15,4554.87,138,138,558,175,3,5,628572.06,597143.46,In Stock,5,12,14
ORD-004650,SKU-09982,Product_Kappa_4,Furniture,Supplier_C,Bangalore WH,North,2024-04-16,2024-05-04,Sea,Net 15,4234.31,308,308,227,165,24,0,1304167.48,1304167.48,In Stock,2,4,18
ORD-004651,SKU-04569,Product_Delta_37,Pharmaceuticals,Supplier_J,Delhi WH,East,2024-04-16,2024-05-13,Road,Immediate,646.22,413,413,521,82,25,15,266888.86,226855.53,In Stock,3,10,27
ORD-004652,SKU-08707,Product_Sigma_14,Apparel,Supplier_K,Bangalore WH,Central,2024-04-16,2024-05-01,Sea,Net 15,474.22,352,352,696,68,9,5,166925.44,158579.17,In Stock,5,4,15
ORD-004653,SKU-01746,Product_Alpha_20,FMCG,Supplier_A,Kolkata WH,West,2024-04-16,2024-04-29,Rail,Net 15,2950.44,287,287,591,142,28,15,846776.28,719759.84,In Stock,5,8,13
ORD-004654,SKU-09504,Product_Alpha_14,Electronics,Supplier_H,Delhi WH,South,2024-04-16,2024-04-28,Air,Net 30,2665.27,66,66,12,143,30,15,175907.82,149521.65,Low Stock,0,10,12
ORD-004655,SKU-05633,Product_Gamma_22,Pharmaceuticals,Supplier_D,Hyderabad WH,East,2024-04-16,2024-04-24,Sea,Net 30,1339.22,460,460,498,59,7,0,616041.2,616041.2,In Stock,9,14,8
ORD-004656,SKU-01920,Product_Delta_32,Furniture,Supplier_J,Mumbai WH,Central,2024-04-16,2024-04-22,Road,Net 60,4498.27,347,347,444,104,11,10,1560899.69,1404809.72,In Stock,7,6,6
ORD-004657,SKU-08008,Product_Zeta_47,Pharmaceuticals,Supplier_J,Hyderabad WH,North,2024-04-16,2024-04-30,Sea,Net 30,4637.56,325,428,825,106,10,5,1507207.0,1431846.65,In Stock,8,5,14
ORD-004658,SKU-03381,Product_Omega_30,Industrial Parts,Supplier_C,Bangalore WH,South,2024-04-17,2024-05-07,Rail,Immediate,2019.03,421,421,339,99,3,20,850011.63,680009.3,In Stock,1,14,20
ORD-004659,SKU-04618,Product_Zeta_39,Apparel,Supplier_I,Chennai WH,South,2024-04-18,2024-04-19,Road,Net 30,4452.61,155,155,323,23,19,0,690154.55,690154.55,In Stock,3,10,1
ORD-004660,SKU-09989,Product_Gamma_32,Industrial Parts,Supplier_J,Chennai WH,South,2024-04-18,2024-05-07,Sea,Immediate,1925.9,87,87,595,53,2,0,167553.3,167553.3,In Stock,5,6,19
ORD-004661,SKU-05443,Product_Kappa_36,FMCG,Supplier_B,Mumbai WH,South,2024-04-18,2024-05-04,Sea,Immediate,3686.72,33,33,597,24,17,15,121661.76,103412.5,In Stock,1,2,16
ORD-004662,SKU-01272,Product_Sigma_43,Apparel,Supplier_K,Kolkata WH,East,2024-04-18,2024-05-16,Air,Immediate,2384.95,68,68,156,169,29,0,162176.6,162176.6,Reorder Pending,6,12,28
ORD-004663,SKU-02773,Product_Delta_5,Apparel,Supplier_J,Delhi WH,West,2024-04-18,2024-05-12,Air,Net 15,621.69,187,187,655,167,2,10,116256.03,104630.43,In Stock,5,6,24
ORD-004664,SKU-03547,Product_Beta_1,Apparel,Supplier_I,Delhi WH,West,2024-04-18,2024-04-26,Road,Immediate,4640.39,192,16,574,122,16,0,890954.88,890954.88,In Stock,7,2,8
ORD-004665,SKU-04164,Product_Alpha_40,Pharmaceuticals,Supplier_C,Chennai WH,North,2024-04-18,2024-05-11,Rail,Net 15,2275.94,213,213,430,194,10,5,484775.22,460536.46,Discontinued,6,7,23
ORD-004666,SKU-05780,Product_Alpha_1,Industrial Parts,Supplier_H,Mumbai WH,East,2024-04-19,2024-05-06,Road,Net 60,3675.09,88,88,554,53,4,10,323407.92,291067.13,In Stock,9,9,17
ORD-004667,SKU-01946,Product_Sigma_1,FMCG,Supplier_B,Bangalore WH,West,2024-04-19,2024-04-28,Air,Net 60,1842.2,428,428,406,191,43,5,788461.6,749038.52,In Stock,0,9,9
ORD-004668,SKU-01506,Product_Sigma_29,Pharmaceuticals,Supplier_I,Mumbai WH,Central,2024-04-20,2024-05-04,Sea,Immediate,104.22,351,351,157,25,26,20,36581.22,29264.98,In Stock,9,8,14
ORD-004669,SKU-07719,Product_Zeta_47,Pharmaceuticals,Supplier_C,Hyderabad WH,East,2024-04-20,2024-05-20,Rail,Net 60,511.65,108,108,184,48,24,0,55258.2,55258.2,In Stock,9,2,30
ORD-004670,SKU-09435,Product_Gamma_7,Electronics,Supplier_G,Mumbai WH,North,2024-04-20,2024-05-08,Rail,Immediate,2486.14,240,240,797,72,12,0,596673.6,596673.6,In Stock,4,6,18
ORD-004671,SKU-09697,Product_Alpha_24,Industrial Parts,Supplier_L,Hyderabad WH,Central,2024-04-20,2024-05-09,Road,Net 15,3452.92,216,216,490,20,21,5,745830.72,708539.18,In Stock,5,7,19
ORD-004672,SKU-07360,Product_Delta_42,Electronics,Supplier_F,Delhi WH,South,2024-04-20,2024-05-02,Rail,Net 60,1680.33,177,177,834,78,42,10,297418.41,267676.57,Reorder Pending,6,2,12
ORD-004673,SKU-08657,Product_Delta_28,Furniture,Supplier_D,Kolkata WH,East,2024-04-21,2024-04-23,Road,Net 15,3480.49,53,53,951,195,16,5,184465.97,175242.67,In Stock,3,5,2
ORD-004674,SKU-04590,Product_Omega_5,FMCG,Supplier_D,Chennai WH,East,2024-04-21,2024-04-23,Sea,Net 15,3496.19,330,330,535,26,36,0,1153742.7,1153742.7,In Stock,8,12,2
ORD-004675,SKU-02192,Product_Sigma_27,Furniture,Supplier_H,Chennai WH,East,2024-04-21,2024-05-10,Air,Net 30,3522.64,49,180,356,179,35,20,172609.36,138087.49,In Stock,0,13,19
ORD-004676,SKU-02464,Product_Alpha_20,Furniture,Supplier_B,Mumbai WH,East,2024-04-21,2024-05-07,Rail,Net 30,2467.68,369,369,716,97,9,5,910573.92,865045.22,In Stock,2,6,16
ORD-004677,SKU-01390,Product_Alpha_8,FMCG,Supplier_H,Kolkata WH,West,2024-04-21,2024-05-14,Sea,Net 15,4575.28,114,114,361,70,6,0,521581.92,521581.92,In Stock,9,3,23
ORD-004678,SKU-06615,Product_Sigma_10,FMCG,Supplier_L,Chennai WH,North,2024-04-22,2024-05-04,Air,Immediate,2451.09,450,450,223,166,44,5,1102990.5,1047840.98,In Stock,1,5,12
ORD-004679,SKU-07106,Product_Sigma_30,Apparel,Supplier_A,Mumbai WH,South,2024-04-22,2024-04-26,Rail,Net 60,2256.82,95,95,612,46,1,0,214397.9,214397.9,In Stock,1,6,4
ORD-004680,SKU-09864,Product_Delta_8,Electronics,Supplier_I,Hyderabad WH,North,2024-04-22,2024-05-11,Air,Immediate,1004.91,447,447,203,82,14,0,449194.77,449194.77,Reorder Pending,0,11,19
ORD-004681,SKU-03560,Product_Alpha_31,Pharmaceuticals,Supplier_G,Bangalore WH,North,2024-04-22,2024-05-08,Sea,Net 60,1545.2,25,379,7,80,24,0,38630.0,38630.0,Discontinued,2,6,16
ORD-004682,SKU-06867,Product_Gamma_1,FMCG,Supplier_E,Bangalore WH,West,2024-04-22,2024-05-15,Road,Net 30,221.25,132,132,471,80,10,0,29205.0,29205.0,In Stock,9,10,23
ORD-004683,SKU-02211,Product_Beta_6,Furniture,Supplier_J,Kolkata WH,North,2024-04-23,2024-04-26,Sea,Net 15,3171.34,179,136,171,145,18,0,567669.86,567669.86,In Stock,4,0,3
ORD-004684,SKU-02539,Product_Delta_30,FMCG,Supplier_E,Bangalore WH,West,2024-04-23,2024-04-28,Rail,Immediate,1250.19,395,395,719,64,9,5,493825.05,469133.8,In Stock,5,1,5
ORD-004685,SKU-01643,Product_Sigma_18,FMCG,Supplier_C,Kolkata WH,East,2024-04-23,2024-05-17,Air,Net 30,1527.73,145,145,95,168,27,10,221520.85,199368.76,Low Stock,7,10,24
ORD-004686,SKU-09693,Product_Alpha_45,Industrial Parts,Supplier_G,Kolkata WH,North,2024-04-23,2024-05-17,Sea,Immediate,3856.36,364,364,673,191,19,10,1403715.04,1263343.54,In Stock,3,10,24
ORD-004687,SKU-09921,Product_Kappa_5,Electronics,Supplier_J,Kolkata WH,South,2024-04-23,2024-05-10,Rail,Net 30,1642.83,450,450,802,148,36,0,739273.5,739273.5,In Stock,0,0,17
ORD-004688,SKU-02283,Product_Gamma_14,FMCG,Supplier_E,Delhi WH,West,2024-04-23,2024-05-21,Sea,Net 60,1218.56,198,198,607,114,3,20,241274.88,193019.9,In Stock,8,8,28
ORD-004689,SKU-08680,Product_Beta_26,Industrial Parts,Supplier_C,Mumbai WH,East,2024-04-24,2024-05-19,Road,Net 15,853.6,457,457,305,110,38,15,390095.2,331580.92,In Stock,2,11,25
ORD-004690,SKU-08345,Product_Zeta_2,Pharmaceuticals,Supplier_A,Hyderabad WH,East,2024-04-24,2024-05-19,Sea,Net 30,3876.54,325,325,656,63,9,20,1259875.5,1007900.4,In Stock,7,6,25
ORD-004691,SKU-05386,Product_Alpha_32,Apparel,Supplier_D,Delhi WH,East,2024-04-24,2024-05-03,Road,Net 30,657.23,84,332,257,81,10,0,55207.32,55207.32,In Stock,3,10,9
ORD-004692,SKU-01919,Product_Zeta_30,Electronics,Supplier_L,Delhi WH,Central,2024-04-24,2024-05-09,Air,Net 30,2274.23,157,157,473,80,9,10,357054.11,321348.7,Discontinued,2,6,15
ORD-004693,SKU-03339,Product_Zeta_12,Pharmaceuticals,Supplier_L,Chennai WH,East,2024-04-25,2024-05-12,Road,Immediate,2539.58,85,154,949,98,17,0,215864.3,215864.3,Discontinued,2,2,17
ORD-004694,SKU-09947,Product_Alpha_37,Apparel,Supplier_J,Mumbai WH,West,2024-04-25,2024-04-28,Road,Net 15,3440.08,457,457,299,108,42,15,1572116.56,1336299.08,In Stock,3,4,3
ORD-004695,SKU-06930,Product_Alpha_43,Apparel,Supplier_I,Bangalore WH,West,2024-04-25,2024-05-12,Sea,Net 15,3170.08,476,476,464,131,38,0,1508958.08,1508958.08,In Stock,3,1,17
ORD-004696,SKU-06402,Product_Beta_50,FMCG,Supplier_K,Hyderabad WH,North,2024-04-25,2024-05-24,Road,Immediate,4055.5,253,253,613,130,43,0,1026041.5,1026041.5,In Stock,6,4,29
ORD-004697,SKU-06663,Product_Sigma_46,Industrial Parts,Supplier_K,Bangalore WH,South,2024-04-25,2024-05-15,Rail,Net 30,233.31,375,62,688,69,20,5,87491.25,83116.69,In Stock,1,7,20
ORD-004698,SKU-06275,Product_Sigma_47,Electronics,Supplier_D,Delhi WH,North,2024-04-26,2024-04-29,Sea,Immediate,1489.24,72,72,897,60,7,5,107225.28,101864.02,In Stock,7,12,3
ORD-004699,SKU-01507,Product_Kappa_13,Furniture,Supplier_B,Bangalore WH,Central,2024-04-26,2024-05-04,Air,Net 60,1407.87,223,223,327,52,4,5,313955.01,298257.26,In Stock,1,9,8
ORD-004700,SKU-02436,Product_Sigma_2,Pharmaceuticals,Supplier_K,Delhi WH,Central,2024-04-26,2024-05-12,Road,Net 30,738.62,276,276,109,31,10,0,203859.12,203859.12,In Stock,0,2,16
ORD-004701,SKU-09750,Product_Sigma_13,Electronics,Supplier_D,Kolkata WH,South,2024-04-27,2024-05-18,Rail,Immediate,1453.0,283,283,709,21,21,5,411199.0,390639.05,In Stock,7,3,21
ORD-004702,SKU-08354,Product_Delta_45,Furniture,Supplier_F,Mumbai WH,Central,2024-04-27,2024-05-21,Sea,Immediate,1555.73,264,264,904,126,14,20,410712.72,328570.18,In Stock,3,7,24
ORD-004703,SKU-05516,Product_Kappa_1,Electronics,Supplier_E,Kolkata WH,North,2024-04-27,2024-05-19,Sea,Net 30,2614.2,246,246,128,168,25,15,643093.2,546629.22,Low Stock,5,14,22
ORD-004704,SKU-04622,Product_Alpha_37,Electronics,Supplier_K,Kolkata WH,South,2024-04-28,2024-05-20,Road,Immediate,3321.89,341,358,964,161,17,5,1132764.49,1076126.27,In Stock,0,1,22
ORD-004705,SKU-05399,Product_Zeta_36,Furniture,Supplier_K,Kolkata WH,West,2024-04-28,2024-05-01,Air,Net 15,1911.69,61,61,870,53,28,5,116613.09,110782.44,In Stock,2,0,3
ORD-004706,SKU-06037,Product_Kappa_15,Industrial Parts,Supplier_J,Delhi WH,North,2024-04-28,2024-05-20,Road,Net 60,3600.16,412,412,136,104,14,0,1483265.92,1483265.92,In Stock,6,2,22
ORD-004707,SKU-09111,Product_Alpha_19,Apparel,Supplier_L,Bangalore WH,West,2024-04-28,2024-05-19,Road,Net 30,1687.47,471,471,909,170,13,0,794798.37,794798.37,In Stock,6,1,21
ORD-004708,SKU-04715,Product_Omega_6,Furniture,Supplier_A,Bangalore WH,East,2024-04-28,2024-05-16,Air,Immediate,1458.52,454,454,538,104,34,0,662168.08,662168.08,In Stock,7,9,18
ORD-004709,SKU-08837,Product_Omega_30,FMCG,Supplier_B,Delhi WH,North,2024-04-28,2024-05-24,Air,Net 15,2710.53,259,259,648,69,41,5,702027.27,666925.91,In Stock,1,13,26
ORD-004710,SKU-02301,Product_Kappa_35,Industrial Parts,Supplier_E,Kolkata WH,West,2024-04-28,2024-05-17,Rail,Net 60,128.34,453,453,163,161,3,10,58138.02,52324.22,In Stock,6,14,19
ORD-004711,SKU-08370,Product_Gamma_24,FMCG,Supplier_F,Mumbai WH,West,2024-04-29,2024-05-09,Sea,Net 15,408.15,457,457,348,125,4,5,186524.55,177198.32,In Stock,3,1,10
ORD-004712,SKU-06185,Product_Omega_47,Electronics,Supplier_J,Hyderabad WH,North,2024-04-29,2024-05-19,Rail,Net 15,2095.67,7,7,979,65,44,0,14669.69,14669.69,In Stock,5,3,20
ORD-004713,SKU-03155,Product_Gamma_21,Industrial Parts,Supplier_J,Delhi WH,South,2024-04-29,2024-05-01,Air,Net 30,4715.13,188,188,462,137,15,5,886444.44,842122.22,In Stock,3,12,2
ORD-004714,SKU-07411,Product_Omega_27,Apparel,Supplier_G,Bangalore WH,South,2024-04-29,2024-05-28,Rail,Net 15,3610.34,4,4,867,24,20,0,14441.36,14441.36,In Stock,8,12,29
ORD-004715,SKU-07365,Product_Gamma_38,Apparel,Supplier_H,Mumbai WH,South,2024-04-29,2024-05-10,Road,Net 60,449.75,231,231,642,85,8,10,103892.25,93503.02,In Stock,0,5,11
ORD-004716,SKU-01692,Product_Zeta_24,Apparel,Supplier_A,Bangalore WH,Central,2024-04-29,2024-05-17,Road,Net 60,4233.13,133,133,503,169,5,0,563006.29,563006.29,In Stock,0,9,18
ORD-004717,SKU-02478,Product_Kappa_23,FMCG,Supplier_G,Mumbai WH,South,2024-04-29,2024-05-24,Rail,Immediate,3664.18,395,162,884,89,2,5,1447351.1,1374983.54,In Stock,4,9,25
ORD-004718,SKU-07396,Product_Sigma_10,Industrial Parts,Supplier_J,Delhi WH,North,2024-04-29,2024-04-30,Road,Net 30,3058.62,125,125,150,127,28,10,382327.5,344094.75,In Stock,4,4,1
ORD-004719,SKU-09448,Product_Kappa_44,Apparel,Supplier_C,Mumbai WH,East,2024-04-30,2024-05-16,Rail,Net 15,4103.26,15,15,889,21,22,0,61548.9,61548.9,In Stock,7,3,16
ORD-004720,SKU-01441,Product_Zeta_24,Pharmaceuticals,Supplier_B,Chennai WH,West,2024-04-30,2024-05-15,Sea,Net 30,2026.51,448,448,245,48,9,0,907876.48,907876.48,In Stock,6,7,15
ORD-004721,SKU-03646,Product_Zeta_6,Apparel,Supplier_J,Hyderabad WH,East,2024-04-30,2024-05-17,Sea,Net 30,1115.29,482,482,109,80,28,5,537569.78,510691.29,In Stock,2,10,17
ORD-004722,SKU-06209,Product_Sigma_9,Pharmaceuticals,Supplier_F,Bangalore WH,East,2024-04-30,2024-05-29,Air,Immediate,2565.0,13,13,584,119,1,0,33345.0,33345.0,In Stock,7,4,29
ORD-004723,SKU-07533,Product_Omega_23,Pharmaceuticals,Supplier_I,Kolkata WH,West,2024-04-30,2024-05-16,Air,Immediate,2748.72,118,473,797,147,36,5,324348.96,308131.51,In Stock,3,1,16
ORD-004724,SKU-05677,Product_Kappa_29,FMCG,Supplier_H,Kolkata WH,Central,2024-04-30,2024-05-19,Air,Net 30,2696.25,240,240,274,163,42,10,647100.0,582390.0,In Stock,2,3,19
ORD-004725,SKU-08211,Product_Gamma_3,Furniture,Supplier_D,Kolkata WH,East,2024-05-01,2024-05-25,Rail,Net 15,2829.72,263,263,869,116,2,0,744216.36,744216.36,In Stock,1,6,24
ORD-004726,SKU-03645,Product_Omega_33,FMCG,Supplier_A,Kolkata WH,South,2024-05-01,2024-05-12,Sea,Net 60,4744.04,360,360,66,116,38,5,1707854.4,1622461.68,Low Stock,8,3,11
ORD-004727,SKU-09210,Product_Gamma_39,Electronics,Supplier_F,Mumbai WH,North,2024-05-01,2024-05-15,Road,Net 15,4512.21,6,6,49,33,26,20,27073.26,21658.61,In Stock,6,14,14
ORD-004728,SKU-08933,Product_Omega_35,Electronics,Supplier_E,Mumbai WH,East,2024-05-01,2024-05-13,Sea,Net 30,4379.83,440,440,815,62,31,5,1927125.2,1830768.94,In Stock,4,5,12
ORD-004729,SKU-06476,Product_Gamma_37,Electronics,Supplier_J,Chennai WH,East,2024-05-01,2024-05-27,Air,Net 30,4009.07,320,320,514,190,41,20,1282902.4,1026321.92,In Stock,8,1,26
ORD-004730,SKU-08928,Product_Gamma_14,Industrial Parts,Supplier_I,Hyderabad WH,East,2024-05-01,2024-05-11,Road,Net 15,4717.71,231,231,225,89,19,0,1089791.01,1089791.01,Reorder Pending,2,8,10
ORD-004731,SKU-03080,Product_Zeta_6,Pharmaceuticals,Supplier_C,Bangalore WH,East,2024-05-01,2024-05-11,Air,Net 60,501.49,434,434,577,74,31,10,217646.66,195881.99,In Stock,5,3,10
ORD-004732,SKU-07089,Product_Zeta_8,Furniture,Supplier_E,Mumbai WH,East,2024-05-01,2024-05-07,Road,Net 30,1332.97,30,30,505,50,9,10,39989.1,35990.19,Discontinued,7,12,6
ORD-004733,SKU-08396,Product_Alpha_34,Pharmaceuticals,Supplier_D,Delhi WH,Central,2024-05-01,2024-05-03,Rail,Net 30,2480.33,22,22,154,95,3,15,54567.26,46382.17,In Stock,8,0,2
ORD-004734,SKU-08797,Product_Beta_37,Apparel,Supplier_I,Kolkata WH,East,2024-05-01,2024-05-24,Air,Net 60,4234.21,409,409,982,187,38,0,1731791.89,1731791.89,In Stock,3,13,23
ORD-004735,SKU-01861,Product_Alpha_17,Apparel,Supplier_I,Kolkata WH,North,2024-05-01,2024-05-31,Road,Net 30,2530.78,156,156,873,174,6,0,394801.68,394801.68,In Stock,0,2,30
ORD-004736,SKU-09346,Product_Gamma_48,Furniture,Supplier_L,Delhi WH,South,2024-05-02,2024-05-22,Sea,Net 15,3742.69,118,118,479,71,7,0,441637.42,441637.42,In Stock,7,12,20
ORD-004737,SKU-04494,Product_Delta_44,FMCG,Supplier_E,Delhi WH,West,2024-05-02,2024-05-26,Rail,Immediate,703.41,340,340,110,147,41,20,239159.4,191327.52,Low Stock,9,13,24
ORD-004738,SKU-01904,Product_Omega_32,Furniture,Supplier_K,Mumbai WH,South,2024-05-02,2024-05-12,Road,Net 60,1269.54,423,129,482,26,25,5,537015.42,510164.65,In Stock,2,6,10
ORD-004739,SKU-02269,Product_Beta_21,Industrial Parts,Supplier_D,Mumbai WH,East,2024-05-02,2024-05-26,Road,Net 60,3661.56,451,451,807,193,25,20,1651363.56,1321090.85,In Stock,5,13,24
ORD-004740,SKU-01404,Product_Omega_36,Apparel,Supplier_A,Kolkata WH,West,2024-05-03,2024-05-29,Rail,Net 60,832.02,389,389,892,119,1,0,323655.78,323655.78,In Stock,3,13,26
ORD-004741,SKU-02184,Product_Zeta_34,Electronics,Supplier_L,Bangalore WH,North,2024-05-03,2024-05-22,Sea,Net 60,1763.27,193,193,767,180,22,0,340311.11,340311.11,In Stock,5,9,19
ORD-004742,SKU-09938,Product_Zeta_15,Apparel,Supplier_C,Hyderabad WH,West,2024-05-03,2024-05-12,Rail,Net 60,1331.68,399,404,273,155,20,0,531340.32,531340.32,In Stock,2,8,9
ORD-004743,SKU-02725,Product_Omega_48,Industrial Parts,Supplier_L,Delhi WH,West,2024-05-03,2024-05-05,Sea,Net 30,1755.81,346,346,154,152,13,5,607510.26,577134.75,Discontinued,6,5,2
ORD-004744,SKU-09462,Product_Zeta_45,Electronics,Supplier_K,Bangalore WH,West,2024-05-03,2024-05-24,Sea,Net 60,3544.54,195,195,650,80,40,15,691185.3,587507.5,In Stock,1,13,21
ORD-004745,SKU-06811,Product_Beta_15,Industrial Parts,Supplier_L,Mumbai WH,Central,2024-05-04,2024-05-20,Air,Immediate,1845.56,168,168,166,123,21,0,310054.08,310054.08,In Stock,4,13,16
ORD-004746,SKU-06606,Product_Kappa_10,Pharmaceuticals,Supplier_B,Chennai WH,Central,2024-05-04,2024-05-23,Sea,Net 15,2780.76,377,377,18,171,23,20,1048346.52,838677.22,Low Stock,2,12,19
ORD-004747,SKU-04956,Product_Delta_46,FMCG,Supplier_H,Bangalore WH,East,2024-05-04,2024-05-10,Air,Net 15,508.66,489,489,344,26,41,0,248734.74,248734.74,In Stock,4,13,6
ORD-004748,SKU-01171,Product_Alpha_33,Electronics,Supplier_L,Mumbai WH,South,2024-05-04,2024-05-23,Sea,Net 15,4027.04,239,239,902,102,33,10,962462.56,866216.3,In Stock,2,3,19
ORD-004749,SKU-09465,Product_Beta_32,Industrial Parts,Supplier_I,Chennai WH,South,2024-05-04,2024-05-06,Air,Net 60,1855.74,362,362,734,114,9,10,671777.88,604600.09,In Stock,8,1,2
ORD-004750,SKU-03306,Product_Gamma_5,Electronics,Supplier_B,Bangalore WH,South,2024-05-04,2024-05-26,Air,Immediate,3246.19,482,482,568,183,29,0,1564663.58,1564663.58,In Stock,7,8,22
ORD-004751,SKU-01421,Product_Sigma_16,Electronics,Supplier_G,Mumbai WH,West,2024-05-04,2024-05-14,Sea,Net 30,3629.69,244,244,897,46,32,0,885644.36,885644.36,In Stock,1,11,10
ORD-004752,SKU-06540,Product_Zeta_20,FMCG,Supplier_H,Hyderabad WH,West,2024-05-05,2024-05-31,Rail,Net 60,1056.21,69,69,293,143,11,0,72878.49,72878.49,In Stock,7,13,26
ORD-004753,SKU-05675,Product_Delta_35,Pharmaceuticals,Supplier_I,Chennai WH,South,2024-05-05,2024-05-29,Sea,Immediate,4424.53,95,95,644,176,36,0,420330.35,420330.35,In Stock,7,7,24
ORD-004754,SKU-07748,Product_Beta_13,Furniture,Supplier_A,Kolkata WH,Central,2024-05-05,2024-05-25,Air,Net 15,3084.96,499,499,461,106,29,20,1539395.04,1231516.03,In Stock,9,6,20
ORD-004755,SKU-07103,Product_Alpha_2,Furniture,Supplier_G,Chennai WH,Central,2024-05-05,2024-05-06,Rail,Net 30,2149.34,77,77,337,167,31,20,165499.18,132399.34,In Stock,2,1,1
ORD-004756,SKU-02473,Product_Alpha_19,Electronics,Supplier_K,Mumbai WH,North,2024-05-05,2024-05-15,Road,Net 15,919.85,171,171,803,89,14,10,157294.35,141564.92,In Stock,9,1,10
ORD-004757,SKU-04243,Product_Beta_14,Electronics,Supplier_G,Kolkata WH,East,2024-05-06,2024-05-22,Road,Net 60,4712.08,1,1,451,133,25,10,4712.08,4240.87,In Stock,4,7,16
ORD-004758,SKU-03181,Product_Gamma_50,Electronics,Supplier_K,Bangalore WH,West,2024-05-06,2024-05-09,Sea,Net 15,3777.79,406,422,343,95,26,0,1533782.74,1533782.74,In Stock,1,8,3
ORD-004759,SKU-04096,Product_Beta_5,Pharmaceuticals,Supplier_E,Delhi WH,North,2024-05-06,2024-05-11,Air,Net 30,1048.04,62,62,716,133,22,0,64978.48,64978.48,In Stock,9,8,5
ORD-004760,SKU-07646,Product_Sigma_29,FMCG,Supplier_K,Kolkata WH,North,2024-05-06,2024-05-23,Air,Immediate,1695.18,207,207,630,22,9,15,350902.26,298266.92,Discontinued,5,7,17
ORD-004761,SKU-06882,Product_Beta_28,Electronics,Supplier_D,Delhi WH,Central,2024-05-06,2024-05-09,Rail,Net 30,4050.27,154,154,764,186,33,5,623741.58,592554.5,In Stock,1,0,3
ORD-004762,SKU-06982,Product_Omega_43,Pharmaceuticals,Supplier_K,Hyderabad WH,South,2024-05-07,2024-06-04,Air,Net 60,3481.43,274,55,84,118,23,10,953911.82,858520.64,Low Stock,3,4,28
ORD-004763,SKU-06798,Product_Zeta_1,Apparel,Supplier_B,Bangalore WH,South,2024-05-07,2024-06-02,Sea,Immediate,3831.26,48,48,696,143,35,10,183900.48,165510.43,In Stock,2,6,26
ORD-004764,SKU-09415,Product_Sigma_22,Industrial Parts,Supplier_F,Chennai WH,West,2024-05-07,2024-05-16,Rail,Net 60,2211.59,137,137,736,64,20,5,302987.83,287838.44,In Stock,0,9,9
ORD-004765,SKU-09411,Product_Zeta_24,Electronics,Supplier_K,Mumbai WH,Central,2024-05-08,2024-05-17,Rail,Net 15,3585.22,1,1,659,145,33,0,3585.22,3585.22,In Stock,7,5,9
ORD-004766,SKU-09456,Product_Delta_20,Furniture,Supplier_I,Hyderabad WH,West,2024-05-08,2024-05-13,Road,Net 15,1938.6,235,235,388,87,35,10,455571.0,410013.9,In Stock,7,10,5
ORD-004767,SKU-05524,Product_Zeta_40,Electronics,Supplier_J,Mumbai WH,South,2024-05-09,2024-05-29,Sea,Net 60,1064.2,393,393,791,50,30,5,418230.6,397319.07,Discontinued,0,11,20
ORD-004768,SKU-07559,Product_Kappa_41,FMCG,Supplier_A,Hyderabad WH,West,2024-05-09,2024-05-18,Sea,Net 60,3167.06,256,256,226,125,30,15,810767.36,689152.26,In Stock,5,0,9
ORD-004769,SKU-08620,Product_Alpha_44,Apparel,Supplier_B,Kolkata WH,Central,2024-05-09,2024-05-18,Air,Net 60,4880.31,407,407,285,57,22,5,1986286.17,1886971.86,Discontinued,0,9,9
ORD-004770,SKU-03774,Product_Kappa_3,Industrial Parts,Supplier_G,Kolkata WH,North,2024-05-09,2024-06-06,Sea,Immediate,1559.9,107,107,283,153,1,0,166909.3,166909.3,In Stock,8,14,28
ORD-004771,SKU-06673,Product_Kappa_21,Electronics,Supplier_K,Bangalore WH,South,2024-05-09,2024-05-18,Road,Net 15,2310.24,173,173,692,27,15,0,399671.52,399671.52,In Stock,0,5,9
ORD-004772,SKU-04124,Product_Omega_2,Furniture,Supplier_E,Bangalore WH,South,2024-05-09,2024-05-10,Sea,Net 60,3373.27,130,130,946,47,25,10,438525.1,394672.59,In Stock,2,3,1
ORD-004773,SKU-09671,Product_Sigma_45,Electronics,Supplier_J,Bangalore WH,South,2024-05-10,2024-06-03,Sea,Net 15,2712.12,398,76,108,34,20,5,1079423.76,1025452.57,In Stock,8,2,24
ORD-004774,SKU-02353,Product_Kappa_25,Furniture,Supplier_L,Bangalore WH,North,2024-05-10,2024-05-14,Road,Immediate,4218.7,294,294,134,27,7,5,1240297.8,1178282.91,In Stock,0,3,4
ORD-004775,SKU-04854,Product_Beta_28,FMCG,Supplier_K,Delhi WH,Central,2024-05-10,2024-05-30,Air,Net 60,3811.1,40,328,937,73,16,5,152444.0,144821.8,In Stock,1,7,20
ORD-004776,SKU-09134,Product_Omega_44,Apparel,Supplier_C,Bangalore WH,West,2024-05-11,2024-05-17,Rail,Net 30,300.9,447,447,290,153,23,5,134502.3,127777.18,In Stock,3,10,6
ORD-004777,SKU-01924,Product_Kappa_2,Industrial Parts,Supplier_K,Kolkata WH,East,2024-05-11,2024-06-10,Sea,Immediate,4992.12,338,338,886,48,21,0,1687336.56,1687336.56,In Stock,6,5,30
ORD-004778,SKU-03170,Product_Zeta_3,Electronics,Supplier_I,Chennai WH,East,2024-05-11,2024-05-30,Sea,Net 60,3764.49,16,16,989,134,1,0,60231.84,60231.84,In Stock,7,8,19
ORD-004779,SKU-06506,Product_Kappa_49,Pharmaceuticals,Supplier_B,Delhi WH,North,2024-05-11,2024-06-04,Rail,Net 30,4320.88,127,127,801,53,20,0,548751.76,548751.76,In Stock,0,4,24
ORD-004780,SKU-03395,Product_Beta_31,Apparel,Supplier_F,Hyderabad WH,West,2024-05-12,2024-05-17,Air,Immediate,3259.48,373,219,614,26,19,0,1215786.04,1215786.04,In Stock,0,10,5
ORD-004781,SKU-09220,Product_Sigma_35,Apparel,Supplier_A,Kolkata WH,North,2024-05-12,2024-06-03,Rail,Net 60,4282.86,349,349,712,59,6,5,1494718.14,1419982.23,In Stock,4,8,22
ORD-004782,SKU-09226,Product_Beta_6,Electronics,Supplier_D,Delhi WH,West,2024-05-12,2024-05-27,Rail,Net 30,570.79,492,492,507,93,38,0,280828.68,280828.68,In Stock,7,3,15
ORD-004783,SKU-06515,Product_Delta_47,Electronics,Supplier_H,Hyderabad WH,Central,2024-05-12,2024-05-24,Rail,Net 15,1745.21,203,203,628,160,32,0,354277.63,354277.63,In Stock,0,13,12
ORD-004784,SKU-03670,Product_Beta_30,Industrial Parts,Supplier_A,Mumbai WH,North,2024-05-13,2024-06-08,Sea,Net 60,4383.34,134,134,843,81,1,0,587367.56,587367.56,In Stock,2,14,26
ORD-004785,SKU-04365,Product_Zeta_48,Electronics,Supplier_B,Bangalore WH,West,2024-05-13,2024-05-19,Sea,Net 15,1016.26,259,259,821,105,30,0,263211.34,263211.34,In Stock,5,11,6
ORD-004786,SKU-01588,Product_Omega_16,Industrial Parts,Supplier_H,Delhi WH,West,2024-05-13,2024-05-22,Air,Immediate,400.43,14,14,28,135,16,20,5606.02,4484.82,Low Stock,0,3,9
ORD-004787,SKU-04138,Product_Kappa_3,Pharmaceuticals,Supplier_A,Delhi WH,North,2024-05-13,2024-06-08,Road,Net 30,3942.71,66,66,393,84,27,0,260218.86,260218.86,In Stock,2,5,26
ORD-004788,SKU-07663,Product_Omega_20,FMCG,Supplier_J,Chennai WH,North,2024-05-14,2024-06-06,Rail,Immediate,4179.08,480,480,26,60,18,10,2005958.4,1805362.56,Low Stock,0,13,23
ORD-004789,SKU-05086,Product_Kappa_14,Furniture,Supplier_C,Kolkata WH,East,2024-05-14,2024-05-22,Sea,Net 15,821.63,351,351,466,142,13,0,288392.13,288392.13,In Stock,3,12,8
ORD-004790,SKU-09531,Product_Zeta_7,Electronics,Supplier_G,Bangalore WH,North,2024-05-15,2024-05-31,Rail,Net 30,4273.19,459,459,12,189,44,15,1961394.21,1667185.08,Low Stock,8,9,16
ORD-004791,SKU-05270,Product_Alpha_44,Electronics,Supplier_K,Bangalore WH,South,2024-05-15,2024-05-21,Air,Immediate,3436.97,342,342,553,135,28,20,1175443.74,940354.99,In Stock,4,10,6
ORD-004792,SKU-07019,Product_Gamma_38,Industrial Parts,Supplier_E,Bangalore WH,North,2024-05-15,2024-06-10,Rail,Net 60,2605.21,195,195,932,85,10,5,508015.95,482615.15,In Stock,2,6,26
ORD-004793,SKU-01556,Product_Alpha_33,FMCG,Supplier_A,Bangalore WH,North,2024-05-15,2024-06-01,Road,Immediate,4152.95,114,114,444,135,14,15,473436.3,402420.86,In Stock,9,13,17
ORD-004794,SKU-09022,Product_Kappa_5,Furniture,Supplier_H,Kolkata WH,South,2024-05-15,2024-06-12,Sea,Net 30,2102.05,159,343,223,158,29,0,334225.95,334225.95,In Stock,6,1,28
ORD-004795,SKU-06452,Product_Gamma_30,Furniture,Supplier_A,Mumbai WH,Central,2024-05-15,2024-05-17,Rail,Immediate,978.03,161,161,462,120,11,0,157462.83,157462.83,In Stock,5,3,2
ORD-004796,SKU-04567,Product_Sigma_45,Electronics,Supplier_D,Kolkata WH,South,2024-05-15,2024-05-26,Road,Net 60,1431.41,254,254,20,69,27,0,363578.14,363578.14,Low Stock,8,14,11
ORD-004797,SKU-04899,Product_Zeta_35,Pharmaceuticals,Supplier_A,Chennai WH,East,2024-05-15,2024-05-18,Air,Immediate,2530.77,472,472,386,90,44,0,1194523.44,1194523.44,In Stock,3,12,3
ORD-004798,SKU-07477,Product_Alpha_17,Pharmaceuticals,Supplier_I,Kolkata WH,East,2024-05-15,2024-05-20,Rail,Net 60,2661.34,385,385,647,182,17,0,1024615.9,1024615.9,In Stock,3,7,5
ORD-004799,SKU-08500,Product_Beta_45,FMCG,Supplier_K,Delhi WH,Central,2024-05-16,2024-06-05,Air,Net 30,4029.85,428,56,325,99,3,0,1724775.8,1724775.8,In Stock,8,8,20
ORD-004800,SKU-02016,Product_Kappa_12,Pharmaceuticals,Supplier_I,Chennai WH,North,2024-05-16,2024-06-15,Sea,Immediate,3958.85,15,15,732,98,31,5,59382.75,56413.61,In Stock,1,4,30
ORD-004801,SKU-07470,Product_Kappa_19,Furniture,Supplier_A,Mumbai WH,West,2024-05-16,2024-06-12,Road,Immediate,2911.02,37,37,466,39,21,10,107707.74,96936.97,In Stock,9,5,27
ORD-004802,SKU-03062,Product_Gamma_3,FMCG,Supplier_I,Chennai WH,West,2024-05-16,2024-05-21,Sea,Net 15,3906.12,155,155,656,175,33,0,605448.6,605448.6,In Stock,1,9,5
ORD-004803,SKU-05321,Product_Sigma_39,Furniture,Supplier_K,Mumbai WH,Central,2024-05-16,2024-06-12,Road,Net 15,966.95,486,486,521,142,1,0,469937.7,469937.7,In Stock,8,11,27
ORD-004804,SKU-04496,Product_Omega_28,FMCG,Supplier_B,Hyderabad WH,West,2024-05-17,2024-06-02,Rail,Net 60,259.82,432,432,224,56,6,5,112242.24,106630.13,In Stock,6,6,16
ORD-004805,SKU-02813,Product_Beta_44,Apparel,Supplier_H,Delhi WH,South,2024-05-17,2024-06-11,Road,Net 15,4369.43,27,27,652,22,4,5,117974.61,112075.88,In Stock,4,6,25
ORD-004806,SKU-07256,Product_Gamma_5,Furniture,Supplier_C,Chennai WH,North,2024-05-17,2024-05-31,Air,Immediate,387.02,492,492,474,112,22,0,190413.84,190413.84,In Stock,4,14,14
ORD-004807,SKU-03313,Product_Delta_31,Apparel,Supplier_G,Chennai WH,West,2024-05-17,2024-06-11,Road,Net 60,1240.98,12,349,617,120,13,0,14891.76,14891.76,In Stock,8,2,25
ORD-004808,SKU-02231,Product_Kappa_16,Pharmaceuticals,Supplier_C,Mumbai WH,South,2024-05-17,2024-05-30,Road,Net 15,3479.64,67,67,779,174,44,5,233135.88,221479.09,In Stock,9,12,13
ORD-004809,SKU-06831,Product_Alpha_25,Pharmaceuticals,Supplier_I,Mumbai WH,North,2024-05-17,2024-05-25,Road,Net 60,2053.15,30,30,705,51,30,0,61594.5,61594.5,In Stock,4,1,8
ORD-004810,SKU-03999,Product_Gamma_50,Industrial Parts,Supplier_C,Chennai WH,Central,2024-05-17,2024-06-08,Road,Net 15,4382.81,96,96,457,67,40,15,420749.76,357637.3,In Stock,8,9,22
ORD-004811,SKU-04440,Product_Zeta_3,Industrial Parts,Supplier_J,Bangalore WH,South,2024-05-17,2024-06-01,Road,Immediate,1496.92,215,215,639,65,26,0,321837.8,321837.8,In Stock,7,7,15
ORD-004812,SKU-05056,Product_Sigma_12,Pharmaceuticals,Supplier_G,Chennai WH,South,2024-05-18,2024-06-11,Air,Net 15,69.24,194,194,212,133,39,0,13432.56,13432.56,In Stock,5,8,24
ORD-004813,SKU-01305,Product_Delta_22,Pharmaceuticals,Supplier_I,Delhi WH,South,2024-05-18,2024-06-08,Rail,Net 60,1510.27,135,135,662,114,39,5,203886.45,193692.13,In Stock,4,10,21
ORD-004814,SKU-02689,Product_Kappa_15,Pharmaceuticals,Supplier_C,Mumbai WH,Central,2024-05-18,2024-05-24,Air,Net 60,2894.59,290,307,960,66,7,20,839431.1,671544.88,In Stock,4,7,6
ORD-004815,SKU-04917,Product_Kappa_45,Apparel,Supplier_K,Delhi WH,North,2024-05-18,2024-05-25,Air,Net 30,1885.93,32,32,480,59,14,10,60349.76,54314.78,In Stock,4,7,7
ORD-004816,SKU-08080,Product_Beta_7,Industrial Parts,Supplier_E,Kolkata WH,Central,2024-05-18,2024-06-06,Sea,Net 15,2679.02,373,373,895,150,26,0,999274.46,999274.46,In Stock,0,14,19
ORD-004817,SKU-09611,Product_Gamma_9,FMCG,Supplier_E,Bangalore WH,South,2024-05-18,2024-06-11,Air,Net 30,4384.22,39,386,179,135,18,0,170984.58,170984.58,In Stock,4,1,24
ORD-004818,SKU-03936,Product_Gamma_48,Apparel,Supplier_I,Chennai WH,Central,2024-05-18,2024-06-14,Road,Net 60,4563.3,352,352,828,176,24,5,1606281.6,1525967.52,In Stock,2,10,27
ORD-004819,SKU-04862,Product_Alpha_29,Pharmaceuticals,Supplier_F,Bangalore WH,West,2024-05-19,2024-05-31,Road,Net 60,1337.21,427,427,537,110,25,0,570988.67,570988.67,In Stock,5,3,12
ORD-004820,SKU-06649,Product_Kappa_24,FMCG,Supplier_A,Chennai WH,Central,2024-05-19,2024-05-21,Air,Net 30,2316.08,427,427,526,77,32,10,988966.16,890069.54,In Stock,8,5,2
ORD-004821,SKU-04261,Product_Zeta_2,FMCG,Supplier_K,Kolkata WH,South,2024-05-19,2024-06-09,Rail,Net 60,2750.23,206,206,21,197,6,5,566547.38,538220.01,Low Stock,2,7,21
ORD-004822,SKU-02819,Product_Omega_41,Industrial Parts,Supplier_A,Kolkata WH,North,2024-05-19,2024-05-28,Rail,Immediate,4746.07,387,387,344,29,16,0,1836729.09,1836729.09,Reorder Pending,0,12,9
ORD-004823,SKU-02342,Product_Beta_27,Electronics,Supplier_H,Kolkata WH,North,2024-05-19,2024-06-13,Rail,Net 30,4993.1,430,430,576,80,3,0,2147033.0,2147033.0,In Stock,7,1,25
ORD-004824,SKU-06560,Product_Kappa_3,Industrial Parts,Supplier_C,Mumbai WH,East,2024-05-19,2024-06-15,Rail,Net 30,1184.68,416,416,762,130,21,10,492826.88,443544.19,In Stock,8,11,27
ORD-004825,SKU-03226,Product_Sigma_28,Furniture,Supplier_I,Chennai WH,South,2024-05-19,2024-05-23,Sea,Net 30,3637.63,43,43,921,140,32,5,156418.09,148597.19,In Stock,9,7,4
ORD-004826,SKU-02079,Product_Zeta_5,Electronics,Supplier_I,Bangalore WH,North,2024-05-20,2024-05-22,Sea,Net 60,1896.38,484,484,20,80,2,15,917847.92,780170.73,Low Stock,3,0,2
ORD-004827,SKU-05206,Product_Beta_6,Pharmaceuticals,Supplier_K,Delhi WH,West,2024-05-20,2024-05-26,Sea,Net 60,50.46,337,337,744,170,20,0,17005.02,17005.02,In Stock,9,10,6
ORD-004828,SKU-07280,Product_Sigma_43,Furniture,Supplier_J,Mumbai WH,North,2024-05-20,2024-06-04,Air,Net 30,56.17,496,496,407,25,11,10,27860.32,25074.29,In Stock,4,5,15
ORD-004829,SKU-08235,Product_Omega_31,Pharmaceuticals,Supplier_F,Chennai WH,South,2024-05-20,2024-06-02,Rail,Net 30,2308.22,259,259,486,94,18,0,597828.98,597828.98,In Stock,2,7,13
ORD-004830,SKU-01813,Product_Zeta_33,Apparel,Supplier_J,Delhi WH,South,2024-05-20,2024-06-05,Rail,Net 30,2446.79,249,249,527,134,11,0,609250.71,609250.71,In Stock,7,7,16
ORD-004831,SKU-06089,Product_Delta_9,Industrial Parts,Supplier_C,Hyderabad WH,West,2024-05-21,2024-05-31,Air,Net 15,122.62,74,74,415,174,35,10,9073.88,8166.49,In Stock,2,11,10
ORD-004832,SKU-03031,Product_Beta_2,Apparel,Supplier_K,Bangalore WH,North,2024-05-21,2024-06-06,Sea,Immediate,3437.77,373,373,271,50,36,15,1282288.21,1089944.98,In Stock,3,10,16
ORD-004833,SKU-09514,Product_Gamma_6,FMCG,Supplier_K,Hyderabad WH,North,2024-05-21,2024-06-14,Sea,Net 60,1477.08,319,319,204,142,38,0,471188.52,471188.52,Reorder Pending,9,6,24
ORD-004834,SKU-06911,Product_Gamma_43,Pharmaceuticals,Supplier_H,Delhi WH,Central,2024-05-21,2024-06-15,Sea,Immediate,2803.87,367,367,297,177,12,10,1029020.29,926118.26,In Stock,6,6,25
ORD-004835,SKU-03653,Product_Delta_29,Electronics,Supplier_K,Hyderabad WH,South,2024-05-21,2024-06-20,Air,Net 30,1511.59,296,296,671,86,31,10,447430.64,402687.58,In Stock,1,13,30
ORD-004836,SKU-04340,Product_Omega_36,Apparel,Supplier_E,Kolkata WH,South,2024-05-21,2024-06-08,Rail,Net 60,844.0,274,274,945,32,36,0,231256.0,231256.0,In Stock,0,10,18
ORD-004837,SKU-08876,Product_Sigma_31,Furniture,Supplier_B,Chennai WH,Central,2024-05-22,2024-05-30,Rail,Immediate,2041.8,323,323,552,78,30,15,659501.4,560576.19,In Stock,3,9,8
ORD-004838,SKU-02141,Product_Beta_43,Electronics,Supplier_B,Chennai WH,South,2024-05-22,2024-06-04,Sea,Net 15,1169.04,359,359,107,73,44,5,419685.36,398701.09,In Stock,7,10,13
ORD-004839,SKU-09558,Product_Gamma_38,Electronics,Supplier_G,Mumbai WH,West,2024-05-22,2024-06-13,Road,Immediate,2678.66,190,190,636,123,4,10,508945.4,458050.86,In Stock,0,11,22
ORD-004840,SKU-03897,Product_Zeta_8,FMCG,Supplier_I,Delhi WH,West,2024-05-22,2024-06-14,Air,Immediate,1002.15,138,138,151,40,2,5,138296.7,131381.86,In Stock,9,8,23
ORD-004841,SKU-05041,Product_Alpha_15,FMCG,Supplier_A,Hyderabad WH,East,2024-05-22,2024-06-04,Air,Net 30,2546.95,436,436,12,62,44,5,1110470.2,1054946.69,Low Stock,2,1,13
ORD-004842,SKU-03038,Product_Delta_10,Electronics,Supplier_G,Hyderabad WH,South,2024-05-22,2024-06-07,Sea,Net 60,795.32,457,457,714,30,13,15,363461.24,308942.05,In Stock,3,12,16
ORD-004843,SKU-05270,Product_Sigma_9,Apparel,Supplier_J,Delhi WH,West,2024-05-23,2024-06-01,Rail,Net 60,3358.16,302,302,78,128,26,0,1014164.32,1014164.32,Low Stock,3,0,9
ORD-004844,SKU-05683,Product_Zeta_1,FMCG,Supplier_K,Chennai WH,North,2024-05-23,2024-05-28,Rail,Net 60,3772.15,311,363,905,86,29,0,1173138.65,1173138.65,In Stock,2,11,5
ORD-004845,SKU-01494,Product_Omega_4,Pharmaceuticals,Supplier_B,Hyderabad WH,East,2024-05-23,2024-06-09,Sea,Net 60,560.87,430,430,553,185,36,15,241174.1,204997.98,In Stock,2,1,17
ORD-004846,SKU-08116,Product_Alpha_8,Furniture,Supplier_L,Mumbai WH,East,2024-05-23,2024-06-20,Sea,Net 60,2344.33,331,331,168,114,28,15,775973.23,659577.25,In Stock,6,13,28
ORD-004847,SKU-02784,Product_Sigma_38,Pharmaceuticals,Supplier_J,Delhi WH,Central,2024-05-23,2024-06-06,Sea,Net 60,363.65,444,444,248,171,8,0,161460.6,161460.6,In Stock,7,13,14
ORD-004848,SKU-04510,Product_Alpha_20,Industrial Parts,Supplier_G,Hyderabad WH,Central,2024-05-23,2024-05-24,Sea,Net 60,2994.93,353,353,120,125,5,0,1057210.29,1057210.29,Low Stock,9,2,1
ORD-004849,SKU-04786,Product_Gamma_21,Apparel,Supplier_B,Chennai WH,East,2024-05-24,2024-06-03,Sea,Net 30,1329.38,484,484,386,70,32,10,643419.92,579077.93,In Stock,3,14,10
ORD-004850,SKU-06266,Product_Delta_31,Furniture,Supplier_C,Mumbai WH,West,2024-05-24,2024-06-23,Rail,Net 15,2642.85,282,282,438,65,30,0,745283.7,745283.7,In Stock,7,8,30
ORD-004851,SKU-06428,Product_Delta_13,Apparel,Supplier_H,Delhi WH,Central,2024-05-25,2024-06-20,Sea,Net 60,2592.13,411,284,271,62,14,5,1065365.43,1012097.16,In Stock,7,9,26
ORD-004852,SKU-07681,Product_Kappa_31,Electronics,Supplier_G,Mumbai WH,Central,2024-05-25,2024-06-09,Sea,Immediate,4622.53,166,166,299,46,43,0,767339.98,767339.98,In Stock,5,12,15
ORD-004853,SKU-07893,Product_Kappa_14,Industrial Parts,Supplier_G,Hyderabad WH,West,2024-05-25,2024-06-07,Sea,Net 15,2749.93,278,278,720,104,10,5,764480.54,726256.51,In Stock,0,6,13
ORD-004854,SKU-05658,Product_Beta_12,FMCG,Supplier_C,Hyderabad WH,South,2024-05-25,2024-06-16,Sea,Net 30,2919.16,26,26,472,177,10,0,75898.16,75898.16,In Stock,6,4,22
ORD-004855,SKU-08082,Product_Zeta_36,Apparel,Supplier_A,Bangalore WH,Central,2024-05-26,2024-06-06,Rail,Immediate,2014.25,470,470,157,113,6,10,946697.5,852027.75,In Stock,6,4,11
ORD-004856,SKU-07869,Product_Beta_10,Furniture,Supplier_I,Delhi WH,South,2024-05-26,2024-06-12,Sea,Net 60,4745.91,453,227,632,146,16,10,2149897.23,1934907.51,In Stock,4,5,17
ORD-004857,SKU-08607,Product_Gamma_33,FMCG,Supplier_A,Chennai WH,North,2024-05-26,2024-06-17,Sea,Net 30,3888.16,419,419,226,29,26,5,1629139.04,1547682.09,In Stock,5,1,22
ORD-004858,SKU-08669,Product_Gamma_49,Industrial Parts,Supplier_I,Kolkata WH,West,2024-05-27,2024-05-29,Air,Net 60,1434.17,450,450,420,150,21,0,645376.5,645376.5,In Stock,8,0,2
ORD-004859,SKU-07219,Product_Beta_31,FMCG,Supplier_C,Chennai WH,South,2024-05-27,2024-05-31,Rail,Net 15,4222.61,483,332,955,79,36,0,2039520.63,2039520.63,In Stock,2,10,4
ORD-004860,SKU-05534,Product_Beta_37,Pharmaceuticals,Supplier_A,Delhi WH,South,2024-05-28,2024-06-27,Road,Net 30,2167.66,73,73,972,46,41,0,158239.18,158239.18,In Stock,3,0,30
ORD-004861,SKU-06979,Product_Gamma_16,Apparel,Supplier_D,Bangalore WH,South,2024-05-28,2024-06-15,Air,Immediate,4145.05,115,115,23,142,42,5,476680.75,452846.71,Low Stock,8,2,18
ORD-004862,SKU-09890,Product_Zeta_41,FMCG,Supplier_J,Bangalore WH,Central,2024-05-28,2024-06-18,Rail,Net 15,4116.21,51,51,741,192,30,10,209926.71,188934.04,Discontinued,9,0,21
ORD-004863,SKU-02312,Product_Omega_15,Apparel,Supplier_B,Delhi WH,North,2024-05-28,2024-06-09,Road,Net 60,952.46,369,369,537,81,5,0,351457.74,351457.74,Discontinued,1,8,12
ORD-004864,SKU-03962,Product_Sigma_27,Industrial Parts,Supplier_H,Kolkata WH,North,2024-05-28,2024-06-25,Sea,Net 15,3508.69,402,402,569,171,10,10,1410493.38,1269444.04,In Stock,8,9,28
ORD-004865,SKU-03938,Product_Alpha_49,Pharmaceuticals,Supplier_A,Bangalore WH,South,2024-05-28,2024-06-11,Rail,Net 60,1460.31,171,171,776,65,31,10,249713.01,224741.71,In Stock,4,12,14
ORD-004866,SKU-04197,Product_Zeta_3,Electronics,Supplier_K,Kolkata WH,West,2024-05-28,2024-06-17,Rail,Net 30,1494.49,268,268,637,145,11,5,400523.32,380497.15,In Stock,2,14,20
ORD-004867,SKU-06296,Product_Omega_50,Industrial Parts,Supplier_C,Hyderabad WH,Central,2024-05-29,2024-06-28,Rail,Net 60,1488.78,3,3,956,191,38,0,4466.34,4466.34,In Stock,7,12,30
ORD-004868,SKU-08204,Product_Zeta_2,FMCG,Supplier_G,Hyderabad WH,Central,2024-05-29,2024-06-19,Road,Net 30,3630.59,210,210,786,82,7,15,762423.9,648060.32,In Stock,8,12,21
ORD-004869,SKU-06730,Product_Delta_43,Pharmaceuticals,Supplier_D,Hyderabad WH,North,2024-05-29,2024-06-26,Air,Net 15,1156.83,376,376,539,23,12,10,434968.08,391471.27,In Stock,0,14,28
ORD-004870,SKU-01126,Product_Omega_26,Industrial Parts,Supplier_K,Mumbai WH,East,2024-05-29,2024-06-07,Sea,Net 60,14.52,486,486,902,35,41,20,7056.72,5645.38,In Stock,4,4,9
ORD-004871,SKU-06602,Product_Kappa_39,Electronics,Supplier_E,Mumbai WH,East,2024-05-29,2024-06-09,Rail,Net 60,3579.03,391,391,812,198,8,0,1399400.73,1399400.73,In Stock,8,8,11
ORD-004872,SKU-02191,Product_Delta_48,Furniture,Supplier_E,Kolkata WH,West,2024-05-30,2024-06-08,Air,Net 15,864.21,481,481,981,93,28,20,415685.01,332548.01,In Stock,1,4,9
ORD-004873,SKU-03639,Product_Gamma_31,Industrial Parts,Supplier_E,Kolkata WH,West,2024-05-30,2024-06-08,Rail,Net 30,531.37,390,390,127,131,16,0,207234.3,207234.3,Low Stock,0,0,9
ORD-004874,SKU-02366,Product_Zeta_42,Industrial Parts,Supplier_D,Kolkata WH,East,2024-05-30,2024-06-25,Sea,Net 30,1195.21,338,338,93,120,3,5,403980.98,383781.93,Reorder Pending,7,10,26
ORD-004875,SKU-07453,Product_Gamma_16,Apparel,Supplier_F,Chennai WH,Central,2024-05-30,2024-06-03,Road,Net 60,1905.7,301,301,702,195,37,5,573615.7,544934.91,In Stock,5,11,4
ORD-004876,SKU-07671,Product_Sigma_32,Pharmaceuticals,Supplier_J,Chennai WH,Central,2024-05-30,2024-06-08,Sea,Net 15,2384.77,383,383,420,64,32,5,913366.91,867698.56,In Stock,1,6,9
ORD-004877,SKU-07683,Product_Beta_28,Pharmaceuticals,Supplier_G,Mumbai WH,East,2024-05-30,2024-06-20,Road,Net 30,232.4,342,342,271,150,21,10,79480.8,71532.72,In Stock,2,6,21
ORD-004878,SKU-05539,Product_Alpha_27,Apparel,Supplier_K,Kolkata WH,South,2024-05-30,2024-06-18,Sea,Immediate,4853.16,115,115,483,36,18,0,558113.4,558113.4,In Stock,4,3,19
ORD-004879,SKU-09876,Product_Beta_36,Furniture,Supplier_K,Delhi WH,East,2024-05-30,2024-06-12,Rail,Net 30,3583.15,167,167,4,184,11,15,598386.05,508628.14,Low Stock,0,2,13
ORD-004880,SKU-03887,Product_Beta_46,FMCG,Supplier_C,Mumbai WH,West,2024-05-31,2024-06-15,Rail,Net 60,1622.74,435,435,156,24,8,5,705891.9,670597.3,In Stock,1,0,15
ORD-004881,SKU-05086,Product_Gamma_50,FMCG,Supplier_K,Mumbai WH,West,2024-05-31,2024-06-25,Rail,Net 30,1600.3,265,265,51,194,12,20,424079.5,339263.6,Low Stock,0,6,25
ORD-004882,SKU-03261,Product_Alpha_24,Pharmaceuticals,Supplier_E,Bangalore WH,North,2024-05-31,2024-06-22,Road,Net 15,2248.23,227,227,242,63,2,0,510348.21,510348.21,Discontinued,6,4,22
ORD-004883,SKU-05180,Product_Sigma_26,Pharmaceuticals,Supplier_F,Mumbai WH,Central,2024-05-31,2024-06-24,Road,Immediate,3134.96,151,427,662,180,41,10,473378.96,426041.06,In Stock,6,9,24
ORD-004884,SKU-03841,Product_Sigma_30,Apparel,Supplier_I,Hyderabad WH,West,2024-05-31,2024-06-08,Air,Immediate,740.4,268,268,773,40,22,5,198427.2,188505.84,In Stock,9,0,8
ORD-004885,SKU-07040,Product_Omega_20,Pharmaceuticals,Supplier_K,Hyderabad WH,North,2024-05-31,2024-06-24,Sea,Net 60,952.76,116,116,419,87,9,5,110520.16,104994.15,In Stock,4,0,24
ORD-004886,SKU-04560,Product_Omega_20,FMCG,Supplier_H,Hyderabad WH,West,2024-05-31,2024-06-22,Air,Net 30,4298.58,88,88,952,51,14,10,378275.04,340447.54,In Stock,9,14,22
ORD-004887,SKU-05758,Product_Kappa_33,Apparel,Supplier_A,Delhi WH,East,2024-05-31,2024-06-19,Rail,Net 60,1288.71,318,318,928,43,15,0,409809.78,409809.78,In Stock,5,2,19
ORD-004888,SKU-01626,Product_Kappa_25,FMCG,Supplier_B,Bangalore WH,West,2024-06-01,2024-06-26,Air,Net 15,1907.17,242,242,816,182,11,0,461535.14,461535.14,In Stock,2,2,25
ORD-004889,SKU-06014,Product_Gamma_31,Apparel,Supplier_C,Hyderabad WH,South,2024-06-01,2024-06-08,Sea,Immediate,4357.65,360,226,424,165,13,10,1568754.0,1411878.6,In Stock,1,1,7
ORD-004890,SKU-02375,Product_Omega_6,Industrial Parts,Supplier_A,Bangalore WH,East,2024-06-01,2024-06-18,Road,Net 15,3319.11,329,329,79,86,28,5,1091987.19,1037387.83,Low Stock,9,7,17
ORD-004891,SKU-02181,Product_Kappa_22,Furniture,Supplier_L,Delhi WH,East,2024-06-01,2024-06-12,Sea,Net 60,1715.14,333,333,694,122,25,0,571141.62,571141.62,In Stock,8,12,11
ORD-004892,SKU-06708,Product_Beta_17,FMCG,Supplier_L,Kolkata WH,South,2024-06-01,2024-06-23,Road,Net 30,3421.66,40,40,353,73,37,5,136866.4,130023.08,In Stock,1,11,22
ORD-004893,SKU-01490,Product_Sigma_18,Industrial Parts,Supplier_E,Bangalore WH,East,2024-06-01,2024-06-24,Sea,Net 30,108.22,182,182,618,173,6,5,19696.04,18711.24,In Stock,0,7,23
ORD-004894,SKU-04729,Product_Sigma_39,Apparel,Supplier_K,Kolkata WH,West,2024-06-01,2024-06-07,Rail,Net 60,3680.86,490,490,665,144,37,10,1803621.4,1623259.26,In Stock,8,5,6
ORD-004895,SKU-06974,Product_Delta_21,Pharmaceuticals,Supplier_K,Mumbai WH,South,2024-06-01,2024-06-12,Air,Net 60,2440.21,209,209,292,136,33,0,510003.89,510003.89,In Stock,7,4,11
ORD-004896,SKU-04534,Product_Omega_16,Electronics,Supplier_C,Delhi WH,West,2024-06-01,2024-06-19,Air,Net 15,4067.78,391,391,716,84,25,5,1590501.98,1510976.88,In Stock,7,12,18
ORD-004897,SKU-04296,Product_Delta_23,FMCG,Supplier_E,Mumbai WH,Central,2024-06-01,2024-06-02,Sea,Net 30,4773.64,273,273,115,198,23,10,1303203.72,1172883.35,Low Stock,6,13,1
ORD-004898,SKU-02940,Product_Sigma_13,FMCG,Supplier_C,Bangalore WH,West,2024-06-01,2024-06-23,Sea,Immediate,4629.68,119,119,528,133,8,10,550931.92,495838.73,In Stock,8,5,22
ORD-004899,SKU-06014,Product_Omega_34,Electronics,Supplier_K,Hyderabad WH,East,2024-06-01,2024-06-02,Road,Immediate,4547.23,382,382,479,95,17,15,1737041.86,1476485.58,In Stock,2,0,1
ORD-004900,SKU-02882,Product_Zeta_18,Industrial Parts,Supplier_F,Mumbai WH,West,2024-06-02,2024-06-29,Rail,Net 15,2565.73,434,434,287,36,31,5,1113526.82,1057850.48,In Stock,7,1,27
ORD-004901,SKU-05908,Product_Sigma_39,Industrial Parts,Supplier_D,Chennai WH,West,2024-06-02,2024-06-05,Sea,Net 60,1807.11,24,24,667,168,26,0,43370.64,43370.64,In Stock,0,6,3
ORD-004902,SKU-03987,Product_Zeta_43,FMCG,Supplier_G,Bangalore WH,Central,2024-06-03,2024-06-04,Sea,Immediate,2330.53,258,258,476,127,11,0,601276.74,601276.74,In Stock,0,0,1
ORD-004903,SKU-06585,Product_Delta_50,Furniture,Supplier_J,Bangalore WH,Central,2024-06-03,2024-06-17,Road,Immediate,3452.58,483,483,24,47,30,0,1667596.14,1667596.14,Low Stock,5,7,14
ORD-004904,SKU-04159,Product_Gamma_50,Electronics,Supplier_A,Delhi WH,East,2024-06-03,2024-06-07,Air,Immediate,4421.15,92,92,430,63,11,0,406745.8,406745.8,In Stock,7,2,4
ORD-004905,SKU-05530,Product_Sigma_13,Industrial Parts,Supplier_J,Kolkata WH,North,2024-06-03,2024-06-20,Road,Immediate,1042.86,467,467,277,189,3,15,487015.62,413963.28,In Stock,7,13,17
ORD-004906,SKU-01681,Product_Omega_46,FMCG,Supplier_B,Mumbai WH,West,2024-06-03,2024-06-07,Road,Net 30,4591.78,161,161,986,113,40,15,739276.58,628385.09,In Stock,9,3,4
ORD-004907,SKU-06254,Product_Omega_14,Industrial Parts,Supplier_C,Hyderabad WH,North,2024-06-03,2024-06-25,Air,Net 15,4077.75,149,149,316,41,40,5,607584.75,577205.51,In Stock,0,6,22
ORD-004908,SKU-02073,Product_Kappa_38,Pharmaceuticals,Supplier_D,Mumbai WH,Central,2024-06-03,2024-06-18,Rail,Net 15,4894.49,117,117,637,57,21,0,572655.33,572655.33,In Stock,0,9,15
ORD-004909,SKU-03387,Product_Gamma_8,FMCG,Supplier_H,Kolkata WH,East,2024-06-03,2024-06-15,Road,Net 30,4402.46,458,458,811,33,35,0,2016326.68,2016326.68,In Stock,8,6,12
ORD-004910,SKU-03693,Product_Sigma_41,FMCG,Supplier_F,Mumbai WH,West,2024-06-03,2024-06-11,Air,Net 30,1406.89,53,48,357,130,28,15,74565.17,63380.39,In Stock,8,1,8
ORD-004911,SKU-05340,Product_Delta_14,Electronics,Supplier_D,Delhi WH,East,2024-06-03,2024-06-27,Road,Immediate,538.72,302,302,275,141,22,15,162693.44,138289.42,In Stock,6,4,24
ORD-004912,SKU-03156,Product_Omega_12,FMCG,Supplier_A,Mumbai WH,West,2024-06-04,2024-06-14,Air,Net 60,570.08,45,45,876,173,42,0,25653.6,25653.6,In Stock,0,7,10
ORD-004913,SKU-08966,Product_Kappa_24,Industrial Parts,Supplier_C,Bangalore WH,West,2024-06-04,2024-06-13,Road,Immediate,1463.2,265,265,689,187,18,10,387748.0,348973.2,In Stock,9,8,9
ORD-004914,SKU-03580,Product_Delta_26,Apparel,Supplier_I,Mumbai WH,West,2024-06-04,2024-06-11,Road,Immediate,3074.78,486,486,343,73,23,0,1494343.08,1494343.08,In Stock,1,12,7
ORD-004915,SKU-08257,Product_Kappa_46,Apparel,Supplier_E,Chennai WH,North,2024-06-04,2024-06-06,Road,Net 60,4023.56,262,262,430,160,26,0,1054172.72,1054172.72,In Stock,7,4,2
ORD-004916,SKU-03159,Product_Sigma_37,Pharmaceuticals,Supplier_J,Bangalore WH,West,2024-06-04,2024-06-05,Air,Net 60,4497.26,307,307,558,146,35,0,1380658.82,1380658.82,In Stock,7,1,1
ORD-004917,SKU-07772,Product_Kappa_35,Apparel,Supplier_H,Bangalore WH,North,2024-06-05,2024-06-25,Air,Immediate,3122.53,234,26,711,38,29,5,730672.02,694138.42,In Stock,4,3,20
ORD-004918,SKU-02627,Product_Omega_10,Furniture,Supplier_G,Chennai WH,South,2024-06-05,2024-06-08,Air,Net 30,38.1,375,375,562,61,11,0,14287.5,14287.5,In Stock,1,10,3
ORD-004919,SKU-09219,Product_Sigma_39,Electronics,Supplier_L,Chennai WH,Central,2024-06-05,2024-06-07,Air,Net 30,939.72,35,480,438,60,42,0,32890.2,32890.2,In Stock,2,4,2
ORD-004920,SKU-08080,Product_Beta_17,Pharmaceuticals,Supplier_A,Chennai WH,Central,2024-06-05,2024-06-25,Rail,Net 30,507.63,338,338,461,69,1,0,171578.94,171578.94,In Stock,4,5,20
ORD-004921,SKU-02985,Product_Beta_25,Electronics,Supplier_D,Mumbai WH,Central,2024-06-05,2024-06-27,Air,Net 60,1822.99,437,166,806,150,16,0,796646.63,796646.63,In Stock,2,11,22
ORD-004922,SKU-09488,Product_Zeta_1,Pharmaceuticals,Supplier_J,Hyderabad WH,Central,2024-06-05,2024-07-04,Sea,Net 60,2511.74,403,403,269,178,25,10,1012231.22,911008.1,In Stock,9,5,29
ORD-004923,SKU-03181,Product_Beta_13,FMCG,Supplier_G,Hyderabad WH,West,2024-06-05,2024-07-02,Rail,Immediate,226.55,197,197,708,95,38,0,44630.35,44630.35,In Stock,0,12,27
ORD-004924,SKU-03296,Product_Sigma_32,FMCG,Supplier_K,Delhi WH,South,2024-06-05,2024-06-12,Rail,Net 30,1748.91,25,25,430,162,18,15,43722.75,37164.34,In Stock,5,11,7
ORD-004925,SKU-08164,Product_Kappa_36,Electronics,Supplier_H,Delhi WH,Central,2024-06-06,2024-06-26,Rail,Net 60,904.11,395,17,20,192,16,0,357123.45,357123.45,Low Stock,4,0,20
ORD-004926,SKU-03597,Product_Sigma_33,Electronics,Supplier_A,Kolkata WH,East,2024-06-06,2024-06-27,Rail,Immediate,3238.88,202,202,142,185,19,0,654253.76,654253.76,Low Stock,2,5,21
ORD-004927,SKU-01901,Product_Zeta_13,Industrial Parts,Supplier_C,Bangalore WH,South,2024-06-06,2024-06-10,Sea,Net 15,2326.72,273,273,759,118,16,0,635194.56,635194.56,In Stock,8,10,4
ORD-004928,SKU-07060,Product_Sigma_4,Furniture,Supplier_E,Bangalore WH,West,2024-06-06,2024-06-29,Rail,Net 15,2481.64,36,36,867,69,5,0,89339.04,89339.04,In Stock,9,9,23
ORD-004929,SKU-02677,Product_Zeta_41,Furniture,Supplier_D,Hyderabad WH,Central,2024-06-06,2024-06-10,Rail,Net 60,2144.18,474,254,352,171,27,0,1016341.32,1016341.32,In Stock,7,0,4
ORD-004930,SKU-03881,Product_Kappa_39,FMCG,Supplier_G,Delhi WH,North,2024-06-07,2024-06-10,Road,Immediate,4780.54,223,223,464,164,44,0,1066060.42,1066060.42,In Stock,6,12,3
ORD-004931,SKU-06622,Product_Beta_31,Furniture,Supplier_F,Kolkata WH,Central,2024-06-07,2024-07-05,Rail,Net 15,1081.53,352,352,467,165,6,15,380698.56,323593.78,In Stock,1,4,28
ORD-004932,SKU-09052,Product_Zeta_25,Electronics,Supplier_C,Bangalore WH,South,2024-06-07,2024-06-27,Rail,Immediate,2588.15,277,277,512,61,34,10,716917.55,645225.8,In Stock,9,10,20
ORD-004933,SKU-02378,Product_Omega_8,Furniture,Supplier_L,Kolkata WH,Central,2024-06-08,2024-06-13,Road,Net 60,3682.73,18,18,463,164,16,15,66289.14,56345.77,In Stock,4,14,5
ORD-004934,SKU-02248,Product_Gamma_12,Pharmaceuticals,Supplier_E,Bangalore WH,South,2024-06-08,2024-06-21,Sea,Net 15,2788.65,188,188,876,35,23,0,524266.2,524266.2,In Stock,4,6,13
ORD-004935,SKU-06650,Product_Beta_24,Electronics,Supplier_A,Mumbai WH,West,2024-06-08,2024-06-30,Air,Net 30,4645.81,402,402,849,104,43,5,1867615.62,1774234.84,In Stock,5,13,22
ORD-004936,SKU-07079,Product_Alpha_3,Apparel,Supplier_F,Delhi WH,North,2024-06-09,2024-07-04,Rail,Immediate,1896.06,257,257,393,71,44,0,487287.42,487287.42,Reorder Pending,5,13,25
ORD-004937,SKU-08036,Product_Beta_18,Electronics,Supplier_F,Hyderabad WH,West,2024-06-09,2024-07-08,Air,Net 15,2323.74,142,142,918,55,32,10,329971.08,296973.97,In Stock,2,7,29
ORD-004938,SKU-07487,Product_Beta_36,Electronics,Supplier_D,Kolkata WH,East,2024-06-09,2024-06-30,Rail,Immediate,451.73,136,136,785,126,43,20,61435.28,49148.22,In Stock,3,10,21
ORD-004939,SKU-02058,Product_Sigma_9,Electronics,Supplier_L,Mumbai WH,North,2024-06-09,2024-06-28,Road,Net 30,3048.91,450,450,752,186,23,15,1372009.5,1166208.08,In Stock,0,10,19
ORD-004940,SKU-03048,Product_Beta_48,Industrial Parts,Supplier_G,Kolkata WH,West,2024-06-09,2024-07-05,Sea,Immediate,1448.18,307,307,57,100,20,0,444591.26,444591.26,Low Stock,0,12,26
ORD-004941,SKU-07115,Product_Zeta_14,Pharmaceuticals,Supplier_E,Bangalore WH,North,2024-06-09,2024-06-15,Sea,Net 60,809.94,79,79,125,172,19,0,63985.26,63985.26,Low Stock,4,4,6
ORD-004942,SKU-05248,Product_Alpha_43,Industrial Parts,Supplier_I,Mumbai WH,North,2024-06-09,2024-07-08,Rail,Net 60,2727.21,444,444,840,134,29,0,1210881.24,1210881.24,In Stock,3,1,29
ORD-004943,SKU-03476,Product_Alpha_1,Electronics,Supplier_B,Chennai WH,East,2024-06-09,2024-06-13,Rail,Net 30,2666.23,418,418,877,61,8,0,1114484.14,1114484.14,In Stock,6,2,4
ORD-004944,SKU-05603,Product_Beta_22,Pharmaceuticals,Supplier_L,Hyderabad WH,South,2024-06-09,2024-07-02,Sea,Net 15,388.6,292,292,989,168,29,0,113471.2,113471.2,In Stock,6,11,23
ORD-004945,SKU-04553,Product_Sigma_19,Furniture,Supplier_I,Bangalore WH,West,2024-06-09,2024-06-15,Road,Net 30,3494.1,62,62,460,87,18,0,216634.2,216634.2,In Stock,3,6,6
ORD-004946,SKU-01220,Product_Zeta_16,Electronics,Supplier_H,Mumbai WH,North,2024-06-10,2024-06-19,Rail,Net 15,3122.62,129,129,51,143,5,0,402817.98,402817.98,Low Stock,9,9,9
ORD-004947,SKU-05818,Product_Delta_15,Apparel,Supplier_F,Delhi WH,Central,2024-06-10,2024-06-20,Air,Net 15,953.2,499,499,734,49,12,5,475646.8,451864.46,Reorder Pending,1,3,10
ORD-004948,SKU-08192,Product_Sigma_36,FMCG,Supplier_E,Delhi WH,West,2024-06-10,2024-06-25,Sea,Net 15,2352.48,341,341,813,52,10,5,802195.68,762085.9,In Stock,9,14,15
ORD-004949,SKU-05623,Product_Omega_16,FMCG,Supplier_K,Kolkata WH,North,2024-06-10,2024-07-02,Road,Net 15,3604.41,298,298,874,122,37,10,1074114.18,966702.76,In Stock,3,0,22
ORD-004950,SKU-08349,Product_Gamma_2,Furniture,Supplier_A,Kolkata WH,East,2024-06-10,2024-07-10,Sea,Net 30,2651.88,257,257,268,72,17,0,681533.16,681533.16,In Stock,7,2,30
ORD-004951,SKU-06618,Product_Omega_49,Industrial Parts,Supplier_D,Mumbai WH,West,2024-06-11,2024-06-14,Air,Net 15,1983.49,480,480,95,163,32,0,952075.2,952075.2,Low Stock,1,9,3
ORD-004952,SKU-08209,Product_Delta_11,Furniture,Supplier_G,Kolkata WH,West,2024-06-11,2024-07-02,Road,Net 60,1618.47,212,212,272,196,4,10,343115.64,308804.08,In Stock,4,13,21
ORD-004953,SKU-05576,Product_Zeta_14,Industrial Parts,Supplier_L,Hyderabad WH,Central,2024-06-12,2024-06-27,Rail,Net 60,3055.87,54,54,322,152,31,5,165016.98,156766.13,In Stock,6,14,15
ORD-004954,SKU-02871,Product_Alpha_11,Electronics,Supplier_E,Chennai WH,Central,2024-06-12,2024-07-12,Rail,Net 30,4696.15,175,175,572,125,26,0,821826.25,821826.25,In Stock,9,1,30
ORD-004955,SKU-08915,Product_Beta_37,Furniture,Supplier_I,Chennai WH,North,2024-06-12,2024-06-21,Sea,Net 30,3362.01,100,100,832,96,12,15,336201.0,285770.85,In Stock,5,8,9
ORD-004956,SKU-02462,Product_Sigma_32,Furniture,Supplier_I,Delhi WH,South,2024-06-12,2024-07-07,Sea,Net 30,382.98,39,167,692,113,18,0,14936.22,14936.22,In Stock,8,0,25
ORD-004957,SKU-06521,Product_Beta_7,Apparel,Supplier_C,Kolkata WH,North,2024-06-12,2024-06-26,Sea,Net 15,2308.82,414,414,132,79,8,0,955851.48,955851.48,In Stock,1,8,14
ORD-004958,SKU-09536,Product_Delta_27,Apparel,Supplier_B,Kolkata WH,West,2024-06-12,2024-07-05,Road,Net 30,4455.21,263,263,927,130,32,5,1171720.23,1113134.22,In Stock,3,14,23
ORD-004959,SKU-09236,Product_Delta_16,Furniture,Supplier_F,Delhi WH,West,2024-06-12,2024-07-11,Road,Net 30,481.37,150,150,88,74,20,0,72205.5,72205.5,In Stock,6,9,29
ORD-004960,SKU-08813,Product_Kappa_40,Electronics,Supplier_L,Bangalore WH,East,2024-06-12,2024-07-04,Rail,Immediate,4944.49,121,121,684,110,40,5,598283.29,568369.13,In Stock,7,4,22
ORD-004961,SKU-03068,Product_Gamma_12,Industrial Parts,Supplier_J,Delhi WH,West,2024-06-12,2024-07-07,Sea,Immediate,4745.86,178,178,823,182,13,0,844763.08,844763.08,In Stock,4,11,25
ORD-004962,SKU-06753,Product_Delta_18,Furniture,Supplier_H,Chennai WH,Central,2024-06-12,2024-07-07,Rail,Net 60,400.59,301,301,4,61,23,0,120577.59,120577.59,Low Stock,4,5,25
ORD-004963,SKU-08237,Product_Beta_1,Pharmaceuticals,Supplier_H,Mumbai WH,East,2024-06-13,2024-06-24,Air,Net 30,4667.73,330,330,356,88,3,20,1540350.9,1232280.72,In Stock,3,5,11
ORD-004964,SKU-08016,Product_Delta_43,FMCG,Supplier_D,Kolkata WH,North,2024-06-13,2024-06-22,Sea,Net 60,1822.03,120,120,342,43,35,0,218643.6,218643.6,In Stock,8,11,9
ORD-004965,SKU-07191,Product_Sigma_28,Apparel,Supplier_I,Hyderabad WH,South,2024-06-13,2024-06-19,Road,Net 15,4225.1,72,99,203,137,39,10,304207.2,273786.48,In Stock,9,5,6
ORD-004966,SKU-02514,Product_Zeta_29,FMCG,Supplier_F,Delhi WH,West,2024-06-13,2024-07-08,Rail,Net 60,2097.73,219,219,673,161,21,0,459402.87,459402.87,In Stock,3,8,25
ORD-004967,SKU-03598,Product_Delta_15,FMCG,Supplier_E,Kolkata WH,Central,2024-06-13,2024-06-16,Sea,Net 30,2209.87,394,394,572,74,7,5,870688.78,827154.34,In Stock,2,13,3
ORD-004968,SKU-02001,Product_Beta_6,Furniture,Supplier_L,Chennai WH,Central,2024-06-13,2024-06-22,Air,Net 60,3174.87,398,398,470,34,26,0,1263598.26,1263598.26,In Stock,8,12,9
ORD-004969,SKU-02033,Product_Zeta_46,Electronics,Supplier_G,Hyderabad WH,South,2024-06-14,2024-07-09,Air,Immediate,3874.64,302,302,463,24,23,10,1170141.28,1053127.15,In Stock,6,12,25
ORD-004970,SKU-07899,Product_Kappa_29,Furniture,Supplier_G,Mumbai WH,North,2024-06-14,2024-06-16,Air,Net 30,178.61,123,381,496,120,32,10,21969.03,19772.13,In Stock,8,8,2
ORD-004971,SKU-09465,Product_Gamma_48,Apparel,Supplier_C,Chennai WH,South,2024-06-14,2024-06-27,Sea,Net 60,2969.85,244,244,701,151,2,0,724643.4,724643.4,In Stock,3,10,13
ORD-004972,SKU-06051,Product_Zeta_40,Electronics,Supplier_D,Bangalore WH,East,2024-06-14,2024-06-27,Road,Net 15,941.8,374,374,836,49,39,0,352233.2,352233.2,In Stock,2,9,13
ORD-004973,SKU-05476,Product_Zeta_2,Electronics,Supplier_C,Delhi WH,South,2024-06-14,2024-06-25,Rail,Net 15,1736.29,75,75,62,72,2,20,130221.75,104177.4,Low Stock,9,6,11
ORD-004974,SKU-01478,Product_Sigma_14,Furniture,Supplier_D,Chennai WH,Central,2024-06-14,2024-06-16,Sea,Net 30,1746.36,6,6,555,92,39,15,10478.16,8906.44,In Stock,7,2,2
ORD-004975,SKU-01515,Product_Kappa_28,Apparel,Supplier_G,Mumbai WH,East,2024-06-14,2024-06-23,Rail,Net 15,2350.61,21,21,238,49,15,5,49362.81,46894.67,In Stock,3,14,9
ORD-004976,SKU-02191,Product_Omega_21,Apparel,Supplier_A,Mumbai WH,South,2024-06-14,2024-07-11,Sea,Net 30,1677.34,190,190,539,123,16,5,318694.6,302759.87,In Stock,9,6,27
ORD-004977,SKU-07297,Product_Alpha_32,Industrial Parts,Supplier_G,Hyderabad WH,East,2024-06-15,2024-06-24,Sea,Net 60,545.73,225,225,197,124,26,15,122789.25,104370.86,In Stock,2,4,9
ORD-004978,SKU-01271,Product_Zeta_29,FMCG,Supplier_G,Delhi WH,East,2024-06-15,2024-06-21,Road,Net 15,736.69,403,403,780,127,8,0,296886.07,296886.07,In Stock,3,8,6
ORD-004979,SKU-09334,Product_Delta_24,Pharmaceuticals,Supplier_H,Chennai WH,North,2024-06-15,2024-06-30,Road,Net 60,176.86,103,103,682,103,16,10,18216.58,16394.92,In Stock,1,7,15
ORD-004980,SKU-08778,Product_Gamma_46,FMCG,Supplier_J,Mumbai WH,West,2024-06-16,2024-06-19,Sea,Net 30,2356.54,344,344,29,111,21,5,810649.76,770117.27,Low Stock,3,9,3
ORD-004981,SKU-07008,Product_Beta_39,Electronics,Supplier_J,Kolkata WH,North,2024-06-16,2024-07-02,Rail,Net 15,4772.69,466,466,665,90,39,10,2224073.54,2001666.19,Discontinued,6,11,16
ORD-004982,SKU-08987,Product_Zeta_11,Electronics,Supplier_I,Hyderabad WH,North,2024-06-16,2024-07-16,Road,Net 30,587.22,99,12,208,87,11,0,58134.78,58134.78,In Stock,2,5,30
ORD-004983,SKU-04332,Product_Zeta_14,Apparel,Supplier_G,Delhi WH,Central,2024-06-16,2024-06-23,Sea,Net 60,4731.86,318,318,62,74,24,5,1504731.48,1429494.91,Low Stock,0,4,7
ORD-004984,SKU-01787,Product_Delta_21,Industrial Parts,Supplier_E,Kolkata WH,Central,2024-06-16,2024-07-06,Rail,Net 30,3669.47,363,363,840,118,36,5,1332017.61,1265416.73,In Stock,9,9,20
ORD-004985,SKU-07222,Product_Omega_26,Furniture,Supplier_J,Delhi WH,North,2024-06-16,2024-06-29,Air,Net 30,3191.12,485,485,56,116,18,15,1547693.2,1315539.22,Low Stock,7,1,13
ORD-004986,SKU-01622,Product_Sigma_16,Electronics,Supplier_B,Kolkata WH,Central,2024-06-17,2024-06-23,Sea,Immediate,3229.94,83,83,831,90,23,10,268085.02,241276.52,In Stock,5,10,6
ORD-004987,SKU-04841,Product_Sigma_15,Electronics,Supplier_C,Hyderabad WH,Central,2024-06-17,2024-07-08,Sea,Immediate,4135.37,181,181,719,92,13,15,748501.97,636226.67,Discontinued,2,11,21
ORD-004988,SKU-04676,Product_Zeta_39,FMCG,Supplier_F,Chennai WH,East,2024-06-17,2024-07-03,Road,Net 60,543.53,152,152,432,189,44,15,82616.56,70224.08,In Stock,7,2,16
ORD-004989,SKU-03572,Product_Kappa_2,Electronics,Supplier_J,Mumbai WH,Central,2024-06-17,2024-06-21,Sea,Net 30,2528.72,56,56,307,96,42,5,141608.32,134527.9,In Stock,5,10,4
ORD-004990,SKU-07915,Product_Delta_42,FMCG,Supplier_E,Hyderabad WH,North,2024-06-17,2024-06-22,Sea,Net 15,3488.48,190,190,574,176,39,0,662811.2,662811.2,In Stock,0,10,5
ORD-004991,SKU-06033,Product_Beta_29,Apparel,Supplier_J,Mumbai WH,Central,2024-06-18,2024-07-06,Air,Net 60,2938.23,418,418,759,182,44,10,1228180.14,1105362.13,In Stock,8,2,18
ORD-004992,SKU-08788,Product_Alpha_25,Furniture,Supplier_H,Mumbai WH,West,2024-06-18,2024-07-13,Air,Net 30,4165.57,22,22,465,192,44,15,91642.54,77896.16,In Stock,8,12,25
ORD-004993,SKU-06214,Product_Omega_24,Apparel,Supplier_K,Delhi WH,North,2024-06-18,2024-07-02,Air,Net 15,370.64,68,68,652,127,1,0,25203.52,25203.52,In Stock,8,3,14
ORD-004994,SKU-05712,Product_Zeta_2,FMCG,Supplier_C,Hyderabad WH,North,2024-06-18,2024-06-25,Road,Net 60,3456.6,185,185,604,109,7,5,639471.0,607497.45,In Stock,5,2,7
ORD-004995,SKU-01066,Product_Kappa_28,Furniture,Supplier_C,Hyderabad WH,West,2024-06-18,2024-07-08,Sea,Immediate,2674.8,10,10,106,118,21,0,26748.0,26748.0,Low Stock,5,6,20
ORD-004996,SKU-08533,Product_Kappa_28,Furniture,Supplier_L,Mumbai WH,North,2024-06-19,2024-07-10,Air,Net 15,1902.01,66,66,876,176,16,0,125532.66,125532.66,In Stock,3,12,21
ORD-004997,SKU-05616,Product_Beta_28,Furniture,Supplier_A,Chennai WH,Central,2024-06-19,2024-06-23,Air,Immediate,1707.97,264,264,599,22,14,10,450904.08,405813.67,In Stock,7,14,4
ORD-004998,SKU-02140,Product_Sigma_23,Pharmaceuticals,Supplier_E,Hyderabad WH,West,2024-06-19,2024-07-19,Rail,Net 60,3107.95,225,225,300,138,43,10,699288.75,629359.88,In Stock,8,5,30
ORD-004999,SKU-06730,Product_Delta_18,FMCG,Supplier_C,Delhi WH,West,2024-06-19,2024-07-04,Road,Immediate,4456.07,123,123,619,169,43,10,548096.61,493286.95,In Stock,6,12,15
ORD-005000,SKU-08465,Product_Omega_17,Industrial Parts,Supplier_J,Bangalore WH,North,2024-06-19,2024-07-12,Air,Net 15,2485.92,38,38,45,130,2,15,94464.96,80295.22,Low Stock,6,7,23
