MatchID,Date,HomeTeam,AwayTeam,Venue,Tournament,Round,HomeScore,AwayScore,HomeTriesScored,AwayTriesScored,HomePossession%,AwayPossession%,HomeYellowCards,AwayYellowCards,HomeRedCards,AwayRedCards,PlayerName,PlayerTeam,PlayerPosition,PlayerNationality,PlayerAge,PlayerCaps,PlayerTries,PlayerConversions,PlayerPenalties,PlayerYellowCards,PlayerRedCards,TacklesMade,TacklesMissed,MetresCarried,Result
1000,2019-04-08,France XV,New Zealand All Blacks,"Twickenham, London",World Rugby U20 Championship,2,52,5,8,1,41,59,0,0,0,0,Grégoire Caelan,New Zealand All Blacks,Lock,New Zealand,28,104,0,0,0,0,0,13,5,71,Home Win
1001,2016-07-03,Georgia Rugby,Romania Rugby,"Estadio Jose Amalfitani, Buenos Aires",The Rugby Championship,6,33,11,3,1,37,63,1,1,0,0,Faf Itoje,Romania Rugby,Lock,Romania,26,86,2,0,0,0,0,2,2,136,Home Win
1002,2015-06-13,South Africa Springboks,Argentina Pumas,"Aviva Stadium, Dublin",Rugby World Cup,4,44,36,5,3,49,51,0,0,0,0,Faf Kolbe,Argentina Pumas,Tighthead Prop,Argentina,29,66,3,0,0,0,0,3,2,160,Home Win
1003,2023-05-25,New Zealand All Blacks,Ireland Rugby,"ANZ National Stadium, Suva",The Rugby Championship,2,22,51,4,6,63,37,0,2,0,0,Taulupe Lowe,New Zealand All Blacks,Lock,New Zealand,33,,2,0,0,0,0,16,0,153,Away Win
1004,2022-02-25,England Rugby,France XV,"Estadio Jose Amalfitani, Buenos Aires",Rugby Europe Championship,3,20,51,2,7,62,38,0,2,0,0,Richie Curry,England Rugby,Left Wing,New Zealand,26,,2,0,0,0,0,3,3,,Away Win
1005,2016-09-08,South Africa Springboks,Samoa Rugby,"Aviva Stadium, Dublin",World Rugby U20 Championship,8,20,72,3,8,50,50,1,0,0,0,Hugo Furlong,Samoa Rugby,Loosehead Prop,New Zealand,26,87,0,0,0,0,0,3,3,49,Away Win
1006,2015-11-18,Canada Rugby,France XV,"Stadio Olimpico, Rome",Rugby World Cup,2,30,15,3,2,62,38,0,0,0,1,Beauden Faletau,France XV,Inside Centre,Senegal,33,94,3,0,0,0,0,1,8,15,Home Win
1007,2024-02-22,Australia Wallabies,England Rugby,"Stadio Olimpico, Rome",Six Nations,7,14,30,1,3,53,47,0,0,0,0,Tadhg Curry,England Rugby,Tighthead Prop,England,30,86,2,0,0,0,0,2,0,117,Away Win
1008,2019-03-15,Scotland Rugby,Tonga Rugby,"Stadio Olimpico, Rome",Pacific Nations Cup,5,71,0,8,0,65,35,1,0,0,0,Beauden Lowe,Scotland Rugby,Lock,New Zealand,25,92,2,0,0,0,0,8,8,125,Home Win
1009,2022-09-23,Argentina Pumas,Australia Wallabies,"Principality Stadium, Cardiff",Pacific Nations Cup,1,23,11,1,1,53,47,0,0,0,0,Rory Carbery,Argentina Pumas,Lock,Argentina,29,86,0,0,0,0,0,13,2,,Home Win
1010,2017-12-04,Scotland Rugby,Japan Brave Blossoms,"Principality Stadium, Cardiff",Rugby Europe Championship,1,47,27,7,3,61,39,1,0,0,0,William Doris,Japan Brave Blossoms,Lock,Australia,25,45,3,0,0,0,0,10,0,,Home Win
1011,2016-07-19,Italy Rugby,Canada Rugby,"Stade de France, Paris",,1,44,9,6,0,37,63,1,1,0,0,Richie Watson,Italy Rugby,Lock,Argentina,25,86,3,0,0,0,0,17,2,49,Home Win
1012,2021-10-20,Japan Brave Blossoms,Wales Rugby,"ANZ National Stadium, Suva",,8,59,67,7,7,58,42,0,0,0,0,Cian Carbery,Wales Rugby,Lock,Wales,27,29,1,0,0,0,0,15,1,116,Away Win
1013,2018-03-26,France XV,Georgia Rugby,"Apia Park, Samoa",Pacific Nations Cup,8,9,45,0,8,60,40,0,0,0,0,Hamish Watson,Georgia Rugby,Fullback,Georgia,19,21,3,0,3,0,0,20,4,133,Away Win
1014,2021-12-05,Ireland Rugby,Argentina Pumas,"Apia Park, Samoa",Six Nations,2,43,47,6,6,36,64,0,0,0,0,Malcolm Russell,Ireland Rugby,Loosehead Prop,South Africa,20,46,2,0,0,0,0,13,8,139,Away Win
1015,2017-10-18,Australia Wallabies,Uruguay Rugby,"Eden Park, Auckland",Autumn Internationals,1,14,45,1,6,36,64,0,0,0,0,Charles de Klerk,Uruguay Rugby,Right Wing,Argentina,24,11,3,0,0,0,0,,,166,Away Win
1016,2024-04-15,Uruguay Rugby,France XV,"Apia Park, Samoa",The Rugby Championship,6,10,19,2,1,35,65,1,0,0,0,Finn Porter,Uruguay Rugby,Right Wing,Uruguay,22,81,1,0,0,0,0,19,1,144,Away Win
1017,2020-11-27,France XV,Georgia Rugby,"Murrayfield, Edinburgh",World Rugby U20 Championship,3,55,20,6,2,54,46,1,0,0,0,Cian Williams,Georgia Rugby,Lock,Georgia,,113,3,0,0,0,0,19,6,86,Home Win
1018,2015-09-07,Argentina Pumas,Romania Rugby,"Ellis Park, Johannesburg",Six Nations,7,56,69,7,8,50,50,0,0,0,0,Finn Itoje,Argentina Pumas,Number 8,Argentina,23,71,2,0,0,0,0,10,5,179,Away Win
1019,2022-05-24,Wales Rugby,Scotland Rugby,"National Stadium, Tokyo",Rugby Europe Championship,5,13,20,1,3,44,56,0,0,0,1,Mason Henshaw,Scotland Rugby,Right Wing,Australia,21,97,3,0,0,0,0,9,7,122,Away Win
1020,2017-10-10,South Africa Springboks,Australia Wallabies,"Ellis Park, Johannesburg",Six Nations,2,58,51,8,6,49,51,1,0,0,0,Rory Henshaw,South Africa Springboks,Lock,South Africa,32,34,0,0,0,0,0,2,,0,Home Win
1021,2024-11-26,Scotland Rugby,Japan Brave Blossoms,"Mikheil Meskhi Stadium, Tbilisi",Six Nations,7,11,62,1,8,39,61,0,0,0,0,Henry Watson,Japan Brave Blossoms,Inside Centre,South Africa,26,39,3,0,0,1,0,15,7,,Away Win
1022,2019-10-02,Romania Rugby,New Zealand All Blacks,,Rugby Europe Championship,3,52,60,7,8,48,52,0,0,0,0,Lucas Johnson,New Zealand All Blacks,Blindside Flanker,New Zealand,27,53,3,0,0,0,0,17,0,116,Away Win
1023,2015-04-17,Georgia Rugby,Italy Rugby,"Stadium Australia, Sydney",Pacific Nations Cup,8,53,3,7,0,64,36,0,1,0,0,Richie Hogg,Georgia Rugby,Loosehead Prop,Georgia,21,71,3,0,0,0,1,3,7,30,Home Win
1024,2017-07-07,Georgia Rugby,Romania Rugby,"Mikheil Meskhi Stadium, Tbilisi",Pacific Nations Cup,3,25,36,1,4,43,57,1,0,0,0,Grégoire Hogg,Romania Rugby,Number 8,Romania,24,45,2,0,0,0,0,14,5,48,Away Win
1025,2017-08-02,Tonga Rugby,Italy Rugby,"Twickenham, London",Pacific Nations Cup,6,5,64,1,7,39,61,0,0,0,0,Jamie Porter,Italy Rugby,Openside Flanker,South Africa,27,84,0,0,0,0,0,17,6,81,Away Win
1026,2021-02-25,Scotland Rugby,England Rugby,"ANZ National Stadium, Suva",World Rugby U20 Championship,2,43,16,7,2,60,40,0,0,0,0,Finn Johnson,England Rugby,Tighthead Prop,New Zealand,22,11,3,0,0,0,0,18,,59,Home Win
1027,2024-05-21,Georgia Rugby,Samoa Rugby,"Principality Stadium, Cardiff",World Rugby U20 Championship,5,59,35,7,4,38,62,0,0,0,1,Antoine de Klerk,Samoa Rugby,Loosehead Prop,Samoa,28,73,0,0,0,0,0,9,3,155,Home Win
1028,2019-08-02,France XV,South Africa Springboks,"National Stadium, Tokyo",,3,10,29,1,4,39,61,1,1,0,0,Tadhg Russell,South Africa Springboks,Outside Centre,South Africa,24,38,2,0,0,0,0,2,2,57,Away Win
1029,2022-06-22,Canada Rugby,France XV,"Apia Park, Samoa",World Rugby U20 Championship,5,33,44,6,5,35,65,0,1,0,0,Richie Henshaw,Canada Rugby,Openside Flanker,New Zealand,25,15,1,0,0,0,0,15,1,24,Away Win
1030,2016-08-20,Ireland Rugby,Georgia Rugby,"Principality Stadium, Cardiff",The Rugby Championship,1,34,39,5,3,46,54,0,0,0,1,Antoine de Klerk,Georgia Rugby,Lock,Georgia,24,16,3,0,0,0,0,20,0,12,Away Win
1031,2017-10-01,Scotland Rugby,Samoa Rugby,"Aviva Stadium, Dublin",Rugby Europe Championship,3,12,59,2,8,62,38,0,0,0,0,Finn de Klerk,Samoa Rugby,Loosehead Prop,Samoa,34,17,3,0,0,0,0,15,7,,Away Win
1032,2015-08-28,Georgia Rugby,New Zealand All Blacks,"Principality Stadium, Cardiff",Autumn Internationals,2,43,49,7,7,39,61,0,0,0,0,Sam Watson,New Zealand All Blacks,Lock,New Zealand,26,59,3,0,0,0,0,20,8,55,Away Win
1033,2017-11-16,Argentina Pumas,Tonga Rugby,"Ellis Park, Johannesburg",Rugby World Cup,2,20,46,1,6,60,40,0,0,1,0,Pieter Carbery,Argentina Pumas,Outside Centre,Argentina,22,55,0,0,0,1,0,11,1,147,Away Win
1034,2023-10-20,Scotland Rugby,Georgia Rugby,"ANZ National Stadium, Suva",World Rugby U20 Championship,1,37,18,4,0,44,56,1,0,0,0,Ethan Furlong,Georgia Rugby,Left Wing,Georgia,30,4,0,0,0,0,0,13,7,87,Home Win
1035,2019-08-22,South Africa Springboks,France XV,"Principality Stadium, Cardiff",Autumn Internationals,8,32,34,6,4,48,52,0,0,0,0,Sean Curry,France XV,Fly-half,France,22,8,0,1,2,1,0,8,4,83,Away Win
1036,2021-12-02,Samoa Rugby,England Rugby,"Principality Stadium, Cardiff",Rugby World Cup,8,16,48,1,5,55,45,0,0,0,0,Faf Williams,England Rugby,Openside Flanker,New Zealand,27,109,0,0,0,0,0,16,1,101,Away Win
1037,2017-04-04,Samoa Rugby,Tonga Rugby,"Twickenham, London",The Rugby Championship,4,17,28,2,2,55,45,0,1,0,0,Ethan Watson,Tonga Rugby,Hooker,New Zealand,19,61,3,0,0,0,0,18,0,90,Away Win
1038,2021-08-19,Spain Rugby,USA Eagles,"Estadio Jose Amalfitani, Buenos Aires",Rugby Europe Championship,1,57,24,7,3,65,35,0,0,0,0,Oliver Kolbe,Spain Rugby,Inside Centre,Spain,21,57,3,0,0,0,0,11,5,72,Home Win
1039,2019-12-28,Tonga Rugby,Japan Brave Blossoms,"ANZ National Stadium, Suva",Pacific Nations Cup,3,39,11,5,1,65,35,0,0,0,0,Hamish Curry,Tonga Rugby,Left Wing,New Zealand,27,102,2,0,0,0,0,,1,165,Home Win
1040,2016-05-28,Ireland Rugby,Australia Wallabies,"Teufaiva Stadium, Tonga",Rugby World Cup,1,36,15,5,2,40,60,1,1,0,0,Charles Itoje,Australia Wallabies,Left Wing,Australia,29,93,1,0,0,1,0,14,3,136,Home Win
1041,2023-09-14,Japan Brave Blossoms,Italy Rugby,"Twickenham, London",Rugby Europe Championship,4,28,32,2,4,52,48,1,0,0,0,Conor Watson,Japan Brave Blossoms,Fullback,New Zealand,27,66,1,0,3,0,0,14,5,6,Away Win
1042,2017-01-10,Fiji Rugby,Ireland Rugby,"Mikheil Meskhi Stadium, Tbilisi",Rugby Europe Championship,8,12,35,2,7,43,57,0,0,0,0,Beauden Kolbe,Ireland Rugby,Lock,Ireland,26,16,0,0,0,0,0,19,,16,Away Win
1043,2018-10-14,Spain Rugby,Samoa Rugby,"Twickenham, London",World Rugby U20 Championship,2,54,45,8,5,60,40,2,0,0,0,Tadhg Furlong,Samoa Rugby,Loosehead Prop,New Zealand,25,46,0,0,0,0,0,,1,148,Home Win
1044,2017-02-23,Uruguay Rugby,Australia Wallabies,"Teufaiva Stadium, Tonga",Autumn Internationals,1,20,23,4,3,64,36,0,0,0,0,Beauden Itoje,Uruguay Rugby,Right Wing,Uruguay,21,100,0,0,0,0,0,3,5,111,Away Win
1045,2016-12-14,USA Eagles,Argentina Pumas,"Ellis Park, Johannesburg",Autumn Internationals,3,50,26,8,4,56,44,0,0,0,0,Grégoire Jones,Argentina Pumas,Inside Centre,Argentina,24,112,2,0,0,0,0,20,0,19,Home Win
1046,2017-02-08,Georgia Rugby,South Africa Springboks,"Teufaiva Stadium, Tonga",World Rugby U20 Championship,6,45,33,5,6,56,44,0,0,0,0,Antoine Dupont,Georgia Rugby,Left Wing,Georgia,25,36,1,0,0,1,0,5,7,132,Home Win
1047,2016-03-28,Uruguay Rugby,Wales Rugby,"Ellis Park, Johannesburg",Autumn Internationals,3,60,7,7,1,52,48,0,1,0,0,Taulupe Kolbe,Uruguay Rugby,Hooker,Argentina,31,26,1,0,0,0,0,11,8,146,Home Win
1048,2021-10-03,USA Eagles,Italy Rugby,"Twickenham, London",The Rugby Championship,2,63,57,7,7,52,48,0,0,1,0,Josh Taylor,USA Eagles,Lock,USA,28,22,1,0,0,0,0,11,8,72,Home Win
1049,2024-03-06,Australia Wallabies,Spain Rugby,"ANZ National Stadium, Suva",Pacific Nations Cup,6,15,18,0,0,53,47,0,0,0,0,Justin Ntamack,Australia Wallabies,Left Wing,New Zealand,19,39,3,0,0,0,0,12,4,116,Away Win
1050,2017-06-17,Samoa Rugby,Italy Rugby,"Estadio Jose Amalfitani, Buenos Aires",Rugby World Cup,6,24,46,3,7,39,61,0,0,0,0,Siya Caelan,Samoa Rugby,Inside Centre,Samoa,28,41,1,0,0,0,0,16,7,127,Away Win
1051,2024-11-22,Japan Brave Blossoms,USA Eagles,"Murrayfield, Edinburgh",The Rugby Championship,1,20,40,1,6,59,41,0,0,0,0,Beauden Williams,USA Eagles,Openside Flanker,South Africa,25,65,3,0,0,0,0,19,1,32,Away Win
1052,2015-01-05,USA Eagles,South Africa Springboks,"Apia Park, Samoa",The Rugby Championship,8,50,51,8,7,45,55,0,2,0,0,Stuart Ntamack,South Africa Springboks,Number 8,South Africa,24,105,0,0,0,0,0,13,4,176,Away Win
1053,2023-11-24,Uruguay Rugby,Australia Wallabies,"National Stadium, Tokyo",Rugby Europe Championship,7,13,15,2,3,49,51,0,0,0,0,James Porter,Australia Wallabies,Tighthead Prop,Fiji,29,67,1,0,0,0,1,15,8,96,Away Win
1054,2018-04-09,Argentina Pumas,USA Eagles,"Estadio Jose Amalfitani, Buenos Aires",The Rugby Championship,4,28,35,4,4,46,54,0,1,0,0,Pieter Doris,USA Eagles,Outside Centre,New Zealand,31,19,2,0,0,0,0,2,5,113,Away Win
1055,2018-01-22,Romania Rugby,Scotland Rugby,"Mikheil Meskhi Stadium, Tbilisi",Pacific Nations Cup,4,21,15,3,0,50,50,0,1,0,0,Owen Russell,Romania Rugby,Left Wing,France,30,26,2,0,0,0,0,,3,136,Home Win
1056,2017-12-28,Tonga Rugby,USA Eagles,"Mikheil Meskhi Stadium, Tbilisi",The Rugby Championship,1,6,33,0,4,55,45,0,0,0,0,Callum van der Merwe,USA Eagles,Hooker,New Zealand,23,43,1,0,0,0,0,5,0,86,Away Win
1057,2016-03-05,England Rugby,Italy Rugby,"Murrayfield, Edinburgh",The Rugby Championship,4,9,40,0,4,43,57,2,0,0,0,Cian Jones,Italy Rugby,Left Wing,Argentina,25,16,3,0,0,0,0,16,4,176,Away Win
1058,2021-12-18,Spain Rugby,Samoa Rugby,"Mikheil Meskhi Stadium, Tbilisi",Autumn Internationals,4,21,19,3,1,38,62,0,0,0,0,Siya Watson,Spain Rugby,Number 8,Spain,28,15,1,0,0,0,0,16,7,14,Home Win
1059,2024-02-02,New Zealand All Blacks,Scotland Rugby,"Principality Stadium, Cardiff",The Rugby Championship,2,42,6,8,0,48,52,0,0,0,0,Malcolm Watson,Scotland Rugby,Right Wing,New Zealand,30,118,3,0,0,0,0,17,2,167,Home Win
1060,2023-07-18,Japan Brave Blossoms,Uruguay Rugby,"Principality Stadium, Cardiff",Rugby Europe Championship,4,25,42,3,7,64,36,1,1,0,0,Rory Williams,Japan Brave Blossoms,Hooker,New Zealand,25,77,0,0,0,0,0,1,3,11,Away Win
1061,2024-10-25,Romania Rugby,Fiji Rugby,"ANZ National Stadium, Suva",Rugby Europe Championship,6,20,37,3,4,44,56,0,0,0,0,Hamish Russell,Romania Rugby,Loosehead Prop,France,26,45,3,0,0,0,0,13,6,38,Away Win
1062,2021-07-18,South Africa Springboks,Romania Rugby,"Estadio Jose Amalfitani, Buenos Aires",Six Nations,7,32,24,3,4,64,36,0,0,0,0,Malcolm Carbery,South Africa Springboks,Fly-half,South Africa,22,78,0,0,1,0,0,17,3,122,Home Win
1063,2024-12-07,Uruguay Rugby,Scotland Rugby,"Principality Stadium, Cardiff",Six Nations,6,41,44,4,6,44,56,0,0,0,0,Rory Itoje,Scotland Rugby,Blindside Flanker,New Zealand,22,53,0,0,0,0,0,4,0,66,Away Win
1064,2019-08-24,Canada Rugby,Fiji Rugby,"ANZ National Stadium, Suva",World Rugby U20 Championship,8,48,25,7,2,52,48,0,1,0,0,William Carbery,Canada Rugby,Loosehead Prop,Canada,,98,0,0,0,0,0,7,1,38,Home Win
1065,2023-07-01,New Zealand All Blacks,Romania Rugby,"Eden Park, Auckland",Pacific Nations Cup,5,58,43,8,4,56,44,0,1,0,0,Callum Lowe,New Zealand All Blacks,Scrum-half,New Zealand,32,33,2,0,0,0,0,11,6,117,Home Win
1066,2021-07-18,England Rugby,Italy Rugby,"Murrayfield, Edinburgh",Rugby World Cup,1,27,25,2,1,45,55,0,1,0,0,Rory Porter,England Rugby,Fullback,England,26,73,3,0,2,0,0,8,,144,Home Win
1067,2017-10-08,England Rugby,Fiji Rugby,"National Stadium, Tokyo",Rugby Europe Championship,7,55,53,8,5,57,43,0,0,1,0,William Dupont,Fiji Rugby,Fly-half,Fiji,31,99,3,2,0,0,0,14,7,58,Home Win
1068,2019-03-13,England Rugby,France XV,"Apia Park, Samoa",Rugby Europe Championship,3,34,25,6,5,65,35,0,0,0,0,Grégoire Hogg,England Rugby,Scrum-half,South Africa,28,66,3,0,0,0,0,17,1,152,Home Win
1069,2023-03-22,Scotland Rugby,Spain Rugby,"Principality Stadium, Cardiff",Six Nations,3,27,26,4,4,40,60,0,0,0,0,Alun Lowe,Spain Rugby,Fly-half,Spain,24,26,3,0,1,0,0,10,6,84,Home Win
1070,2017-07-11,Uruguay Rugby,Fiji Rugby,"Aviva Stadium, Dublin",World Rugby U20 Championship,8,39,47,3,5,47,53,0,1,0,1,Hugo Porter,Uruguay Rugby,Lock,Uruguay,28,57,2,0,0,0,0,13,7,35,Away Win
1071,2023-12-14,Tonga Rugby,Romania Rugby,"Estadio Jose Amalfitani, Buenos Aires",Rugby World Cup,6,57,20,8,1,46,54,0,0,0,0,Romain Brown,Romania Rugby,Loosehead Prop,France,33,13,2,0,0,0,0,17,3,114,Home Win
1072,2017-06-10,England Rugby,Ireland Rugby,"Stadium Australia, Sydney",Autumn Internationals,4,50,58,8,7,58,42,0,0,0,0,Cheslin Henshaw,England Rugby,Hooker,England,26,87,1,0,0,1,0,16,2,141,Away Win
1073,2022-10-14,New Zealand All Blacks,Scotland Rugby,"Principality Stadium, Cardiff",Rugby World Cup,4,15,46,3,4,62,38,0,0,0,0,Siya Lowe,Scotland Rugby,Openside Flanker,Australia,33,79,3,0,0,0,0,14,2,172,Away Win
1074,2021-07-20,Ireland Rugby,Canada Rugby,"Twickenham, London",Pacific Nations Cup,7,48,29,6,2,64,36,0,2,0,0,Siya Watson,Ireland Rugby,Fly-half,Ireland,18,7,2,0,3,0,0,17,8,167,Home Win
1075,2019-04-18,Japan Brave Blossoms,South Africa Springboks,"Aviva Stadium, Dublin",Six Nations,8,43,60,7,8,52,48,1,0,0,0,Romain Brown,South Africa Springboks,Inside Centre,South Africa,30,107,1,0,0,0,1,14,4,89,Away Win
1076,2017-10-05,Spain Rugby,Italy Rugby,"Teufaiva Stadium, Tonga",Six Nations,4,12,36,0,5,45,55,2,0,0,1,Charles Jones,Spain Rugby,Lock,Spain,27,111,1,0,0,0,0,4,5,63,Away Win
1077,2023-12-09,England Rugby,Italy Rugby,"Apia Park, Samoa",,8,35,50,7,5,49,51,0,0,0,0,Romain Barrett,Italy Rugby,Number 8,Italy,25,35,2,0,0,0,0,18,2,,Away Win
1078,2022-01-14,Australia Wallabies,Uruguay Rugby,"Stade de France, Paris",World Rugby U20 Championship,3,39,16,4,2,43,57,0,0,0,0,Romain Henshaw,Uruguay Rugby,Hooker,Uruguay,27,,0,0,0,0,0,4,3,132,Home Win
1079,2016-02-11,Tonga Rugby,England Rugby,"Stadium Australia, Sydney",The Rugby Championship,3,43,14,6,2,51,49,0,0,0,0,Charles Lowe,Tonga Rugby,Left Wing,Tonga,19,57,1,0,0,0,0,3,6,89,Home Win
1080,2018-09-20,New Zealand All Blacks,Fiji Rugby,"Estadio Jose Amalfitani, Buenos Aires",Six Nations,7,31,0,4,0,42,58,0,0,0,1,Mason Curry,Fiji Rugby,Right Wing,Fiji,26,,3,0,0,0,0,15,1,4,Home Win
1081,2021-02-21,Italy Rugby,Georgia Rugby,"Estadio Jose Amalfitani, Buenos Aires",Pacific Nations Cup,3,36,8,4,1,60,40,0,0,0,0,Romain Furlong,Italy Rugby,Right Wing,South Africa,28,31,0,0,0,0,0,3,7,156,Home Win
1082,2023-12-09,Samoa Rugby,Canada Rugby,"Twickenham, London",The Rugby Championship,3,38,16,4,1,43,57,0,0,1,0,Taulupe Itoje,Canada Rugby,Loosehead Prop,New Zealand,32,,1,0,0,0,0,3,,,Home Win
1083,2021-04-11,South Africa Springboks,Romania Rugby,"Stade de France, Paris",Autumn Internationals,6,28,19,4,1,56,44,1,0,0,1,Hugo Ntamack,Romania Rugby,Outside Centre,Romania,24,109,2,0,0,0,0,0,5,51,Home Win
1084,2017-01-14,Canada Rugby,Scotland Rugby,"Eden Park, Auckland",Six Nations,6,9,53,0,5,58,42,0,0,0,0,Ethan Porter,Scotland Rugby,Lock,Scotland,23,12,0,0,0,1,0,16,6,179,Away Win
1085,2017-04-10,South Africa Springboks,Georgia Rugby,"Aviva Stadium, Dublin",Rugby Europe Championship,6,40,34,6,5,37,63,1,0,0,0,Grégoire Watson,South Africa Springboks,Blindside Flanker,South Africa,24,53,0,0,0,0,0,6,7,78,Home Win
1086,2016-12-08,Fiji Rugby,Ireland Rugby,"Stadium Australia, Sydney",Autumn Internationals,1,31,38,4,4,49,51,0,0,0,0,Liam Jones,Fiji Rugby,Right Wing,Fiji,30,100,1,0,0,0,0,11,1,149,Away Win
1087,2015-08-02,Fiji Rugby,France XV,"Twickenham, London",Pacific Nations Cup,7,45,56,6,7,40,60,0,1,0,0,Jamie Lowe,Fiji Rugby,Fly-half,Fiji,28,32,2,3,3,0,0,2,4,98,Away Win
1088,2023-08-12,Samoa Rugby,USA Eagles,"Mikheil Meskhi Stadium, Tbilisi",Pacific Nations Cup,6,38,32,6,4,42,58,0,1,0,0,Pieter Doris,USA Eagles,Fly-half,South Africa,24,30,1,0,1,0,0,1,3,147,Home Win
1089,2015-12-23,Samoa Rugby,Spain Rugby,"Stadium Australia, Sydney",Pacific Nations Cup,3,28,39,3,7,37,63,0,0,0,0,Mason Dupont,Spain Rugby,Inside Centre,Spain,29,23,2,0,0,0,0,4,1,134,Away Win
1090,2022-11-11,Australia Wallabies,Georgia Rugby,"Twickenham, London",World Rugby U20 Championship,6,36,27,3,2,44,56,0,0,0,0,Finn Lowe,Georgia Rugby,Blindside Flanker,Georgia,27,118,1,0,0,0,0,15,2,84,Home Win
1091,2015-05-07,Fiji Rugby,Uruguay Rugby,"Stade de France, Paris",World Rugby U20 Championship,2,25,29,5,4,49,51,0,2,0,0,Justin Curry,Uruguay Rugby,Hooker,Argentina,30,107,3,0,0,0,0,7,2,115,Away Win
1092,2016-06-20,England Rugby,Romania Rugby,"National Stadium, Tokyo",Autumn Internationals,1,41,12,6,2,38,62,0,2,0,0,Richie Kolbe,Romania Rugby,Hooker,France,,7,3,0,0,0,0,4,0,92,Home Win
1093,2016-05-26,England Rugby,USA Eagles,"Principality Stadium, Cardiff",Autumn Internationals,8,31,13,4,1,63,37,0,0,0,0,Conor Caelan,USA Eagles,Loosehead Prop,USA,25,20,0,0,0,0,0,17,6,150,Home Win
1094,2019-02-13,Scotland Rugby,USA Eagles,"Mikheil Meskhi Stadium, Tbilisi",Rugby Europe Championship,1,62,51,8,8,40,60,1,0,0,0,Benjamin Carbery,Scotland Rugby,Openside Flanker,,25,26,1,0,0,0,0,2,1,99,Home Win
1095,2021-03-05,Italy Rugby,France XV,"National Stadium, Tokyo",Pacific Nations Cup,2,16,13,1,1,47,53,0,0,0,0,Jamie Lowe,France XV,Left Wing,France,21,89,3,0,0,0,0,10,,12,Home Win
1096,2017-05-24,France XV,Argentina Pumas,"Murrayfield, Edinburgh",Rugby Europe Championship,6,28,43,4,6,49,51,0,1,0,0,Taulupe van der Merwe,Argentina Pumas,Tighthead Prop,Argentina,28,9,2,0,0,0,0,16,0,44,Away Win
1097,2021-11-04,Georgia Rugby,Canada Rugby,"ANZ National Stadium, Suva",Rugby World Cup,4,36,67,5,7,50,50,0,0,0,0,Noah Curry,Georgia Rugby,Loosehead Prop,Georgia,28,,1,0,0,0,0,6,4,,Away Win
1098,2019-10-26,New Zealand All Blacks,Argentina Pumas,"Aviva Stadium, Dublin",World Rugby U20 Championship,5,51,40,6,6,41,59,0,0,0,0,Taulupe Carbery,New Zealand All Blacks,Right Wing,New Zealand,27,108,2,0,0,0,0,9,4,175,Home Win
1099,2017-09-25,Japan Brave Blossoms,Wales Rugby,"Stade de France, Paris",Rugby World Cup,7,50,19,5,2,44,56,0,0,0,0,Sean Carbery,Japan Brave Blossoms,Scrum-half,Australia,26,82,3,0,0,0,0,16,4,43,Home Win
1100,2016-04-12,Australia Wallabies,Samoa Rugby,"Stade de France, Paris",World Rugby U20 Championship,5,46,35,6,5,49,51,1,0,0,0,Callum Watson,Australia Wallabies,Hooker,New Zealand,21,112,3,0,0,0,0,4,2,51,Home Win
1101,2020-11-02,Fiji Rugby,Australia Wallabies,"Eden Park, Auckland",Autumn Internationals,5,35,30,3,2,59,41,0,0,0,0,Liam Jones,Australia Wallabies,Scrum-half,New Zealand,25,26,2,0,0,1,0,16,3,4,Home Win
1102,2015-05-10,Australia Wallabies,England Rugby,,World Rugby U20 Championship,6,40,30,6,2,41,59,0,1,0,0,Mason Barrett,Australia Wallabies,Inside Centre,Fiji,25,3,1,0,0,0,0,,6,163,Home Win
1103,2021-02-18,Italy Rugby,Uruguay Rugby,"Aviva Stadium, Dublin",Autumn Internationals,3,34,0,3,0,56,44,0,0,0,0,Jamie Brown,Italy Rugby,Lock,Argentina,23,15,0,0,0,0,0,8,8,51,Home Win
1104,2016-10-22,New Zealand All Blacks,France XV,"Murrayfield, Edinburgh",Six Nations,2,57,10,8,1,49,51,2,0,0,0,Beauden Itoje,New Zealand All Blacks,Outside Centre,New Zealand,26,87,2,0,0,0,0,1,0,35,Home Win
1105,2021-07-15,Australia Wallabies,France XV,"Aviva Stadium, Dublin",Rugby Europe Championship,7,42,45,7,6,58,42,0,1,0,0,Grégoire Johnson,France XV,Fly-half,Ivory Coast,28,49,2,4,0,0,0,,7,124,Away Win
1106,2018-11-28,Romania Rugby,Spain Rugby,"Stadium Australia, Sydney",Pacific Nations Cup,2,51,34,6,3,55,45,0,1,0,1,Kieran Watson,Romania Rugby,Right Wing,Romania,34,61,3,0,0,0,0,15,5,61,Home Win
1107,2016-08-15,Romania Rugby,Georgia Rugby,,Rugby World Cup,8,0,19,0,1,52,48,0,0,0,0,Hugo Dupont,Georgia Rugby,Blindside Flanker,Georgia,27,106,0,0,0,0,0,10,8,158,Away Win
1108,2023-06-23,Japan Brave Blossoms,Romania Rugby,"Ellis Park, Johannesburg",Rugby World Cup,3,53,22,7,2,41,59,0,1,0,0,Lucas Doris,Japan Brave Blossoms,Openside Flanker,Australia,28,,0,0,0,0,0,18,8,34,Home Win
1109,2017-12-27,Australia Wallabies,Spain Rugby,"Twickenham, London",Rugby World Cup,7,43,67,5,8,59,41,0,0,0,0,Charles Lowe,Australia Wallabies,Inside Centre,Australia,26,114,2,0,0,0,0,10,8,161,Away Win
1110,2023-12-21,Australia Wallabies,Canada Rugby,"Stadium Australia, Sydney",World Rugby U20 Championship,2,46,67,5,8,63,37,1,0,0,0,Malcolm Taylor,Australia Wallabies,Loosehead Prop,Australia,19,86,0,0,0,0,0,5,4,174,Away Win
1111,2023-07-08,Canada Rugby,Scotland Rugby,"Estadio Jose Amalfitani, Buenos Aires",,5,18,51,0,6,45,55,2,0,0,0,Faf Doris,Scotland Rugby,Fly-half,Scotland,26,70,1,5,1,0,0,,2,44,Away Win
1112,2015-03-11,Georgia Rugby,Ireland Rugby,"National Stadium, Tokyo",Rugby World Cup,5,63,57,7,8,45,55,0,2,0,0,Justin Hogg,Georgia Rugby,Openside Flanker,Georgia,27,12,2,0,0,0,0,10,5,92,Home Win
1113,2018-11-20,Samoa Rugby,Uruguay Rugby,"Mikheil Meskhi Stadium, Tbilisi",Pacific Nations Cup,4,9,31,0,5,52,48,0,0,0,0,Oliver Ntamack,Uruguay Rugby,Fullback,Argentina,,84,1,0,2,0,0,5,8,136,Away Win
1114,2017-01-15,Italy Rugby,England Rugby,"Apia Park, Samoa",The Rugby Championship,1,23,11,1,1,52,48,0,1,0,0,Antoine Faletau,England Rugby,Blindside Flanker,New Zealand,26,3,3,0,0,0,0,20,1,149,Home Win
1115,2021-11-01,Georgia Rugby,Tonga Rugby,"Murrayfield, Edinburgh",Six Nations,4,29,37,2,6,44,56,0,1,0,0,Hamish Hogg,Tonga Rugby,Tighthead Prop,Tonga,28,16,0,0,0,0,0,17,8,21,Away Win
1116,2018-02-06,Scotland Rugby,Japan Brave Blossoms,"ANZ National Stadium, Suva",Rugby Europe Championship,1,62,52,8,7,37,63,0,0,0,1,Cian Brown,Japan Brave Blossoms,Lock,New Zealand,26,80,0,0,0,0,0,14,5,157,Home Win
1117,2019-06-05,Scotland Rugby,Georgia Rugby,"ANZ National Stadium, Suva",World Rugby U20 Championship,6,67,51,7,7,50,50,0,0,0,0,Callum de Klerk,Scotland Rugby,Inside Centre,Australia,22,114,0,0,0,0,0,16,,148,Home Win
1118,2021-04-25,Ireland Rugby,Tonga Rugby,"National Stadium, Tokyo",World Rugby U20 Championship,5,23,43,2,7,51,49,0,0,1,1,Mason Watson,Ireland Rugby,Tighthead Prop,South Africa,31,23,1,0,0,0,0,11,0,56,Away Win
1119,2015-11-11,Georgia Rugby,South Africa Springboks,"Ellis Park, Johannesburg",World Rugby U20 Championship,5,37,59,4,8,47,53,0,0,0,0,Josh Curry,South Africa Springboks,Blindside Flanker,South Africa,30,105,2,0,0,0,0,19,0,128,Away Win
1120,2021-06-24,France XV,Argentina Pumas,"Ellis Park, Johannesburg",Autumn Internationals,8,39,24,7,3,36,64,0,0,0,0,Kieran de Klerk,France XV,Fullback,France,30,24,3,0,4,1,0,9,1,55,Home Win
1121,2019-03-24,Australia Wallabies,Canada Rugby,"ANZ National Stadium, Suva",The Rugby Championship,8,10,21,1,3,35,65,0,1,0,0,Lucas Johnson,Australia Wallabies,Number 8,Fiji,23,116,0,0,0,0,0,3,,123,Away Win
1122,2021-04-26,South Africa Springboks,Canada Rugby,"Murrayfield, Edinburgh",Rugby Europe Championship,7,37,14,5,1,59,41,0,1,0,0,Callum Smith,Canada Rugby,Inside Centre,New Zealand,32,96,0,0,0,0,0,0,6,167,Home Win
1123,2024-05-22,Romania Rugby,Samoa Rugby,"Principality Stadium, Cardiff",Rugby Europe Championship,4,51,59,6,8,46,54,0,0,1,0,Henry Furlong,Samoa Rugby,Lock,Samoa,21,58,1,0,0,0,0,10,8,,Away Win
1124,2016-05-08,Italy Rugby,England Rugby,"Stadium Australia, Sydney",Rugby World Cup,1,50,46,6,6,57,43,2,0,0,0,Liam Barrett,England Rugby,Right Wing,South Africa,29,85,2,0,0,0,0,,8,,Home Win
1125,2021-10-07,Samoa Rugby,Italy Rugby,"Estadio Jose Amalfitani, Buenos Aires",Rugby World Cup,2,19,62,1,8,46,54,2,0,0,0,Liam de Klerk,Italy Rugby,Tighthead Prop,Argentina,35,53,0,0,0,0,0,10,1,131,Away Win
1126,2022-10-28,Fiji Rugby,Uruguay Rugby,"Eden Park, Auckland",Autumn Internationals,2,41,20,4,1,42,58,1,0,0,0,Beauden Williams,Uruguay Rugby,Openside Flanker,Uruguay,23,87,2,0,0,0,0,15,5,90,Home Win
1127,2018-04-07,Scotland Rugby,Japan Brave Blossoms,"Stadio Olimpico, Rome",Six Nations,6,25,20,2,1,50,50,0,1,0,0,Jamie Dupont,Japan Brave Blossoms,Number 8,Australia,24,115,2,0,0,0,1,16,4,101,Home Win
1128,2016-12-17,Australia Wallabies,Uruguay Rugby,"Murrayfield, Edinburgh",The Rugby Championship,1,6,21,0,3,54,46,1,0,0,0,Finn Russell,Uruguay Rugby,Openside Flanker,Argentina,27,27,3,0,0,0,0,12,4,115,Away Win
1129,2017-12-05,Tonga Rugby,Wales Rugby,"Murrayfield, Edinburgh",Rugby Europe Championship,1,30,47,2,6,51,49,0,0,0,0,Lucas Porter,Tonga Rugby,Tighthead Prop,New Zealand,24,8,1,0,0,0,0,20,1,115,Away Win
1130,2024-10-21,Spain Rugby,Wales Rugby,"ANZ National Stadium, Suva",Pacific Nations Cup,3,36,44,4,5,59,41,0,1,0,0,Cheslin Faletau,Spain Rugby,Left Wing,Spain,20,79,3,0,0,0,0,5,5,58,Away Win
1131,2022-07-06,Romania Rugby,USA Eagles,"Twickenham, London",Rugby Europe Championship,1,29,34,2,3,58,42,0,0,0,0,James Smith,USA Eagles,Outside Centre,South Africa,27,51,0,0,0,0,0,2,6,79,Away Win
1132,2022-09-09,Fiji Rugby,USA Eagles,"Estadio Jose Amalfitani, Buenos Aires",Autumn Internationals,3,69,29,8,2,63,37,0,0,0,0,Justin Kolbe,USA Eagles,Outside Centre,,,12,3,0,0,0,0,4,4,2,Home Win
1133,2015-07-26,Uruguay Rugby,Japan Brave Blossoms,"Aviva Stadium, Dublin",Pacific Nations Cup,4,9,58,0,8,48,52,0,0,0,0,Tadhg Williams,Japan Brave Blossoms,Openside Flanker,New Zealand,28,81,1,0,0,0,0,19,4,72,Away Win
1134,2024-08-07,Georgia Rugby,Argentina Pumas,"Stadium Australia, Sydney",Rugby World Cup,3,0,50,0,8,43,57,0,0,0,0,Rory Dupont,Georgia Rugby,Openside Flanker,Georgia,23,40,3,0,0,1,0,1,5,20,Away Win
1135,2016-12-08,Tonga Rugby,New Zealand All Blacks,"Principality Stadium, Cardiff",Rugby Europe Championship,8,32,18,3,0,38,62,0,2,0,0,Kieran Henshaw,New Zealand All Blacks,Inside Centre,New Zealand,33,6,0,0,0,0,0,6,5,13,Home Win
1136,2015-10-26,Scotland Rugby,New Zealand All Blacks,"Apia Park, Samoa",Autumn Internationals,3,36,5,5,1,56,44,0,1,1,0,Ethan Porter,Scotland Rugby,Scrum-half,New Zealand,23,,0,0,0,0,0,17,5,112,Home Win
1137,2018-10-06,Canada Rugby,Uruguay Rugby,"Estadio Jose Amalfitani, Buenos Aires",The Rugby Championship,6,51,23,7,4,49,51,0,0,0,0,Noah Lowe,Uruguay Rugby,Right Wing,Uruguay,25,47,1,0,0,0,0,17,6,48,Home Win
1138,2017-03-28,England Rugby,South Africa Springboks,"Eden Park, Auckland",Six Nations,2,49,30,7,3,61,39,0,0,0,0,Sean Lowe,England Rugby,Inside Centre,South Africa,30,10,0,0,0,1,0,15,1,119,Home Win
1139,2015-12-03,Argentina Pumas,Canada Rugby,"Stadio Olimpico, Rome",The Rugby Championship,2,30,45,3,8,52,48,0,0,0,0,Lucas Doris,Argentina Pumas,Left Wing,Argentina,22,74,2,0,0,0,0,13,1,42,Away Win
1140,2020-07-25,Canada Rugby,Fiji Rugby,"ANZ National Stadium, Suva",Autumn Internationals,6,35,64,3,8,64,36,0,0,0,1,Beauden Lowe,Canada Rugby,Loosehead Prop,Canada,27,,1,0,0,1,0,9,3,54,Away Win
1141,2015-08-12,Ireland Rugby,France XV,"Twickenham, London",Six Nations,5,45,25,5,3,37,63,0,0,0,0,Finn Russell,France XV,Right Wing,Senegal,32,116,0,0,0,0,0,18,6,20,Home Win
1142,2021-01-10,Spain Rugby,New Zealand All Blacks,"Estadio Jose Amalfitani, Buenos Aires",Rugby World Cup,6,65,17,8,2,39,61,0,0,0,0,Romain Ntamack,Spain Rugby,Outside Centre,Spain,20,51,1,0,0,0,0,18,0,140,Home Win
1143,2023-10-24,Romania Rugby,Wales Rugby,"Estadio Jose Amalfitani, Buenos Aires",Six Nations,4,22,36,1,4,37,63,0,0,0,0,Richie Johnson,Wales Rugby,Blindside Flanker,Wales,27,79,3,0,0,0,0,7,3,175,Away Win
1144,2020-12-26,Japan Brave Blossoms,New Zealand All Blacks,"Ellis Park, Johannesburg",The Rugby Championship,8,60,12,7,0,41,59,0,0,0,0,Malcolm Caelan,Japan Brave Blossoms,Fullback,Japan,28,85,0,0,2,0,0,19,4,13,Home Win
1145,2018-07-17,Japan Brave Blossoms,Italy Rugby,"Apia Park, Samoa",Rugby World Cup,6,40,56,7,8,65,35,0,1,0,0,Alun Curry,Italy Rugby,Inside Centre,South Africa,30,21,0,0,0,0,0,20,4,60,Away Win
1146,2018-03-11,Canada Rugby,Argentina Pumas,"Mikheil Meskhi Stadium, Tbilisi",Autumn Internationals,3,8,48,1,6,39,61,0,0,0,0,Mason Caelan,Canada Rugby,Scrum-half,Canada,22,88,1,0,0,0,0,16,2,110,Away Win
1147,2020-03-24,France XV,Wales Rugby,"Eden Park, Auckland",Rugby Europe Championship,6,49,54,6,6,63,37,0,0,0,0,Noah Doris,France XV,Fly-half,France,21,79,2,4,4,0,0,7,0,91,Away Win
1148,2017-04-08,Uruguay Rugby,Ireland Rugby,"Eden Park, Auckland",Autumn Internationals,1,37,43,4,6,59,41,0,0,1,0,Siya Watson,Ireland Rugby,Fullback,South Africa,29,32,3,0,3,0,0,12,5,100,Away Win
1149,2023-09-13,South Africa Springboks,Argentina Pumas,"Apia Park, Samoa",Rugby World Cup,7,55,9,8,0,63,37,0,1,0,0,Hugo Henshaw,South Africa Springboks,Number 8,South Africa,28,12,0,0,0,0,0,17,2,100,Home Win
1150,2016-02-23,Australia Wallabies,France XV,"Murrayfield, Edinburgh",World Rugby U20 Championship,6,19,59,1,8,47,53,0,0,0,0,Ethan Johnson,Australia Wallabies,Outside Centre,,28,92,0,0,0,0,0,14,,160,Away Win
1151,2018-04-19,New Zealand All Blacks,USA Eagles,"ANZ National Stadium, Suva",Autumn Internationals,8,33,47,6,7,43,57,0,0,0,0,Pieter Jones,New Zealand All Blacks,Tighthead Prop,New Zealand,28,110,0,0,0,0,0,9,5,22,Away Win
1152,2024-06-02,Australia Wallabies,Uruguay Rugby,"Ellis Park, Johannesburg",Rugby Europe Championship,5,49,34,5,5,61,39,0,0,0,0,Josh Faletau,Uruguay Rugby,Scrum-half,Argentina,24,27,1,0,0,0,0,20,8,22,Home Win
1153,2017-10-19,Spain Rugby,Samoa Rugby,"Murrayfield, Edinburgh",Pacific Nations Cup,8,47,17,7,2,35,65,0,0,0,0,Charles Jones,Spain Rugby,Blindside Flanker,Argentina,27,45,1,0,0,0,0,9,,17,Home Win
1154,2018-06-27,New Zealand All Blacks,Wales Rugby,"Stadium Australia, Sydney",World Rugby U20 Championship,8,42,15,7,0,49,51,1,0,0,0,Josh Ntamack,Wales Rugby,Fly-half,Wales,28,93,2,4,4,0,0,,5,16,Home Win
1155,2019-12-28,Spain Rugby,France XV,"Stadium Australia, Sydney",World Rugby U20 Championship,1,23,42,4,6,49,51,1,0,0,0,Callum Williams,France XV,Number 8,France,24,65,0,0,0,0,0,4,3,87,Away Win
1156,2015-08-13,Ireland Rugby,Scotland Rugby,"Apia Park, Samoa",Rugby Europe Championship,2,18,28,0,4,45,55,0,0,0,0,Stuart Doris,Scotland Rugby,Lock,Scotland,34,82,1,0,0,0,0,8,8,81,Away Win
1157,2023-06-09,Canada Rugby,Samoa Rugby,"Twickenham, London",World Rugby U20 Championship,5,27,18,3,2,52,48,0,0,0,0,James Williams,Canada Rugby,Openside Flanker,New Zealand,28,51,1,0,0,0,0,20,7,157,Home Win
1158,2016-12-15,Romania Rugby,Ireland Rugby,"Ellis Park, Johannesburg",Autumn Internationals,5,44,59,7,7,63,37,0,1,0,0,Hugo Russell,Ireland Rugby,Loosehead Prop,New Zealand,22,9,3,0,0,0,0,5,4,89,Away Win
1159,2021-10-14,Canada Rugby,Georgia Rugby,"Stade de France, Paris",Pacific Nations Cup,4,54,18,8,2,41,59,1,0,0,0,Finn Carbery,Georgia Rugby,Left Wing,Georgia,29,10,3,0,0,0,0,10,8,24,Home Win
1160,2016-04-27,Uruguay Rugby,South Africa Springboks,"Twickenham, London",Pacific Nations Cup,1,18,23,2,2,54,46,0,0,0,0,Pieter Williams,South Africa Springboks,Fly-half,South Africa,23,2,3,1,2,0,0,1,0,,Away Win
1161,2021-07-18,Tonga Rugby,Italy Rugby,"Stade de France, Paris",World Rugby U20 Championship,3,50,32,7,2,64,36,0,0,0,0,Liam Williams,Tonga Rugby,Left Wing,Tonga,30,3,1,0,0,0,0,13,2,21,Home Win
1162,2022-07-12,Italy Rugby,Romania Rugby,"Stade de France, Paris",Six Nations,7,9,55,0,7,53,47,0,2,0,0,Owen Porter,Italy Rugby,Hooker,Argentina,31,19,2,0,0,0,0,19,1,62,Away Win
1163,2015-08-15,Fiji Rugby,Romania Rugby,"Estadio Jose Amalfitani, Buenos Aires",Autumn Internationals,6,48,32,6,5,36,64,0,0,0,0,Owen Caelan,Romania Rugby,Tighthead Prop,Romania,23,74,0,0,0,0,0,19,0,73,Home Win
1164,2024-12-05,France XV,Wales Rugby,"ANZ National Stadium, Suva",Autumn Internationals,6,23,25,2,4,60,40,0,0,1,1,Charles Doris,France XV,Openside Flanker,Senegal,30,31,3,0,0,0,0,18,5,13,Away Win
1165,2021-11-23,Canada Rugby,Scotland Rugby,"Principality Stadium, Cardiff",Autumn Internationals,5,18,58,2,8,49,51,0,0,0,1,Romain Lowe,Canada Rugby,Fullback,New Zealand,28,84,2,0,2,0,0,8,6,118,Away Win
1166,2015-02-01,Canada Rugby,New Zealand All Blacks,"Principality Stadium, Cardiff",Rugby World Cup,2,47,41,7,5,41,59,0,0,0,0,Henry Williams,Canada Rugby,Right Wing,Canada,30,78,1,0,0,0,0,20,2,28,Home Win
1167,2017-02-09,Fiji Rugby,Argentina Pumas,"Teufaiva Stadium, Tonga",,7,48,35,6,5,40,60,0,0,0,0,Lucas Taylor,Fiji Rugby,Scrum-half,Fiji,,99,3,0,0,0,0,14,4,,Home Win
1168,2019-03-23,South Africa Springboks,Italy Rugby,"Stadium Australia, Sydney",Autumn Internationals,1,63,65,8,7,58,42,1,1,0,0,Stuart Hogg,Italy Rugby,Fullback,Italy,26,46,2,0,2,0,0,20,1,93,Away Win
1169,2019-12-13,Tonga Rugby,Wales Rugby,"Mikheil Meskhi Stadium, Tbilisi",Rugby World Cup,6,52,5,7,1,41,59,0,2,0,0,Justin van der Merwe,Wales Rugby,Number 8,New Zealand,23,3,0,0,0,0,0,1,6,30,Home Win
1170,2017-08-21,England Rugby,South Africa Springboks,"Eden Park, Auckland",Autumn Internationals,1,30,10,3,2,63,37,0,1,0,0,Henry Russell,England Rugby,Fly-half,England,23,103,1,0,1,0,0,12,5,30,Home Win
1171,2017-07-06,France XV,Japan Brave Blossoms,"Apia Park, Samoa",The Rugby Championship,3,35,35,7,3,62,38,0,0,0,0,Liam Johnson,France XV,Fullback,France,23,12,2,0,3,0,0,15,2,52,Draw
1172,2019-06-14,Spain Rugby,England Rugby,"Eden Park, Auckland",Pacific Nations Cup,4,33,25,3,1,52,48,0,0,0,0,Henry van der Merwe,Spain Rugby,Tighthead Prop,Spain,26,88,3,0,0,0,0,1,0,165,Home Win
1173,2017-01-16,Canada Rugby,Australia Wallabies,"Estadio Jose Amalfitani, Buenos Aires",Rugby World Cup,2,22,62,3,7,56,44,1,0,0,0,Callum Curry,Canada Rugby,Fullback,New Zealand,28,29,0,0,3,0,0,13,2,55,Away Win
1174,2024-01-09,Ireland Rugby,South Africa Springboks,"Twickenham, London",Rugby World Cup,8,45,45,7,6,63,37,0,0,0,1,Hamish Kolbe,Ireland Rugby,Hooker,South Africa,,53,3,0,0,0,0,15,7,71,Draw
1175,2021-01-02,Romania Rugby,New Zealand All Blacks,"Murrayfield, Edinburgh",World Rugby U20 Championship,1,54,72,6,8,57,43,1,0,0,0,Rory Taylor,Romania Rugby,Blindside Flanker,France,30,38,1,0,0,0,0,15,,41,Away Win
1176,2015-11-03,Samoa Rugby,Uruguay Rugby,"Principality Stadium, Cardiff",World Rugby U20 Championship,6,66,6,8,0,57,43,1,0,0,0,James Watson,Samoa Rugby,Fullback,New Zealand,27,87,2,0,0,0,0,19,0,93,Home Win
1177,2018-12-25,Uruguay Rugby,Spain Rugby,"Stade de France, Paris",The Rugby Championship,6,26,48,4,8,46,54,0,0,0,0,Jamie Itoje,Spain Rugby,Outside Centre,Argentina,32,87,0,0,0,0,0,2,1,100,Away Win
1178,2019-07-22,USA Eagles,New Zealand All Blacks,"Estadio Jose Amalfitani, Buenos Aires",Six Nations,8,46,40,5,6,44,56,0,0,0,0,Finn Dupont,New Zealand All Blacks,Left Wing,New Zealand,25,83,2,0,0,0,0,16,8,113,Home Win
1179,2020-05-15,South Africa Springboks,Australia Wallabies,"Twickenham, London",Pacific Nations Cup,3,62,37,8,4,57,43,1,1,0,0,Mason Watson,Australia Wallabies,Lock,Fiji,37,48,1,0,0,0,0,10,5,37,Home Win
1180,2017-01-24,Georgia Rugby,Fiji Rugby,"Estadio Jose Amalfitani, Buenos Aires",Pacific Nations Cup,6,42,51,4,7,58,42,1,0,0,0,Hamish Brown,Georgia Rugby,Lock,Georgia,29,4,3,0,0,0,0,11,1,83,Away Win
1181,2023-07-07,Georgia Rugby,England Rugby,"Murrayfield, Edinburgh",The Rugby Championship,1,45,49,5,6,46,54,0,0,0,0,Benjamin Barrett,England Rugby,Inside Centre,New Zealand,23,114,3,0,0,0,0,14,4,41,Away Win
1182,2020-02-19,Uruguay Rugby,Canada Rugby,"Teufaiva Stadium, Tonga",Autumn Internationals,2,3,48,0,6,49,51,0,1,0,0,Hamish Russell,Canada Rugby,Loosehead Prop,New Zealand,,,2,0,0,0,0,17,7,57,Away Win
1183,2022-12-21,Italy Rugby,Australia Wallabies,"Stade de France, Paris",Rugby World Cup,2,32,54,4,7,53,47,0,0,0,1,Taulupe Furlong,Italy Rugby,Fly-half,South Africa,28,3,2,1,4,0,0,4,5,,Away Win
1184,2016-10-25,Wales Rugby,Australia Wallabies,"Twickenham, London",,6,29,36,5,4,53,47,0,0,0,0,Cheslin Johnson,Australia Wallabies,Hooker,New Zealand,26,28,1,0,0,0,0,17,8,136,Away Win
1185,2020-03-27,Samoa Rugby,Japan Brave Blossoms,"Murrayfield, Edinburgh",Pacific Nations Cup,6,13,23,2,4,62,38,0,0,0,0,Henry Williams,Samoa Rugby,Loosehead Prop,New Zealand,29,100,3,0,0,0,0,3,0,168,Away Win
1186,2024-04-06,Spain Rugby,Wales Rugby,"ANZ National Stadium, Suva",The Rugby Championship,1,13,20,1,2,40,60,1,1,0,0,Finn Doris,Spain Rugby,Loosehead Prop,Spain,28,68,1,0,0,0,0,5,8,1,Away Win
1187,2020-07-14,France XV,Wales Rugby,"Stade de France, Paris",Pacific Nations Cup,4,42,16,6,1,38,62,0,0,0,0,Siya Russell,France XV,Hooker,France,26,50,2,0,0,0,0,14,3,141,Home Win
1188,2016-07-15,New Zealand All Blacks,USA Eagles,"Estadio Jose Amalfitani, Buenos Aires",World Rugby U20 Championship,2,22,24,1,2,38,62,0,1,0,0,Callum Lowe,New Zealand All Blacks,Right Wing,New Zealand,23,52,0,0,0,0,0,15,4,148,Away Win
1189,2017-08-04,USA Eagles,Argentina Pumas,"Ellis Park, Johannesburg",The Rugby Championship,8,39,30,7,3,36,64,1,0,0,0,Richie Lowe,Argentina Pumas,Fly-half,,20,13,0,5,4,0,0,6,4,169,Home Win
1190,2022-06-28,France XV,Italy Rugby,"Principality Stadium, Cardiff",Autumn Internationals,8,15,3,0,0,50,50,0,0,0,0,Hamish Carbery,Italy Rugby,Scrum-half,Argentina,25,74,3,0,0,0,0,16,0,100,Home Win
1191,2020-12-19,Ireland Rugby,Tonga Rugby,"Eden Park, Auckland",Rugby Europe Championship,6,42,16,6,1,46,54,0,0,0,0,William Ntamack,Ireland Rugby,Hooker,South Africa,30,44,1,0,0,0,0,,6,,Home Win
1192,2016-12-22,France XV,USA Eagles,"Stade de France, Paris",The Rugby Championship,8,50,39,8,5,48,52,0,0,1,0,Tadhg Jones,France XV,Lock,Senegal,27,74,3,0,0,0,0,2,1,151,Home Win
1193,2023-06-07,Japan Brave Blossoms,Georgia Rugby,"Principality Stadium, Cardiff",Autumn Internationals,5,56,54,8,7,57,43,0,0,0,0,Justin van der Merwe,Georgia Rugby,Fly-half,Georgia,22,110,3,4,0,0,0,4,3,38,Home Win
1194,2017-05-22,Argentina Pumas,Fiji Rugby,"National Stadium, Tokyo",Six Nations,7,17,8,3,1,60,40,1,0,0,0,Kieran de Klerk,Argentina Pumas,Tighthead Prop,Argentina,27,4,2,0,0,0,0,17,,164,Home Win
1195,2016-07-27,Italy Rugby,Samoa Rugby,"Apia Park, Samoa",Rugby Europe Championship,3,24,7,3,1,42,58,0,1,0,0,Romain Barrett,Samoa Rugby,Tighthead Prop,Samoa,28,14,1,0,0,0,0,13,4,150,Home Win
1196,2022-12-12,Ireland Rugby,Tonga Rugby,"Stadio Olimpico, Rome",The Rugby Championship,1,12,9,0,0,44,56,0,0,0,0,Malcolm Smith,Ireland Rugby,Fullback,New Zealand,23,51,2,0,2,0,0,7,4,53,Home Win
1197,2022-12-14,England Rugby,USA Eagles,"Mikheil Meskhi Stadium, Tbilisi",Rugby Europe Championship,6,57,11,6,1,51,49,0,0,0,0,Noah Doris,USA Eagles,Loosehead Prop,New Zealand,27,83,1,0,0,0,0,4,0,102,Home Win
1198,2020-08-16,Ireland Rugby,Georgia Rugby,"Stadio Olimpico, Rome",World Rugby U20 Championship,3,46,18,4,2,41,59,0,0,0,0,Noah Hogg,Ireland Rugby,Left Wing,Ireland,27,79,1,0,0,0,0,6,4,179,Home Win
1199,2021-08-27,New Zealand All Blacks,Canada Rugby,"ANZ National Stadium, Suva",Autumn Internationals,2,23,34,3,3,50,50,0,0,0,0,Charles Johnson,Canada Rugby,Openside Flanker,Canada,22,102,1,0,0,0,0,7,,63,Away Win
1200,2024-05-03,Tonga Rugby,Georgia Rugby,"Ellis Park, Johannesburg",Pacific Nations Cup,1,6,43,0,5,65,35,0,1,0,0,Taulupe Lowe,Tonga Rugby,Openside Flanker,New Zealand,28,39,3,0,0,0,0,17,0,148,Away Win
1201,2020-01-05,Argentina Pumas,France XV,"Murrayfield, Edinburgh",Rugby Europe Championship,5,41,52,5,6,59,41,1,0,0,0,Hamish Carbery,France XV,Left Wing,France,29,103,3,0,0,0,0,7,2,9,Away Win
1202,2022-08-04,Canada Rugby,Uruguay Rugby,"Stadio Olimpico, Rome",World Rugby U20 Championship,3,23,33,1,5,40,60,1,0,0,0,Josh Doris,Canada Rugby,Fly-half,Canada,31,24,3,0,1,0,0,10,0,72,Away Win
1203,2019-10-22,Uruguay Rugby,Georgia Rugby,"Eden Park, Auckland",The Rugby Championship,1,57,27,7,5,60,40,0,0,0,0,Antoine de Klerk,Georgia Rugby,Tighthead Prop,Georgia,31,31,3,0,0,0,0,5,6,103,Home Win
1204,2020-11-04,Spain Rugby,Ireland Rugby,"Stadio Olimpico, Rome",The Rugby Championship,4,53,61,7,7,54,46,0,1,0,0,Romain Williams,Ireland Rugby,Loosehead Prop,South Africa,21,66,2,0,0,1,0,20,2,126,Away Win
1205,2023-07-10,Japan Brave Blossoms,Scotland Rugby,"National Stadium, Tokyo",Rugby World Cup,2,9,65,0,8,38,62,0,0,0,0,Henry Furlong,Japan Brave Blossoms,Left Wing,Japan,23,60,1,0,0,0,0,1,1,106,Away Win
1206,2017-02-24,Australia Wallabies,Scotland Rugby,"National Stadium, Tokyo",The Rugby Championship,2,39,40,6,8,35,65,0,0,0,0,Jamie Lowe,Scotland Rugby,Blindside Flanker,New Zealand,29,,3,0,0,0,0,4,0,48,Away Win
1207,2016-05-25,Canada Rugby,Wales Rugby,"Murrayfield, Edinburgh",Six Nations,8,33,15,6,0,57,43,0,0,0,0,Beauden Caelan,Canada Rugby,Right Wing,Canada,29,107,3,0,0,0,0,20,6,106,Home Win
1208,2018-12-02,Spain Rugby,Uruguay Rugby,"Estadio Jose Amalfitani, Buenos Aires",Rugby World Cup,7,40,57,5,8,63,37,0,0,0,0,Kieran Ntamack,Uruguay Rugby,Inside Centre,Uruguay,29,25,3,0,0,0,0,7,5,154,Away Win
1209,2017-10-07,Samoa Rugby,USA Eagles,"Aviva Stadium, Dublin",World Rugby U20 Championship,2,42,22,7,2,50,50,0,0,1,0,Noah Itoje,Samoa Rugby,Fullback,Samoa,40,34,2,0,1,0,0,16,0,16,Home Win
1210,2017-12-28,Canada Rugby,Argentina Pumas,"Estadio Jose Amalfitani, Buenos Aires",Pacific Nations Cup,2,0,55,0,7,54,46,0,1,0,0,Henry Barrett,Canada Rugby,Fullback,Canada,29,47,1,0,2,0,0,15,1,39,Away Win
1211,2019-09-06,Uruguay Rugby,Fiji Rugby,"Ellis Park, Johannesburg",The Rugby Championship,6,43,38,6,5,59,41,1,0,0,0,Hugo Watson,Fiji Rugby,Outside Centre,Fiji,31,88,2,0,0,1,0,0,8,17,Home Win
1212,2023-05-14,Romania Rugby,South Africa Springboks,"Principality Stadium, Cardiff",World Rugby U20 Championship,5,37,41,5,5,64,36,0,0,0,0,Antoine Doris,South Africa Springboks,Lock,South Africa,30,113,2,0,0,0,0,12,2,133,Away Win
1213,2019-04-27,Canada Rugby,Spain Rugby,"Teufaiva Stadium, Tonga",The Rugby Championship,7,46,22,8,1,51,49,0,0,0,0,Hugo Dupont,Spain Rugby,Lock,Spain,29,104,1,0,0,0,0,18,2,96,Home Win
1214,2016-01-14,Italy Rugby,England Rugby,"Mikheil Meskhi Stadium, Tbilisi",Six Nations,8,30,57,3,7,47,53,0,0,0,0,Romain Watson,England Rugby,Inside Centre,New Zealand,25,120,3,0,0,0,0,5,2,129,Away Win
1215,2020-02-20,Australia Wallabies,Romania Rugby,"Stadio Olimpico, Rome",Autumn Internationals,2,19,28,1,5,38,62,0,2,0,0,Finn Faletau,Australia Wallabies,Loosehead Prop,Australia,30,120,2,0,0,0,0,,0,31,Away Win
1216,2017-09-21,Spain Rugby,Ireland Rugby,"Murrayfield, Edinburgh",Rugby Europe Championship,8,63,22,7,2,56,44,0,0,0,0,Conor Henshaw,Spain Rugby,Hooker,Argentina,23,111,1,0,0,0,0,9,8,165,Home Win
1217,2015-02-22,Uruguay Rugby,Canada Rugby,"Mikheil Meskhi Stadium, Tbilisi",Pacific Nations Cup,3,18,37,0,4,61,39,1,0,0,0,Alun Smith,Canada Rugby,Blindside Flanker,Canada,26,56,1,0,0,0,0,10,6,65,Away Win
1218,2024-06-06,Australia Wallabies,South Africa Springboks,"Eden Park, Auckland",World Rugby U20 Championship,1,23,43,4,6,63,37,0,0,0,0,Sam Caelan,Australia Wallabies,Lock,Australia,25,64,3,0,0,1,0,10,7,141,Away Win
1219,2017-05-19,Scotland Rugby,Romania Rugby,"Principality Stadium, Cardiff",Autumn Internationals,2,56,22,8,3,60,40,0,2,1,0,Hugo Lowe,Scotland Rugby,Lock,Scotland,27,84,1,0,0,0,0,15,4,153,Home Win
1220,2016-05-03,Canada Rugby,Spain Rugby,"Principality Stadium, Cardiff",World Rugby U20 Championship,2,15,64,2,8,51,49,2,0,0,0,Conor Kolbe,Spain Rugby,Left Wing,Argentina,36,42,2,0,0,0,0,10,,,Away Win
1221,2023-02-26,Uruguay Rugby,Tonga Rugby,"Mikheil Meskhi Stadium, Tbilisi",World Rugby U20 Championship,2,60,18,8,0,47,53,1,0,0,0,Hugo Itoje,Uruguay Rugby,Fullback,Uruguay,19,25,3,0,0,0,0,8,5,49,Home Win
1222,2015-04-27,Spain Rugby,Wales Rugby,"ANZ National Stadium, Suva",Autumn Internationals,2,38,47,4,8,56,44,0,0,0,0,Mason de Klerk,Spain Rugby,Fullback,Spain,29,73,1,0,4,0,0,0,8,157,Away Win
1223,2019-02-22,Italy Rugby,Georgia Rugby,"Estadio Jose Amalfitani, Buenos Aires",Autumn Internationals,8,25,52,5,8,64,36,0,0,0,0,Noah Furlong,Italy Rugby,Lock,Argentina,20,89,3,0,0,1,0,6,2,84,Away Win
1224,2016-08-08,Argentina Pumas,Scotland Rugby,"Stadium Australia, Sydney",Rugby Europe Championship,1,45,54,5,8,54,46,0,0,0,0,Malcolm Dupont,Argentina Pumas,Fullback,Argentina,25,109,0,0,1,0,0,1,4,156,Away Win
1225,2022-07-15,Scotland Rugby,New Zealand All Blacks,"Teufaiva Stadium, Tonga",Autumn Internationals,2,43,3,5,0,38,62,0,0,0,0,Mason Henshaw,Scotland Rugby,Scrum-half,Australia,31,33,2,0,0,0,0,14,2,62,Home Win
1226,2017-08-10,Canada Rugby,Ireland Rugby,"National Stadium, Tokyo",The Rugby Championship,5,33,3,5,0,51,49,1,0,0,0,William Dupont,Canada Rugby,Lock,Canada,27,86,3,0,0,0,1,19,5,148,Home Win
1227,2018-08-20,New Zealand All Blacks,Argentina Pumas,"Stade de France, Paris",Six Nations,8,30,54,5,6,35,65,0,0,0,0,Callum Henshaw,Argentina Pumas,Fly-half,Argentina,22,117,2,0,0,0,0,7,,44,Away Win
1228,2020-04-10,Tonga Rugby,France XV,"Murrayfield, Edinburgh",Six Nations,6,42,29,5,2,37,63,0,1,0,0,Faf Dupont,France XV,Fly-half,Ivory Coast,24,55,1,0,4,0,0,9,2,83,Home Win
1229,2017-09-13,Uruguay Rugby,England Rugby,"Teufaiva Stadium, Tonga",World Rugby U20 Championship,6,55,59,7,8,46,54,0,0,1,0,Finn Henshaw,England Rugby,Loosehead Prop,New Zealand,29,27,1,0,0,0,0,7,6,55,Away Win
1230,2020-04-19,Georgia Rugby,Canada Rugby,"Eden Park, Auckland",Autumn Internationals,6,45,53,6,7,60,40,0,0,0,0,Pieter Williams,Canada Rugby,Lock,Canada,24,108,0,0,0,0,0,3,1,18,Away Win
1231,2023-05-01,Wales Rugby,Ireland Rugby,"Teufaiva Stadium, Tonga",The Rugby Championship,5,43,60,5,6,55,45,0,0,1,1,Sean Furlong,Ireland Rugby,Inside Centre,Ireland,27,27,3,0,0,0,0,17,7,118,Away Win
1232,2017-10-28,New Zealand All Blacks,Tonga Rugby,"Twickenham, London",The Rugby Championship,1,54,36,7,5,56,44,1,1,0,0,Mason Taylor,New Zealand All Blacks,Blindside Flanker,New Zealand,27,73,3,0,0,1,0,12,1,136,Home Win
1233,2024-08-01,Australia Wallabies,South Africa Springboks,"Twickenham, London",Six Nations,2,38,37,6,4,51,49,0,0,0,0,Kieran Brown,South Africa Springboks,Tighthead Prop,South Africa,24,69,3,0,0,0,0,6,2,52,Home Win
1234,2018-01-05,Georgia Rugby,Argentina Pumas,"Murrayfield, Edinburgh",Rugby World Cup,7,28,63,3,8,53,47,0,0,0,0,Antoine Lowe,Argentina Pumas,Right Wing,Argentina,35,104,1,0,0,0,0,19,6,117,Away Win
1235,2016-12-24,Canada Rugby,Japan Brave Blossoms,"Apia Park, Samoa",Six Nations,8,30,68,6,8,38,62,0,1,0,0,Hugo Smith,Canada Rugby,Hooker,Canada,,82,3,0,0,0,0,6,6,9,Away Win
1236,2017-08-27,Scotland Rugby,Uruguay Rugby,"Aviva Stadium, Dublin",,3,17,6,2,0,38,62,0,0,0,0,Grégoire Itoje,Uruguay Rugby,Tighthead Prop,Uruguay,18,28,0,0,0,0,0,14,0,162,Home Win
1237,2018-06-08,Tonga Rugby,Wales Rugby,"Stade de France, Paris",,1,48,3,6,0,56,44,0,0,0,0,Oliver Faletau,Tonga Rugby,Scrum-half,,27,14,2,0,0,0,0,19,3,138,Home Win
1238,2018-02-22,Wales Rugby,Uruguay Rugby,"Stadio Olimpico, Rome",The Rugby Championship,6,6,25,0,1,54,46,0,2,0,0,Lucas Lowe,Wales Rugby,Blindside Flanker,New Zealand,24,81,3,0,0,0,0,4,5,44,Away Win
1239,2018-09-19,Tonga Rugby,Canada Rugby,"Apia Park, Samoa",Rugby World Cup,4,15,14,0,1,59,41,0,0,0,0,Malcolm Barrett,Tonga Rugby,Left Wing,Tonga,30,5,1,0,0,1,0,14,5,34,Home Win
1240,2018-04-18,Fiji Rugby,Samoa Rugby,"Eden Park, Auckland",World Rugby U20 Championship,4,28,47,3,6,35,65,0,0,1,0,Mason Williams,Fiji Rugby,Tighthead Prop,Fiji,23,76,1,0,0,0,0,14,4,42,Away Win
1241,2020-07-13,Uruguay Rugby,England Rugby,,Autumn Internationals,8,56,55,6,8,61,39,2,0,0,0,Sam Hogg,Uruguay Rugby,Tighthead Prop,Argentina,26,71,1,0,0,0,0,14,4,96,Home Win
1242,2021-07-13,Samoa Rugby,USA Eagles,"Apia Park, Samoa",The Rugby Championship,7,37,26,7,4,47,53,1,0,0,1,Alun Henshaw,USA Eagles,Inside Centre,South Africa,,48,0,0,0,0,0,7,3,122,Home Win
1243,2018-10-19,Ireland Rugby,Japan Brave Blossoms,"ANZ National Stadium, Suva",,3,9,22,0,1,53,47,2,0,0,0,Tadhg Porter,Ireland Rugby,Lock,New Zealand,30,65,3,0,0,0,0,2,1,162,Away Win
1244,2015-02-03,Australia Wallabies,USA Eagles,"Teufaiva Stadium, Tonga",World Rugby U20 Championship,7,57,43,8,6,40,60,0,0,0,0,Stuart Barrett,Australia Wallabies,Tighthead Prop,New Zealand,22,26,0,0,0,0,0,6,4,104,Home Win
1245,2018-08-16,New Zealand All Blacks,Spain Rugby,"ANZ National Stadium, Suva",Rugby Europe Championship,2,15,12,0,0,60,40,2,0,0,0,Owen Doris,Spain Rugby,Blindside Flanker,Argentina,25,78,3,0,0,0,0,10,5,61,Home Win
1246,2015-10-04,Tonga Rugby,Ireland Rugby,"Stadio Olimpico, Rome",Pacific Nations Cup,5,36,48,3,5,62,38,0,0,0,1,Faf Jones,Ireland Rugby,Outside Centre,Ireland,25,95,2,0,0,0,0,15,6,156,Away Win
1247,2024-04-23,Tonga Rugby,Japan Brave Blossoms,"Twickenham, London",Rugby Europe Championship,1,28,58,2,7,52,48,2,0,0,1,Cian Barrett,Japan Brave Blossoms,Tighthead Prop,New Zealand,24,97,0,0,0,0,1,0,2,83,Away Win
1248,2016-12-11,Canada Rugby,Uruguay Rugby,"Stadio Olimpico, Rome",Six Nations,2,50,55,5,6,47,53,0,1,1,0,Tadhg Brown,Canada Rugby,Lock,Canada,34,12,0,0,0,0,0,6,1,,Away Win
1249,2020-11-26,Italy Rugby,Fiji Rugby,"Twickenham, London",Pacific Nations Cup,4,23,47,1,6,45,55,0,1,0,0,Sam Ntamack,Fiji Rugby,Tighthead Prop,Fiji,28,96,0,0,0,0,0,3,4,180,Away Win
1250,2015-03-28,Wales Rugby,Argentina Pumas,"Murrayfield, Edinburgh",World Rugby U20 Championship,7,29,20,4,2,48,52,0,2,0,0,Callum Porter,Argentina Pumas,Right Wing,Argentina,21,71,3,0,0,0,0,18,0,77,Home Win
1251,2024-02-22,New Zealand All Blacks,Tonga Rugby,"Teufaiva Stadium, Tonga",Rugby Europe Championship,3,43,42,6,6,38,62,0,0,0,0,Ethan Henshaw,Tonga Rugby,Inside Centre,New Zealand,30,52,1,0,0,0,0,15,4,176,Home Win
1252,2022-06-01,Tonga Rugby,Argentina Pumas,"Ellis Park, Johannesburg",Rugby World Cup,2,17,47,1,7,53,47,0,0,0,0,Romain Ntamack,Argentina Pumas,Fly-half,Argentina,35,,0,2,0,0,0,17,2,103,Away Win
1253,2016-03-28,France XV,Scotland Rugby,"National Stadium, Tokyo",World Rugby U20 Championship,3,0,50,0,8,39,61,0,0,0,0,Henry Watson,France XV,Lock,France,31,47,1,0,0,0,0,0,3,76,Away Win
1254,2023-04-23,Samoa Rugby,Romania Rugby,"Ellis Park, Johannesburg",World Rugby U20 Championship,1,23,18,3,0,61,39,0,0,0,0,Jamie Faletau,Romania Rugby,Hooker,Romania,20,71,2,0,0,0,0,5,6,116,Home Win
1255,2024-11-21,Wales Rugby,Tonga Rugby,"Stadio Olimpico, Rome",Pacific Nations Cup,3,43,12,6,2,65,35,0,0,0,0,Cheslin Henshaw,Tonga Rugby,Hooker,Tonga,25,47,2,0,0,0,0,7,4,2,Home Win
1256,2016-09-12,Romania Rugby,Uruguay Rugby,"Apia Park, Samoa",Pacific Nations Cup,5,45,26,8,4,65,35,1,0,0,0,Finn Taylor,Uruguay Rugby,Lock,Argentina,32,2,1,0,0,0,0,18,4,13,Home Win
1257,2023-05-09,Samoa Rugby,Uruguay Rugby,"Principality Stadium, Cardiff",Pacific Nations Cup,4,42,13,4,1,62,38,0,0,0,0,Benjamin Furlong,Samoa Rugby,Lock,Samoa,24,71,3,0,0,0,0,13,8,34,Home Win
1258,2023-12-12,New Zealand All Blacks,Georgia Rugby,"Stade de France, Paris",World Rugby U20 Championship,1,41,16,7,2,61,39,0,0,0,0,Henry Dupont,New Zealand All Blacks,Fullback,New Zealand,28,87,1,0,4,0,0,9,4,123,Home Win
1259,2024-08-02,South Africa Springboks,Uruguay Rugby,"Stadium Australia, Sydney",Rugby World Cup,8,29,26,5,4,63,37,0,0,0,0,Josh Watson,South Africa Springboks,Fullback,South Africa,30,20,3,0,0,0,0,8,3,120,Home Win
1260,2020-12-14,Australia Wallabies,Ireland Rugby,"Eden Park, Auckland",The Rugby Championship,4,10,24,1,3,48,52,0,1,0,0,Conor Brown,Ireland Rugby,Openside Flanker,South Africa,23,63,3,0,0,0,0,10,6,128,Away Win
1261,2015-11-27,New Zealand All Blacks,Argentina Pumas,"Stadium Australia, Sydney",Autumn Internationals,1,43,43,6,7,59,41,0,0,0,0,Tadhg Porter,Argentina Pumas,Lock,Argentina,26,86,3,0,0,0,0,3,8,156,Draw
1262,2015-10-07,Ireland Rugby,Georgia Rugby,"Ellis Park, Johannesburg",Rugby Europe Championship,1,53,49,6,6,42,58,0,0,0,0,Henry de Klerk,Ireland Rugby,Blindside Flanker,New Zealand,,36,2,0,0,0,0,1,2,10,Home Win
1263,2020-05-04,Uruguay Rugby,Samoa Rugby,"Ellis Park, Johannesburg",World Rugby U20 Championship,1,65,30,8,2,46,54,0,0,0,0,Finn Curry,Samoa Rugby,Hooker,Samoa,22,114,0,0,0,0,0,3,0,150,Home Win
1264,2018-09-24,Japan Brave Blossoms,USA Eagles,"Twickenham, London",Rugby World Cup,3,37,60,3,6,64,36,0,0,0,0,William Russell,Japan Brave Blossoms,Openside Flanker,South Africa,25,68,0,0,0,0,0,4,4,11,Away Win
1265,2022-09-13,England Rugby,Wales Rugby,"Estadio Jose Amalfitani, Buenos Aires",Rugby Europe Championship,7,32,25,6,4,53,47,0,0,0,0,Richie Kolbe,Wales Rugby,Lock,New Zealand,22,91,2,0,0,0,0,1,8,60,Home Win
1266,2016-01-21,Wales Rugby,Romania Rugby,"Stadium Australia, Sydney",World Rugby U20 Championship,6,50,10,5,1,48,52,1,0,1,0,Sean Furlong,Wales Rugby,Lock,New Zealand,33,23,2,0,0,1,0,18,1,176,Home Win
1267,2017-08-08,Romania Rugby,Tonga Rugby,"Apia Park, Samoa",World Rugby U20 Championship,7,40,13,5,2,49,51,0,1,0,0,Noah Ntamack,Romania Rugby,Tighthead Prop,France,21,114,1,0,0,0,0,6,1,36,Home Win
1268,2021-07-01,Spain Rugby,France XV,"Ellis Park, Johannesburg",Rugby Europe Championship,1,6,13,0,2,65,35,0,0,1,1,Benjamin Barrett,Spain Rugby,Tighthead Prop,Argentina,25,62,3,0,0,0,0,15,2,62,Away Win
1269,2015-04-01,Italy Rugby,Ireland Rugby,"Stade de France, Paris",Autumn Internationals,7,17,44,2,5,47,53,0,0,0,0,Lucas Ntamack,Italy Rugby,Blindside Flanker,Italy,27,10,2,0,0,0,0,2,0,154,Away Win
1270,2016-05-16,Japan Brave Blossoms,Tonga Rugby,"ANZ National Stadium, Suva",The Rugby Championship,5,11,3,1,0,47,53,0,1,1,0,Conor Taylor,Japan Brave Blossoms,Hooker,South Africa,32,42,1,0,0,0,0,10,7,108,Home Win
1271,2023-09-16,Canada Rugby,Uruguay Rugby,"Estadio Jose Amalfitani, Buenos Aires",Pacific Nations Cup,4,50,19,6,1,59,41,0,0,0,0,Noah Itoje,Canada Rugby,Scrum-half,Canada,21,61,1,0,0,1,0,11,5,35,Home Win
1272,2017-07-24,Ireland Rugby,France XV,"Eden Park, Auckland",World Rugby U20 Championship,7,50,12,5,0,37,63,0,0,0,0,Cian Williams,Ireland Rugby,Loosehead Prop,,31,73,3,0,0,0,0,4,8,178,Home Win
1273,2023-03-01,South Africa Springboks,Wales Rugby,"Principality Stadium, Cardiff",Rugby Europe Championship,7,49,71,7,8,42,58,0,0,1,0,Antoine Lowe,South Africa Springboks,Loosehead Prop,South Africa,27,29,3,0,0,0,0,17,1,177,Away Win
1274,2016-06-20,France XV,Ireland Rugby,"Teufaiva Stadium, Tonga",Rugby Europe Championship,6,12,17,0,3,37,63,0,0,0,0,Oliver Kolbe,France XV,Lock,Ivory Coast,23,11,0,0,0,0,0,1,0,80,Away Win
1275,2016-06-14,Samoa Rugby,Ireland Rugby,"Mikheil Meskhi Stadium, Tbilisi",World Rugby U20 Championship,2,58,23,8,2,50,50,0,1,0,0,Benjamin Porter,Ireland Rugby,Lock,Ireland,28,114,1,0,0,0,0,5,8,132,Home Win
1276,2021-04-07,Italy Rugby,South Africa Springboks,"National Stadium, Tokyo",Pacific Nations Cup,2,13,53,2,7,62,38,0,1,0,0,Hugo Dupont,South Africa Springboks,Tighthead Prop,South Africa,27,120,2,0,0,0,0,11,5,22,Away Win
1277,2022-01-12,France XV,Spain Rugby,"Stadio Olimpico, Rome",The Rugby Championship,7,48,30,6,2,54,46,2,0,0,0,Jamie Henshaw,Spain Rugby,Loosehead Prop,Spain,24,95,1,0,0,0,0,4,1,74,Home Win
1278,2016-02-06,Canada Rugby,Georgia Rugby,"Apia Park, Samoa",Rugby World Cup,7,36,25,6,3,45,55,2,0,0,0,Oliver Hogg,Georgia Rugby,Tighthead Prop,Georgia,27,61,1,0,0,0,0,1,6,15,Home Win
1279,2017-02-05,Argentina Pumas,Japan Brave Blossoms,"Ellis Park, Johannesburg",The Rugby Championship,7,19,29,1,4,56,44,1,0,0,0,Richie Johnson,Japan Brave Blossoms,Lock,Australia,25,45,3,0,0,0,0,5,6,90,Away Win
1280,2020-01-05,Ireland Rugby,Samoa Rugby,,Autumn Internationals,3,46,41,7,5,51,49,0,2,0,0,Oliver Barrett,Samoa Rugby,Inside Centre,Samoa,27,25,3,0,0,0,0,19,6,,Home Win
1281,2022-11-15,USA Eagles,France XV,"Principality Stadium, Cardiff",Autumn Internationals,6,49,62,5,8,38,62,1,0,0,0,Romain Curry,USA Eagles,Lock,South Africa,29,,3,0,0,0,0,3,1,26,Away Win
1282,2015-11-10,USA Eagles,Spain Rugby,"Stadio Olimpico, Rome",Autumn Internationals,4,24,55,3,7,50,50,2,0,0,0,Faf van der Merwe,Spain Rugby,Lock,Spain,33,65,2,0,0,0,0,9,,172,Away Win
1283,2020-03-19,Spain Rugby,Fiji Rugby,"Principality Stadium, Cardiff",Six Nations,7,27,51,3,6,39,61,1,0,0,0,Romain Kolbe,Fiji Rugby,Hooker,Fiji,22,91,1,0,0,0,0,12,,,Away Win
1284,2024-07-01,Canada Rugby,England Rugby,"Apia Park, Samoa",World Rugby U20 Championship,3,54,30,7,5,44,56,0,1,0,0,James de Klerk,England Rugby,Hooker,South Africa,35,120,1,0,0,0,0,18,1,28,Home Win
1285,2016-08-26,Wales Rugby,Italy Rugby,"Eden Park, Auckland",Autumn Internationals,2,50,13,7,1,55,45,1,1,0,0,Henry Dupont,Wales Rugby,Blindside Flanker,Wales,,,0,0,0,0,0,3,3,155,Home Win
1286,2017-05-09,Scotland Rugby,England Rugby,"Murrayfield, Edinburgh",Six Nations,2,44,63,5,8,60,40,0,0,0,0,Conor Curry,Scotland Rugby,Hooker,Scotland,26,75,2,0,0,0,0,15,6,114,Away Win
1287,2017-01-17,England Rugby,Uruguay Rugby,"Aviva Stadium, Dublin",Pacific Nations Cup,7,24,52,4,8,40,60,1,0,0,0,Faf Itoje,England Rugby,Tighthead Prop,New Zealand,29,100,2,0,0,0,0,0,5,54,Away Win
1288,2024-11-14,Argentina Pumas,England Rugby,"ANZ National Stadium, Suva",Rugby Europe Championship,7,27,45,5,5,50,50,0,2,0,0,Finn Curry,Argentina Pumas,Lock,Argentina,28,74,0,0,0,0,0,18,0,118,Away Win
1289,2019-05-11,France XV,Georgia Rugby,"Teufaiva Stadium, Tonga",The Rugby Championship,7,19,54,1,8,47,53,0,2,0,0,Jamie Brown,France XV,Loosehead Prop,Senegal,24,29,0,0,0,0,0,10,6,57,Away Win
1290,2016-01-10,Argentina Pumas,South Africa Springboks,"Ellis Park, Johannesburg",The Rugby Championship,6,43,34,6,4,49,51,0,0,0,0,Henry Watson,South Africa Springboks,Scrum-half,South Africa,26,31,3,0,0,0,0,10,7,57,Home Win
1291,2022-01-07,England Rugby,France XV,"Eden Park, Auckland",World Rugby U20 Championship,4,41,42,7,6,41,59,1,1,0,0,Hugo Henshaw,France XV,Tighthead Prop,Ivory Coast,25,109,0,0,0,0,0,11,6,115,Away Win
1292,2022-02-24,France XV,Australia Wallabies,"Ellis Park, Johannesburg",Six Nations,1,52,25,7,2,51,49,0,0,0,0,Ethan Curry,Australia Wallabies,Scrum-half,Australia,24,56,2,0,0,0,0,3,0,166,Home Win
1293,2018-02-08,France XV,South Africa Springboks,"Ellis Park, Johannesburg",Rugby World Cup,1,26,18,4,3,63,37,0,0,0,0,Rory Johnson,South Africa Springboks,Outside Centre,South Africa,30,27,2,0,0,0,0,9,0,24,Home Win
1294,2020-08-05,Australia Wallabies,Wales Rugby,"Eden Park, Auckland",World Rugby U20 Championship,8,36,27,6,5,40,60,0,1,0,1,Cian Russell,Australia Wallabies,Hooker,New Zealand,28,6,0,0,0,0,1,7,8,128,Home Win
1295,2019-06-15,Argentina Pumas,USA Eagles,"Eden Park, Auckland",Rugby Europe Championship,6,46,53,4,5,63,37,1,0,0,0,Charles Kolbe,Argentina Pumas,Left Wing,Argentina,24,19,2,0,0,0,0,13,5,52,Away Win
1296,2017-05-22,Georgia Rugby,Canada Rugby,"Stadium Australia, Sydney",The Rugby Championship,7,34,34,6,4,51,49,0,1,0,0,Henry Smith,Canada Rugby,Number 8,New Zealand,30,119,1,0,0,0,0,9,8,170,Draw
1297,2015-07-12,Uruguay Rugby,Japan Brave Blossoms,"ANZ National Stadium, Suva",Rugby Europe Championship,1,6,42,0,4,62,38,0,2,0,1,Callum Faletau,Japan Brave Blossoms,Fly-half,New Zealand,28,118,0,2,1,0,0,7,6,108,Away Win
1298,2018-05-05,Romania Rugby,Ireland Rugby,"Principality Stadium, Cardiff",Pacific Nations Cup,4,32,39,4,4,49,51,0,0,0,0,Siya Watson,Romania Rugby,Fullback,France,30,,2,0,3,0,0,13,7,7,Away Win
1299,2024-09-19,Samoa Rugby,Ireland Rugby,"Mikheil Meskhi Stadium, Tbilisi",The Rugby Championship,1,36,23,6,2,60,40,1,0,0,0,Lucas Dupont,Ireland Rugby,Fly-half,South Africa,29,13,2,4,3,0,0,3,8,13,Home Win
1300,2022-10-23,Japan Brave Blossoms,New Zealand All Blacks,"Stade de France, Paris",Rugby World Cup,2,0,17,0,2,41,59,0,0,0,0,Antoine Russell,Japan Brave Blossoms,Tighthead Prop,Australia,23,105,1,0,0,0,0,19,7,168,Away Win
1301,2022-08-10,Canada Rugby,Wales Rugby,"Aviva Stadium, Dublin",World Rugby U20 Championship,2,52,46,7,5,60,40,0,0,0,0,Stuart Curry,Wales Rugby,Loosehead Prop,,24,75,2,0,0,0,0,19,7,10,Home Win
1302,2020-12-17,USA Eagles,Wales Rugby,"Principality Stadium, Cardiff",Pacific Nations Cup,2,27,26,2,2,45,55,0,1,0,0,William Henshaw,Wales Rugby,Number 8,New Zealand,29,49,3,0,0,0,0,16,8,66,Home Win
1303,2016-11-04,Australia Wallabies,Argentina Pumas,"Murrayfield, Edinburgh",World Rugby U20 Championship,8,35,20,5,3,58,42,1,1,0,0,Oliver Furlong,Argentina Pumas,Hooker,Argentina,29,57,2,0,0,0,0,5,5,27,Home Win
1304,2021-09-26,Wales Rugby,Australia Wallabies,"Teufaiva Stadium, Tonga",Six Nations,2,18,8,0,1,63,37,0,1,0,0,Josh Russell,Australia Wallabies,Lock,Australia,26,107,1,0,0,0,0,11,5,158,Home Win
1305,2016-02-16,USA Eagles,Japan Brave Blossoms,"Stade de France, Paris",Rugby World Cup,6,9,34,0,3,46,54,0,1,1,0,Jamie Watson,USA Eagles,Lock,South Africa,27,52,0,0,0,0,0,18,7,67,Away Win
1306,2018-08-03,Fiji Rugby,South Africa Springboks,"Teufaiva Stadium, Tonga",Pacific Nations Cup,1,43,14,5,1,65,35,0,0,0,0,Romain Russell,Fiji Rugby,Lock,Fiji,32,101,1,0,0,0,0,6,8,155,Home Win
1307,2017-02-15,Italy Rugby,Romania Rugby,"Ellis Park, Johannesburg",Pacific Nations Cup,6,29,24,5,3,42,58,0,0,0,0,Cian Jones,Italy Rugby,Hooker,Italy,24,8,1,0,0,0,0,10,5,154,Home Win
1308,2022-12-24,Canada Rugby,Wales Rugby,"Stadio Olimpico, Rome",The Rugby Championship,4,51,46,7,4,55,45,0,1,0,0,Pieter Faletau,Canada Rugby,Inside Centre,Canada,29,80,3,0,0,0,0,4,8,59,Home Win
1309,2015-08-27,Georgia Rugby,France XV,"Eden Park, Auckland",The Rugby Championship,5,42,26,6,4,62,38,0,0,0,0,Rory Curry,Georgia Rugby,Tighthead Prop,Georgia,26,85,3,0,0,0,0,1,8,89,Home Win
1310,2024-07-28,New Zealand All Blacks,Samoa Rugby,"Principality Stadium, Cardiff",,1,25,60,1,8,49,51,0,0,0,0,Cian Taylor,Samoa Rugby,Fullback,New Zealand,26,2,2,0,2,0,0,17,4,86,Away Win
1311,2020-05-28,Japan Brave Blossoms,Spain Rugby,"Twickenham, London",Autumn Internationals,8,0,55,0,7,50,50,0,0,0,0,Jamie Hogg,Japan Brave Blossoms,Blindside Flanker,Australia,31,9,3,0,0,0,0,8,4,,Away Win
1312,2020-01-18,Georgia Rugby,Spain Rugby,"Apia Park, Samoa",Six Nations,1,32,39,4,4,36,64,0,0,0,0,Rory Dupont,Georgia Rugby,Fly-half,Georgia,30,48,3,0,3,0,0,10,5,85,Away Win
1313,2015-02-20,Ireland Rugby,Spain Rugby,"Stade de France, Paris",Rugby Europe Championship,6,59,64,8,8,53,47,0,0,0,1,Sean Caelan,Ireland Rugby,Scrum-half,Ireland,30,74,3,0,0,0,0,16,0,155,Away Win
1314,2022-06-24,Samoa Rugby,Scotland Rugby,"Ellis Park, Johannesburg",World Rugby U20 Championship,4,51,42,7,6,51,49,0,0,0,0,Stuart Taylor,Scotland Rugby,Fullback,Scotland,32,69,1,0,3,0,0,19,4,73,Home Win
1315,2015-03-04,Australia Wallabies,Uruguay Rugby,"Principality Stadium, Cardiff",The Rugby Championship,8,5,27,1,2,40,60,2,0,0,0,Mason Curry,Uruguay Rugby,Inside Centre,Argentina,27,72,1,0,0,0,0,10,1,11,Away Win
1316,2024-09-03,Ireland Rugby,Wales Rugby,"Twickenham, London",Rugby World Cup,6,48,48,7,6,58,42,0,1,0,0,Stuart Watson,Wales Rugby,Fullback,Wales,29,68,3,0,2,0,0,5,2,10,Draw
1317,2016-05-09,Japan Brave Blossoms,Australia Wallabies,"Murrayfield, Edinburgh",Autumn Internationals,4,30,28,2,4,64,36,0,0,0,0,Sam Jones,Japan Brave Blossoms,Fullback,Japan,25,70,1,0,0,0,0,11,3,72,Home Win
1318,2021-08-09,France XV,Uruguay Rugby,"Ellis Park, Johannesburg",Rugby Europe Championship,3,39,23,4,1,42,58,0,0,0,0,Siya Jones,France XV,Openside Flanker,Ivory Coast,28,13,2,0,0,0,0,20,0,162,Home Win
1319,2019-03-07,Australia Wallabies,USA Eagles,"ANZ National Stadium, Suva",Rugby World Cup,4,12,48,0,6,41,59,0,0,0,0,Pieter Russell,Australia Wallabies,Scrum-half,Fiji,26,85,1,0,0,0,0,9,7,125,Away Win
1320,2022-06-08,Japan Brave Blossoms,Georgia Rugby,"ANZ National Stadium, Suva",Autumn Internationals,2,18,52,2,7,47,53,0,1,0,0,Cian Smith,Georgia Rugby,Lock,Georgia,27,35,1,0,0,0,0,1,8,82,Away Win
1321,2019-08-14,Fiji Rugby,South Africa Springboks,"Stade de France, Paris",Pacific Nations Cup,3,45,31,8,3,52,48,0,0,0,0,Hamish Williams,South Africa Springboks,Left Wing,South Africa,29,7,1,0,0,0,0,5,8,101,Home Win
1322,2023-02-17,South Africa Springboks,New Zealand All Blacks,"Principality Stadium, Cardiff",Rugby Europe Championship,8,0,15,0,2,55,45,1,0,0,0,Mason Furlong,New Zealand All Blacks,Fullback,New Zealand,23,35,0,0,0,0,0,13,0,3,Away Win
1323,2023-12-01,Fiji Rugby,Georgia Rugby,"Aviva Stadium, Dublin",The Rugby Championship,8,28,13,3,1,48,52,0,2,0,0,Noah Russell,Fiji Rugby,Inside Centre,Fiji,35,51,2,0,0,0,0,14,3,147,Home Win
1324,2023-03-07,England Rugby,Ireland Rugby,"Stadio Olimpico, Rome",Autumn Internationals,4,25,23,1,2,51,49,0,0,0,0,Richie Furlong,Ireland Rugby,Blindside Flanker,New Zealand,22,107,1,0,0,0,0,19,6,1,Home Win
1325,2023-12-24,Uruguay Rugby,Canada Rugby,"Ellis Park, Johannesburg",Rugby World Cup,7,5,45,1,6,51,49,0,0,0,1,Alun Johnson,Uruguay Rugby,Left Wing,Argentina,22,103,3,0,0,0,0,13,6,2,Away Win
1326,2019-09-22,Australia Wallabies,Ireland Rugby,"Stade de France, Paris",Rugby Europe Championship,6,57,32,8,4,64,36,0,2,0,0,Siya Faletau,Ireland Rugby,Tighthead Prop,Ireland,31,20,3,0,0,0,0,9,3,51,Home Win
1327,2015-04-09,Scotland Rugby,Tonga Rugby,"Aviva Stadium, Dublin",Rugby Europe Championship,7,34,43,4,5,52,48,0,0,0,0,Finn de Klerk,Scotland Rugby,Fly-half,New Zealand,30,14,1,4,4,0,0,18,4,157,Away Win
1328,2015-06-03,Australia Wallabies,USA Eagles,"Mikheil Meskhi Stadium, Tbilisi",Rugby World Cup,3,58,55,8,7,51,49,1,0,0,0,Richie Watson,USA Eagles,Blindside Flanker,New Zealand,29,68,0,0,0,0,0,5,4,36,Home Win
1329,2022-11-12,New Zealand All Blacks,Tonga Rugby,"Apia Park, Samoa",Autumn Internationals,4,55,34,8,3,35,65,0,0,0,0,Faf de Klerk,Tonga Rugby,Scrum-half,Tonga,29,118,0,0,0,0,0,8,7,101,Home Win
1330,2022-03-16,Spain Rugby,Georgia Rugby,"Apia Park, Samoa",Rugby Europe Championship,2,15,36,0,5,57,43,0,1,0,0,Grégoire Henshaw,Spain Rugby,Inside Centre,Spain,26,8,2,0,0,0,0,6,0,85,Away Win
1331,2015-02-07,Tonga Rugby,Georgia Rugby,"Stadio Olimpico, Rome",Rugby Europe Championship,3,22,13,4,1,54,46,0,0,0,0,Conor Hogg,Tonga Rugby,Blindside Flanker,New Zealand,23,16,2,0,0,0,0,2,7,22,Home Win
1332,2022-02-24,Wales Rugby,Tonga Rugby,"Stade de France, Paris",The Rugby Championship,4,25,32,2,4,40,60,0,0,0,0,Finn Ntamack,Tonga Rugby,Lock,Tonga,27,90,3,0,0,0,0,18,5,89,Away Win
1333,2021-06-21,Romania Rugby,Wales Rugby,"Teufaiva Stadium, Tonga",World Rugby U20 Championship,5,31,43,3,5,41,59,0,0,0,0,Mason Watson,Romania Rugby,Fly-half,France,24,42,2,4,3,0,0,10,1,161,Away Win
1334,2023-03-25,Australia Wallabies,Uruguay Rugby,"Eden Park, Auckland",Autumn Internationals,8,39,48,6,6,58,42,0,0,0,0,Lucas Faletau,Australia Wallabies,Openside Flanker,Fiji,30,100,2,0,0,1,0,0,2,131,Away Win
1335,2016-05-26,Fiji Rugby,South Africa Springboks,"Teufaiva Stadium, Tonga",Six Nations,6,39,51,7,6,39,61,0,0,0,0,Benjamin Furlong,Fiji Rugby,Lock,Fiji,26,20,2,0,0,0,0,3,7,140,Away Win
1336,2017-07-25,Ireland Rugby,Samoa Rugby,"Stadium Australia, Sydney",The Rugby Championship,7,39,65,6,8,58,42,2,0,0,0,Faf Dupont,Ireland Rugby,Scrum-half,New Zealand,23,106,0,0,0,0,0,2,3,35,Away Win
1337,2019-07-06,Uruguay Rugby,South Africa Springboks,"Twickenham, London",Autumn Internationals,2,60,23,7,1,47,53,1,0,0,0,Liam Russell,South Africa Springboks,Left Wing,South Africa,25,86,3,0,0,0,0,13,4,162,Home Win
1338,2021-09-25,France XV,Wales Rugby,"Principality Stadium, Cardiff",Rugby Europe Championship,2,15,12,2,0,61,39,0,1,0,0,Alun Watson,France XV,Blindside Flanker,France,28,7,2,0,0,0,0,9,0,138,Home Win
1339,2018-03-03,Canada Rugby,Tonga Rugby,"Estadio Jose Amalfitani, Buenos Aires",Rugby World Cup,3,18,52,2,7,57,43,0,1,0,0,William Dupont,Tonga Rugby,Blindside Flanker,,24,5,1,0,0,0,0,3,6,131,Away Win
1340,2016-04-19,England Rugby,Georgia Rugby,"Aviva Stadium, Dublin",The Rugby Championship,4,18,36,0,5,43,57,0,1,0,0,Beauden de Klerk,Georgia Rugby,Loosehead Prop,Georgia,23,53,1,0,0,0,0,4,4,68,Away Win
1341,2024-07-21,Spain Rugby,Georgia Rugby,"National Stadium, Tokyo",The Rugby Championship,7,41,56,7,8,46,54,1,0,0,0,Tadhg Curry,Spain Rugby,Loosehead Prop,Argentina,27,85,0,0,0,0,0,11,1,53,Away Win
1342,2024-07-14,Spain Rugby,Samoa Rugby,"Teufaiva Stadium, Tonga",Rugby World Cup,5,58,50,8,7,47,53,0,1,0,0,Finn Johnson,Spain Rugby,Outside Centre,Argentina,27,100,3,0,0,0,0,6,6,153,Home Win
1343,2018-07-16,Canada Rugby,Tonga Rugby,"Teufaiva Stadium, Tonga",Autumn Internationals,5,45,12,7,2,52,48,1,1,0,0,Finn Henshaw,Canada Rugby,Openside Flanker,New Zealand,24,54,3,0,0,0,0,7,2,156,Home Win
1344,2020-01-24,Uruguay Rugby,England Rugby,"National Stadium, Tokyo",Rugby Europe Championship,7,55,50,8,8,58,42,1,0,0,0,Beauden Williams,England Rugby,Fullback,England,25,4,1,0,4,0,0,19,7,61,Home Win
1345,2015-12-02,Georgia Rugby,England Rugby,"ANZ National Stadium, Suva",World Rugby U20 Championship,7,70,46,8,7,65,35,0,0,0,0,Owen Furlong,Georgia Rugby,Loosehead Prop,Georgia,27,38,3,0,0,0,0,1,5,102,Home Win
1346,2020-07-22,France XV,Wales Rugby,"Stadium Australia, Sydney",Six Nations,4,49,30,7,3,57,43,0,1,0,0,Beauden Porter,Wales Rugby,Number 8,New Zealand,21,43,3,0,0,0,0,19,0,35,Home Win
1347,2022-11-10,Japan Brave Blossoms,USA Eagles,"Twickenham, London",World Rugby U20 Championship,3,27,27,2,4,35,65,1,0,0,0,Taulupe Furlong,USA Eagles,Right Wing,South Africa,21,67,3,0,0,0,0,11,2,150,Draw
1348,2016-06-08,Tonga Rugby,New Zealand All Blacks,"Aviva Stadium, Dublin",Six Nations,4,29,23,2,4,46,54,0,0,0,0,Faf Carbery,Tonga Rugby,Loosehead Prop,Tonga,24,52,0,0,0,1,0,8,8,136,Home Win
1349,2018-12-23,Australia Wallabies,Argentina Pumas,"Murrayfield, Edinburgh",,1,39,45,4,8,58,42,1,0,0,0,Sean Kolbe,Australia Wallabies,Fly-half,Australia,26,98,3,3,0,0,0,10,1,50,Away Win
1350,2022-11-07,Italy Rugby,France XV,"National Stadium, Tokyo",Rugby Europe Championship,8,6,37,0,4,55,45,0,0,0,1,Justin Kolbe,France XV,Blindside Flanker,Senegal,28,36,2,0,0,0,0,5,7,1,Away Win
1351,2023-03-07,Georgia Rugby,Fiji Rugby,"Teufaiva Stadium, Tonga",Rugby World Cup,4,37,36,3,4,50,50,0,0,0,0,Kieran Barrett,Georgia Rugby,Outside Centre,Georgia,32,51,1,0,0,0,0,5,5,132,Home Win
1352,2017-05-11,Japan Brave Blossoms,Tonga Rugby,"Apia Park, Samoa",The Rugby Championship,6,56,46,7,4,48,52,0,1,0,0,Conor Smith,Japan Brave Blossoms,Right Wing,South Africa,30,91,1,0,0,0,0,9,5,6,Home Win
1353,2018-03-11,France XV,England Rugby,"Apia Park, Samoa",Autumn Internationals,8,6,44,0,6,53,47,0,0,0,0,Beauden Brown,England Rugby,Number 8,South Africa,26,18,0,0,0,0,0,13,2,38,Away Win
1354,2017-02-28,Japan Brave Blossoms,New Zealand All Blacks,"Teufaiva Stadium, Tonga",World Rugby U20 Championship,6,38,47,5,7,49,51,0,0,0,1,Sam Furlong,New Zealand All Blacks,Fullback,New Zealand,26,3,1,0,0,0,0,15,0,135,Away Win
1355,2019-10-11,Canada Rugby,Uruguay Rugby,,Rugby World Cup,2,8,74,1,8,51,49,1,0,0,0,Romain de Klerk,Canada Rugby,Number 8,Canada,22,58,1,0,0,0,0,20,5,,Away Win
1356,2018-06-14,New Zealand All Blacks,South Africa Springboks,"Twickenham, London",The Rugby Championship,4,49,64,5,8,53,47,1,1,0,0,Rory Ntamack,New Zealand All Blacks,Tighthead Prop,New Zealand,26,13,0,0,0,0,0,1,2,138,Away Win
1357,2020-01-05,Scotland Rugby,Wales Rugby,"Mikheil Meskhi Stadium, Tbilisi",,2,45,0,6,0,49,51,0,0,0,0,Finn Watson,Scotland Rugby,Fullback,Scotland,25,75,0,0,1,0,0,15,5,81,Home Win
1358,2021-02-12,Tonga Rugby,Georgia Rugby,"Stadium Australia, Sydney",The Rugby Championship,2,47,35,6,4,60,40,0,0,1,0,Ethan Kolbe,Georgia Rugby,Tighthead Prop,Georgia,28,73,0,0,0,0,0,15,0,15,Home Win
1359,2017-06-04,USA Eagles,Ireland Rugby,"Teufaiva Stadium, Tonga",Six Nations,1,58,27,7,3,64,36,1,0,0,0,Oliver Furlong,USA Eagles,Right Wing,New Zealand,23,,3,0,0,0,0,19,8,43,Home Win
1360,2017-10-26,Canada Rugby,Georgia Rugby,"ANZ National Stadium, Suva",Rugby World Cup,5,49,54,7,7,52,48,0,0,0,0,Sean Watson,Canada Rugby,Tighthead Prop,Canada,29,104,1,0,0,0,0,3,6,72,Away Win
1361,2024-05-25,USA Eagles,Canada Rugby,"Mikheil Meskhi Stadium, Tbilisi",Six Nations,6,52,42,6,5,64,36,1,0,0,0,Liam Taylor,USA Eagles,Left Wing,USA,33,5,1,0,0,0,0,18,7,123,Home Win
1362,2019-11-25,Georgia Rugby,France XV,"Estadio Jose Amalfitani, Buenos Aires",The Rugby Championship,6,30,38,2,4,49,51,0,0,0,0,Romain Henshaw,Georgia Rugby,Loosehead Prop,Georgia,26,70,1,0,0,0,0,3,1,140,Away Win
1363,2023-04-05,Australia Wallabies,Italy Rugby,"Stadio Olimpico, Rome",World Rugby U20 Championship,4,12,35,0,3,51,49,0,1,0,0,Kieran Brown,Australia Wallabies,Left Wing,New Zealand,28,22,1,0,0,0,0,,8,156,Away Win
1364,2020-03-24,Uruguay Rugby,Georgia Rugby,"Aviva Stadium, Dublin",Rugby World Cup,2,39,58,4,8,54,46,2,0,0,0,Antoine van der Merwe,Uruguay Rugby,Tighthead Prop,Uruguay,29,83,3,0,0,0,0,11,1,57,Away Win
1365,2015-11-04,Argentina Pumas,Samoa Rugby,"Estadio Jose Amalfitani, Buenos Aires",The Rugby Championship,2,67,19,7,3,52,48,0,0,0,1,Oliver Curry,Samoa Rugby,Right Wing,New Zealand,25,115,2,0,0,0,0,18,2,177,Home Win
1366,2021-07-02,Scotland Rugby,USA Eagles,"ANZ National Stadium, Suva",Rugby World Cup,5,37,39,4,4,61,39,0,0,0,0,Finn Russell,USA Eagles,Lock,USA,27,76,3,0,0,0,0,15,8,155,Away Win
1367,2016-02-25,France XV,Spain Rugby,"Stade de France, Paris",The Rugby Championship,7,52,9,6,0,53,47,1,0,0,0,Rory Caelan,Spain Rugby,Tighthead Prop,Spain,27,4,2,0,0,0,0,0,7,64,Home Win
1368,2018-09-25,Argentina Pumas,Australia Wallabies,"Stadio Olimpico, Rome",Pacific Nations Cup,6,60,36,6,5,62,38,0,0,0,0,Richie Brown,Argentina Pumas,Fullback,Argentina,27,93,0,0,3,0,0,5,6,51,Home Win
1369,2024-05-17,France XV,Scotland Rugby,"Apia Park, Samoa",World Rugby U20 Championship,5,56,67,8,8,37,63,0,0,0,0,Ethan Porter,Scotland Rugby,Blindside Flanker,New Zealand,23,69,2,0,0,0,0,3,4,,Away Win
1370,2018-04-08,Uruguay Rugby,Scotland Rugby,"Murrayfield, Edinburgh",World Rugby U20 Championship,4,12,18,2,0,54,46,0,0,0,1,Finn Watson,Uruguay Rugby,Fly-half,Argentina,27,52,3,5,2,0,1,8,6,94,Away Win
1371,2024-03-04,Scotland Rugby,Romania Rugby,"Mikheil Meskhi Stadium, Tbilisi",Rugby Europe Championship,8,45,48,8,5,46,54,0,0,0,1,Stuart Jones,Romania Rugby,Number 8,France,28,80,3,0,0,0,0,5,0,143,Away Win
1372,2019-12-01,Argentina Pumas,Spain Rugby,"Apia Park, Samoa",Pacific Nations Cup,8,51,19,6,2,44,56,0,0,0,0,Justin Carbery,Spain Rugby,Fly-half,Spain,32,41,0,4,0,0,0,3,1,157,Home Win
1373,2016-06-03,New Zealand All Blacks,USA Eagles,"Ellis Park, Johannesburg",Autumn Internationals,7,43,54,6,6,45,55,0,0,0,0,Benjamin Johnson,USA Eagles,Lock,New Zealand,30,52,1,0,0,0,1,20,1,86,Away Win
1374,2015-01-11,New Zealand All Blacks,Canada Rugby,"Principality Stadium, Cardiff",The Rugby Championship,1,42,17,5,1,50,50,0,0,0,0,Stuart Johnson,New Zealand All Blacks,Fullback,New Zealand,35,57,1,0,4,0,0,0,0,137,Home Win
1375,2022-04-20,Australia Wallabies,France XV,"Twickenham, London",Pacific Nations Cup,6,47,69,7,8,52,48,0,0,0,1,Antoine Jones,France XV,Blindside Flanker,France,23,8,3,0,0,0,0,18,1,133,Away Win
1376,2017-08-25,Japan Brave Blossoms,Samoa Rugby,"Stade de France, Paris",The Rugby Championship,7,45,30,6,6,50,50,0,0,0,0,Josh Jones,Samoa Rugby,Lock,Samoa,30,12,2,0,0,0,0,18,,44,Home Win
1377,2023-03-17,Italy Rugby,Canada Rugby,"Stadium Australia, Sydney",World Rugby U20 Championship,1,24,20,3,1,45,55,0,0,0,0,Malcolm Barrett,Italy Rugby,Fullback,Italy,27,89,0,0,2,0,0,10,,99,Home Win
1378,2019-04-21,Italy Rugby,Spain Rugby,"Apia Park, Samoa",The Rugby Championship,7,6,54,0,6,63,37,0,1,0,0,Grégoire Taylor,Spain Rugby,Left Wing,Spain,35,89,1,0,0,0,0,5,7,17,Away Win
1379,2019-02-25,Japan Brave Blossoms,Spain Rugby,"Ellis Park, Johannesburg",Autumn Internationals,4,10,58,1,8,36,64,0,0,0,0,William Kolbe,Japan Brave Blossoms,Openside Flanker,Japan,23,79,2,0,0,0,0,19,0,169,Away Win
1380,2020-08-07,Argentina Pumas,Australia Wallabies,"Mikheil Meskhi Stadium, Tbilisi",World Rugby U20 Championship,1,44,34,6,6,42,58,0,0,0,0,Cian Lowe,Australia Wallabies,Scrum-half,Australia,23,37,1,0,0,0,0,,1,175,Home Win
1381,2021-01-19,Scotland Rugby,New Zealand All Blacks,"Eden Park, Auckland",Rugby Europe Championship,7,5,30,1,3,61,39,1,1,0,0,Cian Carbery,New Zealand All Blacks,Number 8,New Zealand,24,79,2,0,0,0,1,14,7,39,Away Win
1382,2015-07-26,Australia Wallabies,Tonga Rugby,"Aviva Stadium, Dublin",Six Nations,1,44,54,7,6,55,45,0,1,0,0,Malcolm Watson,Tonga Rugby,Blindside Flanker,New Zealand,18,44,2,0,0,0,0,16,3,62,Away Win
1383,2019-04-13,Italy Rugby,Samoa Rugby,"Twickenham, London",Autumn Internationals,2,48,50,8,7,41,59,0,1,0,0,Grégoire Smith,Samoa Rugby,Inside Centre,Samoa,24,27,3,0,0,0,0,18,2,164,Away Win
1384,2015-11-04,Fiji Rugby,Canada Rugby,"Teufaiva Stadium, Tonga",Rugby World Cup,2,18,0,0,0,45,55,1,0,0,1,Faf Lowe,Canada Rugby,Fullback,Canada,23,41,3,0,3,0,0,9,1,143,Home Win
1385,2016-11-05,Argentina Pumas,Scotland Rugby,"Mikheil Meskhi Stadium, Tbilisi",Autumn Internationals,2,9,21,0,2,40,60,1,0,1,0,Stuart Johnson,Scotland Rugby,Number 8,Australia,27,115,0,0,0,1,0,18,5,86,Away Win
1386,2019-12-26,Wales Rugby,Samoa Rugby,"Teufaiva Stadium, Tonga",Rugby World Cup,6,53,18,7,0,43,57,0,0,0,0,Kieran Jones,Samoa Rugby,Left Wing,New Zealand,28,31,2,0,0,0,1,10,0,69,Home Win
1387,2019-07-07,Romania Rugby,New Zealand All Blacks,"Mikheil Meskhi Stadium, Tbilisi",Autumn Internationals,7,55,9,6,0,45,55,0,0,1,0,Pieter Furlong,New Zealand All Blacks,Lock,New Zealand,34,71,1,0,0,0,0,14,,170,Home Win
1388,2024-04-25,England Rugby,Australia Wallabies,"Ellis Park, Johannesburg",Rugby Europe Championship,2,3,12,0,0,55,45,2,2,0,0,Henry Jones,England Rugby,Inside Centre,New Zealand,,18,1,0,0,0,0,5,,23,Away Win
1389,2024-12-06,Wales Rugby,USA Eagles,"Murrayfield, Edinburgh",The Rugby Championship,1,38,13,7,2,43,57,0,0,1,0,Finn Dupont,Wales Rugby,Outside Centre,,24,30,1,0,0,0,0,9,6,129,Home Win
1390,2016-01-03,Japan Brave Blossoms,Australia Wallabies,"Murrayfield, Edinburgh",The Rugby Championship,1,40,22,6,1,56,44,0,0,0,0,Siya Watson,Japan Brave Blossoms,Blindside Flanker,Australia,23,96,3,0,0,0,0,15,,139,Home Win
1391,2022-08-05,Tonga Rugby,Uruguay Rugby,"Twickenham, London",World Rugby U20 Championship,7,60,6,6,0,47,53,2,0,0,0,Finn Johnson,Tonga Rugby,Lock,Tonga,28,13,0,0,0,0,0,10,3,5,Home Win
1392,2022-11-02,Italy Rugby,Australia Wallabies,"Stadium Australia, Sydney",Rugby World Cup,2,36,46,5,7,51,49,1,1,0,0,Kieran Dupont,Australia Wallabies,Left Wing,Fiji,21,40,3,0,0,0,0,16,4,87,Away Win
1393,2018-06-21,Wales Rugby,Samoa Rugby,"Mikheil Meskhi Stadium, Tbilisi",Autumn Internationals,5,53,38,8,5,65,35,0,0,1,0,Alun Caelan,Wales Rugby,Number 8,Wales,34,114,0,0,0,0,0,12,2,159,Home Win
1394,2017-06-28,Wales Rugby,Japan Brave Blossoms,"Teufaiva Stadium, Tonga",Rugby World Cup,8,21,37,3,3,54,46,0,0,0,0,Callum Lowe,Japan Brave Blossoms,Fly-half,New Zealand,31,16,2,5,0,0,0,16,,63,Away Win
1395,2020-08-25,Italy Rugby,England Rugby,"Mikheil Meskhi Stadium, Tbilisi",Six Nations,8,50,60,6,8,38,62,1,0,0,0,Finn Taylor,England Rugby,Blindside Flanker,England,25,3,0,0,0,0,0,15,5,36,Away Win
1396,2020-10-25,South Africa Springboks,Fiji Rugby,"National Stadium, Tokyo",Rugby World Cup,1,13,40,2,7,38,62,0,1,0,0,Benjamin Faletau,Fiji Rugby,Blindside Flanker,Fiji,20,97,0,0,0,0,0,16,6,164,Away Win
1397,2015-11-22,Scotland Rugby,Argentina Pumas,"Estadio Jose Amalfitani, Buenos Aires",Rugby World Cup,1,18,53,3,7,42,58,1,2,0,0,Noah Watson,Argentina Pumas,Outside Centre,Argentina,32,38,3,0,0,0,0,13,8,,Away Win
1398,2018-03-18,Australia Wallabies,Italy Rugby,"Eden Park, Auckland",World Rugby U20 Championship,5,33,59,4,8,61,39,0,0,0,0,Henry Henshaw,Italy Rugby,Lock,South Africa,26,58,0,0,0,0,0,16,6,52,Away Win
1399,2019-06-15,Wales Rugby,Spain Rugby,,World Rugby U20 Championship,4,34,15,4,3,41,59,1,1,0,0,Hugo Curry,Spain Rugby,Fly-half,Argentina,31,,1,3,3,0,0,,1,,Home Win
1400,2016-01-12,Romania Rugby,Australia Wallabies,"Stade de France, Paris",World Rugby U20 Championship,4,39,44,6,5,35,65,0,0,0,0,Henry Henshaw,Australia Wallabies,Inside Centre,Australia,20,88,0,0,0,0,0,5,0,28,Away Win
1401,2016-07-22,Ireland Rugby,Scotland Rugby,"Principality Stadium, Cardiff",Rugby World Cup,1,52,36,7,6,53,47,1,0,1,0,Owen Barrett,Scotland Rugby,Outside Centre,Australia,24,,0,0,0,0,0,6,3,176,Home Win
1402,2019-06-03,Scotland Rugby,South Africa Springboks,"National Stadium, Tokyo",The Rugby Championship,8,54,56,7,8,58,42,0,0,0,0,Antoine Itoje,Scotland Rugby,Number 8,Australia,27,45,2,0,0,0,0,15,8,104,Away Win
1403,2020-09-28,Australia Wallabies,South Africa Springboks,"ANZ National Stadium, Suva",Six Nations,6,62,25,8,2,47,53,0,0,0,0,Lucas Caelan,Australia Wallabies,Loosehead Prop,Fiji,27,33,1,0,0,0,0,10,7,29,Home Win
1404,2018-11-21,Italy Rugby,France XV,"Murrayfield, Edinburgh",Six Nations,4,3,54,0,8,57,43,2,0,0,0,Noah Smith,Italy Rugby,Loosehead Prop,Italy,25,38,0,0,0,0,0,2,1,,Away Win
1405,2024-10-16,Japan Brave Blossoms,Georgia Rugby,"ANZ National Stadium, Suva",Pacific Nations Cup,1,55,0,7,0,43,57,0,1,0,0,Finn Lowe,Japan Brave Blossoms,Fullback,South Africa,29,45,3,0,0,0,0,2,7,64,Home Win
1406,2020-05-18,Uruguay Rugby,South Africa Springboks,"Teufaiva Stadium, Tonga",World Rugby U20 Championship,8,30,33,3,6,53,47,1,1,0,0,Conor Porter,Uruguay Rugby,Fly-half,Argentina,22,50,0,2,4,0,0,5,7,75,Away Win
1407,2021-12-26,Scotland Rugby,New Zealand All Blacks,"ANZ National Stadium, Suva",Six Nations,7,6,40,0,4,56,44,0,0,0,0,Kieran Taylor,Scotland Rugby,Tighthead Prop,Scotland,26,95,0,0,0,0,0,13,0,,Away Win
1408,2020-08-13,England Rugby,Japan Brave Blossoms,"Estadio Jose Amalfitani, Buenos Aires",Six Nations,3,17,3,1,0,56,44,0,0,0,0,Finn Caelan,Japan Brave Blossoms,Openside Flanker,Japan,27,15,0,0,0,0,0,,6,2,Home Win
1409,2022-04-07,Fiji Rugby,Scotland Rugby,"ANZ National Stadium, Suva",Autumn Internationals,8,46,29,7,3,55,45,0,1,0,0,Owen Watson,Fiji Rugby,Hooker,Fiji,29,73,1,0,0,0,0,20,,57,Home Win
1410,2022-10-27,Samoa Rugby,Italy Rugby,"Stadio Olimpico, Rome",Six Nations,3,50,56,7,8,51,49,0,1,0,0,Ethan Doris,Samoa Rugby,Left Wing,Samoa,29,6,2,0,0,0,0,20,5,77,Away Win
1411,2024-10-22,Romania Rugby,Canada Rugby,"Teufaiva Stadium, Tonga",Pacific Nations Cup,3,46,41,7,5,52,48,0,0,0,0,Sam Watson,Canada Rugby,Lock,New Zealand,22,41,2,0,0,0,0,11,4,49,Home Win
1412,2018-11-22,Ireland Rugby,Fiji Rugby,,World Rugby U20 Championship,6,32,52,3,7,63,37,0,0,0,0,Alun Itoje,Fiji Rugby,Lock,Fiji,20,51,3,0,0,0,0,14,8,87,Away Win
1413,2022-09-19,Argentina Pumas,USA Eagles,"Stadio Olimpico, Rome",The Rugby Championship,7,30,35,3,4,54,46,0,0,0,0,James Jones,Argentina Pumas,Right Wing,Argentina,32,9,2,0,0,0,0,4,1,175,Away Win
1414,2018-10-20,Scotland Rugby,Argentina Pumas,"National Stadium, Tokyo",Rugby Europe Championship,5,46,39,8,5,53,47,0,0,0,0,Jamie Smith,Scotland Rugby,Tighthead Prop,,28,12,2,0,0,0,0,7,6,56,Home Win
1415,2022-04-08,Spain Rugby,Tonga Rugby,"Ellis Park, Johannesburg",Rugby Europe Championship,2,51,48,6,7,62,38,0,0,0,0,Josh Dupont,Tonga Rugby,Blindside Flanker,New Zealand,24,3,3,0,0,0,0,14,3,95,Home Win
1416,2019-04-13,Argentina Pumas,Scotland Rugby,"National Stadium, Tokyo",Autumn Internationals,1,30,17,3,1,46,54,0,0,0,0,Romain de Klerk,Scotland Rugby,Blindside Flanker,Scotland,33,30,2,0,0,0,1,15,2,43,Home Win
1417,2017-02-20,Scotland Rugby,England Rugby,"Apia Park, Samoa",Pacific Nations Cup,1,37,10,4,1,44,56,0,0,0,0,Kieran Watson,England Rugby,Hooker,South Africa,27,30,0,0,0,0,0,5,,140,Home Win
1418,2023-02-25,Argentina Pumas,Australia Wallabies,"Murrayfield, Edinburgh",Pacific Nations Cup,6,17,28,2,2,35,65,0,0,0,0,Mason Johnson,Argentina Pumas,Loosehead Prop,Argentina,31,61,1,0,0,0,0,19,5,146,Away Win
1419,2015-05-15,Tonga Rugby,Ireland Rugby,"Estadio Jose Amalfitani, Buenos Aires",Rugby Europe Championship,8,50,61,6,8,65,35,0,0,0,0,Josh Faletau,Ireland Rugby,Tighthead Prop,New Zealand,27,65,3,0,0,0,0,2,5,,Away Win
1420,2024-12-05,Ireland Rugby,Uruguay Rugby,"ANZ National Stadium, Suva",Rugby Europe Championship,5,35,24,6,3,43,57,0,0,0,0,Charles Jones,Uruguay Rugby,Lock,Uruguay,35,19,0,0,0,0,0,14,6,167,Home Win
1421,2020-04-10,England Rugby,Tonga Rugby,"Mikheil Meskhi Stadium, Tbilisi",Pacific Nations Cup,3,0,7,0,1,51,49,0,0,0,0,Jamie Dupont,Tonga Rugby,Lock,New Zealand,34,48,0,0,0,0,0,14,7,110,Away Win
1422,2022-12-24,Tonga Rugby,Fiji Rugby,"ANZ National Stadium, Suva",The Rugby Championship,3,16,30,2,3,42,58,0,0,1,0,Ethan Faletau,Tonga Rugby,Scrum-half,New Zealand,26,73,2,0,0,1,0,2,2,9,Away Win
1423,2024-12-12,Georgia Rugby,Fiji Rugby,"Stadio Olimpico, Rome",Autumn Internationals,5,62,53,8,8,56,44,0,0,0,0,Noah Faletau,Georgia Rugby,Number 8,Georgia,30,35,2,0,0,1,0,12,0,151,Home Win
1424,2023-09-12,Ireland Rugby,France XV,"Principality Stadium, Cardiff",World Rugby U20 Championship,7,37,28,6,5,54,46,0,1,0,0,Antoine Faletau,Ireland Rugby,Tighthead Prop,New Zealand,29,54,3,0,0,1,0,11,1,78,Home Win
1425,2020-03-20,Spain Rugby,Australia Wallabies,,Pacific Nations Cup,7,23,20,1,1,35,65,0,0,0,0,Liam Russell,Spain Rugby,Tighthead Prop,Spain,32,5,1,0,0,0,0,11,1,10,Home Win
1426,2022-02-09,Australia Wallabies,Italy Rugby,"National Stadium, Tokyo",The Rugby Championship,2,32,30,4,2,43,57,0,1,0,0,Beauden Jones,Australia Wallabies,Openside Flanker,Fiji,23,110,2,0,0,0,0,14,5,130,Home Win
1427,2022-03-23,Wales Rugby,Argentina Pumas,"Twickenham, London",Rugby World Cup,2,9,8,0,1,39,61,0,0,0,0,Romain Faletau,Wales Rugby,Hooker,New Zealand,29,120,2,0,0,1,0,15,,93,Home Win
1428,2022-03-27,Tonga Rugby,Fiji Rugby,"Stadium Australia, Sydney",World Rugby U20 Championship,7,31,19,5,2,37,63,0,2,0,0,Conor Barrett,Tonga Rugby,Inside Centre,New Zealand,31,,3,0,0,0,0,11,5,157,Home Win
1429,2023-07-17,USA Eagles,Argentina Pumas,"National Stadium, Tokyo",Pacific Nations Cup,4,48,18,6,0,49,51,0,0,0,0,Charles Watson,USA Eagles,Fullback,,19,114,1,0,2,0,0,8,4,166,Home Win
1430,2021-01-14,Georgia Rugby,Scotland Rugby,"Eden Park, Auckland",Rugby World Cup,5,64,58,8,8,65,35,0,1,0,0,Finn Barrett,Georgia Rugby,Scrum-half,Georgia,22,85,2,0,0,0,0,,8,84,Home Win
1431,2019-11-09,Argentina Pumas,Australia Wallabies,"Principality Stadium, Cardiff",Six Nations,7,37,16,3,2,44,56,2,0,0,0,Liam Kolbe,Argentina Pumas,Hooker,Argentina,18,100,2,0,0,1,0,14,5,31,Home Win
1432,2017-07-26,England Rugby,Tonga Rugby,"Stade de France, Paris",Pacific Nations Cup,5,3,11,0,1,40,60,0,0,0,1,Cheslin Curry,Tonga Rugby,Outside Centre,Tonga,25,97,3,0,0,0,0,12,3,42,Away Win
1433,2022-07-11,Uruguay Rugby,Romania Rugby,"ANZ National Stadium, Suva",The Rugby Championship,4,0,12,0,0,46,54,0,0,0,0,Hugo Williams,Uruguay Rugby,Tighthead Prop,Argentina,29,108,0,0,0,0,0,3,2,121,Away Win
1434,2021-05-02,Japan Brave Blossoms,Romania Rugby,"Stadio Olimpico, Rome",Rugby World Cup,1,27,18,4,2,45,55,1,2,1,0,Richie Faletau,Romania Rugby,Loosehead Prop,France,33,4,2,0,0,0,0,4,8,154,Home Win
1435,2018-01-09,Romania Rugby,England Rugby,"Aviva Stadium, Dublin",Rugby Europe Championship,2,63,62,8,8,38,62,1,1,0,0,Cheslin de Klerk,England Rugby,Inside Centre,England,27,7,1,0,0,0,0,18,0,27,Home Win
1436,2020-03-06,Scotland Rugby,England Rugby,"ANZ National Stadium, Suva",Pacific Nations Cup,2,3,54,0,7,65,35,1,0,0,0,Callum Russell,England Rugby,Scrum-half,New Zealand,33,31,0,0,0,0,0,12,3,135,Away Win
1437,2024-08-01,Italy Rugby,Argentina Pumas,"Ellis Park, Johannesburg",Autumn Internationals,4,46,25,4,2,53,47,0,0,0,0,Oliver Furlong,Italy Rugby,Hooker,Argentina,21,88,3,0,0,0,0,3,0,166,Home Win
1438,2020-07-13,France XV,Tonga Rugby,,Pacific Nations Cup,5,48,23,7,3,41,59,1,1,0,0,James de Klerk,Tonga Rugby,Loosehead Prop,New Zealand,20,56,3,0,0,0,0,1,7,134,Home Win
1439,2024-08-12,USA Eagles,England Rugby,"Aviva Stadium, Dublin",World Rugby U20 Championship,4,52,27,7,3,40,60,0,0,0,0,Sean Hogg,England Rugby,Scrum-half,South Africa,26,83,1,0,0,0,0,16,4,176,Home Win
1440,2018-11-18,Japan Brave Blossoms,Argentina Pumas,"Stadio Olimpico, Rome",Pacific Nations Cup,3,35,50,7,8,59,41,0,0,0,0,Lucas Furlong,Japan Brave Blossoms,Lock,New Zealand,28,93,3,0,0,0,0,18,3,160,Away Win
1441,2020-08-25,South Africa Springboks,Samoa Rugby,"Stade de France, Paris",Pacific Nations Cup,6,62,15,7,3,38,62,0,0,0,0,Justin Furlong,Samoa Rugby,Hooker,New Zealand,26,14,3,0,0,0,0,6,3,94,Home Win
1442,2018-10-04,England Rugby,Samoa Rugby,"Ellis Park, Johannesburg",Rugby Europe Championship,5,55,27,8,3,52,48,0,1,0,0,Charles Dupont,Samoa Rugby,Hooker,Samoa,18,12,1,0,0,1,0,13,5,91,Home Win
1443,2015-12-06,Australia Wallabies,Argentina Pumas,"Stade de France, Paris",Rugby Europe Championship,4,19,27,3,2,49,51,0,0,0,0,Richie Carbery,Australia Wallabies,Openside Flanker,New Zealand,26,20,0,0,0,0,0,12,0,43,Away Win
1444,2018-12-27,France XV,Georgia Rugby,"Twickenham, London",The Rugby Championship,6,50,15,7,2,54,46,1,0,0,0,Antoine Ntamack,France XV,Openside Flanker,France,21,99,3,0,0,1,0,3,2,13,Home Win
1445,2023-03-18,Ireland Rugby,South Africa Springboks,"Mikheil Meskhi Stadium, Tbilisi",Six Nations,3,27,12,3,0,37,63,0,0,0,0,Oliver Faletau,Ireland Rugby,Number 8,Ireland,29,109,1,0,0,0,0,20,1,132,Home Win
1446,2015-01-25,Fiji Rugby,New Zealand All Blacks,"Eden Park, Auckland",Rugby Europe Championship,1,18,20,0,1,60,40,0,0,0,0,Justin Henshaw,Fiji Rugby,Blindside Flanker,Fiji,28,8,0,0,0,0,1,10,6,172,Away Win
1447,2022-05-16,Romania Rugby,Canada Rugby,"Estadio Jose Amalfitani, Buenos Aires",Rugby Europe Championship,2,24,32,2,2,36,64,0,0,0,0,Liam Carbery,Romania Rugby,Lock,Romania,23,114,1,0,0,0,0,2,5,132,Away Win
1448,2020-05-27,Samoa Rugby,South Africa Springboks,"Twickenham, London",Rugby Europe Championship,7,0,63,0,8,41,59,0,0,0,0,Jamie Doris,South Africa Springboks,Left Wing,South Africa,24,110,1,0,0,0,0,1,1,100,Away Win
1449,2022-08-08,Australia Wallabies,Romania Rugby,"Estadio Jose Amalfitani, Buenos Aires",Six Nations,7,21,55,3,8,39,61,0,0,0,0,Stuart Henshaw,Australia Wallabies,Left Wing,Fiji,22,86,2,0,0,0,0,7,6,33,Away Win
1450,2021-03-12,Tonga Rugby,Japan Brave Blossoms,"Teufaiva Stadium, Tonga",The Rugby Championship,5,15,25,0,2,46,54,0,0,0,1,Owen Curry,Tonga Rugby,Lock,Tonga,26,53,2,0,0,0,0,16,8,5,Away Win
1451,2024-12-02,Ireland Rugby,Uruguay Rugby,"ANZ National Stadium, Suva",World Rugby U20 Championship,6,3,27,0,4,64,36,0,2,0,0,Henry Curry,Uruguay Rugby,Inside Centre,Argentina,30,29,1,0,0,0,0,19,,134,Away Win
1452,2017-07-21,Uruguay Rugby,Wales Rugby,"Stadium Australia, Sydney",Six Nations,1,40,18,6,0,54,46,1,0,1,1,Taulupe Faletau,Uruguay Rugby,Outside Centre,Argentina,23,71,0,0,0,0,0,0,0,150,Home Win
1453,2019-12-10,Uruguay Rugby,USA Eagles,"Stadio Olimpico, Rome",Pacific Nations Cup,2,47,6,6,0,54,46,1,0,0,0,Josh Henshaw,Uruguay Rugby,Outside Centre,Uruguay,29,74,2,0,0,0,0,7,6,135,Home Win
1454,2017-02-08,Spain Rugby,USA Eagles,"Murrayfield, Edinburgh",The Rugby Championship,6,31,30,5,6,57,43,0,0,0,0,Noah Doris,Spain Rugby,Outside Centre,Argentina,24,44,1,0,0,0,0,13,0,,Home Win
1455,2020-07-13,USA Eagles,Wales Rugby,"Mikheil Meskhi Stadium, Tbilisi",Pacific Nations Cup,2,9,40,0,6,45,55,1,0,1,0,Pieter Jones,Wales Rugby,Right Wing,New Zealand,23,56,1,0,0,0,0,20,7,108,Away Win
1456,2023-01-26,Scotland Rugby,Fiji Rugby,,Autumn Internationals,4,45,41,5,4,64,36,0,1,0,0,Faf Lowe,Scotland Rugby,Inside Centre,Australia,26,16,0,0,0,0,0,0,0,129,Home Win
1457,2017-07-25,Argentina Pumas,Spain Rugby,"National Stadium, Tokyo",World Rugby U20 Championship,7,57,40,6,4,59,41,0,0,0,1,Josh Ntamack,Spain Rugby,Tighthead Prop,Spain,22,69,2,0,0,0,0,,3,37,Home Win
1458,2016-03-27,Australia Wallabies,Scotland Rugby,"Teufaiva Stadium, Tonga",Rugby Europe Championship,4,38,24,4,2,65,35,1,0,0,1,Antoine Henshaw,Scotland Rugby,Hooker,Scotland,24,59,3,0,0,1,0,14,2,55,Home Win
1459,2017-11-18,Scotland Rugby,Canada Rugby,"Teufaiva Stadium, Tonga",Rugby World Cup,5,0,38,0,5,63,37,0,0,0,0,Finn Doris,Scotland Rugby,Blindside Flanker,New Zealand,22,70,1,0,0,0,0,17,6,,Away Win
1460,2023-06-19,Ireland Rugby,Scotland Rugby,"Stadium Australia, Sydney",Rugby Europe Championship,2,36,24,4,3,42,58,0,1,0,0,Kieran Russell,Ireland Rugby,Outside Centre,Ireland,34,29,0,0,0,0,0,13,6,99,Home Win
1461,2015-02-13,Fiji Rugby,New Zealand All Blacks,"Estadio Jose Amalfitani, Buenos Aires",Rugby World Cup,5,5,33,1,4,48,52,1,1,0,0,Ethan Jones,New Zealand All Blacks,Inside Centre,New Zealand,27,48,1,0,0,0,0,15,7,113,Away Win
1462,2020-01-18,Ireland Rugby,Australia Wallabies,"Teufaiva Stadium, Tonga",Rugby World Cup,8,47,47,7,6,64,36,0,1,0,0,Callum Barrett,Australia Wallabies,Lock,Australia,24,59,1,0,0,0,0,10,5,43,Draw
1463,2016-10-06,Australia Wallabies,France XV,"Eden Park, Auckland",Autumn Internationals,2,29,57,3,6,45,55,0,0,0,0,Rory Watson,Australia Wallabies,Hooker,Australia,27,115,2,0,0,0,0,5,5,12,Away Win
1464,2016-07-16,Wales Rugby,Japan Brave Blossoms,"Estadio Jose Amalfitani, Buenos Aires",Rugby World Cup,3,39,39,7,7,61,39,0,0,0,0,Callum de Klerk,Wales Rugby,Scrum-half,Wales,26,120,3,0,0,0,0,15,7,59,Draw
1465,2015-06-08,Fiji Rugby,Georgia Rugby,,Rugby Europe Championship,8,15,47,0,7,49,51,0,0,0,0,Liam Itoje,Georgia Rugby,Outside Centre,Georgia,26,1,3,0,0,0,0,5,2,57,Away Win
1466,2019-07-19,Georgia Rugby,France XV,"Twickenham, London",World Rugby U20 Championship,2,45,20,8,2,53,47,0,0,0,0,Romain Lowe,France XV,Fly-half,France,29,70,2,4,0,1,0,1,5,8,Home Win
1467,2019-10-11,Japan Brave Blossoms,Ireland Rugby,"Stadio Olimpico, Rome",World Rugby U20 Championship,2,22,38,1,4,51,49,0,1,0,0,Pieter Johnson,Ireland Rugby,Lock,Ireland,30,115,3,0,0,0,0,17,2,6,Away Win
1468,2022-07-18,Spain Rugby,Canada Rugby,"Twickenham, London",Rugby Europe Championship,7,50,51,8,7,53,47,0,2,0,0,Antoine Henshaw,Canada Rugby,Tighthead Prop,Canada,24,88,1,0,0,0,0,0,5,,Away Win
1469,2019-05-06,Fiji Rugby,Tonga Rugby,"Mikheil Meskhi Stadium, Tbilisi",Pacific Nations Cup,7,47,50,7,6,61,39,0,0,0,1,Sean Barrett,Tonga Rugby,Scrum-half,New Zealand,24,116,0,0,0,0,0,2,5,47,Away Win
1470,2018-12-08,Tonga Rugby,Spain Rugby,"Stadium Australia, Sydney",Pacific Nations Cup,6,11,27,1,3,35,65,2,0,0,0,Jamie Dupont,Spain Rugby,Outside Centre,Spain,25,63,2,0,0,0,0,6,4,160,Away Win
1471,2018-09-27,Australia Wallabies,South Africa Springboks,"Apia Park, Samoa",The Rugby Championship,4,23,9,4,0,44,56,0,0,0,0,Rory Furlong,Australia Wallabies,Tighthead Prop,Australia,18,47,1,0,0,0,0,16,,60,Home Win
1472,2016-01-25,France XV,Fiji Rugby,"Stadium Australia, Sydney",Six Nations,8,39,68,6,8,36,64,0,1,0,0,Cian Watson,Fiji Rugby,Scrum-half,Fiji,20,72,2,0,0,0,0,10,8,109,Away Win
1473,2022-12-11,Australia Wallabies,Ireland Rugby,"Estadio Jose Amalfitani, Buenos Aires",The Rugby Championship,5,70,47,8,5,45,55,1,1,0,0,Henry Williams,Ireland Rugby,Outside Centre,South Africa,32,89,3,0,0,1,0,0,0,10,Home Win
1474,2020-02-07,France XV,Samoa Rugby,"Eden Park, Auckland",The Rugby Championship,6,53,15,7,0,40,60,0,0,0,0,Finn Lowe,Samoa Rugby,Inside Centre,New Zealand,33,63,1,0,0,0,0,7,6,114,Home Win
1475,2019-04-03,Australia Wallabies,Tonga Rugby,"Estadio Jose Amalfitani, Buenos Aires",Six Nations,3,62,5,8,1,39,61,0,0,0,0,James Curry,Tonga Rugby,Inside Centre,Tonga,26,2,0,0,0,0,0,,2,52,Home Win
1476,2022-08-11,Australia Wallabies,Tonga Rugby,"Aviva Stadium, Dublin",World Rugby U20 Championship,6,63,25,8,4,62,38,0,0,0,0,Hamish Kolbe,Tonga Rugby,Inside Centre,New Zealand,29,14,3,0,0,0,0,14,1,165,Home Win
1477,2020-03-06,Australia Wallabies,New Zealand All Blacks,"Twickenham, London",Pacific Nations Cup,4,39,32,6,2,45,55,0,0,0,0,Kieran Dupont,Australia Wallabies,Left Wing,Australia,28,47,1,0,0,0,0,17,3,81,Home Win
1478,2018-01-19,Tonga Rugby,Japan Brave Blossoms,"Stadium Australia, Sydney",The Rugby Championship,5,51,25,7,1,62,38,1,0,0,0,James Dupont,Tonga Rugby,Lock,Tonga,39,86,3,0,0,0,0,3,3,125,Home Win
1479,2020-07-24,France XV,Australia Wallabies,,World Rugby U20 Championship,1,44,21,8,3,59,41,0,0,0,0,Rory Porter,Australia Wallabies,Inside Centre,New Zealand,31,93,2,0,0,0,0,7,8,100,Home Win
1480,2016-10-28,Scotland Rugby,Italy Rugby,"Teufaiva Stadium, Tonga",Pacific Nations Cup,6,23,63,1,7,40,60,2,1,0,0,Ethan Henshaw,Scotland Rugby,Fly-half,Scotland,26,22,2,5,0,0,0,8,8,49,Away Win
1481,2017-07-02,Spain Rugby,France XV,"ANZ National Stadium, Suva",Six Nations,3,23,30,1,3,64,36,0,0,0,0,Sam Doris,Spain Rugby,Inside Centre,Spain,23,87,0,0,0,0,0,,2,46,Away Win
1482,2024-12-24,Scotland Rugby,Wales Rugby,"Stade de France, Paris",,5,24,46,3,6,35,65,0,0,0,0,Beauden Johnson,Scotland Rugby,Hooker,Scotland,20,12,2,0,0,0,0,12,8,35,Away Win
1483,2020-06-24,Romania Rugby,Wales Rugby,"Principality Stadium, Cardiff",Rugby Europe Championship,2,18,32,0,3,53,47,0,0,0,1,Conor Barrett,Romania Rugby,Openside Flanker,,27,,2,0,0,0,0,12,4,33,Away Win
1484,2020-10-06,Italy Rugby,France XV,"Murrayfield, Edinburgh",Six Nations,8,31,15,4,0,58,42,2,0,0,0,Mason Ntamack,Italy Rugby,Scrum-half,Italy,23,84,0,0,0,0,0,,0,,Home Win
1485,2020-07-26,Romania Rugby,Georgia Rugby,"Aviva Stadium, Dublin",Pacific Nations Cup,2,39,51,5,7,48,52,1,1,0,0,Hugo Faletau,Romania Rugby,Loosehead Prop,France,21,15,0,0,0,0,0,16,1,9,Away Win
1486,2021-09-02,Uruguay Rugby,Australia Wallabies,"Estadio Jose Amalfitani, Buenos Aires",Rugby World Cup,2,37,39,5,7,62,38,0,2,0,0,Charles Watson,Uruguay Rugby,Hooker,Uruguay,24,32,0,0,0,0,0,2,0,73,Away Win
1487,2017-06-18,Romania Rugby,Italy Rugby,"Stadio Olimpico, Rome",Pacific Nations Cup,6,53,47,7,6,35,65,0,0,0,1,Kieran van der Merwe,Romania Rugby,Fullback,France,22,57,2,0,3,0,0,4,1,90,Home Win
1488,2019-06-21,Italy Rugby,France XV,"National Stadium, Tokyo",Rugby World Cup,2,22,9,1,0,38,62,1,0,0,0,Hamish Williams,Italy Rugby,Right Wing,Argentina,33,92,2,0,0,0,0,2,5,44,Home Win
1489,2022-11-08,Tonga Rugby,Canada Rugby,"ANZ National Stadium, Suva",Rugby World Cup,4,46,59,7,7,52,48,0,0,0,1,Alun Ntamack,Tonga Rugby,Loosehead Prop,Tonga,30,63,3,0,0,0,0,5,5,111,Away Win
1490,2016-12-27,Georgia Rugby,New Zealand All Blacks,"Mikheil Meskhi Stadium, Tbilisi",The Rugby Championship,3,39,10,6,2,51,49,0,1,0,0,Kieran Carbery,New Zealand All Blacks,Left Wing,New Zealand,26,85,0,0,0,0,0,8,1,139,Home Win
1491,2017-02-03,Romania Rugby,Georgia Rugby,"Murrayfield, Edinburgh",Rugby World Cup,5,48,6,8,0,52,48,0,1,0,0,Stuart Watson,Georgia Rugby,Scrum-half,Georgia,32,48,3,0,0,1,0,1,0,66,Home Win
1492,2016-11-22,Japan Brave Blossoms,Italy Rugby,"Ellis Park, Johannesburg",Six Nations,8,37,26,4,2,63,37,0,0,0,0,James de Klerk,Italy Rugby,Loosehead Prop,Argentina,27,76,2,0,0,0,0,2,6,28,Home Win
1493,2020-12-13,Canada Rugby,Scotland Rugby,"Stadium Australia, Sydney",Rugby World Cup,8,34,26,6,2,64,36,0,0,0,0,Jamie Faletau,Canada Rugby,Loosehead Prop,New Zealand,23,35,3,0,0,0,0,14,0,39,Home Win
1494,2017-01-17,Canada Rugby,Romania Rugby,"National Stadium, Tokyo",Rugby Europe Championship,4,41,68,4,8,42,58,0,1,0,0,Josh Watson,Romania Rugby,Fly-half,Romania,33,74,0,3,0,0,0,9,1,54,Away Win
1495,2021-02-08,Australia Wallabies,Scotland Rugby,"Stade de France, Paris",Autumn Internationals,7,0,33,0,5,45,55,0,0,0,0,Faf de Klerk,Australia Wallabies,Outside Centre,Australia,29,39,3,0,0,0,0,3,6,81,Away Win
1496,2023-03-23,Uruguay Rugby,England Rugby,"Aviva Stadium, Dublin",Pacific Nations Cup,1,49,70,8,8,52,48,0,0,0,0,Siya Lowe,Uruguay Rugby,Tighthead Prop,Uruguay,22,118,3,0,0,0,0,17,6,157,Away Win
1497,2024-05-23,USA Eagles,Tonga Rugby,"Mikheil Meskhi Stadium, Tbilisi",Rugby Europe Championship,2,39,47,5,5,56,44,0,0,0,0,Owen Itoje,USA Eagles,Lock,USA,26,90,3,0,0,0,0,3,1,121,Away Win
1498,2021-12-21,Fiji Rugby,Scotland Rugby,"Twickenham, London",Rugby World Cup,5,42,34,5,5,35,65,0,0,0,0,Josh Caelan,Fiji Rugby,Lock,Fiji,23,23,0,0,0,0,0,12,4,142,Home Win
1499,2020-08-25,Fiji Rugby,Georgia Rugby,"Murrayfield, Edinburgh",The Rugby Championship,1,48,40,7,4,51,49,1,0,0,0,Antoine Curry,Georgia Rugby,Outside Centre,Georgia,21,17,1,0,0,0,0,9,0,27,Home Win
1500,2017-03-10,Australia Wallabies,France XV,"Twickenham, London",Rugby Europe Championship,8,46,58,6,7,39,61,1,0,0,0,Lucas Williams,Australia Wallabies,Blindside Flanker,New Zealand,30,117,2,0,0,0,0,,0,1,Away Win
1501,2016-03-19,Ireland Rugby,Scotland Rugby,"National Stadium, Tokyo",The Rugby Championship,8,15,31,0,4,60,40,0,0,0,0,James Barrett,Ireland Rugby,Scrum-half,Ireland,34,33,1,0,0,0,0,10,3,,Away Win
1502,2023-03-10,Samoa Rugby,Argentina Pumas,"Twickenham, London",Rugby World Cup,4,66,47,8,5,65,35,0,0,0,0,Hugo Dupont,Argentina Pumas,Inside Centre,Argentina,21,19,1,0,0,0,0,4,3,39,Home Win
1503,2022-07-25,England Rugby,Uruguay Rugby,"Stade de France, Paris",Six Nations,5,13,53,2,7,61,39,0,0,0,0,Liam Henshaw,Uruguay Rugby,Scrum-half,Argentina,29,8,0,0,0,0,0,,0,65,Away Win
1504,2024-04-11,Ireland Rugby,Japan Brave Blossoms,"Stadio Olimpico, Rome",Six Nations,5,15,18,0,0,47,53,0,0,0,0,Finn de Klerk,Japan Brave Blossoms,Lock,Australia,24,33,2,0,0,0,0,17,3,136,Away Win
1505,2024-02-05,Fiji Rugby,Scotland Rugby,"Estadio Jose Amalfitani, Buenos Aires",Autumn Internationals,5,64,50,8,6,59,41,0,1,0,0,Finn Porter,Scotland Rugby,Tighthead Prop,New Zealand,25,108,3,0,0,0,0,4,4,96,Home Win
1506,2023-11-08,Ireland Rugby,Scotland Rugby,"National Stadium, Tokyo",Autumn Internationals,3,49,15,8,3,55,45,0,0,0,0,Josh Watson,Ireland Rugby,Fullback,Ireland,24,7,1,0,1,0,0,,0,47,Home Win
1507,2022-12-13,USA Eagles,Romania Rugby,,Rugby World Cup,2,42,21,4,3,44,56,0,0,0,0,Benjamin Caelan,Romania Rugby,Scrum-half,Romania,23,97,0,0,0,0,0,17,2,49,Home Win
1508,2021-03-01,New Zealand All Blacks,Uruguay Rugby,"Stadium Australia, Sydney",Rugby Europe Championship,5,31,48,5,6,35,65,1,0,0,0,Conor Williams,Uruguay Rugby,Hooker,Argentina,27,2,3,0,0,0,0,2,1,180,Away Win
1509,2024-08-02,Romania Rugby,Argentina Pumas,"Estadio Jose Amalfitani, Buenos Aires",Pacific Nations Cup,1,36,64,5,8,41,59,0,0,0,0,Malcolm Lowe,Argentina Pumas,Number 8,Argentina,23,101,0,0,0,0,0,17,8,133,Away Win
1510,2021-03-12,Samoa Rugby,Spain Rugby,"Murrayfield, Edinburgh",Rugby Europe Championship,2,47,43,7,6,39,61,0,0,0,0,Josh Caelan,Spain Rugby,Scrum-half,Argentina,28,107,1,0,0,0,0,2,8,1,Home Win
1511,2022-08-10,France XV,Uruguay Rugby,"Apia Park, Samoa",Rugby World Cup,3,50,46,7,4,37,63,0,0,0,0,Sam Porter,Uruguay Rugby,Fly-half,Uruguay,26,52,1,3,2,0,0,15,5,131,Home Win
1512,2023-06-22,Ireland Rugby,France XV,"Aviva Stadium, Dublin",The Rugby Championship,8,3,33,0,5,62,38,0,0,0,0,Stuart Smith,Ireland Rugby,Inside Centre,South Africa,26,7,0,0,0,0,0,10,6,70,Away Win
1513,2019-01-02,Canada Rugby,Fiji Rugby,"Ellis Park, Johannesburg",Autumn Internationals,3,17,26,2,4,39,61,2,0,0,0,Owen Williams,Fiji Rugby,Loosehead Prop,Fiji,23,101,2,0,0,1,0,1,1,29,Away Win
1514,2016-12-02,Australia Wallabies,Georgia Rugby,"Apia Park, Samoa",The Rugby Championship,4,39,0,7,0,49,51,0,0,0,0,Benjamin Watson,Georgia Rugby,Fly-half,Georgia,24,101,2,4,2,0,0,20,2,145,Home Win
1515,2021-12-03,Uruguay Rugby,France XV,"National Stadium, Tokyo",Rugby Europe Championship,3,46,33,7,3,58,42,1,0,0,0,Finn Williams,France XV,Number 8,France,30,115,2,0,0,0,0,11,7,65,Home Win
1516,2015-12-14,Canada Rugby,Italy Rugby,"Murrayfield, Edinburgh",Six Nations,4,31,40,4,4,44,56,2,0,0,0,Mason Hogg,Italy Rugby,Loosehead Prop,South Africa,29,43,2,0,0,0,0,8,0,100,Away Win
1517,2023-06-25,Spain Rugby,South Africa Springboks,"Stadium Australia, Sydney",Rugby World Cup,1,35,31,7,4,38,62,2,2,0,0,Sam Carbery,South Africa Springboks,Loosehead Prop,South Africa,23,19,2,0,0,0,0,14,6,13,Home Win
1518,2017-01-03,Argentina Pumas,England Rugby,"ANZ National Stadium, Suva",Six Nations,3,45,28,7,5,62,38,0,1,0,0,Rory Furlong,Argentina Pumas,Fullback,Argentina,27,24,2,0,4,0,0,19,5,8,Home Win
1519,2024-11-12,South Africa Springboks,Tonga Rugby,"ANZ National Stadium, Suva",Rugby World Cup,4,11,15,1,0,54,46,0,0,0,0,Conor Itoje,South Africa Springboks,Tighthead Prop,South Africa,30,5,1,0,0,0,0,9,1,18,Away Win
1520,2020-04-12,Canada Rugby,Samoa Rugby,"ANZ National Stadium, Suva",Pacific Nations Cup,6,12,0,2,0,36,64,0,0,0,0,Stuart Faletau,Canada Rugby,Fullback,New Zealand,20,117,0,0,0,0,0,15,4,11,Home Win
1521,2019-05-19,Wales Rugby,Spain Rugby,"Apia Park, Samoa",The Rugby Championship,4,9,9,0,0,59,41,1,0,0,0,William Russell,Spain Rugby,Lock,Spain,29,49,2,0,0,0,0,5,4,27,Draw
1522,2020-02-03,Scotland Rugby,Fiji Rugby,"Eden Park, Auckland",World Rugby U20 Championship,1,3,34,0,6,55,45,1,0,0,0,Ethan Brown,Scotland Rugby,Hooker,Scotland,24,50,3,0,0,0,0,19,0,72,Away Win
1523,2020-10-28,Canada Rugby,Georgia Rugby,"Twickenham, London",Rugby World Cup,3,32,29,6,4,65,35,1,0,0,0,Hugo Itoje,Canada Rugby,Blindside Flanker,Canada,29,,1,0,0,0,0,14,0,177,Home Win
1524,2021-12-06,Australia Wallabies,Scotland Rugby,"Ellis Park, Johannesburg",World Rugby U20 Championship,3,17,42,1,5,58,42,0,0,0,0,Romain Barrett,Australia Wallabies,Scrum-half,Fiji,23,48,2,0,0,0,0,18,5,145,Away Win
1525,2022-09-25,Fiji Rugby,Scotland Rugby,"Teufaiva Stadium, Tonga",World Rugby U20 Championship,4,19,56,1,8,50,50,1,1,0,1,Lucas Watson,Scotland Rugby,Tighthead Prop,Scotland,19,22,3,0,0,0,0,17,3,157,Away Win
1526,2019-11-07,Argentina Pumas,USA Eagles,"Apia Park, Samoa",Six Nations,2,19,53,1,6,41,59,0,0,0,0,Rory Jones,Argentina Pumas,Lock,Argentina,20,120,1,0,0,0,0,14,7,91,Away Win
1527,2020-01-14,England Rugby,Georgia Rugby,"Aviva Stadium, Dublin",Autumn Internationals,4,18,9,0,0,49,51,0,0,0,0,William Carbery,England Rugby,Loosehead Prop,England,27,84,1,0,0,1,0,2,7,76,Home Win
1528,2023-05-03,Argentina Pumas,Scotland Rugby,"National Stadium, Tokyo",Autumn Internationals,7,32,28,2,2,41,59,1,0,0,0,Faf Faletau,Scotland Rugby,Right Wing,Australia,28,117,3,0,0,0,0,1,6,59,Home Win
1529,2015-08-14,Argentina Pumas,Fiji Rugby,"Principality Stadium, Cardiff",Six Nations,5,21,25,3,3,55,45,0,0,0,0,Romain Brown,Fiji Rugby,Hooker,Fiji,23,38,1,0,0,0,0,4,5,167,Away Win
1530,2024-07-05,Uruguay Rugby,France XV,"ANZ National Stadium, Suva",Six Nations,5,10,44,1,6,45,55,1,1,0,1,Finn Itoje,France XV,Left Wing,Senegal,29,8,2,0,0,0,0,8,3,8,Away Win
1531,2022-12-13,Argentina Pumas,Tonga Rugby,"Mikheil Meskhi Stadium, Tbilisi",World Rugby U20 Championship,5,61,46,7,5,63,37,0,2,0,0,Faf Kolbe,Tonga Rugby,Openside Flanker,Tonga,20,48,3,0,0,1,0,12,8,97,Home Win
1532,2020-10-10,New Zealand All Blacks,Spain Rugby,"Estadio Jose Amalfitani, Buenos Aires",Rugby World Cup,6,20,50,2,6,65,35,0,0,0,0,Liam Watson,New Zealand All Blacks,Right Wing,New Zealand,26,36,1,0,0,0,0,18,1,68,Away Win
1533,2016-05-25,Australia Wallabies,Georgia Rugby,"Stadium Australia, Sydney",The Rugby Championship,4,15,59,0,7,49,51,0,2,0,0,Josh Itoje,Australia Wallabies,Fullback,New Zealand,22,22,1,0,0,0,0,14,1,142,Away Win
1534,2019-11-21,Georgia Rugby,Argentina Pumas,"Mikheil Meskhi Stadium, Tbilisi",World Rugby U20 Championship,8,15,8,0,1,62,38,0,1,0,0,Sean Watson,Argentina Pumas,Number 8,Argentina,24,,1,0,0,0,0,10,6,48,Home Win
1535,2023-02-01,Ireland Rugby,Uruguay Rugby,"Mikheil Meskhi Stadium, Tbilisi",The Rugby Championship,6,43,9,8,0,62,38,0,0,0,0,Henry Faletau,Uruguay Rugby,Loosehead Prop,Uruguay,27,78,2,0,0,0,0,3,3,101,Home Win
1536,2023-07-06,Samoa Rugby,Ireland Rugby,"Mikheil Meskhi Stadium, Tbilisi",World Rugby U20 Championship,1,13,60,2,7,46,54,2,0,0,0,Ethan Johnson,Samoa Rugby,Tighthead Prop,Samoa,23,82,3,0,0,0,0,16,2,0,Away Win
1537,2016-09-12,Italy Rugby,Georgia Rugby,"Eden Park, Auckland",Autumn Internationals,7,19,3,1,0,47,53,0,1,0,0,Malcolm Jones,Italy Rugby,Hooker,Italy,25,2,3,0,0,0,0,11,8,56,Home Win
1538,2023-05-25,Italy Rugby,Argentina Pumas,"Principality Stadium, Cardiff",Autumn Internationals,4,32,42,5,7,65,35,0,0,0,1,Lucas Doris,Italy Rugby,Fly-half,Argentina,31,38,2,1,2,0,0,18,2,170,Away Win
1539,2020-11-02,Fiji Rugby,Wales Rugby,"Mikheil Meskhi Stadium, Tbilisi",Autumn Internationals,4,49,15,7,3,43,57,0,1,0,0,Siya Kolbe,Fiji Rugby,Right Wing,Fiji,24,72,2,0,0,0,0,10,2,3,Home Win
1540,2020-07-03,Romania Rugby,Uruguay Rugby,"Stadium Australia, Sydney",World Rugby U20 Championship,5,51,12,7,0,37,63,1,1,0,0,William Williams,Uruguay Rugby,Fly-half,Argentina,30,99,2,2,3,0,0,2,6,151,Home Win
1541,2017-07-06,New Zealand All Blacks,Japan Brave Blossoms,"ANZ National Stadium, Suva",Rugby World Cup,2,42,11,7,1,37,63,1,0,0,0,Justin Caelan,Japan Brave Blossoms,Left Wing,South Africa,22,59,3,0,0,0,0,15,3,18,Home Win
1542,2020-12-19,New Zealand All Blacks,Uruguay Rugby,"Estadio Jose Amalfitani, Buenos Aires",Pacific Nations Cup,8,68,47,8,6,64,36,0,0,0,0,Henry Lowe,Uruguay Rugby,Hooker,,29,81,3,0,0,0,0,16,5,46,Home Win
1543,2024-11-15,Argentina Pumas,Fiji Rugby,"Teufaiva Stadium, Tonga",The Rugby Championship,8,9,12,0,0,49,51,0,0,0,0,Stuart Watson,Fiji Rugby,Fly-half,Fiji,32,58,2,0,3,0,0,11,,176,Away Win
1544,2019-10-14,Romania Rugby,Tonga Rugby,"National Stadium, Tokyo",Six Nations,8,40,19,7,1,57,43,0,0,0,0,Finn Itoje,Tonga Rugby,Blindside Flanker,Tonga,18,15,1,0,0,0,0,6,6,76,Home Win
1545,2020-05-14,Spain Rugby,Tonga Rugby,"ANZ National Stadium, Suva",Autumn Internationals,4,39,32,4,5,44,56,0,1,0,0,Stuart Lowe,Spain Rugby,Fly-half,Argentina,23,32,1,5,2,0,0,7,4,104,Home Win
1546,2024-12-16,Italy Rugby,Ireland Rugby,"Apia Park, Samoa",Six Nations,5,5,33,1,3,53,47,0,0,0,0,Siya Ntamack,Italy Rugby,Fullback,South Africa,29,110,2,0,1,0,0,13,5,86,Away Win
1547,2016-03-24,Japan Brave Blossoms,Italy Rugby,"National Stadium, Tokyo",Six Nations,1,3,28,0,2,38,62,0,1,0,0,Sam Curry,Italy Rugby,Lock,Argentina,26,43,2,0,0,0,0,0,8,110,Away Win
1548,2021-04-03,Fiji Rugby,Italy Rugby,"Ellis Park, Johannesburg",Six Nations,6,3,35,0,3,48,52,0,0,0,0,Hugo Ntamack,Fiji Rugby,Tighthead Prop,Fiji,28,34,3,0,0,0,0,9,3,169,Away Win
1549,2020-12-23,South Africa Springboks,Romania Rugby,"Mikheil Meskhi Stadium, Tbilisi",Six Nations,5,47,15,6,0,50,50,0,0,0,0,Rory Dupont,South Africa Springboks,Loosehead Prop,South Africa,24,20,1,0,0,0,0,11,0,41,Home Win
1550,2018-03-17,Australia Wallabies,Scotland Rugby,"Twickenham, London",Pacific Nations Cup,4,6,19,0,2,53,47,2,0,0,0,Tadhg Faletau,Australia Wallabies,Number 8,Australia,27,,0,0,0,0,0,13,7,93,Away Win
1551,2019-11-12,South Africa Springboks,Wales Rugby,"Stade de France, Paris",Rugby World Cup,2,32,28,2,3,40,60,0,0,0,1,Mason Hogg,South Africa Springboks,Lock,South Africa,26,59,0,0,0,1,0,0,1,116,Home Win
1552,2023-08-24,Italy Rugby,Argentina Pumas,"Teufaiva Stadium, Tonga",Rugby World Cup,8,43,43,7,5,60,40,1,1,0,0,Justin Kolbe,Argentina Pumas,Scrum-half,Argentina,31,112,3,0,0,0,0,20,2,,Draw
1553,2019-12-09,Tonga Rugby,Romania Rugby,"Mikheil Meskhi Stadium, Tbilisi",Pacific Nations Cup,3,26,53,3,7,59,41,1,1,0,0,Josh Watson,Tonga Rugby,Scrum-half,Tonga,28,6,1,0,0,0,1,17,6,157,Away Win
1554,2020-02-19,Scotland Rugby,Ireland Rugby,"National Stadium, Tokyo",Pacific Nations Cup,5,48,30,5,2,38,62,0,0,0,0,Tadhg Kolbe,Ireland Rugby,Lock,South Africa,28,72,3,0,0,0,0,9,2,36,Home Win
1555,2023-04-07,Wales Rugby,New Zealand All Blacks,"Aviva Stadium, Dublin",The Rugby Championship,5,55,12,7,0,53,47,1,0,0,0,Jamie Carbery,Wales Rugby,Openside Flanker,New Zealand,25,99,2,0,0,0,0,10,3,174,Home Win
1556,2018-05-06,Fiji Rugby,Georgia Rugby,"Murrayfield, Edinburgh",Autumn Internationals,8,39,15,5,2,35,65,0,1,0,0,Faf Caelan,Fiji Rugby,Inside Centre,Fiji,25,119,1,0,0,0,0,2,5,105,Home Win
1557,2017-10-24,Ireland Rugby,Georgia Rugby,"Aviva Stadium, Dublin",World Rugby U20 Championship,3,6,45,0,6,43,57,0,0,0,0,Lucas Kolbe,Ireland Rugby,Left Wing,Ireland,25,69,0,0,0,0,0,7,2,16,Away Win
1558,2023-03-28,France XV,Tonga Rugby,"Principality Stadium, Cardiff",Pacific Nations Cup,7,52,43,8,7,59,41,0,0,0,0,Richie Doris,Tonga Rugby,Tighthead Prop,New Zealand,28,108,0,0,0,0,0,18,8,127,Home Win
1559,2016-10-14,Tonga Rugby,Japan Brave Blossoms,"Apia Park, Samoa",Six Nations,4,23,29,4,2,64,36,0,0,0,0,Oliver Ntamack,Japan Brave Blossoms,Tighthead Prop,Japan,25,79,2,0,0,0,0,3,4,124,Away Win
1560,2024-10-20,Italy Rugby,Spain Rugby,"Aviva Stadium, Dublin",Pacific Nations Cup,2,14,61,2,8,52,48,0,0,0,0,Liam Jones,Italy Rugby,Loosehead Prop,Argentina,28,45,1,0,0,0,0,6,,101,Away Win
1561,2020-09-23,Canada Rugby,New Zealand All Blacks,"Twickenham, London",Autumn Internationals,3,12,15,0,0,48,52,0,0,0,0,Hamish Barrett,Canada Rugby,Fullback,Canada,35,112,3,0,1,0,0,2,8,86,Away Win
1562,2023-05-25,Scotland Rugby,Georgia Rugby,"Ellis Park, Johannesburg",Rugby World Cup,2,20,25,3,2,54,46,0,0,0,0,Finn Watson,Scotland Rugby,Inside Centre,New Zealand,30,77,0,0,0,0,0,,6,123,Away Win
1563,2016-11-27,Canada Rugby,USA Eagles,"Aviva Stadium, Dublin",Six Nations,2,23,49,2,7,49,51,1,0,0,0,Pieter Carbery,Canada Rugby,Number 8,New Zealand,25,23,0,0,0,1,0,4,6,96,Away Win
1564,2018-05-20,Fiji Rugby,Uruguay Rugby,"Estadio Jose Amalfitani, Buenos Aires",Pacific Nations Cup,3,33,48,5,5,48,52,0,0,0,0,Grégoire de Klerk,Fiji Rugby,Left Wing,Fiji,31,61,1,0,0,0,0,18,,,Away Win
1565,2023-06-22,Uruguay Rugby,Argentina Pumas,"National Stadium, Tokyo",Rugby Europe Championship,5,33,46,6,4,54,46,1,1,0,0,Josh Henshaw,Argentina Pumas,Blindside Flanker,Argentina,25,27,3,0,0,0,0,,1,,Away Win
1566,2020-03-04,Tonga Rugby,New Zealand All Blacks,"Stadio Olimpico, Rome",Rugby World Cup,3,45,19,6,2,44,56,0,1,0,0,Pieter Watson,New Zealand All Blacks,Hooker,New Zealand,18,99,1,0,0,0,0,18,8,48,Home Win
1567,2023-06-14,Argentina Pumas,France XV,"Stadio Olimpico, Rome",Six Nations,1,12,35,2,7,41,59,0,0,0,0,Rory Smith,Argentina Pumas,Fullback,Argentina,22,46,3,0,2,0,0,18,3,112,Away Win
1568,2023-08-06,New Zealand All Blacks,Ireland Rugby,"Principality Stadium, Cardiff",World Rugby U20 Championship,1,6,22,0,1,38,62,0,0,0,0,Sam Lowe,Ireland Rugby,Loosehead Prop,Ireland,19,51,3,0,0,0,0,13,,102,Away Win
1569,2022-03-11,Spain Rugby,Italy Rugby,"Mikheil Meskhi Stadium, Tbilisi",Autumn Internationals,3,10,20,2,2,42,58,0,0,0,0,Alun Ntamack,Spain Rugby,Number 8,Argentina,25,116,3,0,0,0,0,10,5,152,Away Win
1570,2019-06-24,England Rugby,Australia Wallabies,"Stadium Australia, Sydney",Six Nations,2,19,3,2,0,56,44,0,0,0,0,Ethan Henshaw,Australia Wallabies,Number 8,Australia,27,64,1,0,0,0,0,20,8,63,Home Win
1571,2020-02-13,Samoa Rugby,Ireland Rugby,"Ellis Park, Johannesburg",Pacific Nations Cup,6,37,31,7,5,45,55,1,0,0,0,Grégoire Watson,Samoa Rugby,Lock,New Zealand,33,35,3,0,0,0,0,6,5,36,Home Win
1572,2024-08-07,Romania Rugby,Japan Brave Blossoms,"Aviva Stadium, Dublin",The Rugby Championship,4,12,43,0,5,35,65,0,0,0,0,Cian Henshaw,Romania Rugby,Scrum-half,Romania,28,118,1,0,0,0,0,15,8,136,Away Win
1573,2017-06-22,Canada Rugby,Italy Rugby,"Ellis Park, Johannesburg",The Rugby Championship,3,13,65,1,7,56,44,0,0,0,0,Taulupe Caelan,Canada Rugby,Right Wing,Canada,26,14,2,0,0,0,0,9,4,97,Away Win
1574,2018-07-05,Japan Brave Blossoms,Scotland Rugby,"National Stadium, Tokyo",Pacific Nations Cup,5,34,46,6,6,53,47,0,1,0,0,Sean Caelan,Scotland Rugby,Loosehead Prop,New Zealand,30,69,1,0,0,0,0,10,2,24,Away Win
1575,2019-10-25,USA Eagles,Canada Rugby,"Mikheil Meskhi Stadium, Tbilisi",Rugby Europe Championship,8,45,63,5,7,63,37,0,0,0,0,Henry Caelan,USA Eagles,Loosehead Prop,South Africa,18,23,1,0,0,0,0,14,8,155,Away Win
1576,2022-01-11,Georgia Rugby,England Rugby,"Teufaiva Stadium, Tonga",Pacific Nations Cup,5,38,32,4,5,48,52,0,1,0,0,Finn Furlong,Georgia Rugby,Lock,Georgia,27,82,0,0,0,0,0,13,8,29,Home Win
1577,2024-11-28,New Zealand All Blacks,South Africa Springboks,"Stadio Olimpico, Rome",World Rugby U20 Championship,3,13,41,1,7,39,61,0,0,0,0,Siya Furlong,South Africa Springboks,Scrum-half,South Africa,30,69,0,0,0,0,0,0,5,49,Away Win
1578,2024-08-10,Canada Rugby,Ireland Rugby,"Twickenham, London",World Rugby U20 Championship,6,27,19,5,1,36,64,0,0,0,0,Beauden Dupont,Canada Rugby,Loosehead Prop,Canada,21,113,1,0,0,0,0,6,6,17,Home Win
1579,2023-12-20,Wales Rugby,Tonga Rugby,"Principality Stadium, Cardiff",Pacific Nations Cup,4,17,48,3,5,35,65,0,0,1,1,Faf Henshaw,Tonga Rugby,Lock,Tonga,31,58,1,0,0,0,0,12,6,61,Away Win
1580,2017-09-08,Spain Rugby,South Africa Springboks,"Murrayfield, Edinburgh",Autumn Internationals,3,57,15,7,0,47,53,0,0,0,0,Tadhg de Klerk,Spain Rugby,Hooker,Argentina,28,105,3,0,0,0,0,19,7,82,Home Win
1581,2018-11-18,France XV,South Africa Springboks,"Estadio Jose Amalfitani, Buenos Aires",Rugby World Cup,3,38,28,7,3,48,52,0,0,0,0,Conor Watson,South Africa Springboks,Hooker,South Africa,25,68,1,0,0,0,0,0,6,147,Home Win
1582,2017-03-17,New Zealand All Blacks,Spain Rugby,"Estadio Jose Amalfitani, Buenos Aires",Rugby Europe Championship,5,66,51,8,7,38,62,1,0,0,0,Alun Brown,Spain Rugby,Number 8,Spain,29,35,1,0,0,0,0,17,8,30,Home Win
1583,2023-09-03,Wales Rugby,Spain Rugby,"Estadio Jose Amalfitani, Buenos Aires",Autumn Internationals,4,66,48,8,7,58,42,0,0,0,0,Sean Porter,Spain Rugby,Loosehead Prop,Spain,36,78,0,0,0,0,0,11,3,131,Home Win
1584,2016-11-28,South Africa Springboks,Japan Brave Blossoms,"Twickenham, London",Rugby Europe Championship,4,16,3,1,0,35,65,0,0,0,0,Lucas Caelan,Japan Brave Blossoms,Lock,Australia,27,21,2,0,0,0,0,17,1,15,Home Win
1585,2023-08-05,New Zealand All Blacks,Spain Rugby,"Apia Park, Samoa",Autumn Internationals,5,38,17,6,3,50,50,1,1,0,0,Charles Brown,New Zealand All Blacks,Hooker,New Zealand,27,69,0,0,0,0,0,16,6,25,Home Win
1586,2015-10-11,Ireland Rugby,South Africa Springboks,"Teufaiva Stadium, Tonga",Rugby Europe Championship,4,40,44,6,6,46,54,0,2,0,0,Sam Dupont,South Africa Springboks,Loosehead Prop,South Africa,25,8,0,0,0,0,0,18,0,6,Away Win
1587,2021-10-02,Wales Rugby,Romania Rugby,"Apia Park, Samoa",Pacific Nations Cup,8,10,32,1,6,35,65,1,0,0,0,Henry Russell,Romania Rugby,Hooker,France,23,73,1,0,0,0,1,2,7,1,Away Win
1588,2020-03-03,Ireland Rugby,Wales Rugby,"ANZ National Stadium, Suva",Autumn Internationals,1,22,33,2,5,59,41,0,2,0,0,Conor Ntamack,Ireland Rugby,Inside Centre,South Africa,,106,3,0,0,0,0,5,6,157,Away Win
1589,2023-01-22,Georgia Rugby,Japan Brave Blossoms,"Twickenham, London",The Rugby Championship,6,38,42,5,8,39,61,0,0,0,1,Romain Hogg,Georgia Rugby,Fullback,Georgia,23,52,2,0,4,0,0,8,7,142,Away Win
1590,2019-05-15,USA Eagles,Canada Rugby,"Aviva Stadium, Dublin",Rugby World Cup,4,49,42,7,8,50,50,0,1,0,0,Antoine Caelan,USA Eagles,Inside Centre,USA,27,93,1,0,0,0,0,20,2,50,Home Win
1591,2024-09-14,France XV,Argentina Pumas,,The Rugby Championship,7,17,10,2,2,40,60,0,0,0,0,Cheslin Smith,France XV,Fullback,Senegal,25,27,1,0,0,0,0,16,6,63,Home Win
1592,2016-05-04,Romania Rugby,England Rugby,"Principality Stadium, Cardiff",Rugby Europe Championship,1,18,8,0,1,39,61,0,0,0,0,Jamie Jones,England Rugby,Openside Flanker,New Zealand,28,2,2,0,0,0,1,2,8,108,Home Win
1593,2021-02-04,Scotland Rugby,Argentina Pumas,"Apia Park, Samoa",Rugby Europe Championship,4,43,5,7,1,56,44,0,0,0,0,Richie Taylor,Scotland Rugby,Loosehead Prop,Australia,28,25,2,0,0,0,0,2,,52,Home Win
1594,2021-07-15,Romania Rugby,Argentina Pumas,"Twickenham, London",World Rugby U20 Championship,1,20,15,1,0,35,65,1,0,0,0,Sean Watson,Romania Rugby,Number 8,Romania,31,77,2,0,0,1,0,12,2,8,Home Win
1595,2019-03-08,Wales Rugby,Georgia Rugby,"Stadium Australia, Sydney",Autumn Internationals,1,12,22,0,4,59,41,0,0,0,0,William Henshaw,Wales Rugby,Tighthead Prop,New Zealand,24,101,2,0,0,0,0,12,1,8,Away Win
1596,2016-01-03,Ireland Rugby,Uruguay Rugby,"Apia Park, Samoa",World Rugby U20 Championship,3,27,10,3,2,39,61,0,1,0,0,Romain Faletau,Ireland Rugby,Outside Centre,New Zealand,25,42,1,0,0,1,0,8,4,97,Home Win
1597,2015-02-20,Japan Brave Blossoms,Italy Rugby,"Ellis Park, Johannesburg",The Rugby Championship,4,15,53,0,5,55,45,2,2,0,0,Pieter Hogg,Italy Rugby,Openside Flanker,Italy,23,11,3,0,0,1,0,5,5,25,Away Win
1598,2021-03-28,Tonga Rugby,Samoa Rugby,"Twickenham, London",The Rugby Championship,2,67,56,7,6,43,57,1,0,0,0,Rory Itoje,Tonga Rugby,Loosehead Prop,Tonga,25,5,3,0,0,1,0,16,4,128,Home Win
1599,2023-03-04,Italy Rugby,Tonga Rugby,"Twickenham, London",Rugby World Cup,6,41,30,6,4,43,57,0,0,1,0,Benjamin Doris,Tonga Rugby,Hooker,New Zealand,28,,3,0,0,0,0,2,8,37,Home Win
1600,2016-09-17,USA Eagles,Australia Wallabies,"Aviva Stadium, Dublin",Pacific Nations Cup,7,58,18,8,0,59,41,0,1,0,1,Kieran Itoje,USA Eagles,Lock,USA,30,26,2,0,0,0,0,7,0,30,Home Win
1601,2015-01-07,USA Eagles,Tonga Rugby,"Twickenham, London",Rugby World Cup,4,5,55,1,7,43,57,0,0,0,0,Lucas Doris,USA Eagles,Inside Centre,USA,23,64,0,0,0,0,0,20,8,106,Away Win
1602,2023-05-04,Spain Rugby,South Africa Springboks,"National Stadium, Tokyo",World Rugby U20 Championship,5,45,65,7,8,38,62,0,2,0,0,Noah Russell,Spain Rugby,Fullback,Spain,30,22,3,0,4,0,0,14,,58,Away Win
1603,2018-11-20,Ireland Rugby,Australia Wallabies,"Mikheil Meskhi Stadium, Tbilisi",Rugby Europe Championship,7,38,40,4,7,50,50,0,0,0,0,Finn van der Merwe,Ireland Rugby,Lock,Ireland,32,71,0,0,0,0,0,,5,119,Away Win
1604,2017-02-13,Tonga Rugby,Australia Wallabies,"National Stadium, Tokyo",,7,40,63,6,8,56,44,0,0,0,0,Jamie Porter,Tonga Rugby,Hooker,New Zealand,28,32,2,0,0,0,0,4,1,82,Away Win
1605,2015-11-17,Wales Rugby,Tonga Rugby,"Teufaiva Stadium, Tonga",The Rugby Championship,3,32,20,4,3,44,56,0,0,0,0,Romain Lowe,Tonga Rugby,Outside Centre,Tonga,34,104,0,0,0,0,0,7,0,37,Home Win
1606,2018-11-28,Tonga Rugby,Scotland Rugby,"Mikheil Meskhi Stadium, Tbilisi",Pacific Nations Cup,6,15,26,3,4,35,65,1,1,0,0,Alun Watson,Scotland Rugby,Right Wing,Scotland,23,104,3,0,0,0,0,15,3,141,Away Win
1607,2018-10-12,France XV,Australia Wallabies,"Teufaiva Stadium, Tonga",Pacific Nations Cup,8,56,10,8,1,47,53,1,0,0,0,Sean Furlong,Australia Wallabies,Openside Flanker,Australia,22,3,1,0,0,0,0,,4,108,Home Win
1608,2021-05-25,France XV,Tonga Rugby,"ANZ National Stadium, Suva",Autumn Internationals,4,50,6,7,0,44,56,2,0,0,0,Richie Watson,Tonga Rugby,Right Wing,Tonga,19,42,3,0,0,0,0,5,2,85,Home Win
1609,2021-07-09,South Africa Springboks,Uruguay Rugby,"Twickenham, London",Rugby World Cup,8,32,39,6,3,61,39,0,1,0,0,Charles Porter,Uruguay Rugby,Tighthead Prop,Argentina,32,46,1,0,0,0,0,16,7,155,Away Win
1610,2015-12-11,Scotland Rugby,Australia Wallabies,"Teufaiva Stadium, Tonga",The Rugby Championship,4,39,12,4,0,65,35,1,1,0,0,Sam Watson,Scotland Rugby,Openside Flanker,New Zealand,29,33,0,0,0,0,0,10,6,115,Home Win
1611,2018-09-09,Romania Rugby,New Zealand All Blacks,"Twickenham, London",Rugby Europe Championship,3,56,32,7,3,41,59,0,0,0,0,Lucas Doris,New Zealand All Blacks,Hooker,New Zealand,26,107,3,0,0,0,0,15,6,155,Home Win
1612,2021-10-18,Argentina Pumas,Romania Rugby,"Stade de France, Paris",Rugby World Cup,6,15,17,2,1,62,38,1,0,0,0,Conor Johnson,Argentina Pumas,Left Wing,Argentina,28,51,2,0,0,0,0,13,8,6,Away Win
1613,2020-11-01,Georgia Rugby,South Africa Springboks,"Eden Park, Auckland",The Rugby Championship,4,24,18,3,2,64,36,0,0,0,0,Stuart de Klerk,South Africa Springboks,Outside Centre,South Africa,22,57,3,0,0,1,0,0,8,56,Home Win
1614,2016-12-20,Canada Rugby,Fiji Rugby,"Stade de France, Paris",World Rugby U20 Championship,4,32,48,2,7,40,60,0,0,0,0,Pieter Henshaw,Fiji Rugby,Loosehead Prop,Fiji,36,39,3,0,0,0,0,13,7,101,Away Win
1615,2020-01-15,Spain Rugby,Romania Rugby,"Apia Park, Samoa",Rugby World Cup,7,32,18,4,0,48,52,1,0,0,0,Sam Jones,Spain Rugby,Tighthead Prop,Spain,,24,0,0,0,0,0,9,,158,Home Win
1616,2015-03-08,Wales Rugby,Australia Wallabies,"Stadium Australia, Sydney",Rugby World Cup,1,20,47,2,5,36,64,0,1,0,0,Oliver Kolbe,Australia Wallabies,Right Wing,Fiji,27,52,2,0,0,0,0,6,3,49,Away Win
1617,2018-02-05,Romania Rugby,Canada Rugby,"Stadio Olimpico, Rome",Rugby Europe Championship,5,31,23,4,1,45,55,1,0,0,0,Henry Taylor,Romania Rugby,Lock,Romania,29,64,3,0,0,0,0,9,5,71,Home Win
1618,2024-03-06,Fiji Rugby,France XV,"Principality Stadium, Cardiff",Autumn Internationals,2,24,22,3,1,47,53,0,0,1,0,Tadhg Curry,Fiji Rugby,Hooker,Fiji,28,115,1,0,0,0,0,,1,114,Home Win
1619,2015-04-06,Ireland Rugby,Japan Brave Blossoms,"Apia Park, Samoa",Rugby World Cup,2,29,25,5,3,38,62,0,0,0,0,Cian Carbery,Ireland Rugby,Right Wing,New Zealand,27,7,3,0,0,0,0,20,2,66,Home Win
1620,2023-02-19,Argentina Pumas,Samoa Rugby,"Twickenham, London",World Rugby U20 Championship,1,26,63,4,8,50,50,0,1,0,0,Finn Caelan,Argentina Pumas,Scrum-half,Argentina,23,56,2,0,0,0,0,1,2,87,Away Win
1621,2023-04-27,Samoa Rugby,Canada Rugby,"Apia Park, Samoa",Pacific Nations Cup,3,44,45,5,6,47,53,1,0,0,0,Faf Ntamack,Samoa Rugby,Fullback,Samoa,28,28,2,0,2,0,0,,8,40,Away Win
1622,2022-03-18,Australia Wallabies,Fiji Rugby,"Principality Stadium, Cardiff",Six Nations,5,28,3,2,0,42,58,1,0,0,0,Sam Porter,Australia Wallabies,Left Wing,Australia,34,54,3,0,0,0,0,1,2,104,Home Win
1623,2019-11-02,England Rugby,USA Eagles,"Eden Park, Auckland",World Rugby U20 Championship,4,8,6,1,0,59,41,0,0,0,0,Benjamin Caelan,USA Eagles,Lock,USA,32,49,0,0,0,0,0,0,8,36,Home Win
1624,2017-07-10,Uruguay Rugby,Italy Rugby,"Stade de France, Paris",World Rugby U20 Championship,6,9,3,0,0,41,59,0,0,0,0,Rory Barrett,Uruguay Rugby,Outside Centre,Uruguay,33,53,0,0,0,0,0,19,4,72,Home Win
1625,2022-03-15,France XV,Scotland Rugby,"Murrayfield, Edinburgh",World Rugby U20 Championship,7,72,31,8,5,48,52,1,0,0,0,Romain van der Merwe,France XV,Hooker,Senegal,24,61,2,0,0,0,0,17,7,5,Home Win
1626,2018-08-10,Japan Brave Blossoms,Romania Rugby,"Aviva Stadium, Dublin",Rugby Europe Championship,5,11,47,1,7,48,52,1,1,0,0,Stuart Doris,Romania Rugby,Loosehead Prop,France,23,22,2,0,0,0,0,11,,96,Away Win
1627,2015-01-20,Argentina Pumas,England Rugby,"Stadium Australia, Sydney",Six Nations,6,38,43,5,7,47,53,0,0,0,0,Owen Hogg,Argentina Pumas,Hooker,Argentina,26,34,3,0,0,0,0,20,6,24,Away Win
1628,2020-07-09,Canada Rugby,Georgia Rugby,"Mikheil Meskhi Stadium, Tbilisi",Autumn Internationals,8,22,54,2,6,63,37,2,0,0,0,Josh Furlong,Canada Rugby,Fly-half,New Zealand,27,74,0,0,1,0,0,,1,2,Away Win
1629,2021-01-11,Samoa Rugby,Georgia Rugby,"Mikheil Meskhi Stadium, Tbilisi",Rugby World Cup,4,31,59,3,7,42,58,0,0,0,0,Owen Porter,Samoa Rugby,Outside Centre,,31,114,0,0,0,0,0,5,6,105,Away Win
1630,2020-04-17,USA Eagles,Italy Rugby,"Teufaiva Stadium, Tonga",The Rugby Championship,1,54,50,6,7,41,59,0,1,0,0,Noah Furlong,Italy Rugby,Right Wing,South Africa,20,41,2,0,0,0,0,20,4,146,Home Win
1631,2022-01-14,Canada Rugby,Tonga Rugby,"Principality Stadium, Cardiff",Six Nations,3,12,20,0,1,63,37,1,0,0,0,Stuart Hogg,Canada Rugby,Fullback,Canada,33,21,3,0,0,0,0,10,,59,Away Win
1632,2017-01-07,Romania Rugby,Japan Brave Blossoms,"Apia Park, Samoa",World Rugby U20 Championship,4,22,34,1,3,54,46,0,0,0,0,Noah Curry,Japan Brave Blossoms,Fly-half,South Africa,26,23,0,4,2,0,0,0,5,66,Away Win
1633,2017-12-22,Scotland Rugby,South Africa Springboks,"Stadio Olimpico, Rome",World Rugby U20 Championship,2,46,64,7,8,62,38,1,0,0,0,Henry Dupont,Scotland Rugby,Fullback,Australia,25,83,0,0,0,0,0,18,2,,Away Win
1634,2015-08-02,Italy Rugby,Japan Brave Blossoms,"Stade de France, Paris",Rugby World Cup,1,63,8,8,1,51,49,0,1,0,0,Josh Dupont,Japan Brave Blossoms,Outside Centre,,22,4,0,0,0,0,0,18,5,144,Home Win
1635,2016-03-26,Spain Rugby,Tonga Rugby,,Autumn Internationals,7,26,3,2,0,61,39,0,0,0,0,Callum Carbery,Spain Rugby,Fullback,Argentina,20,113,2,0,2,0,0,19,6,161,Home Win
1636,2019-03-22,Japan Brave Blossoms,Ireland Rugby,"Mikheil Meskhi Stadium, Tbilisi",The Rugby Championship,4,41,3,6,0,49,51,0,0,0,0,James Kolbe,Ireland Rugby,Fly-half,New Zealand,30,49,3,0,1,0,0,12,5,34,Home Win
1637,2020-05-22,Canada Rugby,Georgia Rugby,"Eden Park, Auckland",Six Nations,7,28,50,4,8,62,38,0,0,0,0,Charles Taylor,Georgia Rugby,Lock,Georgia,27,17,1,0,0,0,0,14,8,104,Away Win
1638,2015-05-06,Australia Wallabies,Ireland Rugby,"National Stadium, Tokyo",Pacific Nations Cup,7,24,17,2,2,35,65,0,0,1,0,Callum Itoje,Ireland Rugby,Openside Flanker,Ireland,21,79,1,0,0,0,0,17,3,55,Home Win
1639,2015-05-04,Samoa Rugby,Georgia Rugby,"Stade de France, Paris",The Rugby Championship,3,0,52,0,8,41,59,0,0,1,0,Antoine Smith,Samoa Rugby,Loosehead Prop,Samoa,21,1,0,0,0,0,0,14,6,37,Away Win
1640,2016-04-10,Japan Brave Blossoms,Spain Rugby,"Ellis Park, Johannesburg",Rugby World Cup,4,65,57,8,7,52,48,0,0,0,0,Richie Johnson,Spain Rugby,Inside Centre,Argentina,25,101,1,0,0,0,0,19,,14,Home Win
1641,2023-10-13,France XV,Japan Brave Blossoms,"Twickenham, London",Pacific Nations Cup,1,33,32,5,6,50,50,0,0,0,0,Lucas Watson,Japan Brave Blossoms,Openside Flanker,South Africa,33,74,2,0,0,1,0,20,4,1,Home Win
1642,2021-02-01,Uruguay Rugby,Fiji Rugby,"Eden Park, Auckland",Autumn Internationals,8,48,21,7,3,36,64,0,0,0,0,Cheslin Lowe,Uruguay Rugby,Inside Centre,Uruguay,25,107,0,0,0,0,0,6,3,117,Home Win
1643,2022-07-01,New Zealand All Blacks,Japan Brave Blossoms,"Murrayfield, Edinburgh",World Rugby U20 Championship,7,12,30,2,3,61,39,0,0,0,0,Hamish Doris,Japan Brave Blossoms,Blindside Flanker,Japan,20,12,3,0,0,0,0,5,8,,Away Win
1644,2020-09-24,New Zealand All Blacks,Tonga Rugby,"Ellis Park, Johannesburg",World Rugby U20 Championship,2,44,61,5,7,54,46,0,0,0,0,Alun Russell,Tonga Rugby,Loosehead Prop,Tonga,26,7,2,0,0,0,0,0,,81,Away Win
1645,2023-01-22,Australia Wallabies,England Rugby,"Stade de France, Paris",Pacific Nations Cup,7,57,14,6,2,42,58,0,1,0,0,Noah Carbery,England Rugby,Number 8,New Zealand,25,69,0,0,0,0,0,19,5,23,Home Win
1646,2015-04-20,Ireland Rugby,Scotland Rugby,"Murrayfield, Edinburgh",The Rugby Championship,5,9,52,0,8,51,49,0,0,0,1,Henry Lowe,Ireland Rugby,Inside Centre,Ireland,18,79,0,0,0,0,0,20,4,56,Away Win
1647,2015-06-06,Fiji Rugby,Romania Rugby,"Teufaiva Stadium, Tonga",Autumn Internationals,4,10,13,2,1,49,51,1,0,0,0,Liam Russell,Fiji Rugby,Number 8,Fiji,26,35,2,0,0,0,0,1,8,173,Away Win
1648,2020-12-08,Spain Rugby,Romania Rugby,"National Stadium, Tokyo",The Rugby Championship,7,65,41,7,6,40,60,0,0,0,0,Liam Taylor,Romania Rugby,Inside Centre,Romania,26,50,0,0,0,0,0,,5,124,Home Win
1649,2021-07-08,Scotland Rugby,South Africa Springboks,"Principality Stadium, Cardiff",Rugby Europe Championship,1,42,15,5,0,48,52,0,0,0,0,Oliver Caelan,Scotland Rugby,Hooker,Australia,29,22,0,0,0,0,0,0,2,93,Home Win
1650,2018-02-19,Spain Rugby,Samoa Rugby,"ANZ National Stadium, Suva",Rugby Europe Championship,3,30,3,6,0,62,38,2,0,0,0,Tadhg van der Merwe,Samoa Rugby,Lock,New Zealand,34,81,1,0,0,0,0,17,4,,Home Win
1651,2023-04-10,Samoa Rugby,Tonga Rugby,"Mikheil Meskhi Stadium, Tbilisi",,5,49,35,5,6,54,46,1,0,0,0,Charles Curry,Samoa Rugby,Loosehead Prop,New Zealand,31,31,3,0,0,0,0,4,4,138,Home Win
1652,2016-06-17,Wales Rugby,Tonga Rugby,"Stadium Australia, Sydney",Rugby World Cup,2,35,24,5,3,42,58,0,0,0,0,Romain Jones,Wales Rugby,Blindside Flanker,New Zealand,25,68,3,0,0,0,0,5,4,77,Home Win
1653,2016-11-26,Samoa Rugby,Wales Rugby,"Stadium Australia, Sydney",World Rugby U20 Championship,8,12,40,0,5,37,63,1,1,0,0,Antoine Caelan,Wales Rugby,Lock,New Zealand,22,55,2,0,0,0,0,7,3,82,Away Win
1654,2022-08-26,Australia Wallabies,Argentina Pumas,"Apia Park, Samoa",Rugby World Cup,5,18,0,3,0,54,46,0,0,0,0,Sam Porter,Australia Wallabies,Number 8,Fiji,,28,1,0,0,0,1,12,4,66,Home Win
1655,2024-10-21,Georgia Rugby,Tonga Rugby,"Twickenham, London",The Rugby Championship,3,44,54,7,7,52,48,1,0,0,0,Stuart Brown,Georgia Rugby,Lock,Georgia,27,89,0,0,0,0,0,7,2,132,Away Win
1656,2020-02-11,Uruguay Rugby,Fiji Rugby,"Stadio Olimpico, Rome",The Rugby Championship,6,16,45,2,6,53,47,0,0,0,1,Liam Porter,Uruguay Rugby,Right Wing,Uruguay,27,51,2,0,0,1,0,4,2,110,Away Win
1657,2021-07-10,USA Eagles,South Africa Springboks,"Apia Park, Samoa",Autumn Internationals,1,41,3,7,0,47,53,1,0,0,0,Beauden Williams,South Africa Springboks,Inside Centre,South Africa,26,106,0,0,0,0,0,9,0,33,Home Win
1658,2020-10-01,Italy Rugby,Ireland Rugby,"Stadio Olimpico, Rome",Autumn Internationals,3,3,18,0,0,51,49,0,0,0,0,Charles Furlong,Ireland Rugby,Hooker,New Zealand,27,37,3,0,0,0,0,20,3,26,Away Win
1659,2019-10-23,Spain Rugby,England Rugby,"Estadio Jose Amalfitani, Buenos Aires",Autumn Internationals,1,37,44,5,5,60,40,0,0,0,0,Mason Taylor,England Rugby,Inside Centre,England,26,29,2,0,0,0,0,3,2,140,Away Win
1660,2019-01-01,Fiji Rugby,Scotland Rugby,"Apia Park, Samoa",Rugby World Cup,3,42,50,7,6,53,47,2,0,0,0,Cheslin Curry,Fiji Rugby,Inside Centre,Fiji,24,60,3,0,0,0,0,16,8,36,Away Win
1661,2021-09-02,Japan Brave Blossoms,England Rugby,"Principality Stadium, Cardiff",World Rugby U20 Championship,2,25,35,3,4,58,42,2,0,1,1,Siya Watson,England Rugby,Openside Flanker,England,24,88,3,0,0,0,0,12,3,173,Away Win
1662,2024-03-14,Canada Rugby,South Africa Springboks,"Ellis Park, Johannesburg",Autumn Internationals,7,16,6,2,0,63,37,0,0,0,1,Josh Curry,South Africa Springboks,Blindside Flanker,South Africa,26,,2,0,0,0,0,5,4,120,Home Win
1663,2015-06-03,Ireland Rugby,Fiji Rugby,,Autumn Internationals,6,23,33,4,5,62,38,0,0,0,0,Ethan van der Merwe,Fiji Rugby,Right Wing,Fiji,24,107,1,0,0,0,0,17,6,,Away Win
1664,2024-05-26,Wales Rugby,South Africa Springboks,"Mikheil Meskhi Stadium, Tbilisi",The Rugby Championship,3,24,40,3,8,60,40,0,0,0,0,Sam Doris,Wales Rugby,Right Wing,Wales,24,36,0,0,0,0,0,0,6,163,Away Win
1665,2017-09-09,Argentina Pumas,Samoa Rugby,"Ellis Park, Johannesburg",Six Nations,6,44,26,6,4,64,36,0,0,0,0,Taulupe Smith,Samoa Rugby,Fly-half,New Zealand,27,42,3,5,1,0,0,,8,11,Home Win
1666,2020-09-20,Scotland Rugby,England Rugby,,Six Nations,6,43,44,8,4,44,56,0,0,0,0,Beauden Hogg,England Rugby,Openside Flanker,South Africa,25,59,2,0,0,0,0,3,4,17,Away Win
1667,2023-07-23,Ireland Rugby,Samoa Rugby,"Estadio Jose Amalfitani, Buenos Aires",Rugby Europe Championship,5,20,50,1,6,42,58,0,1,0,0,Kieran Watson,Samoa Rugby,Openside Flanker,New Zealand,33,108,3,0,0,0,0,3,7,49,Away Win
1668,2022-09-17,USA Eagles,England Rugby,"Twickenham, London",The Rugby Championship,3,54,35,6,5,48,52,0,0,0,0,Mason Watson,USA Eagles,Inside Centre,USA,,19,1,0,0,0,0,19,8,148,Home Win
1669,2019-12-18,Italy Rugby,Fiji Rugby,"ANZ National Stadium, Suva",World Rugby U20 Championship,8,9,66,0,8,45,55,0,0,0,0,Callum Caelan,Fiji Rugby,Scrum-half,Fiji,31,10,0,0,0,0,0,14,8,16,Away Win
1670,2021-09-07,Tonga Rugby,Australia Wallabies,"Estadio Jose Amalfitani, Buenos Aires",The Rugby Championship,8,56,18,6,3,65,35,0,0,0,0,Lucas Johnson,Australia Wallabies,Hooker,Fiji,31,120,0,0,0,0,0,2,8,139,Home Win
1671,2022-01-13,Ireland Rugby,New Zealand All Blacks,"Principality Stadium, Cardiff",World Rugby U20 Championship,1,10,9,1,0,59,41,0,0,0,0,Conor Porter,Ireland Rugby,Scrum-half,Ireland,18,85,3,0,0,0,0,14,0,62,Home Win
1672,2020-12-15,Wales Rugby,Samoa Rugby,"Eden Park, Auckland",Rugby Europe Championship,8,55,35,7,3,56,44,1,0,0,0,Grégoire Carbery,Wales Rugby,Fullback,New Zealand,25,5,2,0,1,0,0,19,3,132,Home Win
1673,2022-01-21,England Rugby,Fiji Rugby,"Mikheil Meskhi Stadium, Tbilisi",World Rugby U20 Championship,2,32,19,2,3,41,59,0,2,0,0,Oliver Caelan,Fiji Rugby,Left Wing,Fiji,25,57,3,0,0,0,0,4,3,163,Home Win
1674,2018-07-24,Japan Brave Blossoms,New Zealand All Blacks,"Stadio Olimpico, Rome",Autumn Internationals,5,3,17,0,1,45,55,0,1,0,0,Finn Russell,Japan Brave Blossoms,Blindside Flanker,Australia,21,58,1,0,0,0,0,4,7,59,Away Win
1675,2017-04-08,Samoa Rugby,Japan Brave Blossoms,"Twickenham, London",The Rugby Championship,2,36,48,6,5,58,42,0,0,0,0,Richie Ntamack,Japan Brave Blossoms,Outside Centre,New Zealand,23,50,3,0,0,0,0,3,5,161,Away Win
1676,2022-01-11,Italy Rugby,England Rugby,"Eden Park, Auckland",Six Nations,3,17,64,1,8,37,63,0,1,0,0,Owen Curry,England Rugby,Inside Centre,South Africa,22,114,0,0,0,0,0,,3,177,Away Win
1677,2015-03-14,Scotland Rugby,Wales Rugby,"Stadio Olimpico, Rome",World Rugby U20 Championship,6,12,33,0,6,48,52,0,0,0,0,Romain Williams,Wales Rugby,Loosehead Prop,New Zealand,34,18,2,0,0,0,0,8,2,8,Away Win
1678,2021-09-08,Wales Rugby,Uruguay Rugby,"Mikheil Meskhi Stadium, Tbilisi",Autumn Internationals,8,43,9,5,0,54,46,0,0,0,0,Beauden Smith,Wales Rugby,Fly-half,New Zealand,30,22,1,1,2,0,0,12,5,111,Home Win
1679,2024-10-26,Wales Rugby,England Rugby,"Teufaiva Stadium, Tonga",The Rugby Championship,7,48,30,5,5,50,50,0,0,0,0,Oliver Smith,England Rugby,Lock,New Zealand,32,119,2,0,0,0,0,10,5,16,Home Win
1680,2017-03-18,Tonga Rugby,USA Eagles,,Pacific Nations Cup,4,3,22,0,4,43,57,1,0,0,0,Owen Ntamack,USA Eagles,Fly-half,,29,107,1,1,2,0,0,18,7,134,Away Win
1681,2022-11-14,Scotland Rugby,Uruguay Rugby,"Principality Stadium, Cardiff",Rugby World Cup,4,0,56,0,8,38,62,0,0,1,0,Benjamin Dupont,Scotland Rugby,Hooker,Australia,22,9,2,0,0,0,0,13,2,161,Away Win
1682,2021-05-05,USA Eagles,Fiji Rugby,,Rugby Europe Championship,8,18,41,0,6,61,39,0,0,0,0,Finn Porter,Fiji Rugby,Inside Centre,Fiji,24,26,0,0,0,0,0,6,0,47,Away Win
1683,2019-12-04,Ireland Rugby,Wales Rugby,"Ellis Park, Johannesburg",The Rugby Championship,3,0,36,0,6,45,55,0,0,0,0,Romain Kolbe,Ireland Rugby,Lock,New Zealand,28,109,1,0,0,0,0,8,0,8,Away Win
1684,2016-02-25,France XV,South Africa Springboks,"Stade de France, Paris",The Rugby Championship,5,18,32,3,3,40,60,0,0,1,0,Cian Furlong,France XV,Fly-half,France,22,33,2,3,2,0,0,5,8,,Away Win
1685,2015-12-26,Argentina Pumas,Australia Wallabies,"National Stadium, Tokyo",The Rugby Championship,4,55,67,6,7,61,39,0,0,0,0,Sean Itoje,Argentina Pumas,Openside Flanker,Argentina,29,107,0,0,0,0,0,12,6,94,Away Win
1686,2024-07-14,USA Eagles,South Africa Springboks,"Aviva Stadium, Dublin",Rugby World Cup,5,50,45,7,5,53,47,0,0,0,0,Romain Furlong,South Africa Springboks,Blindside Flanker,South Africa,26,86,1,0,0,0,0,13,2,162,Home Win
1687,2024-03-10,Tonga Rugby,USA Eagles,"Ellis Park, Johannesburg",The Rugby Championship,8,22,23,1,2,65,35,0,0,0,0,Charles Hogg,Tonga Rugby,Blindside Flanker,New Zealand,25,65,3,0,0,0,0,13,1,100,Away Win
1688,2016-06-28,England Rugby,Georgia Rugby,"Stade de France, Paris",World Rugby U20 Championship,2,14,40,1,6,35,65,0,0,0,0,Kieran Doris,England Rugby,Right Wing,South Africa,29,99,0,0,0,1,0,,6,123,Away Win
1689,2021-04-19,France XV,Fiji Rugby,"Teufaiva Stadium, Tonga",The Rugby Championship,8,40,32,6,2,39,61,0,2,0,0,Antoine Barrett,Fiji Rugby,Fullback,Fiji,28,105,1,0,4,0,0,18,4,2,Home Win
1690,2024-08-03,Tonga Rugby,Japan Brave Blossoms,"National Stadium, Tokyo",Autumn Internationals,8,6,35,0,6,54,46,0,0,0,0,Antoine Doris,Tonga Rugby,Inside Centre,Tonga,25,32,2,0,0,0,0,2,3,57,Away Win
1691,2016-05-02,Argentina Pumas,Romania Rugby,"Stadio Olimpico, Rome",Pacific Nations Cup,5,14,12,1,0,41,59,0,2,0,0,Beauden Caelan,Romania Rugby,Left Wing,Romania,31,91,0,0,0,0,0,9,2,9,Home Win
1692,2018-05-05,England Rugby,South Africa Springboks,"Ellis Park, Johannesburg",Rugby Europe Championship,4,36,54,4,8,63,37,0,0,0,0,Owen Caelan,England Rugby,Left Wing,New Zealand,22,13,3,0,0,0,0,3,3,139,Away Win
1693,2024-11-10,Ireland Rugby,France XV,"Mikheil Meskhi Stadium, Tbilisi",Rugby Europe Championship,1,15,32,2,4,52,48,1,0,0,0,Richie Dupont,France XV,Tighthead Prop,Ivory Coast,29,117,3,0,0,1,0,19,3,111,Away Win
1694,2022-05-20,England Rugby,South Africa Springboks,"Ellis Park, Johannesburg",World Rugby U20 Championship,7,20,25,1,4,38,62,0,1,0,0,Cheslin Jones,South Africa Springboks,Openside Flanker,South Africa,29,77,3,0,0,1,0,2,6,140,Away Win
1695,2019-08-24,Ireland Rugby,Tonga Rugby,"Teufaiva Stadium, Tonga",Rugby World Cup,8,62,37,8,4,47,53,0,0,1,0,Faf Brown,Ireland Rugby,Fly-half,Ireland,25,81,2,3,3,0,0,12,3,93,Home Win
1696,2020-07-12,Tonga Rugby,Ireland Rugby,"Eden Park, Auckland",The Rugby Championship,7,0,41,0,7,62,38,2,1,0,0,Charles Johnson,Ireland Rugby,Lock,South Africa,28,6,3,0,0,0,0,0,0,163,Away Win
1697,2015-08-14,Canada Rugby,Ireland Rugby,"Twickenham, London",Six Nations,2,8,30,1,5,52,48,0,0,0,0,Siya Taylor,Ireland Rugby,Scrum-half,New Zealand,21,25,2,0,0,1,0,9,0,0,Away Win
1698,2020-11-01,France XV,Argentina Pumas,"Stadio Olimpico, Rome",Rugby Europe Championship,6,24,45,3,5,55,45,0,0,0,0,Henry Henshaw,Argentina Pumas,Inside Centre,Argentina,30,120,2,0,0,1,0,1,7,,Away Win
1699,2019-02-20,Fiji Rugby,Scotland Rugby,"Stadium Australia, Sydney",Rugby Europe Championship,3,57,19,8,1,48,52,1,0,0,0,Benjamin Henshaw,Fiji Rugby,Scrum-half,Fiji,26,87,1,0,0,0,0,11,7,143,Home Win
1700,2019-04-27,Spain Rugby,Georgia Rugby,"Apia Park, Samoa",Autumn Internationals,1,39,38,5,5,60,40,0,0,0,0,Stuart Furlong,Georgia Rugby,Loosehead Prop,Georgia,24,107,3,0,0,0,0,20,0,176,Home Win
1701,2018-04-15,Italy Rugby,Uruguay Rugby,"Teufaiva Stadium, Tonga",The Rugby Championship,6,43,3,7,0,49,51,0,1,0,0,Mason Itoje,Uruguay Rugby,Lock,Uruguay,31,82,0,0,0,0,0,12,2,163,Home Win
1702,2019-11-06,New Zealand All Blacks,Romania Rugby,"Stade de France, Paris",World Rugby U20 Championship,3,34,12,4,2,59,41,0,0,0,0,Cian Curry,Romania Rugby,Fly-half,France,24,14,2,4,2,0,0,18,,98,Home Win
1703,2017-10-26,Wales Rugby,Argentina Pumas,"Stadium Australia, Sydney",World Rugby U20 Championship,5,33,25,5,2,52,48,1,0,0,0,Sam Faletau,Wales Rugby,Openside Flanker,Wales,21,24,0,0,0,0,0,9,2,153,Home Win
1704,2017-07-13,Scotland Rugby,Spain Rugby,"National Stadium, Tokyo",,8,18,38,0,6,59,41,0,0,0,0,Justin Doris,Scotland Rugby,Right Wing,New Zealand,20,46,0,0,0,0,0,3,0,27,Away Win
1705,2024-11-11,New Zealand All Blacks,Wales Rugby,"Principality Stadium, Cardiff",Rugby World Cup,7,27,27,2,2,56,44,0,0,0,0,Grégoire Caelan,Wales Rugby,Fly-half,Wales,29,104,1,1,0,0,0,6,2,59,Draw
1706,2018-08-01,Georgia Rugby,Japan Brave Blossoms,"Teufaiva Stadium, Tonga",World Rugby U20 Championship,2,34,50,4,5,64,36,0,0,0,0,Cheslin Jones,Japan Brave Blossoms,Blindside Flanker,South Africa,21,23,3,0,0,0,0,2,2,6,Away Win
1707,2017-03-08,Spain Rugby,South Africa Springboks,"Ellis Park, Johannesburg",World Rugby U20 Championship,2,40,58,6,7,55,45,1,0,0,0,Alun Brown,Spain Rugby,Scrum-half,Spain,34,46,1,0,0,0,0,20,8,72,Away Win
1708,2018-08-27,South Africa Springboks,New Zealand All Blacks,"Stadium Australia, Sydney",Rugby Europe Championship,4,61,14,8,2,41,59,0,0,0,0,Jamie Barrett,New Zealand All Blacks,Tighthead Prop,New Zealand,18,62,2,0,0,0,0,6,7,105,Home Win
1709,2020-03-23,New Zealand All Blacks,Italy Rugby,"Principality Stadium, Cardiff",Autumn Internationals,5,30,45,2,6,62,38,1,0,0,0,Pieter Kolbe,Italy Rugby,Outside Centre,South Africa,33,117,1,0,0,0,0,12,5,98,Away Win
1710,2020-02-01,Romania Rugby,Japan Brave Blossoms,"Aviva Stadium, Dublin",Autumn Internationals,3,43,9,5,0,45,55,0,1,0,0,Mason Doris,Romania Rugby,Number 8,France,,113,3,0,0,0,0,7,5,179,Home Win
1711,2020-01-06,Japan Brave Blossoms,Georgia Rugby,"Twickenham, London",Rugby Europe Championship,4,32,41,4,7,50,50,0,0,0,0,Hugo Smith,Georgia Rugby,Lock,Georgia,26,30,1,0,0,0,0,4,3,49,Away Win
1712,2021-12-15,Tonga Rugby,USA Eagles,"Eden Park, Auckland",Autumn Internationals,4,58,35,6,3,60,40,2,0,0,0,Noah Jones,Tonga Rugby,Fullback,,24,114,2,0,4,0,0,8,8,52,Home Win
1713,2022-12-24,Canada Rugby,Tonga Rugby,"ANZ National Stadium, Suva",Rugby World Cup,4,57,15,6,0,43,57,0,0,0,0,Hamish Itoje,Canada Rugby,Fullback,Canada,28,54,2,0,4,0,0,6,2,66,Home Win
1714,2016-06-10,New Zealand All Blacks,France XV,"Principality Stadium, Cardiff",Rugby World Cup,8,47,40,5,8,41,59,2,0,0,0,Tadhg Henshaw,New Zealand All Blacks,Hooker,New Zealand,26,8,2,0,0,0,0,11,6,98,Home Win
1715,2019-08-11,Wales Rugby,USA Eagles,"Stadium Australia, Sydney",Pacific Nations Cup,1,24,12,3,0,64,36,0,0,0,0,Tadhg Jones,USA Eagles,Hooker,South Africa,31,119,0,0,0,0,0,3,6,155,Home Win
1716,2021-02-03,Italy Rugby,Canada Rugby,"National Stadium, Tokyo",Pacific Nations Cup,8,49,44,6,7,40,60,0,0,0,0,Justin Barrett,Italy Rugby,Blindside Flanker,South Africa,27,25,2,0,0,0,0,18,5,108,Home Win
1717,2019-03-13,USA Eagles,Australia Wallabies,"Principality Stadium, Cardiff",World Rugby U20 Championship,3,19,45,1,7,37,63,0,0,0,0,Rory Smith,Australia Wallabies,Right Wing,Fiji,27,112,1,0,0,0,0,10,3,40,Away Win
1718,2017-06-05,Samoa Rugby,South Africa Springboks,"Stadio Olimpico, Rome",Pacific Nations Cup,6,20,50,4,6,52,48,0,0,0,0,Liam Henshaw,South Africa Springboks,Number 8,South Africa,25,98,1,0,0,0,0,5,7,121,Away Win
1719,2021-04-01,Uruguay Rugby,Canada Rugby,"Teufaiva Stadium, Tonga",Pacific Nations Cup,1,0,39,0,7,61,39,0,1,0,0,Rory Carbery,Canada Rugby,Loosehead Prop,New Zealand,26,45,3,0,0,0,0,14,7,24,Away Win
1720,2024-07-12,Tonga Rugby,Samoa Rugby,"Teufaiva Stadium, Tonga",Autumn Internationals,7,55,42,7,6,58,42,0,0,0,0,Noah Lowe,Samoa Rugby,Inside Centre,Samoa,28,47,1,0,0,0,0,9,2,172,Home Win
1721,2018-10-23,England Rugby,Japan Brave Blossoms,"Eden Park, Auckland",Autumn Internationals,1,40,22,5,4,59,41,0,0,0,0,Lucas Jones,Japan Brave Blossoms,Hooker,Japan,20,51,1,0,0,0,0,1,2,102,Home Win
1722,2020-05-17,Wales Rugby,Argentina Pumas,"Estadio Jose Amalfitani, Buenos Aires",World Rugby U20 Championship,4,25,45,5,7,53,47,0,0,0,0,Beauden Carbery,Argentina Pumas,Right Wing,Argentina,21,31,1,0,0,0,0,15,2,168,Away Win
1723,2017-05-01,Australia Wallabies,USA Eagles,"Eden Park, Auckland",Rugby Europe Championship,1,29,0,2,0,37,63,0,0,0,0,Cheslin de Klerk,Australia Wallabies,Lock,Fiji,29,106,1,0,0,0,0,20,3,14,Home Win
1724,2016-01-02,Wales Rugby,New Zealand All Blacks,"Apia Park, Samoa",Rugby World Cup,1,54,21,8,3,58,42,0,1,0,0,Josh Henshaw,Wales Rugby,Lock,Wales,27,43,2,0,0,0,0,19,2,159,Home Win
1725,2017-09-21,Italy Rugby,Tonga Rugby,"Eden Park, Auckland",Pacific Nations Cup,2,23,26,2,2,37,63,0,2,0,0,Hugo Smith,Tonga Rugby,Right Wing,New Zealand,26,45,1,0,0,0,0,2,0,,Away Win
1726,2019-03-04,Georgia Rugby,Canada Rugby,"Estadio Jose Amalfitani, Buenos Aires",Pacific Nations Cup,2,29,23,4,2,48,52,0,0,0,0,Romain Russell,Canada Rugby,Inside Centre,New Zealand,27,111,0,0,0,0,0,4,8,138,Home Win
1727,2022-07-06,Tonga Rugby,Australia Wallabies,"National Stadium, Tokyo",Six Nations,3,48,54,6,6,57,43,0,0,0,0,Antoine Dupont,Australia Wallabies,Tighthead Prop,Australia,28,24,0,0,0,0,0,7,5,144,Away Win
1728,2015-09-27,Tonga Rugby,Japan Brave Blossoms,"Stade de France, Paris",Pacific Nations Cup,6,50,15,8,0,65,35,1,0,0,0,Owen Hogg,Japan Brave Blossoms,Fly-half,Australia,24,25,0,1,4,1,0,12,5,23,Home Win
1729,2024-03-09,South Africa Springboks,New Zealand All Blacks,"Aviva Stadium, Dublin",Pacific Nations Cup,3,62,64,8,7,49,51,2,0,0,0,Henry Brown,South Africa Springboks,Inside Centre,South Africa,23,113,1,0,0,0,0,20,8,100,Away Win
1730,2018-04-14,Australia Wallabies,Wales Rugby,"National Stadium, Tokyo",Six Nations,2,52,0,8,0,60,40,2,0,0,0,Malcolm Henshaw,Wales Rugby,Inside Centre,Wales,27,55,1,0,0,0,0,14,5,61,Home Win
1731,2021-11-20,Argentina Pumas,Fiji Rugby,"Stadium Australia, Sydney",Autumn Internationals,8,44,3,4,0,46,54,0,0,0,0,Malcolm Henshaw,Argentina Pumas,Openside Flanker,Argentina,23,115,3,0,0,0,0,6,4,129,Home Win
1732,2022-04-14,Australia Wallabies,Georgia Rugby,"Principality Stadium, Cardiff",Rugby Europe Championship,5,46,45,8,5,56,44,1,0,0,0,Kieran Doris,Georgia Rugby,Fullback,Georgia,28,84,3,0,4,0,0,20,4,76,Home Win
1733,2015-06-24,Japan Brave Blossoms,Samoa Rugby,"Eden Park, Auckland",Pacific Nations Cup,3,55,41,8,4,61,39,0,0,0,0,Hugo Watson,Japan Brave Blossoms,Lock,Japan,20,118,3,0,0,0,0,18,5,,Home Win
1734,2020-02-12,Fiji Rugby,Romania Rugby,"Eden Park, Auckland",World Rugby U20 Championship,3,15,23,0,4,65,35,0,0,0,0,Sam de Klerk,Fiji Rugby,Outside Centre,Fiji,31,88,1,0,0,0,0,19,5,48,Away Win
1735,2020-03-15,Australia Wallabies,Italy Rugby,"Stadio Olimpico, Rome",The Rugby Championship,3,70,47,8,6,46,54,0,0,0,0,Pieter Itoje,Australia Wallabies,Lock,Fiji,28,44,0,0,0,0,0,1,1,149,Home Win
1736,2021-03-16,Georgia Rugby,South Africa Springboks,,Pacific Nations Cup,2,41,47,6,7,47,53,0,1,0,0,Romain Furlong,South Africa Springboks,Inside Centre,South Africa,,98,1,0,0,0,0,3,2,108,Away Win
1737,2024-04-03,South Africa Springboks,Georgia Rugby,"National Stadium, Tokyo",Rugby Europe Championship,7,17,9,3,0,58,42,0,0,0,0,Charles Watson,South Africa Springboks,Lock,South Africa,30,87,0,0,0,1,0,6,4,58,Home Win
1738,2017-06-20,Ireland Rugby,South Africa Springboks,"Stadio Olimpico, Rome",Six Nations,7,23,47,4,5,40,60,1,0,0,0,Grégoire Curry,South Africa Springboks,Number 8,South Africa,33,24,0,0,0,0,0,18,0,73,Away Win
1739,2015-11-21,Scotland Rugby,England Rugby,"Stadio Olimpico, Rome",Six Nations,8,37,16,7,1,39,61,0,0,0,0,Cheslin van der Merwe,Scotland Rugby,Hooker,New Zealand,31,117,3,0,0,0,0,3,6,36,Home Win
1740,2024-02-26,Scotland Rugby,Italy Rugby,"Stadium Australia, Sydney",Autumn Internationals,4,67,30,7,6,46,54,0,0,0,0,Sam Furlong,Italy Rugby,Fly-half,South Africa,,108,0,2,1,0,0,1,0,45,Home Win
1741,2015-03-20,Japan Brave Blossoms,Tonga Rugby,"Stadium Australia, Sydney",Pacific Nations Cup,7,50,50,7,6,36,64,0,0,0,0,Pieter Ntamack,Tonga Rugby,Left Wing,New Zealand,21,9,1,0,0,0,0,16,1,11,Draw
1742,2021-01-04,Scotland Rugby,Japan Brave Blossoms,"Estadio Jose Amalfitani, Buenos Aires",The Rugby Championship,3,22,15,2,0,52,48,0,1,0,0,William Doris,Scotland Rugby,Left Wing,Australia,24,50,0,0,0,0,0,7,6,2,Home Win
1743,2023-10-23,New Zealand All Blacks,Uruguay Rugby,"Aviva Stadium, Dublin",World Rugby U20 Championship,8,32,35,6,7,46,54,0,0,0,0,Hugo Brown,Uruguay Rugby,Openside Flanker,Uruguay,27,31,2,0,0,0,0,0,8,155,Away Win
1744,2019-06-09,Spain Rugby,Argentina Pumas,"Mikheil Meskhi Stadium, Tbilisi",The Rugby Championship,7,53,21,7,2,61,39,0,0,0,0,Henry Porter,Argentina Pumas,Outside Centre,Argentina,29,87,3,0,0,0,0,7,5,102,Home Win
1745,2022-02-07,Uruguay Rugby,Wales Rugby,"Estadio Jose Amalfitani, Buenos Aires",Rugby Europe Championship,8,25,15,4,0,55,45,1,1,0,0,Richie van der Merwe,Uruguay Rugby,Openside Flanker,Argentina,24,114,3,0,0,0,0,6,0,75,Home Win
1746,2023-04-04,Australia Wallabies,Fiji Rugby,"National Stadium, Tokyo",Autumn Internationals,7,19,54,3,6,43,57,0,0,1,0,Rory Curry,Fiji Rugby,Scrum-half,Fiji,27,72,1,0,0,0,0,7,7,174,Away Win
1747,2017-08-02,Ireland Rugby,France XV,"Principality Stadium, Cardiff",The Rugby Championship,4,20,16,4,1,58,42,1,0,0,0,Taulupe Johnson,Ireland Rugby,Lock,Ireland,23,62,0,0,0,0,0,17,1,114,Home Win
1748,2024-08-10,USA Eagles,Argentina Pumas,"National Stadium, Tokyo",Pacific Nations Cup,8,0,36,0,5,38,62,0,0,0,0,Josh Furlong,Argentina Pumas,Hooker,Argentina,24,71,0,0,0,1,0,0,6,19,Away Win
1749,2017-10-15,Wales Rugby,France XV,"Stadium Australia, Sydney",Rugby Europe Championship,6,56,22,7,2,44,56,0,0,0,0,Josh Porter,Wales Rugby,Inside Centre,Wales,21,76,0,0,0,0,0,,0,29,Home Win
1750,2018-12-07,France XV,Italy Rugby,"Principality Stadium, Cardiff",Rugby World Cup,4,19,43,1,7,59,41,1,0,0,0,Kieran Lowe,Italy Rugby,Blindside Flanker,Argentina,23,96,2,0,0,0,0,16,3,87,Away Win
1751,2018-10-21,Uruguay Rugby,Argentina Pumas,"Twickenham, London",Six Nations,6,31,25,5,1,54,46,0,0,0,0,Charles Johnson,Argentina Pumas,Fullback,Argentina,21,120,0,0,1,0,0,1,1,178,Home Win
1752,2020-07-07,Scotland Rugby,France XV,"Teufaiva Stadium, Tonga",Rugby World Cup,4,18,57,0,7,36,64,0,0,0,0,Conor Furlong,France XV,Loosehead Prop,France,23,72,1,0,0,0,0,20,3,84,Away Win
1753,2022-01-16,Wales Rugby,Georgia Rugby,"Apia Park, Samoa",Six Nations,2,58,18,7,3,44,56,0,0,0,0,Jamie Watson,Georgia Rugby,Fullback,Georgia,31,102,1,0,0,0,0,5,3,111,Home Win
1754,2017-11-22,Canada Rugby,Argentina Pumas,"Eden Park, Auckland",Six Nations,5,27,41,3,5,49,51,0,0,0,0,Cheslin Faletau,Argentina Pumas,Lock,Argentina,23,2,2,0,0,0,0,6,8,158,Away Win
1755,2023-03-13,Spain Rugby,South Africa Springboks,"Stadio Olimpico, Rome",Rugby World Cup,2,6,33,0,3,43,57,0,0,1,0,Owen Curry,Spain Rugby,Inside Centre,Spain,37,49,3,0,0,0,0,13,2,42,Away Win
1756,2024-04-26,Wales Rugby,New Zealand All Blacks,"Teufaiva Stadium, Tonga",The Rugby Championship,3,33,19,4,2,56,44,0,0,0,0,Cian de Klerk,New Zealand All Blacks,Lock,New Zealand,28,61,2,0,0,0,0,,6,111,Home Win
1757,2021-10-05,Canada Rugby,Australia Wallabies,"Estadio Jose Amalfitani, Buenos Aires",The Rugby Championship,6,6,59,0,7,61,39,0,1,0,0,Conor Russell,Australia Wallabies,Right Wing,Fiji,27,81,0,0,0,0,0,19,6,72,Away Win
1758,2015-01-25,USA Eagles,Wales Rugby,"National Stadium, Tokyo",Rugby Europe Championship,6,37,17,4,2,64,36,0,0,0,0,Romain Watson,Wales Rugby,Fly-half,,23,69,2,3,0,0,0,20,0,110,Home Win
1759,2016-06-13,Argentina Pumas,Uruguay Rugby,"Murrayfield, Edinburgh",Rugby Europe Championship,6,40,49,6,6,45,55,0,0,0,0,Alun Carbery,Argentina Pumas,Lock,Argentina,29,,1,0,0,0,0,11,6,147,Away Win
1760,2018-08-11,Italy Rugby,Spain Rugby,"Aviva Stadium, Dublin",Rugby World Cup,3,28,21,4,2,61,39,0,0,0,0,Oliver Taylor,Italy Rugby,Blindside Flanker,South Africa,24,8,1,0,0,0,0,15,6,44,Home Win
1761,2018-12-14,Japan Brave Blossoms,Spain Rugby,"Stadio Olimpico, Rome",Pacific Nations Cup,1,37,19,6,3,58,42,1,0,0,0,Sam Dupont,Spain Rugby,Hooker,Argentina,27,104,1,0,0,0,0,16,5,37,Home Win
1762,2015-04-24,Italy Rugby,Ireland Rugby,"Principality Stadium, Cardiff",Six Nations,5,28,37,4,4,51,49,1,0,0,0,William Carbery,Italy Rugby,Tighthead Prop,Argentina,37,26,1,0,0,0,0,2,7,12,Away Win
1763,2021-04-13,Italy Rugby,Ireland Rugby,"Murrayfield, Edinburgh",Pacific Nations Cup,6,6,72,0,8,50,50,2,1,0,0,Taulupe Porter,Italy Rugby,Blindside Flanker,South Africa,26,18,2,0,0,0,0,14,4,7,Away Win
1764,2022-06-03,Uruguay Rugby,Italy Rugby,"Aviva Stadium, Dublin",Pacific Nations Cup,8,29,21,5,3,59,41,0,0,0,0,Oliver Caelan,Uruguay Rugby,Right Wing,Uruguay,31,36,0,0,0,0,0,11,8,38,Home Win
1765,2017-04-28,Scotland Rugby,Samoa Rugby,"ANZ National Stadium, Suva",Six Nations,7,58,0,6,0,43,57,0,1,0,0,Cian Ntamack,Scotland Rugby,Fly-half,Australia,24,97,2,3,0,0,0,19,8,145,Home Win
1766,2021-07-03,Georgia Rugby,Argentina Pumas,"Aviva Stadium, Dublin",World Rugby U20 Championship,5,59,52,7,7,59,41,0,0,0,0,Antoine Carbery,Argentina Pumas,Left Wing,Argentina,26,110,3,0,0,0,0,19,0,95,Home Win
1767,2018-01-24,Australia Wallabies,Argentina Pumas,"Twickenham, London",Pacific Nations Cup,3,43,48,7,6,43,57,1,0,0,0,Tadhg Jones,Australia Wallabies,Blindside Flanker,Australia,34,9,1,0,0,0,0,12,0,78,Away Win
1768,2022-05-28,Australia Wallabies,Japan Brave Blossoms,"Aviva Stadium, Dublin",Rugby Europe Championship,3,6,19,0,3,35,65,1,0,0,0,Owen Henshaw,Australia Wallabies,Lock,Fiji,24,108,2,0,0,1,0,13,6,79,Away Win
1769,2017-06-17,Wales Rugby,New Zealand All Blacks,"Stadium Australia, Sydney",Six Nations,5,44,28,6,5,65,35,0,0,0,0,Hamish Lowe,Wales Rugby,Blindside Flanker,New Zealand,34,44,0,0,0,0,0,2,2,141,Home Win
1770,2023-04-28,Australia Wallabies,Scotland Rugby,"Ellis Park, Johannesburg",Pacific Nations Cup,4,40,57,4,8,59,41,0,0,0,0,Callum de Klerk,Scotland Rugby,Tighthead Prop,New Zealand,29,91,1,0,0,0,0,19,5,147,Away Win
1771,2022-04-10,Fiji Rugby,Ireland Rugby,"Ellis Park, Johannesburg",Rugby World Cup,5,32,11,6,1,63,37,0,0,0,1,Oliver Barrett,Ireland Rugby,Loosehead Prop,Ireland,24,104,2,0,0,0,0,17,1,171,Home Win
1772,2021-12-27,Fiji Rugby,Uruguay Rugby,,Autumn Internationals,4,42,37,4,5,58,42,2,0,0,0,Ethan Jones,Uruguay Rugby,Openside Flanker,Argentina,29,40,0,0,0,1,0,3,0,107,Home Win
1773,2017-11-09,USA Eagles,Ireland Rugby,"Twickenham, London",Rugby Europe Championship,2,50,64,6,8,64,36,0,0,0,0,Malcolm Lowe,Ireland Rugby,Fly-half,Ireland,,100,3,1,0,0,0,15,1,0,Away Win
1774,2022-01-23,Ireland Rugby,Romania Rugby,"Stade de France, Paris",Six Nations,3,12,6,0,0,54,46,0,0,0,0,Jamie Itoje,Ireland Rugby,Hooker,Ireland,29,38,2,0,0,0,0,1,,173,Home Win
1775,2019-09-01,Tonga Rugby,South Africa Springboks,"Twickenham, London",Rugby Europe Championship,3,44,6,4,0,63,37,0,0,0,0,Finn Smith,South Africa Springboks,Lock,South Africa,20,112,0,0,0,0,0,18,,84,Home Win
1776,2023-09-16,Ireland Rugby,Argentina Pumas,"Estadio Jose Amalfitani, Buenos Aires",Pacific Nations Cup,8,48,47,6,5,61,39,0,0,0,0,Finn Smith,Ireland Rugby,Fullback,,24,12,0,0,1,0,0,8,7,150,Home Win
1777,2023-10-26,France XV,Japan Brave Blossoms,,The Rugby Championship,4,48,24,8,2,57,43,1,0,0,0,Richie Watson,Japan Brave Blossoms,Tighthead Prop,New Zealand,26,72,1,0,0,0,0,13,7,55,Home Win
1778,2021-11-17,USA Eagles,Canada Rugby,"Apia Park, Samoa",Rugby Europe Championship,7,38,52,5,6,63,37,0,1,0,0,Josh Johnson,USA Eagles,Inside Centre,USA,26,69,0,0,0,0,0,6,2,62,Away Win
1779,2022-09-01,Uruguay Rugby,Italy Rugby,"National Stadium, Tokyo",Autumn Internationals,5,33,69,5,8,43,57,0,1,0,0,Callum Williams,Uruguay Rugby,Number 8,Argentina,29,42,2,0,0,0,0,19,2,128,Away Win
1780,2017-07-15,USA Eagles,Tonga Rugby,"Stadium Australia, Sydney",Rugby Europe Championship,2,13,46,1,7,43,57,0,0,0,0,Henry Lowe,Tonga Rugby,Openside Flanker,New Zealand,27,57,3,0,0,0,0,1,3,89,Away Win
1781,2017-03-09,Romania Rugby,Uruguay Rugby,"Twickenham, London",Six Nations,5,57,26,8,3,48,52,0,0,0,0,Taulupe Jones,Romania Rugby,Lock,Romania,21,2,1,0,0,0,0,0,1,85,Home Win
1782,2019-05-14,Samoa Rugby,Fiji Rugby,"Mikheil Meskhi Stadium, Tbilisi",Rugby World Cup,6,33,19,3,2,50,50,1,1,0,0,Mason Jones,Samoa Rugby,Left Wing,New Zealand,28,43,1,0,0,0,0,9,1,27,Home Win
1783,2015-03-03,USA Eagles,Samoa Rugby,"Mikheil Meskhi Stadium, Tbilisi",The Rugby Championship,6,32,49,3,8,49,51,0,0,0,0,Charles de Klerk,Samoa Rugby,Lock,Samoa,,78,2,0,0,0,0,8,,101,Away Win
1784,2024-09-03,Romania Rugby,France XV,"Murrayfield, Edinburgh",Autumn Internationals,6,33,7,5,1,60,40,0,1,0,0,Jamie Hogg,France XV,Tighthead Prop,Senegal,29,67,1,0,0,0,0,18,7,69,Home Win
1785,2018-11-27,Spain Rugby,Argentina Pumas,"Aviva Stadium, Dublin",Six Nations,7,60,55,8,7,48,52,1,0,0,0,Alun Curry,Argentina Pumas,Inside Centre,Argentina,31,31,2,0,0,0,0,,7,119,Home Win
1786,2018-11-03,Japan Brave Blossoms,Argentina Pumas,"Stadio Olimpico, Rome",World Rugby U20 Championship,5,50,45,8,7,49,51,2,0,0,0,Richie Brown,Argentina Pumas,Openside Flanker,Argentina,30,69,2,0,0,0,0,6,5,38,Home Win
1787,2024-05-27,Samoa Rugby,USA Eagles,"Murrayfield, Edinburgh",The Rugby Championship,2,48,44,6,6,59,41,1,0,0,0,Rory Furlong,Samoa Rugby,Inside Centre,Samoa,28,84,2,0,0,0,0,14,1,64,Home Win
1788,2016-09-12,Scotland Rugby,Fiji Rugby,"Apia Park, Samoa",The Rugby Championship,6,6,60,0,8,57,43,1,0,0,0,Noah Williams,Fiji Rugby,Number 8,Fiji,26,45,0,0,0,0,0,3,7,,Away Win
1789,2020-11-04,USA Eagles,Fiji Rugby,"Principality Stadium, Cardiff",World Rugby U20 Championship,3,17,53,1,5,60,40,1,0,0,0,Alun Kolbe,USA Eagles,Blindside Flanker,New Zealand,20,113,2,0,0,0,0,1,7,14,Away Win
1790,2016-05-07,Wales Rugby,New Zealand All Blacks,"Eden Park, Auckland",Pacific Nations Cup,8,32,26,4,2,42,58,0,1,0,0,William Porter,New Zealand All Blacks,Lock,New Zealand,28,67,0,0,0,0,0,0,0,116,Home Win
1791,2020-03-22,USA Eagles,Australia Wallabies,"Principality Stadium, Cardiff",Six Nations,8,31,19,4,1,38,62,0,0,0,0,Tadhg Henshaw,USA Eagles,Left Wing,USA,27,22,2,0,0,0,0,2,1,149,Home Win
1792,2019-11-21,Fiji Rugby,Uruguay Rugby,"Aviva Stadium, Dublin",Autumn Internationals,6,37,20,3,2,43,57,0,0,0,0,Rory Curry,Uruguay Rugby,Fullback,Uruguay,28,58,1,0,4,1,0,4,0,52,Home Win
1793,2019-08-03,France XV,Romania Rugby,"Aviva Stadium, Dublin",Autumn Internationals,3,25,12,2,0,42,58,0,0,1,0,Grégoire Johnson,France XV,Scrum-half,France,21,27,3,0,0,0,0,15,,74,Home Win
1794,2021-03-24,Scotland Rugby,Uruguay Rugby,"National Stadium, Tokyo",The Rugby Championship,1,67,40,7,6,55,45,0,2,0,0,Richie Brown,Uruguay Rugby,Scrum-half,Uruguay,22,50,1,0,0,0,0,5,6,76,Home Win
1795,2021-05-26,Scotland Rugby,New Zealand All Blacks,"Teufaiva Stadium, Tonga",Pacific Nations Cup,1,44,6,7,0,61,39,0,0,1,0,Hamish Williams,Scotland Rugby,Inside Centre,Scotland,31,111,2,0,0,0,0,,8,36,Home Win
1796,2020-03-13,Tonga Rugby,Ireland Rugby,"Teufaiva Stadium, Tonga",Rugby World Cup,3,24,20,2,1,51,49,0,1,0,0,Faf Hogg,Tonga Rugby,Lock,Tonga,26,97,2,0,0,0,0,20,1,1,Home Win
1797,2016-01-06,Wales Rugby,Tonga Rugby,"Apia Park, Samoa",Rugby World Cup,5,3,5,0,1,53,47,0,0,0,0,Cheslin van der Merwe,Wales Rugby,Outside Centre,Wales,,111,3,0,0,0,0,2,7,179,Away Win
1798,2020-02-13,Tonga Rugby,New Zealand All Blacks,"Aviva Stadium, Dublin",Pacific Nations Cup,4,55,36,8,5,52,48,0,1,0,0,Romain Jones,New Zealand All Blacks,Loosehead Prop,New Zealand,27,50,2,0,0,0,0,20,7,173,Home Win
1799,2022-06-25,Romania Rugby,Italy Rugby,"Murrayfield, Edinburgh",The Rugby Championship,6,19,18,1,0,36,64,0,0,1,0,Justin Williams,Romania Rugby,Blindside Flanker,Romania,27,50,0,0,0,0,0,5,7,13,Home Win
1800,2016-01-16,France XV,Ireland Rugby,,Autumn Internationals,7,39,58,4,7,46,54,0,0,0,0,Malcolm Carbery,France XV,Fly-half,France,,27,2,4,2,0,1,0,3,148,Away Win
1801,2021-02-07,Romania Rugby,Australia Wallabies,"Estadio Jose Amalfitani, Buenos Aires",Six Nations,7,49,58,8,7,49,51,0,0,0,0,Malcolm Kolbe,Australia Wallabies,Number 8,Australia,24,60,1,0,0,0,0,14,1,171,Away Win
1802,2023-11-06,South Africa Springboks,Georgia Rugby,"Aviva Stadium, Dublin",Six Nations,3,35,18,3,3,41,59,0,1,0,0,Malcolm Caelan,Georgia Rugby,Lock,Georgia,27,91,1,0,0,0,0,19,5,167,Home Win
1803,2015-01-26,Scotland Rugby,USA Eagles,"Principality Stadium, Cardiff",Rugby Europe Championship,5,34,62,4,8,50,50,1,0,0,1,Kieran Itoje,Scotland Rugby,Blindside Flanker,New Zealand,25,40,1,0,0,0,0,7,7,,Away Win
1804,2023-07-01,USA Eagles,Georgia Rugby,"ANZ National Stadium, Suva",Six Nations,1,20,10,3,2,64,36,0,1,0,1,Charles Barrett,Georgia Rugby,Fly-half,Georgia,25,100,1,4,3,0,0,5,8,127,Home Win
1805,2024-07-10,France XV,USA Eagles,"Aviva Stadium, Dublin",Rugby World Cup,7,12,29,0,3,51,49,0,0,0,0,Alun Ntamack,France XV,Blindside Flanker,Ivory Coast,25,88,0,0,0,0,0,5,0,21,Away Win
1806,2019-07-14,England Rugby,South Africa Springboks,"Twickenham, London",Rugby Europe Championship,8,28,9,5,0,56,44,0,0,0,0,Antoine Jones,England Rugby,Number 8,New Zealand,27,69,2,0,0,0,0,6,3,3,Home Win
1807,2015-02-28,New Zealand All Blacks,Georgia Rugby,"Aviva Stadium, Dublin",The Rugby Championship,8,19,21,2,3,43,57,0,0,0,0,Lucas Itoje,Georgia Rugby,Loosehead Prop,Georgia,25,93,0,0,0,0,0,15,,7,Away Win
1808,2017-10-15,Scotland Rugby,Argentina Pumas,"Stadio Olimpico, Rome",Rugby World Cup,5,31,39,3,7,45,55,0,1,0,0,Romain Barrett,Scotland Rugby,Outside Centre,Scotland,32,78,3,0,0,0,0,0,7,85,Away Win
1809,2024-07-06,Georgia Rugby,Scotland Rugby,"Principality Stadium, Cardiff",Six Nations,6,8,48,1,8,55,45,0,2,0,0,Romain Porter,Scotland Rugby,Outside Centre,Scotland,23,60,3,0,0,0,0,9,3,162,Away Win
1810,2022-02-11,Tonga Rugby,Samoa Rugby,"Mikheil Meskhi Stadium, Tbilisi",Autumn Internationals,5,27,56,3,8,36,64,1,0,0,0,Beauden Russell,Samoa Rugby,Fly-half,Samoa,26,111,3,0,0,0,0,0,1,107,Away Win
1811,2020-05-20,Ireland Rugby,Australia Wallabies,"Twickenham, London",Rugby World Cup,4,45,21,6,3,64,36,1,2,0,0,Cian Brown,Ireland Rugby,Inside Centre,,25,15,3,0,0,0,0,9,1,,Home Win
1812,2018-06-20,Spain Rugby,Scotland Rugby,"Estadio Jose Amalfitani, Buenos Aires",World Rugby U20 Championship,5,51,34,7,4,55,45,0,1,0,0,Charles Porter,Scotland Rugby,Number 8,Australia,,101,3,0,0,0,0,11,3,152,Home Win
1813,2018-03-20,New Zealand All Blacks,England Rugby,"National Stadium, Tokyo",Rugby World Cup,1,9,51,0,6,37,63,1,0,0,0,Siya Dupont,England Rugby,Lock,England,27,85,0,0,0,0,0,20,3,31,Away Win
1814,2018-10-07,Argentina Pumas,Spain Rugby,"Aviva Stadium, Dublin",Six Nations,7,15,40,0,4,56,44,0,0,1,0,Cheslin Watson,Spain Rugby,Lock,Spain,31,32,0,0,0,0,0,15,3,70,Away Win
1815,2022-05-01,Ireland Rugby,Fiji Rugby,"ANZ National Stadium, Suva",Pacific Nations Cup,6,20,38,3,7,46,54,0,1,0,0,Lucas Smith,Ireland Rugby,Number 8,New Zealand,21,91,0,0,0,0,0,17,7,13,Away Win
1816,2021-05-03,Japan Brave Blossoms,Samoa Rugby,"Ellis Park, Johannesburg",Pacific Nations Cup,3,31,30,5,5,51,49,1,0,0,0,Pieter Smith,Japan Brave Blossoms,Blindside Flanker,New Zealand,28,92,1,0,0,0,0,8,1,157,Home Win
1817,2018-03-17,Tonga Rugby,Georgia Rugby,"ANZ National Stadium, Suva",World Rugby U20 Championship,3,40,48,4,6,48,52,0,0,0,0,Cian Dupont,Georgia Rugby,Tighthead Prop,Georgia,30,2,0,0,0,0,0,10,0,74,Away Win
1818,2018-11-07,England Rugby,Fiji Rugby,"Apia Park, Samoa",Autumn Internationals,1,40,0,8,0,64,36,0,1,0,0,Ethan Russell,England Rugby,Right Wing,New Zealand,27,66,0,0,0,0,0,8,6,168,Home Win
1819,2021-10-02,USA Eagles,Samoa Rugby,"Stadium Australia, Sydney",World Rugby U20 Championship,1,48,51,6,5,40,60,0,0,0,0,Alun Johnson,USA Eagles,Right Wing,South Africa,31,1,0,0,0,0,0,9,7,39,Away Win
1820,2015-07-20,Canada Rugby,Scotland Rugby,"Murrayfield, Edinburgh",Pacific Nations Cup,6,19,36,1,4,41,59,0,1,0,0,Malcolm Watson,Canada Rugby,Scrum-half,New Zealand,24,93,3,0,0,0,0,17,5,125,Away Win
1821,2016-09-02,Japan Brave Blossoms,Scotland Rugby,"Mikheil Meskhi Stadium, Tbilisi",World Rugby U20 Championship,8,15,17,3,2,46,54,0,2,0,0,Owen Porter,Japan Brave Blossoms,Number 8,New Zealand,32,62,1,0,0,0,0,12,7,176,Away Win
1822,2019-11-02,France XV,Australia Wallabies,"Twickenham, London",The Rugby Championship,5,25,41,5,5,44,56,0,0,1,0,Alun Curry,France XV,Left Wing,Ivory Coast,36,,1,0,0,0,0,9,6,24,Away Win
1823,2019-04-11,Romania Rugby,England Rugby,"Twickenham, London",Pacific Nations Cup,5,21,9,3,0,53,47,0,0,0,0,Taulupe Lowe,England Rugby,Number 8,England,25,89,1,0,0,0,0,12,2,,Home Win
1824,2020-07-24,Japan Brave Blossoms,South Africa Springboks,"Murrayfield, Edinburgh",Autumn Internationals,2,16,47,2,5,53,47,0,1,0,0,Cheslin Williams,Japan Brave Blossoms,Openside Flanker,Japan,25,52,3,0,0,0,0,3,2,55,Away Win
1825,2016-06-05,Wales Rugby,Georgia Rugby,"Murrayfield, Edinburgh",Autumn Internationals,6,51,24,8,4,39,61,0,2,0,0,William Kolbe,Georgia Rugby,Right Wing,Georgia,32,60,1,0,0,0,0,1,,18,Home Win
1826,2024-04-22,Argentina Pumas,France XV,"National Stadium, Tokyo",Autumn Internationals,1,39,25,6,1,60,40,0,0,0,0,Siya Curry,Argentina Pumas,Left Wing,Argentina,33,87,1,0,0,0,0,13,,141,Home Win
1827,2023-11-04,France XV,Ireland Rugby,"Aviva Stadium, Dublin",Rugby World Cup,6,20,19,1,3,49,51,1,0,0,0,Liam Caelan,Ireland Rugby,Inside Centre,New Zealand,24,36,0,0,0,0,0,14,1,75,Home Win
1828,2020-08-05,Tonga Rugby,Argentina Pumas,"Teufaiva Stadium, Tonga",,8,51,43,5,7,49,51,0,0,0,1,Tadhg Lowe,Argentina Pumas,Left Wing,Argentina,25,75,3,0,0,0,0,7,1,58,Home Win
1829,2018-03-14,Tonga Rugby,New Zealand All Blacks,"Teufaiva Stadium, Tonga",Rugby Europe Championship,8,31,24,5,3,64,36,1,0,0,0,Cheslin Ntamack,Tonga Rugby,Openside Flanker,New Zealand,,101,0,0,0,0,0,1,6,73,Home Win
1830,2024-05-17,Romania Rugby,USA Eagles,"Aviva Stadium, Dublin",Pacific Nations Cup,2,59,0,7,0,35,65,2,1,0,0,Alun Doris,Romania Rugby,Right Wing,France,21,29,3,0,0,0,0,19,3,51,Home Win
1831,2015-05-20,Italy Rugby,South Africa Springboks,"Eden Park, Auckland",Six Nations,2,42,26,4,4,45,55,1,0,0,0,Cheslin Itoje,South Africa Springboks,Tighthead Prop,South Africa,23,,0,0,0,0,0,6,3,92,Home Win
1832,2018-12-13,Tonga Rugby,Samoa Rugby,"Apia Park, Samoa",Rugby World Cup,8,40,33,7,3,62,38,0,0,0,0,Callum van der Merwe,Samoa Rugby,Inside Centre,Samoa,22,104,2,0,0,0,0,10,3,159,Home Win
1833,2024-04-26,Scotland Rugby,Japan Brave Blossoms,"Ellis Park, Johannesburg",Rugby Europe Championship,8,30,53,6,7,46,54,0,0,0,0,Henry Porter,Japan Brave Blossoms,Hooker,New Zealand,23,50,1,0,0,0,0,18,8,156,Away Win
1834,2019-11-21,New Zealand All Blacks,Ireland Rugby,"ANZ National Stadium, Suva",The Rugby Championship,6,47,15,7,0,39,61,0,1,0,0,Finn Taylor,Ireland Rugby,Blindside Flanker,New Zealand,26,42,1,0,0,0,0,1,,6,Home Win
1835,2020-07-03,South Africa Springboks,France XV,"Principality Stadium, Cardiff",Rugby World Cup,8,37,63,3,8,54,46,0,0,0,0,Hamish Watson,South Africa Springboks,Tighthead Prop,South Africa,27,84,1,0,0,0,0,12,0,174,Away Win
1836,2019-09-04,South Africa Springboks,Japan Brave Blossoms,"Murrayfield, Edinburgh",World Rugby U20 Championship,8,34,43,3,6,37,63,0,0,0,1,Noah Faletau,South Africa Springboks,Lock,South Africa,33,97,0,0,0,0,1,9,1,123,Away Win
1837,2021-09-07,Italy Rugby,Scotland Rugby,"Stadium Australia, Sydney",World Rugby U20 Championship,2,36,61,6,7,42,58,0,1,0,0,Finn Dupont,Italy Rugby,Tighthead Prop,Argentina,23,101,1,0,0,0,0,12,7,26,Away Win
1838,2017-10-14,Australia Wallabies,Samoa Rugby,"Teufaiva Stadium, Tonga",The Rugby Championship,5,42,61,4,8,55,45,0,0,0,0,Richie van der Merwe,Australia Wallabies,Lock,Australia,30,29,0,0,0,0,0,16,0,82,Away Win
1839,2022-09-16,Tonga Rugby,Australia Wallabies,"Mikheil Meskhi Stadium, Tbilisi",Pacific Nations Cup,1,29,28,2,5,35,65,0,0,0,0,Charles Johnson,Tonga Rugby,Fullback,Tonga,26,93,3,0,3,0,0,,5,130,Home Win
1840,2024-04-20,Scotland Rugby,Uruguay Rugby,"Stadio Olimpico, Rome",,8,40,51,5,5,39,61,0,0,0,0,Antoine Watson,Uruguay Rugby,Loosehead Prop,Uruguay,26,28,3,0,0,0,0,20,7,110,Away Win
1841,2021-04-02,South Africa Springboks,Tonga Rugby,"Apia Park, Samoa",Pacific Nations Cup,3,17,40,2,4,49,51,0,1,0,0,Josh Watson,South Africa Springboks,Lock,South Africa,29,11,1,0,0,0,0,,5,74,Away Win
1842,2019-11-03,Canada Rugby,Uruguay Rugby,"Principality Stadium, Cardiff",World Rugby U20 Championship,3,50,46,7,6,37,63,0,0,0,0,Faf Williams,Canada Rugby,Loosehead Prop,Canada,22,66,0,0,0,0,0,8,,32,Home Win
1843,2023-04-01,South Africa Springboks,Australia Wallabies,"Apia Park, Samoa",Six Nations,5,16,44,2,4,41,59,0,2,0,0,Charles Porter,South Africa Springboks,Openside Flanker,South Africa,28,29,0,0,0,0,0,,6,,Away Win
1844,2016-07-13,New Zealand All Blacks,Italy Rugby,"Aviva Stadium, Dublin",Pacific Nations Cup,8,18,15,0,0,45,55,0,0,0,0,Ethan Caelan,Italy Rugby,Openside Flanker,South Africa,27,107,1,0,0,0,0,,1,30,Home Win
1845,2020-03-23,Wales Rugby,France XV,"Stadium Australia, Sydney",The Rugby Championship,3,35,26,3,2,64,36,0,0,0,1,Richie Kolbe,France XV,Blindside Flanker,Ivory Coast,28,118,2,0,0,0,0,9,7,103,Home Win
1846,2020-09-22,Australia Wallabies,Samoa Rugby,"Principality Stadium, Cardiff",Rugby Europe Championship,3,39,50,7,7,37,63,2,0,0,1,Pieter van der Merwe,Australia Wallabies,Fullback,New Zealand,28,69,0,0,4,0,0,13,1,79,Away Win
1847,2015-06-24,Samoa Rugby,Australia Wallabies,"Teufaiva Stadium, Tonga",The Rugby Championship,7,61,43,7,5,62,38,0,0,0,1,Richie Doris,Samoa Rugby,Blindside Flanker,Samoa,36,60,3,0,0,1,0,,5,174,Home Win
1848,2020-11-06,South Africa Springboks,Ireland Rugby,"Twickenham, London",Rugby World Cup,4,21,42,3,6,41,59,0,0,0,0,Alun de Klerk,South Africa Springboks,Openside Flanker,South Africa,24,116,0,0,0,0,0,18,7,147,Away Win
1849,2023-11-16,Scotland Rugby,Wales Rugby,"Apia Park, Samoa",Pacific Nations Cup,6,30,68,2,8,51,49,0,0,0,0,Hugo Curry,Scotland Rugby,Inside Centre,Australia,24,32,0,0,0,0,0,0,0,120,Away Win
1850,2022-11-21,Argentina Pumas,Samoa Rugby,"ANZ National Stadium, Suva",The Rugby Championship,5,29,19,4,1,63,37,1,0,0,0,Sean Ntamack,Samoa Rugby,Outside Centre,New Zealand,24,58,2,0,0,1,0,12,0,66,Home Win
1851,2022-10-23,Romania Rugby,South Africa Springboks,"Teufaiva Stadium, Tonga",Pacific Nations Cup,7,41,72,5,8,42,58,1,0,0,1,Owen Watson,Romania Rugby,Lock,France,24,106,1,0,0,1,0,15,3,14,Away Win
1852,2015-11-21,Wales Rugby,Samoa Rugby,"Eden Park, Auckland",Autumn Internationals,4,35,25,6,2,57,43,0,0,0,0,Hamish Dupont,Samoa Rugby,Left Wing,Samoa,24,99,0,0,0,0,0,4,6,80,Home Win
1853,2018-03-05,Spain Rugby,South Africa Springboks,"Stade de France, Paris",The Rugby Championship,8,61,19,7,1,45,55,1,0,0,0,Oliver Taylor,South Africa Springboks,Loosehead Prop,South Africa,31,6,3,0,0,0,0,6,6,79,Home Win
1854,2024-02-21,Romania Rugby,Scotland Rugby,"Twickenham, London",Autumn Internationals,1,45,40,6,5,38,62,1,0,0,1,Faf Curry,Romania Rugby,Lock,Romania,32,37,3,0,0,0,0,0,4,94,Home Win
1855,2022-09-20,Uruguay Rugby,USA Eagles,"Teufaiva Stadium, Tonga",World Rugby U20 Championship,5,26,39,3,3,41,59,0,0,0,0,Josh Johnson,Uruguay Rugby,Inside Centre,Uruguay,,95,1,0,0,0,0,4,6,144,Away Win
1856,2021-11-15,Georgia Rugby,South Africa Springboks,"Eden Park, Auckland",World Rugby U20 Championship,2,27,8,5,1,53,47,1,0,0,0,Henry Curry,South Africa Springboks,Tighthead Prop,South Africa,23,94,0,0,0,0,0,7,3,150,Home Win
1857,2018-01-16,New Zealand All Blacks,Samoa Rugby,"Ellis Park, Johannesburg",Six Nations,3,54,3,6,0,63,37,0,0,0,0,James Dupont,New Zealand All Blacks,Lock,New Zealand,28,80,2,0,0,0,0,14,2,140,Home Win
1858,2021-10-18,England Rugby,Wales Rugby,,,5,46,44,6,6,39,61,0,0,0,0,Romain de Klerk,Wales Rugby,Number 8,Wales,24,20,2,0,0,0,1,5,5,118,Home Win
1859,2021-06-16,Spain Rugby,Argentina Pumas,"Murrayfield, Edinburgh",Autumn Internationals,1,35,19,6,1,44,56,0,0,0,0,William Porter,Spain Rugby,Left Wing,Argentina,29,97,3,0,0,0,0,0,5,50,Home Win
1860,2021-07-10,Wales Rugby,England Rugby,,Rugby Europe Championship,6,19,17,1,2,63,37,0,0,0,0,Faf Carbery,England Rugby,Left Wing,England,27,35,0,0,0,0,0,,1,157,Home Win
1861,2016-06-06,Tonga Rugby,USA Eagles,"Eden Park, Auckland",Autumn Internationals,8,7,6,1,0,42,58,0,2,0,0,Ethan Henshaw,USA Eagles,Fullback,New Zealand,20,38,3,0,0,0,0,,1,8,Home Win
1862,2020-01-05,Australia Wallabies,New Zealand All Blacks,"Stadium Australia, Sydney",World Rugby U20 Championship,5,56,26,7,2,40,60,0,0,0,0,Jamie van der Merwe,New Zealand All Blacks,Fly-half,New Zealand,33,61,2,5,3,0,0,10,3,153,Home Win
1863,2017-01-10,Spain Rugby,Argentina Pumas,"Ellis Park, Johannesburg",Autumn Internationals,5,11,31,1,5,65,35,1,0,0,0,Hugo Doris,Spain Rugby,Fly-half,Spain,34,99,1,3,3,0,0,18,7,,Away Win
1864,2024-11-02,Georgia Rugby,Japan Brave Blossoms,"Teufaiva Stadium, Tonga",The Rugby Championship,5,44,48,6,8,53,47,0,0,0,0,Kieran Ntamack,Japan Brave Blossoms,Inside Centre,South Africa,24,6,2,0,0,0,0,0,8,111,Away Win
1865,2023-06-26,England Rugby,South Africa Springboks,"Apia Park, Samoa",Rugby Europe Championship,2,64,38,8,4,52,48,0,0,0,0,Pieter Caelan,England Rugby,Openside Flanker,England,25,16,1,0,0,0,0,6,,177,Home Win
1866,2017-01-11,Spain Rugby,Uruguay Rugby,"Stadio Olimpico, Rome",The Rugby Championship,5,74,24,8,2,62,38,0,0,1,0,Tadhg Lowe,Uruguay Rugby,Inside Centre,Argentina,28,70,2,0,0,0,0,9,2,149,Home Win
1867,2021-02-15,England Rugby,Japan Brave Blossoms,"Twickenham, London",Autumn Internationals,6,66,3,8,0,54,46,1,0,0,0,Finn Hogg,Japan Brave Blossoms,Scrum-half,South Africa,28,60,3,0,0,0,0,16,,115,Home Win
1868,2015-12-11,Wales Rugby,Georgia Rugby,"National Stadium, Tokyo",Autumn Internationals,3,49,38,7,5,43,57,0,0,0,0,Beauden Russell,Georgia Rugby,Fly-half,Georgia,29,32,3,5,2,0,0,2,5,104,Home Win
1869,2020-10-09,New Zealand All Blacks,Georgia Rugby,"Estadio Jose Amalfitani, Buenos Aires",Rugby World Cup,6,24,20,3,1,39,61,0,1,0,0,Alun Williams,Georgia Rugby,Scrum-half,Georgia,35,53,1,0,0,0,0,11,6,48,Home Win
1870,2023-01-13,Canada Rugby,Uruguay Rugby,"Principality Stadium, Cardiff",Rugby World Cup,6,34,45,4,5,47,53,0,0,0,0,Kieran Henshaw,Canada Rugby,Right Wing,Canada,26,71,1,0,0,0,0,,8,180,Away Win
1871,2019-03-18,Spain Rugby,USA Eagles,"Estadio Jose Amalfitani, Buenos Aires",Six Nations,5,45,3,7,0,37,63,0,1,0,0,Kieran Barrett,USA Eagles,Inside Centre,USA,23,21,0,0,0,0,0,12,8,111,Home Win
1872,2022-03-17,Fiji Rugby,Australia Wallabies,"Murrayfield, Edinburgh",World Rugby U20 Championship,7,12,24,0,3,49,51,0,1,0,0,Finn Carbery,Fiji Rugby,Scrum-half,Fiji,21,30,1,0,0,0,0,20,5,122,Away Win
1873,2019-06-07,South Africa Springboks,England Rugby,"Stadium Australia, Sydney",Pacific Nations Cup,6,53,26,7,3,42,58,0,0,0,0,Richie Porter,England Rugby,Tighthead Prop,England,24,101,2,0,0,0,0,4,5,87,Home Win
1874,2019-02-04,Georgia Rugby,South Africa Springboks,"Principality Stadium, Cardiff",Autumn Internationals,2,53,48,5,6,47,53,1,0,0,0,Sam Smith,South Africa Springboks,Lock,South Africa,26,36,2,0,0,0,0,7,3,47,Home Win
1875,2015-11-28,Georgia Rugby,New Zealand All Blacks,"Principality Stadium, Cardiff",Six Nations,4,43,51,4,5,43,57,2,0,0,0,James Williams,New Zealand All Blacks,Tighthead Prop,New Zealand,34,92,0,0,0,0,0,18,8,7,Away Win
1876,2024-01-11,Italy Rugby,Romania Rugby,"Mikheil Meskhi Stadium, Tbilisi",Pacific Nations Cup,2,6,60,0,8,41,59,0,0,0,0,Mason Henshaw,Romania Rugby,Left Wing,Romania,24,58,3,0,0,0,0,2,5,97,Away Win
1877,2020-10-19,Fiji Rugby,Spain Rugby,"Stadium Australia, Sydney",The Rugby Championship,1,50,42,5,5,47,53,0,0,0,0,William Hogg,Spain Rugby,Lock,Argentina,27,80,2,0,0,1,0,4,5,36,Home Win
1878,2016-02-20,Tonga Rugby,Fiji Rugby,"ANZ National Stadium, Suva",World Rugby U20 Championship,3,13,41,1,4,44,56,0,0,0,0,Malcolm Doris,Tonga Rugby,Fly-half,New Zealand,26,113,2,3,1,0,0,17,2,76,Away Win
1879,2015-12-23,Japan Brave Blossoms,Fiji Rugby,"Twickenham, London",Pacific Nations Cup,4,46,21,6,3,37,63,0,0,0,0,Pieter Russell,Fiji Rugby,Fly-half,,31,41,0,5,0,0,0,19,4,22,Home Win
1880,2019-12-24,France XV,Scotland Rugby,"Stade de France, Paris",The Rugby Championship,6,53,23,7,1,56,44,0,0,0,0,Finn Russell,Scotland Rugby,Lock,Scotland,37,38,1,0,0,0,0,0,2,158,Home Win
1881,2024-09-20,South Africa Springboks,Wales Rugby,"Eden Park, Auckland",Pacific Nations Cup,2,40,45,6,6,41,59,0,0,0,0,William Carbery,South Africa Springboks,Lock,South Africa,24,25,2,0,0,0,0,6,1,113,Away Win
1882,2016-01-28,England Rugby,USA Eagles,"ANZ National Stadium, Suva",Six Nations,2,7,54,1,8,61,39,1,0,0,0,Conor van der Merwe,England Rugby,Lock,England,25,76,2,0,0,0,0,2,4,132,Away Win
1883,2018-02-27,Georgia Rugby,Ireland Rugby,"Principality Stadium, Cardiff",Rugby Europe Championship,4,8,57,1,6,50,50,2,0,0,0,Grégoire Smith,Georgia Rugby,Lock,Georgia,,98,3,0,0,0,0,13,6,118,Away Win
1884,2018-04-23,Scotland Rugby,Ireland Rugby,"Murrayfield, Edinburgh",Rugby World Cup,1,63,5,7,1,53,47,0,1,0,0,Cian Johnson,Ireland Rugby,Lock,Ireland,29,39,1,0,0,0,0,12,5,136,Home Win
1885,2024-12-01,Georgia Rugby,Fiji Rugby,"Stadio Olimpico, Rome",Pacific Nations Cup,8,26,30,2,2,57,43,0,0,0,0,Henry Barrett,Fiji Rugby,Fly-half,Fiji,34,99,0,4,3,0,0,9,8,42,Away Win
1886,2018-09-01,Wales Rugby,Ireland Rugby,"Eden Park, Auckland",The Rugby Championship,4,48,30,6,4,48,52,0,1,0,0,Antoine Kolbe,Ireland Rugby,Number 8,Ireland,29,99,0,0,0,0,0,3,7,85,Home Win
1887,2019-02-12,France XV,Japan Brave Blossoms,"Murrayfield, Edinburgh",Six Nations,2,26,24,4,3,52,48,0,0,0,0,William Williams,France XV,Scrum-half,Senegal,25,78,1,0,0,0,0,10,5,86,Home Win
1888,2022-08-03,Argentina Pumas,Scotland Rugby,"Aviva Stadium, Dublin",Rugby Europe Championship,1,25,30,3,4,62,38,0,0,0,0,Benjamin Williams,Argentina Pumas,Fly-half,Argentina,29,53,1,1,3,0,0,16,6,150,Away Win
1889,2023-04-18,Wales Rugby,Italy Rugby,"Stadium Australia, Sydney",,1,31,41,5,7,59,41,0,0,0,0,Justin Brown,Italy Rugby,Hooker,Italy,31,25,3,0,0,0,0,0,3,70,Away Win
1890,2022-10-11,Italy Rugby,Australia Wallabies,"Apia Park, Samoa",World Rugby U20 Championship,6,11,34,1,4,44,56,0,0,0,0,Owen Porter,Italy Rugby,Inside Centre,Argentina,30,46,3,0,0,0,0,16,0,3,Away Win
1891,2022-10-22,Argentina Pumas,Fiji Rugby,"Teufaiva Stadium, Tonga",The Rugby Championship,6,30,24,2,3,57,43,0,0,0,0,Oliver Jones,Fiji Rugby,Hooker,Fiji,29,57,0,0,0,0,0,3,2,174,Home Win
1892,2023-05-03,Romania Rugby,Japan Brave Blossoms,"Apia Park, Samoa",Rugby Europe Championship,5,30,22,2,3,60,40,2,1,0,0,Justin van der Merwe,Japan Brave Blossoms,Number 8,New Zealand,31,92,2,0,0,0,0,18,8,31,Home Win
1893,2023-09-05,England Rugby,Samoa Rugby,"Mikheil Meskhi Stadium, Tbilisi",World Rugby U20 Championship,2,40,58,8,7,64,36,0,0,0,1,Richie Curry,England Rugby,Lock,England,31,33,3,0,0,0,0,3,8,61,Away Win
1894,2020-12-06,USA Eagles,Romania Rugby,"Stade de France, Paris",Autumn Internationals,8,26,54,4,8,50,50,0,1,0,0,Lucas Johnson,USA Eagles,Hooker,,32,97,0,0,0,0,0,5,6,123,Away Win
1895,2018-10-21,Wales Rugby,Romania Rugby,"Stadium Australia, Sydney",Autumn Internationals,2,39,28,6,4,59,41,0,1,0,1,Finn Smith,Romania Rugby,Number 8,Romania,29,6,1,0,0,0,0,16,8,106,Home Win
1896,2023-04-09,South Africa Springboks,Spain Rugby,"Estadio Jose Amalfitani, Buenos Aires",The Rugby Championship,3,52,52,6,7,62,38,0,0,0,0,Conor van der Merwe,Spain Rugby,Blindside Flanker,Argentina,26,51,2,0,0,0,0,12,5,173,Draw
1897,2018-05-11,New Zealand All Blacks,England Rugby,"Teufaiva Stadium, Tonga",Six Nations,3,9,22,0,2,42,58,0,0,0,0,Kieran Itoje,England Rugby,Number 8,South Africa,27,29,1,0,0,0,0,1,7,66,Away Win
1898,2020-02-05,Tonga Rugby,USA Eagles,"Stadium Australia, Sydney",World Rugby U20 Championship,4,53,18,7,0,63,37,0,0,0,0,Mason Russell,Tonga Rugby,Openside Flanker,Tonga,31,30,1,0,0,1,0,17,5,178,Home Win
1899,2020-10-07,Australia Wallabies,Wales Rugby,"Ellis Park, Johannesburg",Rugby World Cup,4,27,50,3,7,53,47,0,0,0,0,Grégoire Smith,Australia Wallabies,Lock,Fiji,23,26,1,0,0,0,0,3,8,131,Away Win
1900,2022-04-15,New Zealand All Blacks,Japan Brave Blossoms,"Ellis Park, Johannesburg",Pacific Nations Cup,6,19,47,1,7,63,37,2,0,0,0,Richie Furlong,Japan Brave Blossoms,Right Wing,Australia,28,89,1,0,0,0,0,17,3,118,Away Win
1901,2023-09-12,Spain Rugby,Italy Rugby,"National Stadium, Tokyo",Six Nations,5,29,64,2,8,53,47,0,0,0,0,Benjamin Porter,Spain Rugby,Blindside Flanker,,25,3,1,0,0,0,0,11,6,88,Away Win
1902,2015-07-21,USA Eagles,Tonga Rugby,"Murrayfield, Edinburgh",Six Nations,5,67,36,7,6,61,39,0,0,0,0,Liam Kolbe,Tonga Rugby,Scrum-half,Tonga,27,43,1,0,0,0,0,12,2,39,Home Win
1903,2024-06-20,Scotland Rugby,Japan Brave Blossoms,"Aviva Stadium, Dublin",Rugby World Cup,4,56,44,8,5,46,54,0,0,0,0,Alun Barrett,Scotland Rugby,Loosehead Prop,Australia,32,7,1,0,0,0,0,4,7,52,Home Win
1904,2018-05-17,Australia Wallabies,Wales Rugby,"Murrayfield, Edinburgh",The Rugby Championship,4,25,30,1,6,53,47,0,0,0,0,Grégoire Barrett,Wales Rugby,Right Wing,Wales,27,96,1,0,0,0,0,14,8,146,Away Win
1905,2024-04-16,South Africa Springboks,New Zealand All Blacks,"Ellis Park, Johannesburg",Autumn Internationals,5,31,46,5,8,59,41,0,0,0,0,Alun van der Merwe,New Zealand All Blacks,Lock,New Zealand,27,89,1,0,0,0,0,1,5,33,Away Win
1906,2022-02-19,Japan Brave Blossoms,Uruguay Rugby,"Estadio Jose Amalfitani, Buenos Aires",Rugby Europe Championship,4,47,24,7,4,54,46,1,0,0,0,Siya Jones,Uruguay Rugby,Tighthead Prop,Uruguay,21,31,0,0,0,0,0,18,6,71,Home Win
1907,2017-02-06,Tonga Rugby,Fiji Rugby,"Stadio Olimpico, Rome",Rugby World Cup,6,54,9,6,0,37,63,0,0,0,0,Malcolm Faletau,Fiji Rugby,Loosehead Prop,Fiji,29,116,2,0,0,0,0,15,6,66,Home Win
1908,2015-04-24,France XV,Samoa Rugby,"National Stadium, Tokyo",Rugby Europe Championship,7,48,43,5,5,57,43,1,0,0,0,Henry Dupont,France XV,Scrum-half,Senegal,29,78,1,0,0,0,0,17,6,169,Home Win
1909,2023-01-04,Uruguay Rugby,Wales Rugby,"Mikheil Meskhi Stadium, Tbilisi",Rugby World Cup,2,12,38,2,4,37,63,1,0,0,0,Sam Caelan,Uruguay Rugby,Outside Centre,Argentina,35,75,0,0,0,0,0,11,0,91,Away Win
1910,2021-11-16,England Rugby,Canada Rugby,"Ellis Park, Johannesburg",Autumn Internationals,1,60,18,8,0,41,59,0,1,0,0,Alun Porter,Canada Rugby,Hooker,Canada,25,77,3,0,0,0,0,7,3,35,Home Win
1911,2015-04-16,Argentina Pumas,South Africa Springboks,"Stadio Olimpico, Rome",World Rugby U20 Championship,2,54,48,7,7,57,43,0,0,0,0,Mason Furlong,Argentina Pumas,Loosehead Prop,Argentina,27,84,1,0,0,0,1,18,5,18,Home Win
1912,2018-11-20,France XV,Australia Wallabies,"Stadio Olimpico, Rome",Pacific Nations Cup,4,23,12,3,0,62,38,0,1,0,0,Ethan Kolbe,France XV,Hooker,Senegal,27,102,2,0,0,0,0,13,8,168,Home Win
1913,2023-01-10,Romania Rugby,Tonga Rugby,"Stadium Australia, Sydney",Rugby World Cup,6,28,5,2,1,61,39,0,0,0,0,Hamish Doris,Tonga Rugby,Loosehead Prop,Tonga,33,33,2,0,0,0,0,1,8,179,Home Win
1914,2019-10-12,Fiji Rugby,Argentina Pumas,"Eden Park, Auckland",Rugby Europe Championship,7,18,34,0,5,57,43,1,0,0,0,Stuart Henshaw,Fiji Rugby,Loosehead Prop,Fiji,26,63,2,0,0,0,1,2,4,36,Away Win
1915,2023-05-15,Fiji Rugby,Wales Rugby,"Principality Stadium, Cardiff",Rugby Europe Championship,7,5,34,1,5,65,35,1,0,0,1,Owen Ntamack,Wales Rugby,Left Wing,Wales,28,92,3,0,0,0,0,0,2,175,Away Win
1916,2015-04-10,Tonga Rugby,Georgia Rugby,"National Stadium, Tokyo",Pacific Nations Cup,3,43,56,4,6,56,44,0,0,0,0,Alun Carbery,Tonga Rugby,Lock,New Zealand,29,6,1,0,0,0,0,15,2,52,Away Win
1917,2023-06-24,South Africa Springboks,New Zealand All Blacks,"Stadio Olimpico, Rome",Pacific Nations Cup,5,36,11,6,1,65,35,1,0,0,0,Callum Doris,South Africa Springboks,Hooker,South Africa,27,25,0,0,0,0,0,13,0,84,Home Win
1918,2017-10-09,Spain Rugby,England Rugby,"Mikheil Meskhi Stadium, Tbilisi",The Rugby Championship,4,23,24,1,4,60,40,1,1,0,0,Owen Caelan,Spain Rugby,Outside Centre,Argentina,25,70,1,0,0,0,0,4,1,29,Away Win
1919,2016-11-01,England Rugby,Canada Rugby,"Eden Park, Auckland",Rugby Europe Championship,7,16,35,2,4,51,49,1,1,0,0,Taulupe Russell,Canada Rugby,Number 8,New Zealand,27,37,2,0,0,0,0,9,8,133,Away Win
1920,2018-06-04,Ireland Rugby,Samoa Rugby,"Ellis Park, Johannesburg",Autumn Internationals,3,53,6,8,0,45,55,0,0,0,0,Liam de Klerk,Samoa Rugby,Number 8,Samoa,31,51,3,0,0,0,0,1,8,32,Home Win
1921,2018-02-22,Uruguay Rugby,Fiji Rugby,"Stadio Olimpico, Rome",Rugby Europe Championship,4,34,52,6,8,59,41,1,0,0,0,Beauden Porter,Uruguay Rugby,Fullback,Argentina,22,11,2,0,2,0,0,3,0,99,Away Win
1922,2018-04-03,Japan Brave Blossoms,Argentina Pumas,"National Stadium, Tokyo",Rugby Europe Championship,8,10,23,1,1,42,58,1,1,0,0,Noah Williams,Argentina Pumas,Loosehead Prop,Argentina,27,97,0,0,0,0,0,9,3,75,Away Win
1923,2023-02-27,USA Eagles,Canada Rugby,"Mikheil Meskhi Stadium, Tbilisi",Autumn Internationals,7,12,24,0,2,39,61,0,0,0,1,Mason Russell,USA Eagles,Fullback,South Africa,24,37,0,0,1,0,0,5,3,154,Away Win
1924,2021-09-15,USA Eagles,Wales Rugby,"Aviva Stadium, Dublin",Autumn Internationals,8,35,29,7,4,47,53,0,1,1,0,Grégoire Curry,USA Eagles,Inside Centre,USA,31,18,1,0,0,0,0,4,1,46,Home Win
1925,2022-09-26,Canada Rugby,Australia Wallabies,"Aviva Stadium, Dublin",Rugby Europe Championship,8,30,43,2,6,54,46,0,1,0,0,Finn Faletau,Australia Wallabies,Fly-half,Fiji,20,22,0,3,3,0,0,8,8,90,Away Win
1926,2016-02-17,Romania Rugby,Canada Rugby,"ANZ National Stadium, Suva",The Rugby Championship,7,30,7,5,1,35,65,1,0,0,0,Richie Hogg,Canada Rugby,Inside Centre,Canada,24,93,1,0,0,0,0,16,1,21,Home Win
1927,2017-02-20,Romania Rugby,Argentina Pumas,"Stade de France, Paris",Autumn Internationals,4,22,26,1,3,45,55,0,0,0,0,Alun Itoje,Argentina Pumas,Fly-half,Argentina,28,27,2,4,3,0,0,9,1,124,Away Win
1928,2021-08-28,Japan Brave Blossoms,Australia Wallabies,"Twickenham, London",Six Nations,4,6,55,0,7,35,65,0,0,0,0,Liam Ntamack,Australia Wallabies,Lock,Fiji,33,24,1,0,0,0,0,,,19,Away Win
1929,2024-01-10,Argentina Pumas,Uruguay Rugby,"Stadio Olimpico, Rome",World Rugby U20 Championship,2,36,44,5,7,54,46,1,0,0,0,Finn Carbery,Argentina Pumas,Openside Flanker,Argentina,26,16,0,0,0,0,0,14,2,110,Away Win
1930,2016-11-28,Samoa Rugby,USA Eagles,"Teufaiva Stadium, Tonga",World Rugby U20 Championship,6,36,59,5,7,63,37,0,0,0,0,Alun Barrett,Samoa Rugby,Left Wing,New Zealand,24,104,1,0,0,0,0,0,6,130,Away Win
1931,2024-08-07,USA Eagles,Fiji Rugby,"Stadium Australia, Sydney",Pacific Nations Cup,7,59,31,7,4,43,57,0,0,0,0,Alun Carbery,Fiji Rugby,Openside Flanker,Fiji,34,114,2,0,0,0,0,8,5,132,Home Win
1932,2019-08-09,Samoa Rugby,Scotland Rugby,"Stadio Olimpico, Rome",The Rugby Championship,1,13,33,2,4,50,50,0,0,0,0,Sean Henshaw,Scotland Rugby,Fly-half,New Zealand,21,34,2,0,1,0,0,,8,8,Away Win
1933,2024-02-08,Wales Rugby,Australia Wallabies,"Principality Stadium, Cardiff",Pacific Nations Cup,7,38,66,4,8,35,65,0,0,0,0,Pieter Smith,Australia Wallabies,Inside Centre,Australia,18,113,3,0,0,0,0,8,0,80,Away Win
1934,2019-07-15,Wales Rugby,Scotland Rugby,"Aviva Stadium, Dublin",World Rugby U20 Championship,7,26,43,4,6,41,59,1,2,0,0,Henry Dupont,Scotland Rugby,Fly-half,New Zealand,28,19,0,5,4,0,0,,1,5,Away Win
1935,2024-08-16,USA Eagles,Argentina Pumas,"National Stadium, Tokyo",World Rugby U20 Championship,8,35,64,3,8,35,65,0,0,0,0,Owen Watson,Argentina Pumas,Fly-half,Argentina,24,27,2,0,2,0,0,5,6,8,Away Win
1936,2017-10-06,Canada Rugby,France XV,"Stade de France, Paris",World Rugby U20 Championship,7,8,26,1,3,49,51,0,0,0,1,Cian Russell,Canada Rugby,Openside Flanker,Canada,22,120,3,0,0,0,0,16,0,125,Away Win
1937,2022-01-15,Argentina Pumas,South Africa Springboks,"Estadio Jose Amalfitani, Buenos Aires",Six Nations,5,46,74,7,8,35,65,0,0,0,0,Beauden Porter,South Africa Springboks,Left Wing,South Africa,29,,2,0,0,0,0,15,2,131,Away Win
1938,2016-07-16,Argentina Pumas,Scotland Rugby,"Apia Park, Samoa",Pacific Nations Cup,6,48,36,8,4,52,48,0,1,1,0,Finn Henshaw,Argentina Pumas,Loosehead Prop,Argentina,27,60,2,0,0,0,0,10,2,108,Home Win
1939,2021-04-08,Spain Rugby,Tonga Rugby,"Eden Park, Auckland",Pacific Nations Cup,3,27,29,3,5,42,58,0,0,0,0,Finn Carbery,Tonga Rugby,Number 8,Tonga,24,27,1,0,0,0,0,20,,55,Away Win
1940,2023-03-26,South Africa Springboks,Italy Rugby,"Mikheil Meskhi Stadium, Tbilisi",Rugby World Cup,5,40,11,8,1,44,56,0,0,0,0,Sam Watson,Italy Rugby,Fullback,South Africa,21,27,1,0,2,0,0,10,3,134,Home Win
1941,2017-10-12,Italy Rugby,Argentina Pumas,"Stadio Olimpico, Rome",Rugby World Cup,6,21,50,2,5,48,52,1,1,0,0,Cian Jones,Argentina Pumas,Fullback,Argentina,30,66,0,0,4,0,0,19,5,77,Away Win
1942,2016-12-28,Japan Brave Blossoms,Spain Rugby,"Stadium Australia, Sydney",World Rugby U20 Championship,1,57,27,8,2,44,56,0,1,0,0,Pieter van der Merwe,Spain Rugby,Blindside Flanker,Argentina,29,77,1,0,0,0,0,16,1,15,Home Win
1943,2019-06-19,Uruguay Rugby,USA Eagles,"Stadio Olimpico, Rome",Six Nations,6,34,14,4,1,39,61,1,0,0,0,Oliver Smith,USA Eagles,Number 8,South Africa,26,8,2,0,0,0,0,19,4,140,Home Win
1944,2024-06-26,Ireland Rugby,Scotland Rugby,"Principality Stadium, Cardiff",World Rugby U20 Championship,8,19,15,1,2,45,55,1,1,0,0,Noah Curry,Scotland Rugby,Lock,Australia,34,16,1,0,0,0,1,15,2,173,Home Win
1945,2015-01-11,France XV,USA Eagles,"Aviva Stadium, Dublin",The Rugby Championship,6,54,31,8,3,65,35,0,1,0,0,Hamish Carbery,France XV,Lock,Senegal,22,27,2,0,0,0,0,15,6,,Home Win
1946,2015-05-07,USA Eagles,Italy Rugby,"Ellis Park, Johannesburg",Autumn Internationals,2,47,37,5,5,59,41,0,0,0,0,Hamish Curry,USA Eagles,Fullback,New Zealand,20,6,1,0,0,0,0,,8,129,Home Win
1947,2020-04-06,England Rugby,Ireland Rugby,"Eden Park, Auckland",Six Nations,7,35,15,4,0,58,42,0,0,0,0,Liam Carbery,England Rugby,Left Wing,England,24,114,1,0,0,0,0,16,2,167,Home Win
1948,2021-07-08,Italy Rugby,Uruguay Rugby,"Apia Park, Samoa",The Rugby Championship,3,12,63,0,8,37,63,0,0,0,0,Ethan Furlong,Uruguay Rugby,Right Wing,Argentina,26,53,2,0,0,0,0,14,8,49,Away Win
1949,2023-08-15,USA Eagles,England Rugby,"Stadio Olimpico, Rome",,5,36,21,4,2,56,44,0,1,0,0,Jamie Porter,USA Eagles,Blindside Flanker,South Africa,27,32,0,0,0,0,0,13,6,79,Home Win
1950,2021-05-25,Canada Rugby,Spain Rugby,"National Stadium, Tokyo",Autumn Internationals,7,45,54,6,8,40,60,1,0,0,0,Malcolm Hogg,Canada Rugby,Number 8,New Zealand,26,18,1,0,0,0,0,6,3,124,Away Win
1951,2022-09-08,USA Eagles,Fiji Rugby,"Eden Park, Auckland",The Rugby Championship,6,41,57,5,6,59,41,0,0,0,0,Taulupe Curry,Fiji Rugby,Scrum-half,Fiji,28,87,0,0,0,0,0,2,2,101,Away Win
1952,2015-06-14,Australia Wallabies,Uruguay Rugby,"Ellis Park, Johannesburg",The Rugby Championship,7,32,19,5,3,36,64,0,0,0,0,Lucas Itoje,Uruguay Rugby,Tighthead Prop,Argentina,21,7,1,0,0,0,0,2,8,88,Home Win
1953,2023-02-21,Fiji Rugby,South Africa Springboks,"Aviva Stadium, Dublin",Six Nations,3,21,67,2,8,41,59,0,0,0,0,Rory Barrett,South Africa Springboks,Scrum-half,South Africa,32,13,0,0,0,0,0,16,1,125,Away Win
1954,2021-06-20,Japan Brave Blossoms,Spain Rugby,"National Stadium, Tokyo",Rugby World Cup,6,16,51,2,7,54,46,0,2,0,0,Richie Smith,Japan Brave Blossoms,Left Wing,Japan,26,62,3,0,0,0,0,11,1,56,Away Win
1955,2018-08-04,Japan Brave Blossoms,Samoa Rugby,"Aviva Stadium, Dublin",Autumn Internationals,4,12,12,2,0,39,61,0,0,0,0,Antoine Jones,Samoa Rugby,Tighthead Prop,New Zealand,,29,1,0,0,0,0,11,5,130,Draw
1956,2022-12-02,Scotland Rugby,Italy Rugby,"Twickenham, London",Autumn Internationals,6,20,18,1,0,61,39,1,1,0,0,Hugo Williams,Scotland Rugby,Outside Centre,New Zealand,28,10,1,0,0,0,0,12,7,176,Home Win
1957,2020-05-17,Scotland Rugby,New Zealand All Blacks,"Aviva Stadium, Dublin",World Rugby U20 Championship,6,25,36,1,6,63,37,0,0,0,0,Ethan de Klerk,Scotland Rugby,Tighthead Prop,Scotland,28,51,2,0,0,0,0,,5,28,Away Win
1958,2020-02-02,USA Eagles,South Africa Springboks,"National Stadium, Tokyo",,4,27,43,4,6,48,52,0,0,0,0,Callum Watson,South Africa Springboks,Inside Centre,South Africa,29,112,0,0,0,0,0,9,1,103,Away Win
1959,2015-02-27,Argentina Pumas,Uruguay Rugby,"Twickenham, London",The Rugby Championship,3,46,30,8,3,55,45,1,0,0,0,Faf Jones,Uruguay Rugby,Blindside Flanker,Argentina,28,78,0,0,0,0,0,18,3,7,Home Win
1960,2018-12-21,Canada Rugby,Wales Rugby,"Ellis Park, Johannesburg",Autumn Internationals,4,40,38,6,4,54,46,0,0,0,0,Ethan Furlong,Wales Rugby,Blindside Flanker,New Zealand,29,,1,0,0,1,0,0,7,,Home Win
1961,2016-10-22,Australia Wallabies,Uruguay Rugby,"Stadio Olimpico, Rome",Six Nations,7,18,14,0,2,38,62,0,0,0,0,Sean Faletau,Australia Wallabies,Right Wing,Fiji,32,1,0,0,0,0,0,0,8,17,Home Win
1962,2022-08-28,USA Eagles,Georgia Rugby,"Murrayfield, Edinburgh",Rugby Europe Championship,1,22,31,1,4,51,49,0,2,0,0,Romain Smith,Georgia Rugby,Number 8,Georgia,27,58,1,0,0,0,0,11,6,178,Away Win
1963,2021-04-28,Wales Rugby,Tonga Rugby,"Mikheil Meskhi Stadium, Tbilisi",World Rugby U20 Championship,8,34,44,4,8,36,64,0,0,0,0,Callum Itoje,Tonga Rugby,Scrum-half,New Zealand,29,16,1,0,0,0,0,15,4,130,Away Win
1964,2019-04-18,Fiji Rugby,Romania Rugby,"Stade de France, Paris",The Rugby Championship,7,42,25,7,1,36,64,1,0,0,0,Stuart Brown,Romania Rugby,Tighthead Prop,France,26,49,3,0,0,0,0,13,3,53,Home Win
1965,2017-09-26,Tonga Rugby,Canada Rugby,"Apia Park, Samoa",World Rugby U20 Championship,8,45,25,5,3,40,60,0,0,0,0,Owen Watson,Canada Rugby,Hooker,New Zealand,32,15,1,0,0,0,0,18,3,74,Home Win
1966,2021-06-01,Georgia Rugby,Canada Rugby,"Teufaiva Stadium, Tonga",Six Nations,5,41,38,7,5,57,43,0,0,0,0,Rory Williams,Canada Rugby,Fullback,New Zealand,24,17,2,0,1,0,0,11,3,,Home Win
1967,2023-01-24,South Africa Springboks,Japan Brave Blossoms,"Teufaiva Stadium, Tonga",Six Nations,7,44,48,5,7,63,37,0,0,0,0,Liam van der Merwe,Japan Brave Blossoms,Scrum-half,,34,69,2,0,0,0,0,8,3,148,Away Win
1968,2019-10-07,Romania Rugby,Uruguay Rugby,"Stadium Australia, Sydney",The Rugby Championship,3,17,12,1,0,63,37,0,0,0,0,Ethan Doris,Romania Rugby,Right Wing,Romania,26,111,1,0,0,0,0,10,3,135,Home Win
1969,2015-11-03,Samoa Rugby,Italy Rugby,"Stadio Olimpico, Rome",Rugby Europe Championship,7,32,28,4,2,65,35,0,0,0,0,Sean Dupont,Samoa Rugby,Inside Centre,Samoa,21,33,3,0,0,0,0,4,3,145,Home Win
1970,2019-08-22,South Africa Springboks,Samoa Rugby,"Eden Park, Auckland",World Rugby U20 Championship,1,54,12,6,0,62,38,2,0,0,0,Callum Dupont,South Africa Springboks,Tighthead Prop,South Africa,27,10,2,0,0,0,0,5,0,43,Home Win
1971,2020-05-04,England Rugby,Canada Rugby,"Stade de France, Paris",Six Nations,4,52,40,6,6,39,61,0,2,0,0,Siya Hogg,Canada Rugby,Hooker,New Zealand,24,57,0,0,0,0,0,17,2,144,Home Win
1972,2017-10-19,France XV,Fiji Rugby,"Mikheil Meskhi Stadium, Tbilisi",Pacific Nations Cup,5,54,5,8,1,59,41,0,1,1,0,Finn Brown,Fiji Rugby,Lock,Fiji,30,110,1,0,0,0,0,,2,7,Home Win
1973,2023-07-13,USA Eagles,Canada Rugby,"Stadium Australia, Sydney",Pacific Nations Cup,5,65,8,8,1,65,35,1,0,0,0,Charles Ntamack,Canada Rugby,Lock,Canada,24,,0,0,0,1,0,6,2,29,Home Win
1974,2018-05-06,Canada Rugby,Australia Wallabies,"Estadio Jose Amalfitani, Buenos Aires",The Rugby Championship,1,20,23,2,2,40,60,1,0,0,0,Mason Dupont,Canada Rugby,Lock,Canada,25,,2,0,0,0,0,14,0,114,Away Win
1975,2022-11-23,Romania Rugby,Canada Rugby,"Mikheil Meskhi Stadium, Tbilisi",Autumn Internationals,7,50,46,7,4,50,50,0,0,0,0,James Smith,Romania Rugby,Lock,France,19,107,1,0,0,0,0,11,1,4,Home Win
1976,2019-03-14,Ireland Rugby,Tonga Rugby,"Stadium Australia, Sydney",The Rugby Championship,2,50,49,6,8,50,50,2,0,0,0,Hamish Dupont,Ireland Rugby,Inside Centre,South Africa,25,24,1,0,0,0,0,17,2,130,Home Win
1977,2022-12-02,USA Eagles,New Zealand All Blacks,"Aviva Stadium, Dublin",Six Nations,4,35,53,5,7,54,46,0,0,0,0,Benjamin Henshaw,New Zealand All Blacks,Lock,,18,41,1,0,0,0,0,1,,1,Away Win
1978,2019-11-19,Japan Brave Blossoms,Spain Rugby,"National Stadium, Tokyo",Pacific Nations Cup,7,33,40,3,5,57,43,2,0,0,0,Finn Itoje,Japan Brave Blossoms,Hooker,Australia,20,79,2,0,0,0,0,8,2,41,Away Win
1979,2019-02-19,England Rugby,Tonga Rugby,"Principality Stadium, Cardiff",Six Nations,6,14,13,1,1,45,55,0,0,0,0,Pieter Furlong,England Rugby,Fly-half,South Africa,30,2,2,5,0,0,0,15,2,36,Home Win
1980,2018-11-27,Wales Rugby,Australia Wallabies,"Estadio Jose Amalfitani, Buenos Aires",Rugby World Cup,3,72,23,8,1,51,49,1,0,0,0,Grégoire Furlong,Australia Wallabies,Left Wing,Fiji,30,110,2,0,0,0,0,3,1,41,Home Win
1981,2018-02-01,Spain Rugby,Wales Rugby,"Estadio Jose Amalfitani, Buenos Aires",Pacific Nations Cup,7,25,39,2,3,45,55,1,0,0,0,Justin Brown,Spain Rugby,Scrum-half,Spain,28,103,0,0,0,0,0,17,5,23,Away Win
1982,2023-05-14,South Africa Springboks,Australia Wallabies,"Ellis Park, Johannesburg",Autumn Internationals,8,64,39,8,7,44,56,0,0,0,0,Noah de Klerk,South Africa Springboks,Lock,South Africa,23,83,2,0,0,0,0,6,4,78,Home Win
1983,2018-02-08,Japan Brave Blossoms,France XV,"Stadium Australia, Sydney",The Rugby Championship,6,54,29,7,4,59,41,2,0,0,0,Hugo Taylor,France XV,Left Wing,Senegal,26,11,3,0,0,0,0,16,8,149,Home Win
1984,2023-08-15,England Rugby,Scotland Rugby,"ANZ National Stadium, Suva",Rugby World Cup,3,27,59,3,8,54,46,0,0,0,0,Oliver de Klerk,Scotland Rugby,Blindside Flanker,Scotland,26,15,2,0,0,0,0,13,8,21,Away Win
1985,2019-12-22,Romania Rugby,Tonga Rugby,"Eden Park, Auckland",,2,41,48,5,7,64,36,0,1,0,0,Oliver Itoje,Tonga Rugby,Fullback,Tonga,22,36,2,0,4,0,0,,7,20,Away Win
1986,2016-06-07,South Africa Springboks,Uruguay Rugby,"Murrayfield, Edinburgh",Pacific Nations Cup,5,20,15,2,0,55,45,0,0,0,0,Grégoire Doris,Uruguay Rugby,Fullback,Uruguay,33,67,3,0,3,0,0,16,8,150,Home Win
1987,2017-11-22,South Africa Springboks,Uruguay Rugby,"Eden Park, Auckland",The Rugby Championship,1,38,40,4,7,44,56,0,0,0,0,Lucas Smith,South Africa Springboks,Inside Centre,South Africa,30,40,3,0,0,0,0,13,4,69,Away Win
1988,2016-02-26,Italy Rugby,USA Eagles,"Eden Park, Auckland",Rugby World Cup,8,44,6,7,0,49,51,1,0,0,0,Cian Taylor,Italy Rugby,Lock,South Africa,26,108,3,0,0,0,0,18,7,168,Home Win
1989,2022-08-20,USA Eagles,France XV,"National Stadium, Tokyo",World Rugby U20 Championship,3,34,41,4,6,35,65,0,0,0,0,Benjamin Watson,USA Eagles,Openside Flanker,USA,27,99,2,0,0,0,0,8,5,176,Away Win
1990,2019-04-25,New Zealand All Blacks,Argentina Pumas,"Murrayfield, Edinburgh",The Rugby Championship,4,21,41,2,5,35,65,2,1,0,0,Siya Williams,Argentina Pumas,Fullback,Argentina,27,84,1,0,1,0,0,8,,163,Away Win
1991,2018-01-26,Tonga Rugby,Spain Rugby,"Eden Park, Auckland",The Rugby Championship,3,20,10,2,1,55,45,1,1,0,1,Callum Hogg,Tonga Rugby,Lock,New Zealand,18,86,1,0,0,0,0,3,6,27,Home Win
1992,2019-06-11,England Rugby,Romania Rugby,"Stade de France, Paris",Autumn Internationals,6,55,29,8,2,55,45,0,0,0,0,Finn van der Merwe,Romania Rugby,Lock,Romania,26,18,1,0,0,0,0,7,5,130,Home Win
1993,2020-01-28,New Zealand All Blacks,USA Eagles,"Murrayfield, Edinburgh",World Rugby U20 Championship,2,63,37,7,3,61,39,0,0,0,0,Alun Russell,USA Eagles,Lock,New Zealand,24,37,2,0,0,0,0,18,3,8,Home Win
1994,2021-03-24,Japan Brave Blossoms,Romania Rugby,"ANZ National Stadium, Suva",Autumn Internationals,6,43,24,5,3,60,40,1,2,0,0,Noah Caelan,Romania Rugby,Hooker,France,22,18,0,0,0,0,0,0,7,40,Home Win
1995,2017-11-24,Spain Rugby,Scotland Rugby,"Aviva Stadium, Dublin",Autumn Internationals,1,53,25,7,2,65,35,1,0,0,0,Rory Taylor,Scotland Rugby,Blindside Flanker,Scotland,25,8,1,0,0,0,0,18,4,63,Home Win
1996,2016-08-19,Scotland Rugby,Georgia Rugby,"Mikheil Meskhi Stadium, Tbilisi",The Rugby Championship,7,39,48,4,5,63,37,0,0,0,0,Grégoire Furlong,Scotland Rugby,Lock,Scotland,34,93,0,0,0,0,0,4,7,27,Away Win
1997,2021-02-15,Ireland Rugby,USA Eagles,"Principality Stadium, Cardiff",Rugby Europe Championship,5,15,33,0,4,45,55,0,0,0,0,Noah Itoje,Ireland Rugby,Loosehead Prop,Ireland,29,18,1,0,0,0,0,1,7,166,Away Win
1998,2022-05-06,Italy Rugby,USA Eagles,"Stade de France, Paris",Pacific Nations Cup,4,45,37,5,4,63,37,0,0,0,0,Charles Doris,Italy Rugby,Inside Centre,Argentina,24,,1,0,0,0,0,3,0,3,Home Win
1999,2024-11-26,USA Eagles,Tonga Rugby,"Principality Stadium, Cardiff",Rugby Europe Championship,6,21,54,3,7,42,58,0,0,0,0,Hamish Watson,USA Eagles,Lock,USA,29,4,2,0,0,0,0,7,7,115,Away Win
2000,2020-01-25,Japan Brave Blossoms,Canada Rugby,"Twickenham, London",World Rugby U20 Championship,8,42,12,5,0,57,43,0,0,0,0,Kieran Doris,Canada Rugby,Hooker,Canada,32,67,2,0,0,0,0,20,5,145,Home Win
2001,2016-08-12,Georgia Rugby,Samoa Rugby,"Murrayfield, Edinburgh",Rugby Europe Championship,1,35,22,3,2,51,49,0,1,0,0,Hugo Dupont,Samoa Rugby,Loosehead Prop,Samoa,30,22,2,0,0,0,0,0,0,113,Home Win
2002,2020-10-25,New Zealand All Blacks,Spain Rugby,"Ellis Park, Johannesburg",The Rugby Championship,6,3,31,0,4,48,52,0,0,0,0,Lucas Hogg,Spain Rugby,Fullback,Argentina,27,16,2,0,1,0,0,,8,69,Away Win
2003,2019-10-28,Argentina Pumas,Wales Rugby,"Stade de France, Paris",Rugby Europe Championship,5,13,36,1,6,49,51,0,0,0,0,Grégoire de Klerk,Wales Rugby,Fly-half,New Zealand,24,10,0,0,3,0,0,14,2,109,Away Win
2004,2016-03-09,Uruguay Rugby,South Africa Springboks,"National Stadium, Tokyo",Six Nations,2,46,31,6,4,64,36,1,2,1,0,Grégoire Smith,Uruguay Rugby,Lock,Argentina,29,6,3,0,0,0,0,11,1,130,Home Win
2005,2022-04-11,Scotland Rugby,Australia Wallabies,"Teufaiva Stadium, Tonga",Autumn Internationals,2,15,31,2,5,39,61,1,0,0,0,Henry Itoje,Australia Wallabies,Lock,Fiji,28,19,2,0,0,0,0,12,0,1,Away Win
2006,2018-01-07,Spain Rugby,South Africa Springboks,"Mikheil Meskhi Stadium, Tbilisi",The Rugby Championship,2,22,43,3,6,53,47,0,0,0,0,Noah Furlong,South Africa Springboks,Number 8,South Africa,30,103,0,0,0,0,0,8,6,25,Away Win
2007,2019-04-13,Uruguay Rugby,Japan Brave Blossoms,"Estadio Jose Amalfitani, Buenos Aires",Autumn Internationals,2,47,24,6,3,62,38,0,0,0,0,Siya de Klerk,Japan Brave Blossoms,Blindside Flanker,Japan,29,107,3,0,0,0,0,9,8,127,Home Win
2008,2022-03-14,USA Eagles,Canada Rugby,"Stade de France, Paris",World Rugby U20 Championship,5,17,8,2,1,57,43,0,1,0,0,Siya Caelan,USA Eagles,Outside Centre,USA,31,4,0,0,0,0,0,6,2,169,Home Win
2009,2019-02-24,England Rugby,Tonga Rugby,"Murrayfield, Edinburgh",World Rugby U20 Championship,7,43,12,6,0,53,47,1,0,0,0,Grégoire Henshaw,Tonga Rugby,Openside Flanker,New Zealand,24,63,3,0,0,0,0,11,7,110,Home Win
2010,2024-07-10,Fiji Rugby,Ireland Rugby,"Stadium Australia, Sydney",The Rugby Championship,3,13,47,1,7,54,46,0,0,0,0,Hugo Itoje,Ireland Rugby,Lock,Ireland,32,95,2,0,0,0,0,2,8,92,Away Win
2011,2015-07-26,Argentina Pumas,South Africa Springboks,"Murrayfield, Edinburgh",Six Nations,5,32,41,6,6,40,60,1,0,0,0,Cian Smith,Argentina Pumas,Fullback,Argentina,27,11,0,0,0,0,0,0,6,90,Away Win
2012,2016-05-07,France XV,Samoa Rugby,"Principality Stadium, Cardiff",Pacific Nations Cup,8,38,38,4,5,45,55,0,0,0,0,Cian Dupont,Samoa Rugby,Blindside Flanker,Samoa,35,51,3,0,0,0,0,7,3,138,Draw
2013,2021-01-23,Ireland Rugby,Samoa Rugby,"Ellis Park, Johannesburg",Pacific Nations Cup,2,46,18,6,2,55,45,0,0,0,0,Romain Watson,Samoa Rugby,Right Wing,,24,47,0,0,0,0,0,6,,123,Home Win
2014,2024-01-22,Uruguay Rugby,England Rugby,"Teufaiva Stadium, Tonga",Pacific Nations Cup,6,13,0,2,0,64,36,0,1,0,0,Pieter Furlong,Uruguay Rugby,Outside Centre,Argentina,33,49,1,0,0,0,0,8,6,176,Home Win
2015,2023-03-10,Samoa Rugby,South Africa Springboks,"Stade de France, Paris",World Rugby U20 Championship,3,49,22,6,2,37,63,2,0,0,0,William Carbery,South Africa Springboks,Lock,South Africa,27,115,1,0,0,0,0,16,4,48,Home Win
2016,2015-10-21,Australia Wallabies,Canada Rugby,"Mikheil Meskhi Stadium, Tbilisi",Pacific Nations Cup,8,0,18,0,2,64,36,1,0,0,0,Hamish Johnson,Canada Rugby,Lock,Canada,24,87,2,0,0,0,0,4,7,121,Away Win
2017,2020-05-18,Scotland Rugby,Samoa Rugby,"Mikheil Meskhi Stadium, Tbilisi",Rugby World Cup,5,48,16,7,1,38,62,0,0,0,0,Conor Johnson,Scotland Rugby,Number 8,Australia,25,91,0,0,0,0,0,11,0,164,Home Win
2018,2023-03-10,Canada Rugby,Fiji Rugby,"Teufaiva Stadium, Tonga",Autumn Internationals,8,27,35,3,3,54,46,1,0,0,0,Grégoire Itoje,Canada Rugby,Fly-half,Canada,25,32,2,2,3,0,0,9,2,21,Away Win
2019,2015-01-23,Fiji Rugby,England Rugby,"Aviva Stadium, Dublin",Rugby Europe Championship,5,28,38,3,6,44,56,0,1,0,0,Benjamin de Klerk,England Rugby,Tighthead Prop,New Zealand,28,21,0,0,0,0,0,4,2,,Away Win
2020,2022-02-02,Canada Rugby,Fiji Rugby,"National Stadium, Tokyo",Six Nations,4,46,25,8,5,53,47,0,0,0,0,Taulupe Furlong,Canada Rugby,Right Wing,New Zealand,29,55,3,0,0,1,0,9,6,94,Home Win
2021,2018-03-23,Italy Rugby,Wales Rugby,"Aviva Stadium, Dublin",,7,51,52,5,6,37,63,0,0,0,0,Alun Barrett,Wales Rugby,Blindside Flanker,New Zealand,24,97,0,0,0,0,0,3,7,101,Away Win
2022,2022-12-11,Scotland Rugby,Argentina Pumas,"Twickenham, London",Six Nations,7,24,44,4,8,53,47,0,2,0,0,Pieter Russell,Argentina Pumas,Fullback,Argentina,26,76,2,0,1,0,0,15,6,105,Away Win
2023,2022-03-06,England Rugby,Argentina Pumas,"National Stadium, Tokyo",Pacific Nations Cup,3,20,18,1,0,39,61,0,2,0,0,Benjamin Porter,Argentina Pumas,Left Wing,Argentina,35,86,2,0,0,0,0,17,4,6,Home Win
2024,2022-07-15,Wales Rugby,Fiji Rugby,"ANZ National Stadium, Suva",Pacific Nations Cup,1,6,52,0,7,48,52,2,0,0,0,Stuart Henshaw,Fiji Rugby,Lock,Fiji,33,27,3,0,0,0,0,11,0,135,Away Win
2025,2017-06-15,Ireland Rugby,Scotland Rugby,"Apia Park, Samoa",Rugby Europe Championship,3,55,39,7,3,57,43,0,0,1,0,Finn Barrett,Scotland Rugby,Outside Centre,New Zealand,28,87,1,0,0,0,0,13,6,101,Home Win
2026,2017-09-27,USA Eagles,Tonga Rugby,"Estadio Jose Amalfitani, Buenos Aires",Autumn Internationals,8,18,28,2,4,59,41,0,1,0,0,Josh Faletau,Tonga Rugby,Fly-half,Tonga,27,91,2,3,0,0,0,1,8,138,Away Win
2027,2024-02-26,Uruguay Rugby,Italy Rugby,"Twickenham, London",World Rugby U20 Championship,4,41,53,7,7,56,44,1,0,0,0,Taulupe Doris,Uruguay Rugby,Blindside Flanker,Uruguay,27,24,0,0,0,0,0,18,1,93,Away Win
2028,2023-03-03,New Zealand All Blacks,Spain Rugby,"Twickenham, London",Autumn Internationals,1,19,24,2,3,36,64,1,0,0,0,Hugo Russell,New Zealand All Blacks,Left Wing,New Zealand,,41,3,0,0,0,0,0,0,178,Away Win
2029,2019-05-17,Wales Rugby,Australia Wallabies,"Stade de France, Paris",The Rugby Championship,4,42,51,8,7,44,56,0,0,0,0,Liam Taylor,Wales Rugby,Number 8,New Zealand,22,19,1,0,0,0,0,1,,159,Away Win
2030,2017-04-06,Romania Rugby,France XV,"Ellis Park, Johannesburg",Autumn Internationals,1,6,42,0,5,37,63,0,0,0,0,Kieran Itoje,France XV,Tighthead Prop,Senegal,25,84,0,0,0,0,0,3,1,111,Away Win
2031,2016-07-15,New Zealand All Blacks,Ireland Rugby,"Estadio Jose Amalfitani, Buenos Aires",Rugby World Cup,2,57,50,6,7,65,35,0,0,0,0,Kieran Faletau,Ireland Rugby,Number 8,New Zealand,20,30,0,0,0,0,0,18,4,21,Home Win
2032,2024-09-09,Wales Rugby,England Rugby,"Teufaiva Stadium, Tonga",Rugby World Cup,1,49,6,5,0,35,65,0,0,0,0,James Kolbe,England Rugby,Outside Centre,South Africa,28,64,2,0,0,0,0,,0,143,Home Win
2033,2020-12-01,Scotland Rugby,Samoa Rugby,"Ellis Park, Johannesburg",Autumn Internationals,3,61,23,7,2,42,58,1,0,0,0,Liam Itoje,Scotland Rugby,Hooker,,29,12,1,0,0,0,0,0,6,,Home Win
2034,2022-11-23,England Rugby,France XV,"Stadio Olimpico, Rome",The Rugby Championship,8,22,14,1,1,43,57,0,1,0,0,Benjamin Johnson,France XV,Fullback,France,25,101,2,0,0,0,0,0,4,162,Home Win
2035,2021-08-26,Argentina Pumas,Samoa Rugby,"Apia Park, Samoa",Autumn Internationals,8,55,44,7,6,39,61,0,0,0,0,Grégoire Faletau,Argentina Pumas,Lock,Argentina,33,43,0,0,0,1,0,14,0,33,Home Win
2036,2022-11-05,Australia Wallabies,Uruguay Rugby,"Stadium Australia, Sydney",Rugby Europe Championship,4,29,12,2,0,55,45,0,0,0,0,Taulupe Russell,Australia Wallabies,Tighthead Prop,New Zealand,22,59,1,0,0,0,0,6,3,160,Home Win
2037,2023-07-22,Scotland Rugby,Spain Rugby,"Principality Stadium, Cardiff",Six Nations,5,44,27,6,4,56,44,0,0,0,0,Mason Porter,Spain Rugby,Lock,Argentina,21,78,0,0,0,0,0,14,6,42,Home Win
2038,2015-02-14,Tonga Rugby,Australia Wallabies,"Principality Stadium, Cardiff",Six Nations,4,35,3,4,0,37,63,0,0,0,0,Charles Barrett,Australia Wallabies,Openside Flanker,Australia,27,22,3,0,0,0,0,11,7,8,Home Win
2039,2016-02-04,Japan Brave Blossoms,Ireland Rugby,"Murrayfield, Edinburgh",The Rugby Championship,5,37,39,4,4,44,56,0,1,0,0,Richie Curry,Ireland Rugby,Lock,Ireland,31,65,0,0,0,0,0,19,1,31,Away Win
2040,2022-03-09,Spain Rugby,USA Eagles,"Murrayfield, Edinburgh",World Rugby U20 Championship,4,41,39,5,3,55,45,0,0,0,0,Henry de Klerk,USA Eagles,Blindside Flanker,New Zealand,33,84,0,0,0,0,0,8,7,145,Home Win
2041,2015-12-17,Wales Rugby,England Rugby,"Ellis Park, Johannesburg",Six Nations,5,44,41,6,4,56,44,1,0,0,0,Conor Henshaw,Wales Rugby,Openside Flanker,Wales,25,2,3,0,0,0,0,12,1,6,Home Win
2042,2022-10-23,England Rugby,Canada Rugby,"ANZ National Stadium, Suva",Rugby World Cup,7,49,18,5,0,43,57,0,0,0,0,Liam Taylor,England Rugby,Inside Centre,South Africa,31,25,0,0,0,0,0,8,0,47,Home Win
2043,2016-03-02,Scotland Rugby,Ireland Rugby,"Estadio Jose Amalfitani, Buenos Aires",Autumn Internationals,2,30,44,4,8,62,38,0,0,0,0,Tadhg Johnson,Ireland Rugby,Loosehead Prop,South Africa,26,,0,0,0,0,0,8,4,34,Away Win
2044,2020-03-17,Samoa Rugby,Spain Rugby,"Apia Park, Samoa",Rugby Europe Championship,6,39,58,4,7,41,59,1,1,0,0,Noah Dupont,Samoa Rugby,Blindside Flanker,Samoa,26,64,3,0,0,0,0,19,8,53,Away Win
2045,2020-01-25,Canada Rugby,France XV,"Aviva Stadium, Dublin",Rugby Europe Championship,4,15,21,0,3,62,38,0,0,0,0,Liam Lowe,France XV,Openside Flanker,Senegal,30,28,2,0,0,0,0,12,0,124,Away Win
2046,2016-09-01,Japan Brave Blossoms,Fiji Rugby,"Mikheil Meskhi Stadium, Tbilisi",Rugby Europe Championship,3,28,41,4,5,46,54,2,0,0,0,Kieran van der Merwe,Japan Brave Blossoms,Lock,Australia,29,83,1,0,0,0,0,18,5,9,Away Win
2047,2020-12-24,Argentina Pumas,Romania Rugby,"Twickenham, London",The Rugby Championship,2,24,32,2,2,44,56,0,1,0,0,Kieran Johnson,Romania Rugby,Right Wing,France,20,62,1,0,0,0,0,13,5,41,Away Win
2048,2020-05-02,Scotland Rugby,Canada Rugby,"Murrayfield, Edinburgh",Rugby World Cup,1,54,39,8,4,37,63,1,0,0,0,Sean Porter,Canada Rugby,Scrum-half,New Zealand,32,44,0,0,0,0,0,19,7,96,Home Win
2049,2020-03-01,South Africa Springboks,Canada Rugby,"Principality Stadium, Cardiff",Rugby Europe Championship,4,21,32,3,4,54,46,0,0,0,0,Sam Barrett,Canada Rugby,Left Wing,New Zealand,32,28,0,0,0,0,0,19,1,123,Away Win
2050,2019-05-03,USA Eagles,Samoa Rugby,"Estadio Jose Amalfitani, Buenos Aires",World Rugby U20 Championship,5,36,33,3,6,56,44,0,0,0,0,Kieran Carbery,USA Eagles,Fullback,South Africa,24,9,0,0,4,0,0,13,7,117,Home Win
2051,2018-05-17,Spain Rugby,South Africa Springboks,"Ellis Park, Johannesburg",Pacific Nations Cup,6,24,15,4,3,39,61,0,0,0,0,Callum Porter,Spain Rugby,Lock,Spain,28,25,0,0,0,0,0,2,4,167,Home Win
2052,2021-08-10,Italy Rugby,New Zealand All Blacks,"Apia Park, Samoa",Rugby World Cup,6,16,37,1,4,40,60,0,1,1,1,Tadhg Carbery,Italy Rugby,Tighthead Prop,Argentina,28,59,3,0,0,0,0,9,0,111,Away Win
2053,2024-04-15,Samoa Rugby,Canada Rugby,"Murrayfield, Edinburgh",Rugby Europe Championship,2,26,33,2,5,51,49,2,0,0,0,Benjamin Curry,Canada Rugby,Left Wing,New Zealand,28,93,2,0,0,0,0,18,4,80,Away Win
2054,2019-02-12,New Zealand All Blacks,South Africa Springboks,"Twickenham, London",The Rugby Championship,3,60,44,8,6,43,57,0,0,0,0,Oliver Brown,South Africa Springboks,Fullback,South Africa,24,88,2,0,3,0,0,19,3,108,Home Win
2055,2022-08-23,Japan Brave Blossoms,England Rugby,"Eden Park, Auckland",Rugby Europe Championship,8,36,23,3,4,38,62,0,0,0,0,Malcolm de Klerk,Japan Brave Blossoms,Blindside Flanker,Japan,24,62,2,0,0,0,0,9,2,128,Home Win
2056,2015-07-13,England Rugby,Tonga Rugby,"Estadio Jose Amalfitani, Buenos Aires",Pacific Nations Cup,2,35,46,5,5,45,55,0,0,0,0,Oliver Caelan,Tonga Rugby,Lock,New Zealand,26,54,1,0,0,0,0,0,5,145,Away Win
2057,2017-05-12,Wales Rugby,Australia Wallabies,"Mikheil Meskhi Stadium, Tbilisi",Rugby World Cup,3,33,48,5,6,39,61,0,0,0,0,Richie Hogg,Australia Wallabies,Right Wing,Fiji,31,98,3,0,0,0,0,16,7,146,Away Win
2058,2015-05-23,Australia Wallabies,USA Eagles,"Stade de France, Paris",,3,14,44,2,5,43,57,0,0,0,0,Liam Brown,USA Eagles,Number 8,South Africa,29,50,1,0,0,1,0,2,8,108,Away Win
2059,2018-01-14,Ireland Rugby,Wales Rugby,"Stade de France, Paris",The Rugby Championship,7,54,27,7,3,47,53,0,0,0,0,Richie Smith,Ireland Rugby,Right Wing,Ireland,25,91,0,0,0,0,0,15,3,4,Home Win
2060,2018-06-27,Fiji Rugby,Ireland Rugby,"Principality Stadium, Cardiff",Rugby World Cup,2,47,58,8,8,52,48,0,1,0,0,Charles Taylor,Ireland Rugby,Left Wing,South Africa,30,9,2,0,0,0,0,2,1,24,Away Win
2061,2021-04-13,Italy Rugby,Tonga Rugby,"ANZ National Stadium, Suva",World Rugby U20 Championship,5,40,17,7,2,48,52,2,0,0,0,Alun Lowe,Italy Rugby,Loosehead Prop,Italy,18,92,1,0,0,0,0,0,3,125,Home Win
2062,2020-07-15,Ireland Rugby,Uruguay Rugby,"Stadio Olimpico, Rome",Rugby World Cup,6,9,31,0,3,49,51,0,0,0,0,Ethan Ntamack,Uruguay Rugby,Right Wing,Argentina,31,110,2,0,0,0,0,16,5,40,Away Win
2063,2024-08-15,France XV,Japan Brave Blossoms,"Murrayfield, Edinburgh",Autumn Internationals,5,16,33,1,3,46,54,0,1,0,0,Malcolm Brown,France XV,Right Wing,France,20,73,2,0,0,0,0,18,0,33,Away Win
2064,2022-07-28,Fiji Rugby,Uruguay Rugby,"Principality Stadium, Cardiff",Rugby World Cup,4,67,56,8,8,35,65,1,2,0,0,Sam Itoje,Fiji Rugby,Inside Centre,Fiji,25,52,3,0,0,0,0,,5,151,Home Win
2065,2023-06-22,Tonga Rugby,France XV,"Stade de France, Paris",Autumn Internationals,1,65,38,8,7,35,65,0,0,0,0,William Johnson,Tonga Rugby,Loosehead Prop,Tonga,22,98,3,0,0,0,0,7,7,41,Home Win
2066,2022-11-04,Uruguay Rugby,New Zealand All Blacks,"National Stadium, Tokyo",World Rugby U20 Championship,1,41,51,5,6,60,40,0,1,0,0,Siya de Klerk,New Zealand All Blacks,Openside Flanker,New Zealand,,105,3,0,0,0,0,12,4,152,Away Win
2067,2020-09-17,Scotland Rugby,South Africa Springboks,"Principality Stadium, Cardiff",,2,0,13,0,2,65,35,0,0,0,0,Alun Doris,South Africa Springboks,Scrum-half,South Africa,,115,0,0,0,0,0,16,0,78,Away Win
2068,2024-11-02,New Zealand All Blacks,France XV,"Mikheil Meskhi Stadium, Tbilisi",Rugby World Cup,8,28,57,3,8,64,36,1,0,0,0,Stuart Kolbe,New Zealand All Blacks,Right Wing,New Zealand,25,74,0,0,0,0,0,6,1,147,Away Win
2069,2019-11-26,Ireland Rugby,Romania Rugby,"Apia Park, Samoa",Six Nations,6,8,23,1,1,46,54,0,1,0,0,Finn Dupont,Romania Rugby,Fly-half,Romania,28,58,0,5,1,0,0,17,8,114,Away Win
2070,2016-04-25,Romania Rugby,Fiji Rugby,"Stadio Olimpico, Rome",The Rugby Championship,1,23,55,3,7,56,44,0,0,0,0,Kieran Porter,Fiji Rugby,Outside Centre,Fiji,26,73,1,0,0,0,0,14,0,46,Away Win
2071,2018-04-27,Fiji Rugby,France XV,"Stadio Olimpico, Rome",Rugby World Cup,2,53,49,7,8,61,39,0,1,0,0,Sean Jones,Fiji Rugby,Fullback,Fiji,28,20,3,0,2,0,0,11,,159,Home Win
2072,2019-10-16,Spain Rugby,Australia Wallabies,"ANZ National Stadium, Suva",Six Nations,7,34,34,5,5,44,56,0,0,0,0,Siya Kolbe,Spain Rugby,Number 8,Argentina,27,46,1,0,0,0,0,9,8,136,Draw
2073,2016-02-27,USA Eagles,Samoa Rugby,"Ellis Park, Johannesburg",The Rugby Championship,7,41,25,7,3,49,51,0,0,0,0,Charles Doris,Samoa Rugby,Right Wing,Samoa,21,109,0,0,0,1,0,16,3,17,Home Win
2074,2020-07-07,Scotland Rugby,Fiji Rugby,"Apia Park, Samoa",Six Nations,4,58,18,8,2,39,61,0,0,0,0,Josh Henshaw,Fiji Rugby,Tighthead Prop,Fiji,30,52,1,0,0,0,0,20,3,42,Home Win
2075,2023-11-13,Tonga Rugby,Australia Wallabies,"National Stadium, Tokyo",Autumn Internationals,5,54,41,7,6,35,65,0,0,0,0,Finn Faletau,Australia Wallabies,Scrum-half,Fiji,25,13,1,0,0,0,0,4,2,146,Home Win
2076,2017-06-08,New Zealand All Blacks,Italy Rugby,"ANZ National Stadium, Suva",Pacific Nations Cup,5,13,54,1,8,43,57,0,0,0,0,Tadhg Doris,New Zealand All Blacks,Loosehead Prop,New Zealand,20,7,1,0,0,0,0,6,2,129,Away Win
2077,2020-08-04,Canada Rugby,Tonga Rugby,"Principality Stadium, Cardiff",Rugby Europe Championship,7,28,20,2,1,60,40,0,0,0,0,Beauden Henshaw,Tonga Rugby,Lock,New Zealand,25,39,3,0,0,0,0,16,8,44,Home Win
2078,2021-04-03,Georgia Rugby,Wales Rugby,"Principality Stadium, Cardiff",Six Nations,4,0,52,0,8,50,50,0,0,0,0,Rory Porter,Georgia Rugby,Fullback,Georgia,33,52,2,0,4,0,0,9,7,72,Away Win
2079,2016-01-23,South Africa Springboks,Argentina Pumas,"Apia Park, Samoa",Rugby World Cup,7,51,24,6,3,59,41,2,0,0,0,Liam Hogg,South Africa Springboks,Left Wing,South Africa,30,43,3,0,0,0,0,12,2,,Home Win
2080,2015-03-28,Italy Rugby,South Africa Springboks,"Principality Stadium, Cardiff",Rugby World Cup,5,49,6,6,0,54,46,0,0,0,0,Richie de Klerk,South Africa Springboks,Hooker,South Africa,25,4,3,0,0,0,0,17,4,81,Home Win
2081,2018-09-19,Argentina Pumas,Ireland Rugby,"Stade de France, Paris",The Rugby Championship,5,44,0,4,0,55,45,1,0,0,0,Kieran Kolbe,Ireland Rugby,Left Wing,Ireland,25,85,0,0,0,1,0,0,6,111,Home Win
2082,2020-06-09,Georgia Rugby,Spain Rugby,"Apia Park, Samoa",Rugby Europe Championship,2,20,62,2,8,59,41,0,0,0,0,Finn Jones,Georgia Rugby,Scrum-half,Georgia,25,76,2,0,0,0,0,12,8,0,Away Win
2083,2019-12-20,Scotland Rugby,Ireland Rugby,"Ellis Park, Johannesburg",Six Nations,5,23,0,3,0,58,42,1,0,0,0,Sean Watson,Scotland Rugby,Lock,Australia,35,38,0,0,0,0,0,7,7,164,Home Win
2084,2018-01-17,New Zealand All Blacks,Scotland Rugby,"Principality Stadium, Cardiff",World Rugby U20 Championship,5,25,25,1,4,53,47,0,0,0,0,Taulupe Russell,New Zealand All Blacks,Left Wing,New Zealand,28,14,2,0,0,0,0,3,8,32,Draw
2085,2016-12-03,Scotland Rugby,Spain Rugby,"Murrayfield, Edinburgh",Rugby World Cup,8,35,6,4,0,46,54,0,0,0,0,Alun Doris,Spain Rugby,Lock,Argentina,28,62,2,0,0,0,0,12,6,1,Home Win
2086,2016-09-01,New Zealand All Blacks,Romania Rugby,"Stade de France, Paris",Autumn Internationals,4,68,22,8,2,56,44,1,0,0,0,Henry Curry,New Zealand All Blacks,Loosehead Prop,New Zealand,31,18,3,0,0,0,0,15,7,95,Home Win
2087,2022-09-03,Wales Rugby,Italy Rugby,"Murrayfield, Edinburgh",The Rugby Championship,3,26,49,4,8,50,50,0,0,0,0,Liam Barrett,Wales Rugby,Fly-half,Wales,27,98,2,1,4,0,0,12,0,133,Away Win
2088,2016-05-20,New Zealand All Blacks,France XV,"Teufaiva Stadium, Tonga",Pacific Nations Cup,8,39,52,4,7,41,59,0,0,0,0,Hugo Hogg,New Zealand All Blacks,Hooker,New Zealand,25,78,2,0,0,0,0,10,,115,Away Win
2089,2024-02-02,Tonga Rugby,Romania Rugby,"Estadio Jose Amalfitani, Buenos Aires",Rugby Europe Championship,1,35,19,4,1,55,45,0,0,0,0,Taulupe Carbery,Tonga Rugby,Outside Centre,Tonga,26,65,3,0,0,0,0,13,1,99,Home Win
2090,2021-08-04,Georgia Rugby,Romania Rugby,"Twickenham, London",Autumn Internationals,6,40,32,7,2,59,41,0,0,0,0,Tadhg Caelan,Romania Rugby,Left Wing,Romania,26,75,0,0,0,0,0,20,8,74,Home Win
2091,2022-07-07,Argentina Pumas,Wales Rugby,"Ellis Park, Johannesburg",Pacific Nations Cup,6,40,48,5,6,38,62,0,0,0,0,Richie Smith,Argentina Pumas,Loosehead Prop,Argentina,26,8,2,0,0,0,0,13,0,38,Away Win
2092,2024-07-17,Uruguay Rugby,Australia Wallabies,"Apia Park, Samoa",Six Nations,3,53,57,8,8,64,36,0,0,1,0,Henry van der Merwe,Uruguay Rugby,Right Wing,Argentina,29,83,3,0,0,0,0,13,5,70,Away Win
2093,2016-01-27,Scotland Rugby,USA Eagles,"Apia Park, Samoa",The Rugby Championship,4,26,35,2,5,60,40,0,1,0,0,Antoine Smith,Scotland Rugby,Outside Centre,Australia,27,82,0,0,0,0,0,0,4,,Away Win
2094,2022-06-05,Tonga Rugby,USA Eagles,"Murrayfield, Edinburgh",Rugby Europe Championship,1,51,22,7,1,58,42,0,0,0,0,Charles van der Merwe,USA Eagles,Outside Centre,USA,29,38,1,0,0,1,0,18,0,176,Home Win
2095,2017-12-12,Georgia Rugby,South Africa Springboks,"Aviva Stadium, Dublin",Six Nations,2,44,27,6,3,44,56,2,0,0,0,Malcolm van der Merwe,Georgia Rugby,Number 8,Georgia,,115,1,0,0,1,0,6,6,158,Home Win
2096,2019-01-23,England Rugby,Argentina Pumas,"National Stadium, Tokyo",Rugby Europe Championship,8,35,23,3,1,56,44,0,1,0,0,Beauden Henshaw,Argentina Pumas,Loosehead Prop,Argentina,27,42,1,0,0,0,0,5,1,177,Home Win
2097,2023-11-01,England Rugby,Uruguay Rugby,"Stadium Australia, Sydney",Pacific Nations Cup,2,24,53,3,8,40,60,0,0,0,0,Pieter Dupont,Uruguay Rugby,Right Wing,Argentina,19,48,1,0,0,0,0,0,7,2,Away Win
2098,2023-08-26,Canada Rugby,Tonga Rugby,"Aviva Stadium, Dublin",The Rugby Championship,2,27,24,2,3,64,36,1,0,0,0,Romain Smith,Canada Rugby,Loosehead Prop,New Zealand,30,50,1,0,0,0,0,11,1,123,Home Win
2099,2024-06-07,USA Eagles,Argentina Pumas,"Ellis Park, Johannesburg",Rugby Europe Championship,3,61,37,7,3,45,55,0,0,0,1,Henry Barrett,Argentina Pumas,Lock,Argentina,28,54,0,0,0,0,0,2,5,38,Home Win
2100,2023-02-01,Georgia Rugby,South Africa Springboks,"Ellis Park, Johannesburg",The Rugby Championship,2,10,61,2,7,61,39,0,1,0,0,Mason Curry,South Africa Springboks,Scrum-half,South Africa,30,15,3,0,0,0,0,0,0,133,Away Win
2101,2016-05-01,South Africa Springboks,Romania Rugby,"Stade de France, Paris",Six Nations,5,18,48,0,5,38,62,0,1,0,1,Josh Furlong,South Africa Springboks,Right Wing,South Africa,18,85,3,0,0,0,0,1,2,27,Away Win
2102,2019-07-15,England Rugby,Wales Rugby,"Stadio Olimpico, Rome",Autumn Internationals,5,25,59,2,8,58,42,0,0,0,0,Hugo van der Merwe,England Rugby,Lock,England,35,80,2,0,0,0,0,10,1,44,Away Win
2103,2016-07-13,Samoa Rugby,USA Eagles,"Stadium Australia, Sydney",Autumn Internationals,2,37,0,3,0,44,56,0,0,0,0,Conor Itoje,Samoa Rugby,Loosehead Prop,New Zealand,26,68,3,0,0,0,0,18,5,48,Home Win
2104,2021-05-04,Canada Rugby,Uruguay Rugby,,Six Nations,7,16,25,1,3,45,55,0,0,0,0,Richie Jones,Canada Rugby,Scrum-half,Canada,31,29,2,0,0,0,0,8,2,172,Away Win
2105,2024-04-06,Samoa Rugby,Italy Rugby,"Stadium Australia, Sydney",World Rugby U20 Championship,7,15,42,2,7,48,52,0,0,0,0,Justin Barrett,Italy Rugby,Fly-half,,22,,2,2,3,0,0,1,2,34,Away Win
2106,2021-11-25,New Zealand All Blacks,Australia Wallabies,"National Stadium, Tokyo",The Rugby Championship,5,51,17,7,3,63,37,1,0,0,0,Cian Furlong,New Zealand All Blacks,Inside Centre,New Zealand,29,16,3,0,0,0,0,14,0,108,Home Win
2107,2019-01-18,England Rugby,South Africa Springboks,"Stade de France, Paris",Pacific Nations Cup,5,17,65,3,7,37,63,0,0,0,0,Callum Furlong,South Africa Springboks,Fullback,South Africa,22,37,1,0,1,0,0,19,2,34,Away Win
2108,2017-02-22,Fiji Rugby,South Africa Springboks,"Teufaiva Stadium, Tonga",Pacific Nations Cup,6,22,13,2,1,48,52,2,0,0,0,Justin Watson,South Africa Springboks,Right Wing,South Africa,24,39,1,0,0,0,0,9,7,84,Home Win
2109,2021-10-23,Uruguay Rugby,South Africa Springboks,"Apia Park, Samoa",Rugby Europe Championship,4,15,61,2,8,55,45,0,2,0,0,Owen Caelan,Uruguay Rugby,Lock,Argentina,34,53,3,0,0,0,0,2,8,145,Away Win
2110,2024-03-23,Japan Brave Blossoms,Samoa Rugby,"Ellis Park, Johannesburg",Rugby World Cup,6,47,29,7,2,36,64,0,0,0,0,Antoine Carbery,Samoa Rugby,Lock,Samoa,26,65,3,0,0,0,0,18,7,173,Home Win
2111,2015-02-24,France XV,New Zealand All Blacks,"Aviva Stadium, Dublin",Six Nations,7,42,0,6,0,45,55,0,0,0,0,Antoine Watson,France XV,Hooker,Ivory Coast,27,81,0,0,0,0,0,8,5,131,Home Win
2112,2021-06-23,Romania Rugby,Tonga Rugby,"ANZ National Stadium, Suva",Six Nations,5,40,28,8,3,38,62,0,0,0,0,Rory Doris,Romania Rugby,Lock,France,30,42,1,0,0,1,0,14,7,127,Home Win
2113,2018-11-03,Fiji Rugby,South Africa Springboks,"Eden Park, Auckland",The Rugby Championship,8,14,26,1,4,55,45,1,0,0,0,Stuart Lowe,South Africa Springboks,Loosehead Prop,South Africa,28,62,2,0,0,1,0,13,7,171,Away Win
2114,2021-07-17,Scotland Rugby,Tonga Rugby,"ANZ National Stadium, Suva",Rugby Europe Championship,4,18,22,0,3,47,53,1,1,0,0,Justin Watson,Tonga Rugby,Inside Centre,New Zealand,27,95,3,0,0,0,0,0,7,143,Away Win
2115,2021-12-22,Tonga Rugby,Argentina Pumas,"Ellis Park, Johannesburg",Six Nations,7,20,29,1,4,38,62,1,0,0,0,Richie de Klerk,Argentina Pumas,Lock,Argentina,28,75,0,0,0,0,0,19,5,100,Away Win
2116,2016-07-09,South Africa Springboks,Tonga Rugby,"Eden Park, Auckland",Autumn Internationals,8,3,35,0,4,55,45,0,1,0,0,Sam Faletau,Tonga Rugby,Blindside Flanker,Tonga,36,120,1,0,0,0,0,5,5,148,Away Win
2117,2016-03-23,South Africa Springboks,USA Eagles,"National Stadium, Tokyo",Pacific Nations Cup,7,19,38,1,5,61,39,1,0,0,0,Rory Taylor,South Africa Springboks,Openside Flanker,South Africa,26,66,1,0,0,0,0,0,2,16,Away Win
2118,2019-03-23,England Rugby,Canada Rugby,"ANZ National Stadium, Suva",World Rugby U20 Championship,6,16,34,1,5,56,44,2,0,0,0,Faf Itoje,England Rugby,Fullback,New Zealand,27,17,2,0,4,0,0,13,3,1,Away Win
2119,2022-09-20,Ireland Rugby,Romania Rugby,"Murrayfield, Edinburgh",Rugby World Cup,6,30,32,3,5,48,52,0,0,0,0,Siya Jones,Romania Rugby,Number 8,France,31,88,1,0,0,0,0,,1,140,Away Win
2120,2020-09-04,Samoa Rugby,New Zealand All Blacks,"ANZ National Stadium, Suva",Rugby World Cup,6,54,15,8,0,52,48,1,1,0,0,Alun Faletau,New Zealand All Blacks,Hooker,New Zealand,31,76,1,0,0,0,0,17,6,96,Home Win
2121,2024-07-08,Georgia Rugby,Argentina Pumas,"Stade de France, Paris",Autumn Internationals,3,10,50,2,6,64,36,0,0,0,0,Beauden Dupont,Argentina Pumas,Loosehead Prop,Argentina,31,42,1,0,0,0,0,,0,64,Away Win
2122,2022-08-08,Samoa Rugby,Spain Rugby,"Principality Stadium, Cardiff",Autumn Internationals,1,54,33,8,5,49,51,1,0,0,0,Jamie Watson,Spain Rugby,Left Wing,Spain,29,68,2,0,0,0,0,16,5,167,Home Win
2123,2016-07-08,Spain Rugby,Tonga Rugby,"Stadio Olimpico, Rome",Pacific Nations Cup,6,21,38,2,5,50,50,0,0,0,0,Grégoire Itoje,Tonga Rugby,Openside Flanker,New Zealand,22,116,0,0,0,0,0,2,8,144,Away Win
2124,2015-01-11,Spain Rugby,South Africa Springboks,"National Stadium, Tokyo",Rugby World Cup,6,23,40,4,5,45,55,0,0,0,0,Richie Johnson,Spain Rugby,Lock,Argentina,33,53,1,0,0,0,0,15,1,34,Away Win
2125,2024-08-11,Wales Rugby,Tonga Rugby,"Mikheil Meskhi Stadium, Tbilisi",Rugby Europe Championship,1,53,25,6,2,38,62,0,1,0,0,Taulupe Henshaw,Tonga Rugby,Right Wing,New Zealand,22,71,1,0,0,0,0,6,7,108,Home Win
2126,2015-10-16,Tonga Rugby,Georgia Rugby,"ANZ National Stadium, Suva",Pacific Nations Cup,8,68,43,8,5,36,64,0,0,1,0,Sam Curry,Georgia Rugby,Tighthead Prop,Georgia,28,79,0,0,0,0,0,14,3,46,Home Win
2127,2020-07-16,Japan Brave Blossoms,England Rugby,"Ellis Park, Johannesburg",Rugby World Cup,8,53,51,7,5,59,41,2,1,0,0,Benjamin Porter,England Rugby,Fullback,New Zealand,23,76,3,0,0,1,0,9,0,,Home Win
2128,2021-09-07,Uruguay Rugby,Ireland Rugby,"Stadio Olimpico, Rome",Pacific Nations Cup,6,0,63,0,7,41,59,1,0,0,0,Siya Curry,Uruguay Rugby,Scrum-half,Uruguay,26,32,3,0,0,0,0,5,7,133,Away Win
2129,2016-04-16,Australia Wallabies,Fiji Rugby,"Ellis Park, Johannesburg",Autumn Internationals,4,0,56,0,6,65,35,0,0,0,0,Josh Brown,Australia Wallabies,Openside Flanker,New Zealand,28,57,1,0,0,0,0,10,6,11,Away Win
2130,2016-01-11,Fiji Rugby,Japan Brave Blossoms,"Apia Park, Samoa",Rugby Europe Championship,8,51,10,7,2,40,60,0,1,0,0,Justin Dupont,Fiji Rugby,Outside Centre,Fiji,28,42,3,0,0,0,0,,,92,Home Win
2131,2019-10-08,South Africa Springboks,Uruguay Rugby,"Ellis Park, Johannesburg",Autumn Internationals,7,18,67,0,8,61,39,0,0,0,0,Sean Henshaw,Uruguay Rugby,Lock,Uruguay,28,3,2,0,0,0,0,1,,10,Away Win
2132,2024-11-02,Tonga Rugby,Spain Rugby,"Mikheil Meskhi Stadium, Tbilisi",World Rugby U20 Championship,7,34,31,4,4,55,45,0,0,0,0,Antoine Barrett,Tonga Rugby,Scrum-half,Tonga,33,28,3,0,0,0,0,5,4,92,Home Win
2133,2019-05-21,Japan Brave Blossoms,Australia Wallabies,"ANZ National Stadium, Suva",Rugby Europe Championship,7,58,15,6,3,58,42,0,0,0,0,Hamish Doris,Japan Brave Blossoms,Scrum-half,Australia,,103,3,0,0,0,0,10,1,77,Home Win
2134,2023-02-13,New Zealand All Blacks,Spain Rugby,"Principality Stadium, Cardiff",Pacific Nations Cup,2,26,12,3,0,38,62,0,0,0,0,Tadhg Faletau,Spain Rugby,Openside Flanker,Argentina,26,20,2,0,0,0,0,11,3,107,Home Win
2135,2022-12-21,Romania Rugby,Samoa Rugby,"National Stadium, Tokyo",The Rugby Championship,8,20,48,4,5,53,47,0,0,0,0,Benjamin Doris,Romania Rugby,Blindside Flanker,Romania,30,100,3,0,0,0,0,8,2,97,Away Win
2136,2016-06-06,Argentina Pumas,Japan Brave Blossoms,"Principality Stadium, Cardiff",The Rugby Championship,5,47,62,5,8,48,52,0,0,1,0,Hugo Hogg,Argentina Pumas,Loosehead Prop,Argentina,31,33,3,0,0,0,0,19,3,140,Away Win
2137,2022-05-22,Italy Rugby,New Zealand All Blacks,"ANZ National Stadium, Suva",Rugby World Cup,5,42,42,6,4,40,60,0,0,0,0,Cheslin Curry,New Zealand All Blacks,Hooker,,22,72,1,0,0,0,0,4,1,53,Draw
2138,2017-08-11,Ireland Rugby,Tonga Rugby,"Eden Park, Auckland",The Rugby Championship,7,46,71,8,8,63,37,0,0,0,0,Antoine Barrett,Ireland Rugby,Lock,Ireland,29,40,0,0,0,0,0,19,3,125,Away Win
2139,2022-12-14,Ireland Rugby,Uruguay Rugby,"Murrayfield, Edinburgh",The Rugby Championship,7,45,57,5,8,62,38,0,0,1,0,Finn Carbery,Uruguay Rugby,Tighthead Prop,Argentina,29,74,2,0,0,0,0,2,3,106,Away Win
2140,2020-04-13,Spain Rugby,New Zealand All Blacks,,Autumn Internationals,8,47,15,8,3,47,53,0,0,0,0,Sam Smith,New Zealand All Blacks,Blindside Flanker,New Zealand,25,32,2,0,0,0,0,17,3,48,Home Win
2141,2015-03-08,Argentina Pumas,Romania Rugby,"Principality Stadium, Cardiff",Six Nations,1,7,17,1,3,46,54,0,1,0,0,Alun Kolbe,Argentina Pumas,Lock,Argentina,32,104,0,0,0,0,0,2,0,172,Away Win
2142,2017-03-10,Ireland Rugby,Georgia Rugby,"Stadio Olimpico, Rome",Autumn Internationals,3,28,47,2,5,57,43,0,2,0,0,Oliver Faletau,Ireland Rugby,Tighthead Prop,New Zealand,26,9,0,0,0,0,0,10,7,157,Away Win
2143,2020-03-28,Spain Rugby,Uruguay Rugby,"Principality Stadium, Cardiff",Pacific Nations Cup,7,33,42,6,5,52,48,0,0,0,0,Beauden Jones,Spain Rugby,Number 8,Spain,27,29,3,0,0,1,0,14,,71,Away Win
2144,2021-01-16,Tonga Rugby,Australia Wallabies,"Eden Park, Auckland",World Rugby U20 Championship,3,39,54,4,7,54,46,0,0,0,0,Hugo Kolbe,Tonga Rugby,Scrum-half,Tonga,26,16,2,0,0,1,0,6,2,34,Away Win
2145,2019-08-25,Scotland Rugby,Romania Rugby,"Mikheil Meskhi Stadium, Tbilisi",The Rugby Championship,5,27,19,3,1,43,57,0,0,0,0,Conor Doris,Scotland Rugby,Openside Flanker,Australia,27,28,3,0,0,0,0,16,3,,Home Win
2146,2015-01-28,Uruguay Rugby,Samoa Rugby,"Apia Park, Samoa",Autumn Internationals,8,9,18,0,0,39,61,0,1,0,0,Callum Barrett,Uruguay Rugby,Lock,Argentina,22,15,2,0,0,0,0,,0,29,Away Win
2147,2017-03-26,New Zealand All Blacks,Georgia Rugby,"Principality Stadium, Cardiff",Rugby World Cup,4,25,41,1,6,47,53,1,0,0,0,Callum Brown,New Zealand All Blacks,Loosehead Prop,New Zealand,21,9,3,0,0,0,0,,4,81,Away Win
2148,2015-06-14,Spain Rugby,New Zealand All Blacks,"Teufaiva Stadium, Tonga",Autumn Internationals,4,37,22,5,2,46,54,0,1,0,0,Noah Taylor,Spain Rugby,Inside Centre,Spain,33,,3,0,0,0,0,12,6,83,Home Win
2149,2015-06-16,Japan Brave Blossoms,Spain Rugby,"Ellis Park, Johannesburg",Autumn Internationals,6,26,32,3,2,56,44,0,0,0,0,Antoine Brown,Spain Rugby,Blindside Flanker,Spain,23,68,3,0,0,1,0,16,1,102,Away Win
2150,2016-03-10,Australia Wallabies,Japan Brave Blossoms,"Apia Park, Samoa",Rugby Europe Championship,5,34,26,5,4,64,36,0,0,0,0,Stuart Smith,Japan Brave Blossoms,Left Wing,Japan,23,53,3,0,0,0,0,,0,138,Home Win
2151,2022-01-13,Tonga Rugby,England Rugby,"Ellis Park, Johannesburg",Six Nations,1,8,19,1,1,42,58,1,0,0,0,Kieran Smith,Tonga Rugby,Lock,New Zealand,,41,3,0,0,0,0,13,4,3,Away Win
2152,2022-09-27,Tonga Rugby,South Africa Springboks,"Twickenham, London",Rugby Europe Championship,5,10,13,1,1,59,41,0,0,0,1,Tadhg Russell,Tonga Rugby,Blindside Flanker,Tonga,24,113,2,0,0,0,0,4,4,135,Away Win
2153,2023-05-13,England Rugby,Georgia Rugby,"Eden Park, Auckland",Six Nations,6,11,42,1,5,48,52,0,0,0,0,Siya Barrett,Georgia Rugby,Outside Centre,Georgia,21,119,1,0,0,0,0,8,5,2,Away Win
2154,2019-11-14,France XV,Argentina Pumas,"Apia Park, Samoa",Rugby Europe Championship,4,22,9,1,0,52,48,0,1,0,0,Henry Hogg,Argentina Pumas,Outside Centre,Argentina,33,99,1,0,0,1,0,10,4,163,Home Win
2155,2018-07-25,Spain Rugby,Uruguay Rugby,"National Stadium, Tokyo",Autumn Internationals,1,25,38,1,6,61,39,0,0,0,0,Tadhg Smith,Uruguay Rugby,Outside Centre,Uruguay,31,73,1,0,0,0,0,3,8,,Away Win
2156,2024-06-16,Samoa Rugby,South Africa Springboks,"Mikheil Meskhi Stadium, Tbilisi",Pacific Nations Cup,3,65,22,8,1,39,61,0,0,0,0,William Faletau,Samoa Rugby,Left Wing,New Zealand,24,13,0,0,0,0,0,1,6,45,Home Win
2157,2018-02-25,Tonga Rugby,Canada Rugby,"Ellis Park, Johannesburg",Six Nations,2,42,51,7,5,61,39,1,0,1,0,Alun Taylor,Canada Rugby,Blindside Flanker,New Zealand,36,1,1,0,0,0,0,13,1,108,Away Win
2158,2017-04-11,Uruguay Rugby,Wales Rugby,"ANZ National Stadium, Suva",Autumn Internationals,4,54,26,7,4,58,42,0,0,0,0,Tadhg Brown,Uruguay Rugby,Blindside Flanker,Argentina,30,84,3,0,0,0,0,9,2,87,Home Win
2159,2020-06-23,New Zealand All Blacks,Spain Rugby,"Stadio Olimpico, Rome",World Rugby U20 Championship,8,62,37,7,3,40,60,0,0,0,0,William Taylor,New Zealand All Blacks,Fly-half,New Zealand,25,20,0,1,2,0,0,,1,61,Home Win
2160,2019-09-27,Tonga Rugby,Spain Rugby,"Teufaiva Stadium, Tonga",Rugby Europe Championship,5,23,25,1,2,39,61,0,1,0,0,Owen Jones,Tonga Rugby,Outside Centre,New Zealand,,97,2,0,0,0,0,3,3,122,Away Win
2161,2023-03-05,France XV,Georgia Rugby,"Principality Stadium, Cardiff",World Rugby U20 Championship,1,46,6,8,0,38,62,0,0,0,0,Justin Smith,Georgia Rugby,Lock,Georgia,36,57,2,0,0,1,0,7,8,31,Home Win
2162,2022-08-01,Japan Brave Blossoms,New Zealand All Blacks,"Eden Park, Auckland",The Rugby Championship,4,47,36,5,5,62,38,0,0,0,0,Stuart Henshaw,Japan Brave Blossoms,Inside Centre,New Zealand,21,30,2,0,0,0,0,17,4,125,Home Win
2163,2019-02-11,Samoa Rugby,Georgia Rugby,"Mikheil Meskhi Stadium, Tbilisi",Rugby Europe Championship,4,30,9,3,0,48,52,0,0,0,0,Sean Williams,Georgia Rugby,Hooker,Georgia,20,,0,0,0,0,0,3,5,86,Home Win
2164,2022-01-25,Uruguay Rugby,England Rugby,"Stade de France, Paris",Autumn Internationals,4,12,54,0,6,39,61,1,1,0,0,Owen Taylor,Uruguay Rugby,Outside Centre,Uruguay,31,13,3,0,0,0,0,9,2,76,Away Win
2165,2024-11-20,Fiji Rugby,Ireland Rugby,"Eden Park, Auckland",The Rugby Championship,4,41,37,6,7,61,39,0,0,0,0,Hamish Carbery,Ireland Rugby,Fly-half,New Zealand,36,3,1,2,2,0,0,3,6,138,Home Win
2166,2022-05-10,Canada Rugby,England Rugby,"Twickenham, London",Rugby World Cup,6,30,15,4,0,56,44,0,0,1,0,Henry Furlong,Canada Rugby,Openside Flanker,Canada,32,,3,0,0,0,0,19,3,9,Home Win
2167,2021-11-16,Canada Rugby,South Africa Springboks,"Eden Park, Auckland",Pacific Nations Cup,2,32,36,4,4,43,57,0,0,0,0,Charles de Klerk,Canada Rugby,Right Wing,New Zealand,29,46,2,0,0,0,0,6,,137,Away Win
2168,2017-06-15,Tonga Rugby,Georgia Rugby,"Principality Stadium, Cardiff",Rugby World Cup,2,27,60,3,8,58,42,0,2,0,0,Pieter Johnson,Tonga Rugby,Left Wing,New Zealand,,85,2,0,0,0,0,11,,154,Away Win
2169,2019-08-26,England Rugby,Georgia Rugby,"Murrayfield, Edinburgh",Rugby Europe Championship,7,33,23,3,1,40,60,0,0,0,0,Richie Curry,England Rugby,Hooker,South Africa,30,53,2,0,0,1,0,18,6,72,Home Win
2170,2023-02-28,Scotland Rugby,Australia Wallabies,"Ellis Park, Johannesburg",Rugby Europe Championship,4,58,29,7,2,43,57,1,1,0,0,Siya Caelan,Australia Wallabies,Hooker,Fiji,30,92,2,0,0,0,0,16,4,5,Home Win
2171,2019-09-24,Romania Rugby,Ireland Rugby,"Stadio Olimpico, Rome",Rugby Europe Championship,8,63,9,8,0,56,44,0,1,0,0,Grégoire Watson,Ireland Rugby,Loosehead Prop,Ireland,28,42,1,0,0,0,0,3,1,137,Home Win
2172,2024-02-19,Tonga Rugby,South Africa Springboks,"Ellis Park, Johannesburg",Pacific Nations Cup,4,34,18,5,2,53,47,0,0,0,0,Josh van der Merwe,South Africa Springboks,Blindside Flanker,South Africa,27,54,3,0,0,0,0,20,5,167,Home Win
2173,2022-08-16,Japan Brave Blossoms,Argentina Pumas,"Mikheil Meskhi Stadium, Tbilisi",Rugby Europe Championship,2,42,18,4,0,49,51,1,0,1,1,Faf Itoje,Japan Brave Blossoms,Lock,Japan,26,33,2,0,0,0,0,19,8,82,Home Win
2174,2020-06-24,Canada Rugby,Argentina Pumas,"Stadium Australia, Sydney",World Rugby U20 Championship,8,50,38,6,6,57,43,0,0,0,1,Rory Doris,Canada Rugby,Loosehead Prop,New Zealand,23,88,3,0,0,0,0,15,2,135,Home Win
2175,2019-03-24,Canada Rugby,Spain Rugby,"Mikheil Meskhi Stadium, Tbilisi",World Rugby U20 Championship,7,41,18,6,0,54,46,0,1,0,0,Justin Johnson,Spain Rugby,Left Wing,Argentina,25,116,2,0,0,0,0,1,7,154,Home Win
2176,2016-07-10,Argentina Pumas,USA Eagles,"National Stadium, Tokyo",Rugby World Cup,2,52,27,6,3,35,65,1,0,0,0,Oliver Brown,Argentina Pumas,Openside Flanker,Argentina,20,78,0,0,0,0,0,16,0,,Home Win
2177,2015-03-07,Japan Brave Blossoms,Spain Rugby,"Teufaiva Stadium, Tonga",Autumn Internationals,5,39,29,3,2,40,60,1,0,0,0,Stuart Henshaw,Japan Brave Blossoms,Blindside Flanker,South Africa,26,117,0,0,0,0,0,18,4,107,Home Win
2178,2024-06-04,Italy Rugby,Samoa Rugby,"Ellis Park, Johannesburg",World Rugby U20 Championship,3,6,27,0,3,65,35,0,0,0,0,Stuart Ntamack,Italy Rugby,Right Wing,Italy,23,25,1,0,0,0,0,9,2,135,Away Win
2179,2017-08-16,Scotland Rugby,New Zealand All Blacks,"Teufaiva Stadium, Tonga",Six Nations,2,40,27,7,3,36,64,1,0,0,0,Richie Carbery,Scotland Rugby,Outside Centre,New Zealand,22,90,1,0,0,0,0,17,7,124,Home Win
2180,2022-03-17,USA Eagles,Italy Rugby,"Murrayfield, Edinburgh",Autumn Internationals,5,47,48,7,8,35,65,0,0,0,0,Malcolm Dupont,Italy Rugby,Tighthead Prop,,27,107,2,0,0,0,0,7,1,170,Away Win
2181,2018-12-08,Ireland Rugby,Japan Brave Blossoms,"Murrayfield, Edinburgh",Rugby World Cup,3,36,39,6,5,54,46,0,1,0,0,Rory Williams,Ireland Rugby,Left Wing,New Zealand,32,11,0,0,0,0,0,16,4,94,Away Win
2182,2019-10-07,England Rugby,Uruguay Rugby,"Ellis Park, Johannesburg",Autumn Internationals,6,45,0,6,0,40,60,1,0,0,1,Hugo Barrett,Uruguay Rugby,Lock,Uruguay,30,107,3,0,0,0,0,2,0,25,Home Win
2183,2015-01-14,Australia Wallabies,Japan Brave Blossoms,"Ellis Park, Johannesburg",Six Nations,7,44,37,5,4,36,64,0,0,0,1,Cheslin Hogg,Japan Brave Blossoms,Inside Centre,New Zealand,20,6,2,0,0,0,0,17,0,8,Home Win
2184,2015-03-16,Spain Rugby,Italy Rugby,"Principality Stadium, Cardiff",Pacific Nations Cup,4,35,47,4,7,62,38,0,1,0,0,Owen Itoje,Spain Rugby,Loosehead Prop,Argentina,23,108,2,0,0,0,0,8,0,99,Away Win
2185,2023-03-16,Argentina Pumas,France XV,"Teufaiva Stadium, Tonga",Autumn Internationals,2,5,32,1,4,65,35,0,1,0,0,Alun Jones,France XV,Scrum-half,Senegal,30,22,3,0,0,0,0,10,0,67,Away Win
2186,2022-11-01,Ireland Rugby,Italy Rugby,"Estadio Jose Amalfitani, Buenos Aires",,1,43,0,5,0,42,58,0,0,0,0,Taulupe de Klerk,Ireland Rugby,Fullback,New Zealand,23,80,3,0,0,0,0,13,8,29,Home Win
2187,2016-05-08,Italy Rugby,Romania Rugby,"Principality Stadium, Cardiff",The Rugby Championship,8,23,30,2,3,58,42,0,0,0,0,Oliver Smith,Italy Rugby,Outside Centre,South Africa,26,64,3,0,0,0,0,,5,28,Away Win
2188,2022-07-04,Samoa Rugby,Tonga Rugby,"Estadio Jose Amalfitani, Buenos Aires",World Rugby U20 Championship,7,44,56,7,7,39,61,0,0,0,0,Finn Brown,Samoa Rugby,Lock,New Zealand,29,27,0,0,0,1,0,4,1,92,Away Win
2189,2023-11-19,Argentina Pumas,South Africa Springboks,"Ellis Park, Johannesburg",Six Nations,1,44,44,5,4,47,53,0,1,1,0,Kieran Dupont,Argentina Pumas,Outside Centre,Argentina,23,52,1,0,0,0,0,3,0,143,Draw
2190,2018-08-02,South Africa Springboks,Italy Rugby,"Stade de France, Paris",The Rugby Championship,6,38,14,5,1,63,37,0,0,0,0,Justin Curry,Italy Rugby,Fullback,South Africa,27,112,1,0,3,0,0,11,3,96,Home Win
2191,2021-10-09,Canada Rugby,New Zealand All Blacks,"Eden Park, Auckland",Pacific Nations Cup,8,46,67,8,7,61,39,0,0,0,0,Liam Faletau,Canada Rugby,Openside Flanker,Canada,21,42,2,0,0,0,1,7,3,6,Away Win
2192,2015-07-09,Spain Rugby,Uruguay Rugby,"National Stadium, Tokyo",Rugby Europe Championship,4,41,38,7,5,63,37,0,0,0,0,Tadhg Russell,Spain Rugby,Loosehead Prop,Spain,24,17,3,0,0,0,0,5,7,108,Home Win
2193,2020-08-11,France XV,Romania Rugby,"Aviva Stadium, Dublin",Autumn Internationals,4,46,59,8,8,50,50,0,0,0,0,Kieran Itoje,France XV,Blindside Flanker,Senegal,28,29,1,0,0,0,0,17,5,18,Away Win
2194,2020-01-24,USA Eagles,Uruguay Rugby,"Stadium Australia, Sydney",Rugby World Cup,4,19,42,1,8,46,54,0,1,0,0,Tadhg Henshaw,USA Eagles,Fullback,New Zealand,20,6,2,0,2,0,0,19,3,55,Away Win
2195,2018-09-15,Argentina Pumas,Uruguay Rugby,"Stadio Olimpico, Rome",Pacific Nations Cup,4,18,13,0,2,54,46,0,2,0,0,Benjamin Taylor,Argentina Pumas,Lock,Argentina,28,107,0,0,0,0,0,9,1,35,Home Win
2196,2021-06-22,Japan Brave Blossoms,Wales Rugby,"Apia Park, Samoa",Six Nations,2,34,38,4,5,52,48,1,0,0,0,Malcolm Porter,Japan Brave Blossoms,Lock,Australia,26,102,0,0,0,0,0,18,,105,Away Win
2197,2023-11-25,Scotland Rugby,Canada Rugby,"Stade de France, Paris",Rugby World Cup,7,12,25,0,2,57,43,0,0,0,0,Justin Faletau,Canada Rugby,Fullback,Canada,29,49,3,0,4,0,0,15,2,99,Away Win
2198,2022-04-17,Samoa Rugby,Wales Rugby,"Eden Park, Auckland",Rugby Europe Championship,3,15,21,3,3,54,46,1,0,0,0,Faf Brown,Samoa Rugby,Scrum-half,New Zealand,27,89,3,0,0,0,0,16,6,48,Away Win
2199,2015-07-25,Tonga Rugby,New Zealand All Blacks,"Mikheil Meskhi Stadium, Tbilisi",Autumn Internationals,2,20,50,2,7,62,38,0,0,0,0,Justin Doris,Tonga Rugby,Hooker,New Zealand,32,87,3,0,0,0,0,9,1,170,Away Win
2200,2024-09-28,Canada Rugby,New Zealand All Blacks,"Stadium Australia, Sydney",World Rugby U20 Championship,5,38,56,4,8,65,35,1,1,0,0,Charles van der Merwe,Canada Rugby,Blindside Flanker,New Zealand,27,70,3,0,0,0,0,20,2,99,Away Win
2201,2020-11-20,Japan Brave Blossoms,South Africa Springboks,"Mikheil Meskhi Stadium, Tbilisi",Pacific Nations Cup,8,35,33,4,3,35,65,1,0,0,0,Grégoire Brown,South Africa Springboks,Tighthead Prop,South Africa,25,54,3,0,0,0,1,2,5,81,Home Win
2202,2020-07-05,France XV,USA Eagles,"Aviva Stadium, Dublin",Autumn Internationals,5,31,27,4,3,40,60,0,0,0,0,Romain Taylor,USA Eagles,Loosehead Prop,New Zealand,27,68,2,0,0,0,0,14,8,70,Home Win
2203,2023-11-11,France XV,USA Eagles,"Stadio Olimpico, Rome",Autumn Internationals,6,30,41,2,5,39,61,0,0,0,0,Sam Jones,France XV,Number 8,Ivory Coast,29,,1,0,0,1,0,19,4,11,Away Win
2204,2021-11-18,Scotland Rugby,Romania Rugby,"Estadio Jose Amalfitani, Buenos Aires",Six Nations,4,17,24,2,3,46,54,0,0,0,0,Charles Faletau,Scotland Rugby,Hooker,Australia,27,8,1,0,0,0,0,8,8,13,Away Win
2205,2020-01-21,Uruguay Rugby,Scotland Rugby,"Principality Stadium, Cardiff",Rugby World Cup,1,25,18,1,2,62,38,0,1,0,0,Oliver Caelan,Scotland Rugby,Fullback,Australia,27,110,0,0,0,0,0,12,5,170,Home Win
2206,2017-11-24,Argentina Pumas,Italy Rugby,"Stadio Olimpico, Rome",Autumn Internationals,5,17,18,2,0,57,43,0,0,0,0,Callum Jones,Italy Rugby,Number 8,Argentina,24,100,1,0,0,0,0,12,5,102,Away Win
2207,2016-04-22,France XV,USA Eagles,"Mikheil Meskhi Stadium, Tbilisi",The Rugby Championship,1,19,31,2,5,40,60,0,0,0,0,Stuart Henshaw,France XV,Lock,Senegal,24,98,3,0,0,0,0,11,0,81,Away Win
2208,2020-04-23,Samoa Rugby,Spain Rugby,"Stadio Olimpico, Rome",Pacific Nations Cup,8,45,44,5,5,64,36,0,1,0,0,Siya Johnson,Samoa Rugby,Outside Centre,New Zealand,21,,1,0,0,0,0,3,6,70,Home Win
2209,2018-04-25,Japan Brave Blossoms,Fiji Rugby,"Apia Park, Samoa",Six Nations,5,42,62,5,7,55,45,0,1,0,1,Mason de Klerk,Fiji Rugby,Left Wing,Fiji,33,82,3,0,0,0,0,15,2,130,Away Win
2210,2024-10-15,New Zealand All Blacks,England Rugby,"Estadio Jose Amalfitani, Buenos Aires",The Rugby Championship,5,10,55,2,8,55,45,0,0,0,0,Owen Doris,England Rugby,Loosehead Prop,New Zealand,22,118,1,0,0,0,0,0,5,164,Away Win
2211,2020-02-21,Samoa Rugby,Italy Rugby,"Twickenham, London",Rugby Europe Championship,4,24,34,4,3,62,38,0,0,0,0,Cian Caelan,Samoa Rugby,Blindside Flanker,Samoa,24,79,2,0,0,0,0,17,4,83,Away Win
2212,2021-05-21,England Rugby,Wales Rugby,"Twickenham, London",Rugby World Cup,2,41,38,5,4,53,47,0,0,1,0,Noah Watson,England Rugby,Loosehead Prop,South Africa,24,80,2,0,0,1,0,20,6,33,Home Win
2213,2020-08-05,Ireland Rugby,Georgia Rugby,"Eden Park, Auckland",Rugby Europe Championship,8,48,9,8,0,51,49,0,1,0,0,Cheslin Johnson,Georgia Rugby,Inside Centre,Georgia,30,84,1,0,0,0,0,6,6,144,Home Win
2214,2022-12-19,USA Eagles,Samoa Rugby,"Twickenham, London",Pacific Nations Cup,3,40,14,6,2,48,52,1,0,0,0,Owen Ntamack,Samoa Rugby,Number 8,Samoa,25,110,3,0,0,1,0,10,3,49,Home Win
2215,2021-02-20,Uruguay Rugby,Fiji Rugby,"Stadio Olimpico, Rome",Autumn Internationals,2,45,43,7,6,38,62,1,1,0,0,Jamie Doris,Fiji Rugby,Fly-half,Fiji,31,46,3,0,0,0,0,10,3,131,Home Win
2216,2024-04-06,Uruguay Rugby,Tonga Rugby,"Apia Park, Samoa",Pacific Nations Cup,8,30,50,2,7,40,60,0,0,0,0,Pieter Johnson,Uruguay Rugby,Left Wing,Uruguay,24,34,1,0,0,0,0,0,7,83,Away Win
2217,2024-07-22,France XV,Spain Rugby,"Aviva Stadium, Dublin",The Rugby Championship,7,26,28,2,4,35,65,2,1,0,0,William Itoje,Spain Rugby,Number 8,Argentina,28,110,1,0,0,0,0,10,0,165,Away Win
2218,2023-07-15,Wales Rugby,England Rugby,"Twickenham, London",Rugby World Cup,8,47,22,5,1,46,54,0,2,0,0,Hugo Carbery,England Rugby,Openside Flanker,New Zealand,23,,0,0,0,1,0,1,4,60,Home Win
2219,2021-11-28,Georgia Rugby,Samoa Rugby,"Teufaiva Stadium, Tonga",Rugby Europe Championship,7,39,54,5,7,50,50,0,0,0,0,Jamie Smith,Samoa Rugby,Outside Centre,New Zealand,35,97,1,0,0,0,0,9,,179,Away Win
2220,2018-01-11,Scotland Rugby,Uruguay Rugby,"Stade de France, Paris",Rugby Europe Championship,5,23,55,2,8,51,49,0,1,0,0,Malcolm Brown,Scotland Rugby,Blindside Flanker,Australia,22,112,0,0,0,0,0,1,6,101,Away Win
2221,2022-08-20,Georgia Rugby,Spain Rugby,"Principality Stadium, Cardiff",World Rugby U20 Championship,4,7,38,1,4,64,36,0,0,0,0,Ethan Taylor,Spain Rugby,Fly-half,Spain,28,111,1,0,4,0,0,16,4,120,Away Win
2222,2023-11-14,USA Eagles,Tonga Rugby,"Twickenham, London",Autumn Internationals,5,64,28,8,2,65,35,0,0,0,0,Finn Itoje,Tonga Rugby,Loosehead Prop,New Zealand,29,15,1,0,0,0,0,6,6,115,Home Win
2223,2017-09-06,New Zealand All Blacks,Romania Rugby,"Aviva Stadium, Dublin",Rugby Europe Championship,7,22,16,4,1,60,40,0,0,0,0,Faf Caelan,New Zealand All Blacks,Openside Flanker,New Zealand,28,82,1,0,0,0,0,7,1,167,Home Win
2224,2024-01-10,Argentina Pumas,Uruguay Rugby,"Principality Stadium, Cardiff",World Rugby U20 Championship,5,35,42,4,4,52,48,0,0,0,0,Hamish Caelan,Argentina Pumas,Fullback,Argentina,26,12,0,0,4,1,0,17,0,5,Away Win
2225,2016-07-21,Japan Brave Blossoms,Fiji Rugby,"Principality Stadium, Cardiff",,7,22,10,1,1,61,39,0,0,0,0,Hamish Smith,Fiji Rugby,Blindside Flanker,Fiji,26,95,2,0,0,0,0,0,4,159,Home Win
2226,2018-02-12,Scotland Rugby,South Africa Springboks,"Ellis Park, Johannesburg",World Rugby U20 Championship,7,10,65,1,7,39,61,0,0,0,0,Jamie de Klerk,South Africa Springboks,Fly-half,South Africa,,108,2,4,1,0,0,19,0,21,Away Win
2227,2015-09-11,Uruguay Rugby,USA Eagles,"National Stadium, Tokyo",The Rugby Championship,3,44,61,6,8,58,42,0,0,0,0,Cian Watson,Uruguay Rugby,Left Wing,Uruguay,26,1,0,0,0,0,0,10,7,103,Away Win
2228,2017-04-16,Samoa Rugby,Scotland Rugby,"Stadium Australia, Sydney",Rugby World Cup,4,43,24,7,3,61,39,0,0,0,0,Ethan Brown,Samoa Rugby,Inside Centre,,30,27,2,0,0,0,0,,6,83,Home Win
2229,2023-01-10,Fiji Rugby,Samoa Rugby,"Teufaiva Stadium, Tonga",Pacific Nations Cup,3,38,9,4,0,40,60,0,0,0,0,Noah Doris,Fiji Rugby,Openside Flanker,Fiji,35,113,1,0,0,0,0,16,7,55,Home Win
2230,2022-06-28,England Rugby,Georgia Rugby,"Eden Park, Auckland",Rugby World Cup,2,42,21,5,3,59,41,0,0,0,0,Owen Dupont,Georgia Rugby,Outside Centre,Georgia,24,49,3,0,0,0,0,7,7,151,Home Win
2231,2016-03-23,Romania Rugby,Canada Rugby,"Twickenham, London",World Rugby U20 Championship,4,51,41,6,5,62,38,0,0,0,0,Henry Johnson,Canada Rugby,Left Wing,New Zealand,21,42,3,0,0,0,0,0,8,168,Home Win
2232,2018-09-02,Tonga Rugby,France XV,,Rugby World Cup,7,12,44,0,6,45,55,0,2,0,0,William Curry,Tonga Rugby,Tighthead Prop,Tonga,26,75,3,0,0,0,0,15,8,95,Away Win
2233,2017-06-21,Fiji Rugby,Georgia Rugby,"Eden Park, Auckland",World Rugby U20 Championship,7,28,8,4,1,52,48,0,0,0,0,Josh Williams,Georgia Rugby,Hooker,Georgia,37,114,0,0,0,0,0,5,3,180,Home Win
2234,2018-08-05,Argentina Pumas,Japan Brave Blossoms,"Teufaiva Stadium, Tonga",Rugby World Cup,4,23,49,2,6,62,38,0,1,0,0,Taulupe Jones,Argentina Pumas,Outside Centre,Argentina,23,39,1,0,0,0,0,7,0,151,Away Win
2235,2015-02-26,France XV,Romania Rugby,"Estadio Jose Amalfitani, Buenos Aires",Rugby Europe Championship,8,37,52,4,7,63,37,0,0,1,0,Malcolm Smith,Romania Rugby,Lock,France,33,8,1,0,0,0,0,,7,135,Away Win
2236,2016-09-11,Canada Rugby,England Rugby,"National Stadium, Tokyo",Rugby Europe Championship,3,18,36,0,6,38,62,0,0,0,0,Liam Caelan,Canada Rugby,Blindside Flanker,Canada,33,29,0,0,0,1,0,2,7,154,Away Win
2237,2022-01-06,England Rugby,Scotland Rugby,"Eden Park, Auckland",Rugby Europe Championship,2,29,12,4,0,47,53,0,0,0,0,Ethan Russell,Scotland Rugby,Tighthead Prop,New Zealand,24,5,2,0,0,0,0,18,8,1,Home Win
2238,2017-07-05,France XV,Italy Rugby,"Stadium Australia, Sydney",Rugby World Cup,1,35,23,4,4,36,64,1,0,0,0,Rory Kolbe,Italy Rugby,Left Wing,Italy,29,17,0,0,0,0,0,1,2,75,Home Win
2239,2015-04-26,Scotland Rugby,Spain Rugby,"Principality Stadium, Cardiff",Six Nations,6,53,22,7,4,53,47,0,0,0,0,Antoine Taylor,Spain Rugby,Left Wing,,33,49,3,0,0,0,0,9,,132,Home Win
2240,2023-12-22,Samoa Rugby,Tonga Rugby,"Apia Park, Samoa",World Rugby U20 Championship,5,40,22,6,4,51,49,0,0,0,0,Lucas Curry,Samoa Rugby,Blindside Flanker,Samoa,25,14,0,0,0,0,0,19,1,124,Home Win
2241,2020-01-09,Georgia Rugby,USA Eagles,"Principality Stadium, Cardiff",Rugby World Cup,7,26,29,2,2,65,35,0,0,0,0,Hamish Doris,USA Eagles,Left Wing,South Africa,26,,1,0,0,0,0,8,8,124,Away Win
2242,2017-12-23,Argentina Pumas,Fiji Rugby,"Stadio Olimpico, Rome",World Rugby U20 Championship,8,10,45,1,7,62,38,0,0,0,1,Ethan Henshaw,Argentina Pumas,Fly-half,Argentina,24,115,0,3,4,0,0,10,6,65,Away Win
2243,2017-05-11,Romania Rugby,USA Eagles,"Eden Park, Auckland",World Rugby U20 Championship,2,24,39,4,6,61,39,0,0,0,0,Kieran Johnson,USA Eagles,Blindside Flanker,USA,22,22,2,0,0,0,0,2,3,,Away Win
2244,2015-02-13,Samoa Rugby,Argentina Pumas,"Stade de France, Paris",Autumn Internationals,1,32,68,5,8,38,62,0,0,0,0,Noah Doris,Argentina Pumas,Fullback,Argentina,24,98,1,0,4,0,0,11,6,27,Away Win
2245,2022-09-27,Tonga Rugby,Argentina Pumas,"Stadium Australia, Sydney",,3,39,0,5,0,58,42,0,0,1,0,Pieter Watson,Tonga Rugby,Fullback,Tonga,22,2,1,0,4,0,0,16,5,160,Home Win
2246,2021-06-27,Australia Wallabies,Romania Rugby,"National Stadium, Tokyo",Rugby World Cup,2,62,18,8,0,41,59,1,1,0,0,Liam Faletau,Romania Rugby,Number 8,Romania,27,29,0,0,0,0,0,1,3,143,Home Win
2247,2016-12-01,England Rugby,Spain Rugby,"Stadium Australia, Sydney",Rugby World Cup,8,14,51,1,7,64,36,1,0,0,0,Richie Kolbe,Spain Rugby,Scrum-half,Spain,23,59,3,0,0,0,0,9,3,29,Away Win
2248,2024-07-06,Spain Rugby,Australia Wallabies,"Apia Park, Samoa",Autumn Internationals,4,16,42,2,7,50,50,1,0,0,0,Charles Curry,Spain Rugby,Outside Centre,Argentina,,42,0,0,0,1,0,7,4,48,Away Win
2249,2021-01-12,Canada Rugby,England Rugby,"Teufaiva Stadium, Tonga",World Rugby U20 Championship,2,20,45,1,7,40,60,1,0,0,0,Cian Hogg,Canada Rugby,Loosehead Prop,New Zealand,20,9,1,0,0,1,0,8,3,73,Away Win
2250,2022-07-06,France XV,Fiji Rugby,"Eden Park, Auckland",Autumn Internationals,4,46,67,4,7,42,58,0,0,0,1,Richie Watson,Fiji Rugby,Fullback,Fiji,28,120,1,0,0,0,0,16,8,,Away Win
2251,2023-04-02,Argentina Pumas,Scotland Rugby,"Ellis Park, Johannesburg",The Rugby Championship,6,43,61,7,8,35,65,0,2,0,0,Taulupe Carbery,Scotland Rugby,Fly-half,Scotland,30,5,1,2,2,1,0,5,8,134,Away Win
2252,2016-05-19,Italy Rugby,Wales Rugby,"Stade de France, Paris",World Rugby U20 Championship,2,49,25,8,1,39,61,0,0,0,0,Sean Smith,Wales Rugby,Outside Centre,Wales,19,115,1,0,0,0,0,2,6,73,Home Win
2253,2017-12-06,Scotland Rugby,USA Eagles,"ANZ National Stadium, Suva",,2,53,22,8,1,53,47,0,0,0,0,Callum Curry,Scotland Rugby,Number 8,Scotland,28,9,3,0,0,0,0,16,4,18,Home Win
2254,2019-09-17,Australia Wallabies,Georgia Rugby,"Ellis Park, Johannesburg",Rugby World Cup,6,9,33,0,3,37,63,0,0,0,0,Justin Dupont,Australia Wallabies,Fullback,Fiji,31,82,1,0,0,0,0,5,7,165,Away Win
2255,2017-01-15,Ireland Rugby,Argentina Pumas,"Twickenham, London",World Rugby U20 Championship,5,57,42,8,6,45,55,0,1,0,0,James Porter,Ireland Rugby,Openside Flanker,Ireland,22,64,0,0,0,0,0,12,7,9,Home Win
2256,2023-04-25,Australia Wallabies,South Africa Springboks,"Principality Stadium, Cardiff",Six Nations,5,57,48,8,7,41,59,1,0,1,0,Sean van der Merwe,Australia Wallabies,Outside Centre,New Zealand,33,17,3,0,0,0,0,13,3,156,Home Win
2257,2016-12-14,Uruguay Rugby,Japan Brave Blossoms,"National Stadium, Tokyo",Pacific Nations Cup,5,24,55,3,6,42,58,0,1,0,0,Sean Dupont,Japan Brave Blossoms,Number 8,Australia,28,58,3,0,0,0,0,11,2,176,Away Win
2258,2019-05-18,Wales Rugby,Uruguay Rugby,"Mikheil Meskhi Stadium, Tbilisi",Pacific Nations Cup,3,18,40,3,6,43,57,0,0,0,0,Henry Russell,Wales Rugby,Outside Centre,Wales,24,67,1,0,0,0,0,18,8,139,Away Win
2259,2015-04-27,Romania Rugby,Japan Brave Blossoms,"Teufaiva Stadium, Tonga",Pacific Nations Cup,1,26,34,4,3,40,60,0,1,0,0,Siya Brown,Japan Brave Blossoms,Loosehead Prop,Australia,26,68,3,0,0,0,0,18,7,0,Away Win
2260,2022-06-19,South Africa Springboks,Wales Rugby,,Six Nations,6,9,13,0,1,46,54,0,0,0,0,Alun Carbery,South Africa Springboks,Inside Centre,South Africa,29,97,0,0,0,0,0,10,5,122,Away Win
2261,2016-07-26,Italy Rugby,Tonga Rugby,"ANZ National Stadium, Suva",Rugby Europe Championship,2,34,30,5,3,35,65,1,0,0,0,Taulupe Williams,Tonga Rugby,Lock,Tonga,27,28,1,0,0,0,0,12,7,,Home Win
2262,2020-04-08,Italy Rugby,New Zealand All Blacks,"Stadio Olimpico, Rome",Pacific Nations Cup,3,37,51,4,6,36,64,0,1,0,0,Hugo Doris,Italy Rugby,Blindside Flanker,Argentina,29,67,0,0,0,0,0,0,3,107,Away Win
2263,2024-01-28,Scotland Rugby,Uruguay Rugby,"Twickenham, London",Six Nations,4,0,37,0,4,40,60,0,0,1,0,Sam Lowe,Uruguay Rugby,Fly-half,Argentina,23,4,0,3,1,0,0,17,7,33,Away Win
2264,2016-01-10,England Rugby,Tonga Rugby,"Ellis Park, Johannesburg",Six Nations,7,58,59,7,7,46,54,1,0,0,0,Sam Curry,England Rugby,Number 8,South Africa,27,28,3,0,0,0,0,10,5,115,Away Win
2265,2019-04-18,Spain Rugby,Argentina Pumas,"Mikheil Meskhi Stadium, Tbilisi",World Rugby U20 Championship,3,36,46,6,7,56,44,0,0,0,0,Josh Doris,Argentina Pumas,Number 8,Argentina,21,67,3,0,0,0,0,,1,138,Away Win
2266,2019-03-15,Argentina Pumas,Uruguay Rugby,"Eden Park, Auckland",Autumn Internationals,3,44,27,5,4,50,50,0,0,0,0,Conor Jones,Argentina Pumas,Number 8,Argentina,26,41,0,0,0,0,0,3,4,97,Home Win
2267,2015-09-21,Spain Rugby,France XV,"ANZ National Stadium, Suva",The Rugby Championship,8,41,49,7,7,38,62,0,0,0,0,Antoine Watson,Spain Rugby,Right Wing,Argentina,23,79,3,0,0,0,0,12,3,23,Away Win
2268,2016-07-08,USA Eagles,Italy Rugby,"Teufaiva Stadium, Tonga",Six Nations,7,15,49,3,8,39,61,0,0,0,0,Noah Lowe,Italy Rugby,Lock,South Africa,,52,3,0,0,0,0,18,7,115,Away Win
2269,2016-03-04,Fiji Rugby,Japan Brave Blossoms,"ANZ National Stadium, Suva",Autumn Internationals,7,32,0,2,0,57,43,0,0,0,0,Noah van der Merwe,Fiji Rugby,Left Wing,Fiji,31,76,1,0,0,0,0,12,5,6,Home Win
2270,2016-06-05,Wales Rugby,Scotland Rugby,"Teufaiva Stadium, Tonga",The Rugby Championship,1,30,19,4,1,57,43,0,1,0,0,Owen Watson,Wales Rugby,Right Wing,Wales,31,118,1,0,0,0,0,10,6,157,Home Win
2271,2020-01-24,Australia Wallabies,Spain Rugby,"Principality Stadium, Cardiff",The Rugby Championship,2,0,34,0,3,55,45,1,2,0,0,Mason Barrett,Spain Rugby,Lock,Argentina,29,82,3,0,0,0,0,11,4,109,Away Win
2272,2019-05-22,Australia Wallabies,Georgia Rugby,"Eden Park, Auckland",Rugby World Cup,3,66,11,8,1,41,59,0,1,0,0,Justin Carbery,Georgia Rugby,Right Wing,Georgia,22,55,0,0,0,0,1,2,3,129,Home Win
2273,2023-12-11,Argentina Pumas,England Rugby,"Eden Park, Auckland",The Rugby Championship,3,42,6,4,0,48,52,0,0,0,0,Lucas Lowe,England Rugby,Outside Centre,England,25,93,2,0,0,0,0,20,7,39,Home Win
2274,2017-09-01,Argentina Pumas,Japan Brave Blossoms,"Apia Park, Samoa",The Rugby Championship,5,0,12,0,0,46,54,1,0,0,0,Callum Caelan,Argentina Pumas,Loosehead Prop,Argentina,31,109,0,0,0,0,0,20,,47,Away Win
2275,2023-05-20,Tonga Rugby,Ireland Rugby,"Murrayfield, Edinburgh",The Rugby Championship,7,51,59,5,7,42,58,0,0,0,0,Benjamin Hogg,Tonga Rugby,Scrum-half,New Zealand,27,,2,0,0,0,0,16,2,135,Away Win
2276,2015-11-28,USA Eagles,Wales Rugby,"Ellis Park, Johannesburg",Pacific Nations Cup,7,47,70,5,8,55,45,0,0,0,0,Siya Carbery,Wales Rugby,Inside Centre,Wales,36,49,3,0,0,0,0,5,7,25,Away Win
2277,2015-08-11,South Africa Springboks,Australia Wallabies,"Mikheil Meskhi Stadium, Tbilisi",World Rugby U20 Championship,3,0,37,0,4,44,56,0,0,0,0,Alun Barrett,Australia Wallabies,Fly-half,New Zealand,28,22,0,1,2,0,0,8,0,174,Away Win
2278,2018-07-16,Australia Wallabies,South Africa Springboks,"Mikheil Meskhi Stadium, Tbilisi",Six Nations,2,32,41,6,4,59,41,2,0,0,0,Stuart Kolbe,Australia Wallabies,Blindside Flanker,,27,24,3,0,0,0,0,0,8,,Away Win
2279,2017-02-11,USA Eagles,Scotland Rugby,"Twickenham, London",Pacific Nations Cup,1,18,52,0,7,47,53,1,0,0,0,Beauden Taylor,Scotland Rugby,Scrum-half,Scotland,25,110,1,0,0,0,0,6,2,,Away Win
2280,2022-09-18,Scotland Rugby,USA Eagles,"Mikheil Meskhi Stadium, Tbilisi",Pacific Nations Cup,3,5,28,1,4,36,64,0,1,0,0,Justin Furlong,USA Eagles,Loosehead Prop,South Africa,27,93,0,0,0,0,0,11,6,69,Away Win
2281,2021-11-15,Scotland Rugby,Argentina Pumas,"Stadio Olimpico, Rome",World Rugby U20 Championship,6,46,37,4,7,61,39,0,0,0,0,Owen Watson,Scotland Rugby,Lock,Australia,26,70,3,0,0,0,0,1,8,,Home Win
2282,2015-01-05,Georgia Rugby,South Africa Springboks,"Principality Stadium, Cardiff",Rugby Europe Championship,8,35,34,5,5,60,40,0,0,0,0,Rory Watson,Georgia Rugby,Tighthead Prop,Georgia,29,44,0,0,0,0,0,4,3,13,Home Win
2283,2023-01-26,Scotland Rugby,New Zealand All Blacks,"Apia Park, Samoa",The Rugby Championship,1,52,45,8,8,59,41,0,0,0,0,Siya Carbery,Scotland Rugby,Right Wing,New Zealand,30,100,3,0,0,1,0,3,2,113,Home Win
2284,2018-06-05,Italy Rugby,Georgia Rugby,"Ellis Park, Johannesburg",The Rugby Championship,3,32,49,6,7,35,65,0,0,0,0,Charles Furlong,Georgia Rugby,Right Wing,Georgia,23,40,0,0,0,0,0,11,4,109,Away Win
2285,2024-11-23,Canada Rugby,Spain Rugby,"Murrayfield, Edinburgh",World Rugby U20 Championship,8,30,40,3,5,36,64,0,0,0,0,Lucas de Klerk,Spain Rugby,Left Wing,Spain,21,93,0,0,0,0,0,20,0,173,Away Win
2286,2018-01-21,Scotland Rugby,Ireland Rugby,"Aviva Stadium, Dublin",Autumn Internationals,8,23,33,2,5,57,43,0,0,0,1,Sean Kolbe,Ireland Rugby,Outside Centre,South Africa,19,100,2,0,0,0,0,18,0,111,Away Win
2287,2024-09-02,Wales Rugby,New Zealand All Blacks,"Stadium Australia, Sydney",Rugby World Cup,4,33,20,4,3,45,55,0,0,1,0,Beauden Russell,New Zealand All Blacks,Tighthead Prop,New Zealand,29,38,2,0,0,0,0,12,,24,Home Win
2288,2023-04-24,Ireland Rugby,Italy Rugby,"Aviva Stadium, Dublin",,8,9,25,0,2,40,60,0,0,0,0,Mason Watson,Ireland Rugby,Number 8,New Zealand,22,116,1,0,0,0,0,5,5,133,Away Win
2289,2019-05-15,France XV,Uruguay Rugby,"Principality Stadium, Cardiff",The Rugby Championship,3,21,40,2,4,60,40,0,1,0,0,William Watson,Uruguay Rugby,Hooker,,18,32,2,0,0,0,0,17,4,,Away Win
2290,2015-08-14,Fiji Rugby,Canada Rugby,"Principality Stadium, Cardiff",The Rugby Championship,8,54,37,8,4,42,58,0,0,0,0,Pieter Lowe,Fiji Rugby,Lock,Fiji,28,70,1,0,0,0,0,4,4,92,Home Win
2291,2016-08-14,Scotland Rugby,Fiji Rugby,"Apia Park, Samoa",Rugby Europe Championship,6,26,42,4,6,38,62,0,0,0,0,Sean Caelan,Fiji Rugby,Left Wing,Fiji,36,85,0,0,0,0,0,16,3,80,Away Win
2292,2016-06-13,Georgia Rugby,USA Eagles,"ANZ National Stadium, Suva",Pacific Nations Cup,6,21,6,3,0,50,50,0,1,0,0,Justin Lowe,Georgia Rugby,Inside Centre,Georgia,26,21,1,0,0,0,0,12,4,,Home Win
2293,2021-11-11,Fiji Rugby,Ireland Rugby,"Estadio Jose Amalfitani, Buenos Aires",Autumn Internationals,3,56,9,8,0,45,55,0,2,0,0,Finn Hogg,Fiji Rugby,Loosehead Prop,Fiji,30,,0,0,0,0,0,16,0,1,Home Win
2294,2017-01-25,Uruguay Rugby,Australia Wallabies,"Stade de France, Paris",Rugby World Cup,8,17,15,1,0,40,60,1,0,0,0,Henry Itoje,Australia Wallabies,Lock,Australia,27,9,2,0,0,0,0,18,8,15,Home Win
2295,2017-11-18,Spain Rugby,Japan Brave Blossoms,"Principality Stadium, Cardiff",Six Nations,6,63,26,8,3,41,59,0,1,0,0,Pieter Lowe,Japan Brave Blossoms,Hooker,Australia,26,7,1,0,0,0,0,7,5,92,Home Win
2296,2021-02-22,USA Eagles,France XV,"National Stadium, Tokyo",Rugby World Cup,6,34,50,5,8,57,43,0,0,0,0,Jamie Ntamack,USA Eagles,Hooker,South Africa,30,55,3,0,0,0,0,5,0,47,Away Win
2297,2023-10-04,England Rugby,France XV,"Murrayfield, Edinburgh",World Rugby U20 Championship,3,56,40,8,4,58,42,0,0,0,0,Finn Hogg,England Rugby,Fullback,South Africa,25,100,3,0,2,0,0,15,2,5,Home Win
2298,2022-06-22,Wales Rugby,Samoa Rugby,"Twickenham, London",World Rugby U20 Championship,3,53,44,5,5,48,52,0,0,0,0,Lucas Dupont,Wales Rugby,Inside Centre,Wales,28,84,0,0,0,0,0,4,4,180,Home Win
2299,2015-07-21,France XV,Spain Rugby,"Murrayfield, Edinburgh",Six Nations,5,26,56,4,6,65,35,0,0,0,0,Beauden Watson,Spain Rugby,Openside Flanker,Argentina,28,32,0,0,0,1,0,10,7,33,Away Win
2300,2022-05-21,Scotland Rugby,Japan Brave Blossoms,"Teufaiva Stadium, Tonga",World Rugby U20 Championship,2,48,15,8,0,39,61,0,0,0,0,Cian Barrett,Japan Brave Blossoms,Outside Centre,South Africa,24,106,3,0,0,1,0,5,8,122,Home Win
2301,2015-12-14,Canada Rugby,Samoa Rugby,,Autumn Internationals,5,71,48,8,7,44,56,1,0,0,0,Cheslin Itoje,Canada Rugby,Lock,Canada,30,52,2,0,0,0,0,9,7,159,Home Win
2302,2015-06-22,Japan Brave Blossoms,Tonga Rugby,"Apia Park, Samoa",Autumn Internationals,4,27,53,3,7,55,45,0,0,0,0,Justin Henshaw,Japan Brave Blossoms,Number 8,New Zealand,26,110,2,0,0,0,0,18,4,41,Away Win
2303,2022-12-03,Spain Rugby,Georgia Rugby,"Ellis Park, Johannesburg",Pacific Nations Cup,1,25,49,1,6,44,56,1,0,0,0,Sam Taylor,Spain Rugby,Number 8,Argentina,23,13,2,0,0,0,0,8,7,64,Away Win
2304,2016-07-21,USA Eagles,Italy Rugby,"Apia Park, Samoa",Rugby World Cup,8,49,52,7,6,56,44,0,0,0,0,William Porter,Italy Rugby,Number 8,Italy,29,108,0,0,0,0,0,,3,169,Away Win
2305,2020-10-12,Canada Rugby,Japan Brave Blossoms,"Estadio Jose Amalfitani, Buenos Aires",Rugby Europe Championship,8,52,51,6,5,38,62,0,0,0,0,Rory Brown,Canada Rugby,Outside Centre,New Zealand,23,67,1,0,0,0,0,3,2,60,Home Win
2306,2020-06-27,Australia Wallabies,Fiji Rugby,"Murrayfield, Edinburgh",Rugby World Cup,2,51,20,6,2,59,41,0,0,0,0,Mason Russell,Fiji Rugby,Inside Centre,Fiji,27,8,1,0,0,0,0,20,,33,Home Win
2307,2019-11-14,Wales Rugby,Scotland Rugby,"Eden Park, Auckland",Six Nations,7,25,21,3,3,57,43,0,0,0,0,Kieran Dupont,Scotland Rugby,Tighthead Prop,Scotland,26,13,2,0,0,0,0,8,3,89,Home Win
2308,2020-03-13,Japan Brave Blossoms,Romania Rugby,"Eden Park, Auckland",World Rugby U20 Championship,3,28,38,3,5,63,37,0,0,0,0,Oliver Doris,Romania Rugby,Openside Flanker,Romania,31,115,0,0,0,1,1,19,0,1,Away Win
2309,2020-07-18,Uruguay Rugby,South Africa Springboks,"Teufaiva Stadium, Tonga",,4,28,32,3,5,51,49,0,0,0,0,Jamie Caelan,South Africa Springboks,Outside Centre,South Africa,28,57,2,0,0,0,0,17,0,11,Away Win
2310,2021-11-13,Spain Rugby,Ireland Rugby,"Eden Park, Auckland",Pacific Nations Cup,5,6,26,0,4,38,62,0,0,0,0,Siya Watson,Ireland Rugby,Fly-half,New Zealand,26,98,0,5,3,0,0,18,7,,Away Win
2311,2024-08-27,South Africa Springboks,Georgia Rugby,"Stadio Olimpico, Rome",Rugby World Cup,4,52,30,6,3,60,40,1,1,1,0,Hamish Curry,South Africa Springboks,Hooker,South Africa,30,18,1,0,0,0,0,3,4,0,Home Win
2312,2017-04-23,Scotland Rugby,New Zealand All Blacks,"Twickenham, London",Rugby Europe Championship,1,3,9,0,0,51,49,1,0,0,0,James Henshaw,Scotland Rugby,Fly-half,New Zealand,32,108,3,4,0,0,0,7,2,154,Away Win
2313,2022-07-10,Argentina Pumas,Georgia Rugby,"Eden Park, Auckland",Rugby Europe Championship,8,41,37,7,5,35,65,0,0,0,0,Cian Curry,Georgia Rugby,Loosehead Prop,Georgia,29,17,3,0,0,1,0,10,6,120,Home Win
2314,2024-08-23,Fiji Rugby,Romania Rugby,"Murrayfield, Edinburgh",Rugby Europe Championship,8,20,60,3,8,39,61,0,0,0,0,Callum Watson,Fiji Rugby,Inside Centre,Fiji,27,101,0,0,0,0,0,,2,41,Away Win
2315,2019-05-03,South Africa Springboks,Ireland Rugby,"Twickenham, London",The Rugby Championship,6,20,28,2,2,46,54,0,0,0,0,Pieter Jones,South Africa Springboks,Lock,South Africa,21,54,1,0,0,0,0,6,3,164,Away Win
2316,2023-08-17,Scotland Rugby,Wales Rugby,"ANZ National Stadium, Suva",Pacific Nations Cup,6,25,0,1,0,53,47,0,0,0,0,Taulupe Porter,Wales Rugby,Tighthead Prop,Wales,22,45,3,0,0,0,0,6,0,1,Home Win
2317,2022-12-21,Georgia Rugby,Japan Brave Blossoms,"Teufaiva Stadium, Tonga",The Rugby Championship,3,20,33,1,4,62,38,0,0,0,0,Liam Furlong,Georgia Rugby,Tighthead Prop,Georgia,25,43,1,0,0,0,0,20,4,160,Away Win
2318,2021-11-14,England Rugby,Australia Wallabies,"Murrayfield, Edinburgh",Autumn Internationals,1,30,9,4,0,36,64,0,0,0,0,Ethan Smith,Australia Wallabies,Openside Flanker,Australia,24,41,2,0,0,0,0,4,6,162,Home Win
2319,2020-03-27,Uruguay Rugby,England Rugby,"Apia Park, Samoa",The Rugby Championship,4,20,18,1,0,64,36,0,0,0,0,William Furlong,England Rugby,Tighthead Prop,England,26,21,2,0,0,0,0,12,4,150,Home Win
2320,2015-08-22,Italy Rugby,Scotland Rugby,"Apia Park, Samoa",Rugby World Cup,8,55,5,8,1,38,62,0,2,1,0,Antoine Lowe,Italy Rugby,Left Wing,South Africa,27,,1,0,0,0,0,15,4,150,Home Win
2321,2019-10-06,Wales Rugby,England Rugby,"Eden Park, Auckland",The Rugby Championship,4,6,30,0,6,39,61,0,0,0,0,Noah van der Merwe,Wales Rugby,Blindside Flanker,Wales,29,48,0,0,0,0,0,16,8,116,Away Win
2322,2018-06-03,Argentina Pumas,Canada Rugby,"Stadium Australia, Sydney",,1,38,14,5,1,36,64,0,0,0,0,Cheslin Brown,Argentina Pumas,Hooker,Argentina,26,11,3,0,0,0,0,3,,53,Home Win
2323,2017-06-12,Argentina Pumas,USA Eagles,"Stade de France, Paris",Rugby World Cup,1,52,18,7,3,35,65,0,0,0,0,Finn Ntamack,USA Eagles,Fullback,New Zealand,28,3,3,0,0,0,0,18,,81,Home Win
2324,2016-10-04,Romania Rugby,Scotland Rugby,"Teufaiva Stadium, Tonga",World Rugby U20 Championship,5,18,15,0,0,62,38,0,1,0,0,Josh Watson,Romania Rugby,Number 8,Romania,27,110,2,0,0,0,0,18,4,159,Home Win
2325,2018-09-23,Australia Wallabies,USA Eagles,"Principality Stadium, Cardiff",World Rugby U20 Championship,7,38,20,6,4,45,55,0,1,0,0,Conor Barrett,USA Eagles,Loosehead Prop,USA,19,95,3,0,0,0,0,16,3,169,Home Win
2326,2020-02-23,Spain Rugby,Scotland Rugby,"Apia Park, Samoa",Rugby Europe Championship,4,31,10,3,1,36,64,0,0,0,0,Kieran Smith,Scotland Rugby,Hooker,Australia,23,58,1,0,0,0,0,3,2,97,Home Win
2327,2023-05-01,England Rugby,New Zealand All Blacks,"ANZ National Stadium, Suva",Six Nations,1,15,67,2,7,48,52,0,0,0,0,Sam Henshaw,England Rugby,Blindside Flanker,New Zealand,26,6,3,0,0,0,0,,6,2,Away Win
2328,2018-01-14,South Africa Springboks,Romania Rugby,"ANZ National Stadium, Suva",Pacific Nations Cup,3,41,6,5,0,63,37,0,0,0,0,Mason de Klerk,Romania Rugby,Lock,Romania,22,54,0,0,0,0,0,5,0,112,Home Win
2329,2023-05-20,Italy Rugby,USA Eagles,"Eden Park, Auckland",Six Nations,3,19,61,1,7,65,35,0,2,0,0,Noah Porter,USA Eagles,Left Wing,New Zealand,29,102,0,0,0,0,0,10,3,26,Away Win
2330,2021-01-07,Scotland Rugby,Romania Rugby,"National Stadium, Tokyo",Rugby World Cup,4,43,65,6,7,46,54,1,0,0,0,Siya Kolbe,Romania Rugby,Lock,,33,85,3,0,0,0,0,4,,0,Away Win
2331,2015-04-21,New Zealand All Blacks,Ireland Rugby,"Twickenham, London",Rugby Europe Championship,1,46,30,8,2,59,41,0,0,0,0,Josh Hogg,Ireland Rugby,Outside Centre,New Zealand,31,102,2,0,0,0,0,2,0,127,Home Win
2332,2021-11-05,Tonga Rugby,England Rugby,"Twickenham, London",World Rugby U20 Championship,3,39,47,7,7,45,55,0,0,0,0,Finn Watson,England Rugby,Left Wing,England,26,39,3,0,0,0,0,4,1,135,Away Win
2333,2022-05-12,Wales Rugby,Spain Rugby,"Stade de France, Paris",Pacific Nations Cup,2,56,6,8,0,52,48,0,0,0,0,Grégoire Kolbe,Wales Rugby,Openside Flanker,Wales,32,99,0,0,0,0,0,16,5,112,Home Win
2334,2024-01-01,Argentina Pumas,Australia Wallabies,"Twickenham, London",The Rugby Championship,3,63,47,7,8,44,56,0,2,0,0,Romain Russell,Argentina Pumas,Openside Flanker,Argentina,,95,0,0,0,0,0,13,0,22,Home Win
2335,2021-06-18,Ireland Rugby,Tonga Rugby,"Twickenham, London",Rugby Europe Championship,4,63,35,8,5,55,45,0,0,0,0,Hamish Curry,Ireland Rugby,Lock,South Africa,25,68,1,0,0,0,0,12,0,,Home Win
2336,2023-12-08,Scotland Rugby,Australia Wallabies,"Stadio Olimpico, Rome",Rugby World Cup,6,30,12,3,0,60,40,2,0,0,0,Romain Smith,Australia Wallabies,Hooker,Fiji,24,46,0,0,0,0,0,7,3,70,Home Win
2337,2018-08-18,USA Eagles,Wales Rugby,"Estadio Jose Amalfitani, Buenos Aires",Rugby World Cup,5,39,33,7,4,60,40,1,0,0,0,Pieter Carbery,USA Eagles,Loosehead Prop,South Africa,,84,0,0,0,0,0,14,5,85,Home Win
2338,2018-07-28,Tonga Rugby,South Africa Springboks,"Murrayfield, Edinburgh",Six Nations,4,40,14,6,1,43,57,0,0,0,0,Jamie Dupont,Tonga Rugby,Openside Flanker,Tonga,25,54,0,0,0,0,0,5,4,167,Home Win
2339,2021-02-09,Wales Rugby,South Africa Springboks,"Stadio Olimpico, Rome",Autumn Internationals,1,19,46,1,7,44,56,0,0,0,0,Charles Carbery,Wales Rugby,Scrum-half,New Zealand,27,102,1,0,0,0,0,19,6,32,Away Win
2340,2016-05-12,Japan Brave Blossoms,USA Eagles,"Ellis Park, Johannesburg",Six Nations,8,31,18,4,0,46,54,1,0,0,0,Owen Itoje,Japan Brave Blossoms,Openside Flanker,South Africa,27,23,3,0,0,0,0,8,0,59,Home Win
2341,2021-11-10,Fiji Rugby,Scotland Rugby,"ANZ National Stadium, Suva",Six Nations,3,6,26,0,4,63,37,0,1,0,0,William Hogg,Fiji Rugby,Inside Centre,Fiji,27,84,3,0,0,0,0,19,2,114,Away Win
2342,2018-05-21,Samoa Rugby,Canada Rugby,"ANZ National Stadium, Suva",Rugby Europe Championship,5,32,3,3,0,52,48,0,0,0,0,Jamie Doris,Samoa Rugby,Lock,Samoa,28,105,0,0,0,0,0,16,6,179,Home Win
2343,2022-03-10,Argentina Pumas,Australia Wallabies,"Murrayfield, Edinburgh",Rugby Europe Championship,8,19,16,1,1,41,59,0,1,0,0,Kieran Williams,Argentina Pumas,Inside Centre,Argentina,31,63,1,0,0,0,0,2,3,135,Home Win
2344,2021-12-04,Tonga Rugby,Georgia Rugby,"Principality Stadium, Cardiff",Six Nations,5,47,61,6,8,40,60,1,0,0,0,Tadhg Russell,Tonga Rugby,Openside Flanker,Tonga,30,84,3,0,0,0,1,14,1,100,Away Win
2345,2020-03-20,Australia Wallabies,Scotland Rugby,"Estadio Jose Amalfitani, Buenos Aires",Rugby World Cup,1,33,31,3,4,42,58,0,0,1,0,Pieter Dupont,Australia Wallabies,Scrum-half,Australia,21,24,1,0,0,1,0,18,5,,Home Win
2346,2016-04-04,Spain Rugby,Wales Rugby,"Teufaiva Stadium, Tonga",Rugby Europe Championship,7,25,36,4,5,47,53,1,0,0,0,Cian Kolbe,Spain Rugby,Inside Centre,Argentina,18,118,1,0,0,0,0,3,2,86,Away Win
2347,2022-01-08,Romania Rugby,Georgia Rugby,"Ellis Park, Johannesburg",World Rugby U20 Championship,8,15,48,0,5,39,61,0,0,0,0,Richie Itoje,Romania Rugby,Openside Flanker,France,30,103,1,0,0,0,0,19,8,131,Away Win
2348,2024-09-04,Japan Brave Blossoms,Fiji Rugby,"Eden Park, Auckland",World Rugby U20 Championship,7,39,15,3,2,53,47,0,0,0,0,Finn Ntamack,Fiji Rugby,Tighthead Prop,Fiji,21,79,1,0,0,0,0,5,4,114,Home Win
2349,2024-12-07,South Africa Springboks,Spain Rugby,"Estadio Jose Amalfitani, Buenos Aires",Autumn Internationals,3,8,17,1,1,39,61,0,0,0,0,Faf Smith,South Africa Springboks,Outside Centre,South Africa,26,86,2,0,0,0,0,15,6,20,Away Win
2350,2020-11-23,New Zealand All Blacks,South Africa Springboks,"Aviva Stadium, Dublin",Rugby Europe Championship,7,42,18,8,0,62,38,1,0,0,0,Tadhg Barrett,South Africa Springboks,Tighthead Prop,South Africa,22,14,0,0,0,0,1,8,5,158,Home Win
2351,2024-02-08,Tonga Rugby,South Africa Springboks,"Principality Stadium, Cardiff",The Rugby Championship,2,57,43,7,6,35,65,1,1,1,0,Noah Caelan,Tonga Rugby,Loosehead Prop,New Zealand,19,114,0,0,0,0,0,3,1,,Home Win
2352,2024-08-07,Wales Rugby,Japan Brave Blossoms,"Twickenham, London",Rugby World Cup,1,33,6,6,0,41,59,1,2,0,0,Romain Furlong,Wales Rugby,Tighthead Prop,New Zealand,29,119,2,0,0,0,1,17,8,165,Home Win
2353,2020-06-04,Canada Rugby,Fiji Rugby,"ANZ National Stadium, Suva",Autumn Internationals,4,28,39,2,4,63,37,0,1,1,0,Faf Barrett,Canada Rugby,Fly-half,Canada,30,,0,1,4,0,0,12,6,127,Away Win
2354,2023-12-02,USA Eagles,Tonga Rugby,"Aviva Stadium, Dublin",World Rugby U20 Championship,4,28,28,4,2,51,49,0,0,1,0,Taulupe van der Merwe,Tonga Rugby,Lock,New Zealand,24,78,0,0,0,0,0,14,7,52,Draw
2355,2022-05-17,Wales Rugby,South Africa Springboks,"Murrayfield, Edinburgh",Pacific Nations Cup,2,21,43,3,4,55,45,0,0,0,0,Malcolm Williams,Wales Rugby,Number 8,Wales,18,113,0,0,0,0,0,16,5,77,Away Win
2356,2019-11-11,New Zealand All Blacks,Spain Rugby,"Twickenham, London",The Rugby Championship,6,35,40,3,6,48,52,0,0,0,0,William Jones,Spain Rugby,Fly-half,Spain,24,25,1,0,2,0,0,15,6,28,Away Win
2357,2021-02-05,Fiji Rugby,Ireland Rugby,"Ellis Park, Johannesburg",Autumn Internationals,7,20,40,4,8,37,63,0,0,1,0,Finn Curry,Ireland Rugby,Blindside Flanker,New Zealand,28,48,3,0,0,0,0,5,3,140,Away Win
2358,2023-01-24,Australia Wallabies,Wales Rugby,"Murrayfield, Edinburgh",The Rugby Championship,1,39,30,5,3,54,46,0,0,0,0,Josh Henshaw,Wales Rugby,Hooker,Wales,21,56,1,0,0,0,0,14,7,45,Home Win
2359,2020-12-15,Romania Rugby,England Rugby,"Mikheil Meskhi Stadium, Tbilisi",Rugby Europe Championship,2,41,31,5,5,53,47,0,2,0,0,Siya Taylor,England Rugby,Tighthead Prop,,27,13,3,0,0,0,0,4,4,134,Home Win
2360,2021-06-25,Georgia Rugby,Australia Wallabies,"Ellis Park, Johannesburg",World Rugby U20 Championship,4,35,18,4,2,61,39,0,1,1,0,Malcolm Taylor,Australia Wallabies,Inside Centre,New Zealand,26,,1,0,0,0,0,4,4,16,Home Win
2361,2023-11-28,Georgia Rugby,USA Eagles,"ANZ National Stadium, Suva",Rugby World Cup,6,44,19,5,2,35,65,1,0,0,0,Jamie Henshaw,USA Eagles,Number 8,New Zealand,29,79,3,0,0,0,0,18,,165,Home Win
2362,2022-12-13,Georgia Rugby,Australia Wallabies,"Stade de France, Paris",Six Nations,7,40,0,8,0,54,46,1,0,0,0,Finn Taylor,Australia Wallabies,Loosehead Prop,Fiji,27,13,0,0,0,0,0,15,0,72,Home Win
2363,2019-04-07,Canada Rugby,England Rugby,"Ellis Park, Johannesburg",Autumn Internationals,2,52,57,6,6,50,50,0,0,0,0,Henry Brown,Canada Rugby,Fly-half,New Zealand,23,68,2,0,0,0,0,14,2,61,Away Win
2364,2018-07-28,Japan Brave Blossoms,Ireland Rugby,"Twickenham, London",World Rugby U20 Championship,5,48,57,5,8,58,42,0,0,0,0,Noah Watson,Ireland Rugby,Left Wing,New Zealand,31,3,2,0,0,0,0,2,1,127,Away Win
2365,2019-04-15,Australia Wallabies,Japan Brave Blossoms,"National Stadium, Tokyo",Rugby Europe Championship,4,42,36,6,6,52,48,1,1,0,0,William Watson,Australia Wallabies,Tighthead Prop,New Zealand,26,95,3,0,0,0,0,9,7,118,Home Win
2366,2023-09-04,Scotland Rugby,France XV,"Stadium Australia, Sydney",Autumn Internationals,8,43,28,5,4,43,57,0,1,0,0,Noah Furlong,France XV,Number 8,Ivory Coast,26,77,0,0,0,0,0,1,4,161,Home Win
2367,2017-06-19,Ireland Rugby,USA Eagles,"Twickenham, London",Rugby World Cup,3,67,34,8,5,43,57,0,0,0,0,Lucas Russell,Ireland Rugby,Number 8,New Zealand,23,37,2,0,0,0,0,20,6,78,Home Win
2368,2015-05-03,Australia Wallabies,Ireland Rugby,"Eden Park, Auckland",Autumn Internationals,5,45,6,6,0,40,60,0,2,0,0,Hugo Faletau,Ireland Rugby,Loosehead Prop,South Africa,25,80,3,0,0,0,0,5,5,8,Home Win
2369,2020-12-01,Australia Wallabies,South Africa Springboks,"Principality Stadium, Cardiff",World Rugby U20 Championship,6,0,55,0,6,58,42,1,0,0,0,Rory Curry,South Africa Springboks,Lock,South Africa,23,75,2,0,0,0,0,0,0,,Away Win
2370,2020-02-23,Australia Wallabies,France XV,"Stadio Olimpico, Rome",Autumn Internationals,6,25,41,1,6,63,37,0,0,0,0,Rory de Klerk,Australia Wallabies,Fullback,New Zealand,26,23,1,0,0,0,0,9,3,20,Away Win
2371,2024-04-24,Fiji Rugby,Canada Rugby,"Principality Stadium, Cardiff",Autumn Internationals,5,14,52,2,8,50,50,1,2,0,0,Taulupe Doris,Canada Rugby,Fullback,Canada,33,67,0,0,0,0,0,1,5,44,Away Win
2372,2019-05-26,Fiji Rugby,South Africa Springboks,"Estadio Jose Amalfitani, Buenos Aires",Rugby Europe Championship,1,46,23,6,3,52,48,0,0,0,0,Charles Brown,Fiji Rugby,Openside Flanker,Fiji,21,93,2,0,0,0,0,14,3,50,Home Win
2373,2022-11-13,South Africa Springboks,Fiji Rugby,"Ellis Park, Johannesburg",Rugby World Cup,3,34,41,6,5,58,42,0,1,0,0,Jamie Carbery,South Africa Springboks,Openside Flanker,South Africa,20,59,0,0,0,0,0,13,2,60,Away Win
2374,2023-06-28,New Zealand All Blacks,Fiji Rugby,"Ellis Park, Johannesburg",Rugby World Cup,1,57,34,6,5,40,60,1,0,0,0,Alun Watson,New Zealand All Blacks,Blindside Flanker,New Zealand,32,15,1,0,0,0,0,14,2,148,Home Win
2375,2016-09-15,Canada Rugby,Argentina Pumas,"Stadium Australia, Sydney",Rugby Europe Championship,8,42,22,6,1,50,50,0,0,0,0,Romain Smith,Canada Rugby,Number 8,New Zealand,26,75,1,0,0,0,0,1,8,51,Home Win
2376,2023-07-13,Tonga Rugby,Georgia Rugby,"ANZ National Stadium, Suva",Pacific Nations Cup,1,63,6,8,0,42,58,0,0,0,0,Jamie Barrett,Georgia Rugby,Inside Centre,Georgia,,53,0,0,0,0,0,19,2,143,Home Win
2377,2024-04-19,Australia Wallabies,USA Eagles,"Twickenham, London",World Rugby U20 Championship,3,56,60,6,8,45,55,0,0,0,0,Cian Curry,Australia Wallabies,Inside Centre,Fiji,31,74,1,0,0,0,0,15,2,131,Away Win
2378,2024-09-27,USA Eagles,New Zealand All Blacks,"Teufaiva Stadium, Tonga",Rugby World Cup,1,31,9,4,0,58,42,0,0,0,0,Owen Itoje,USA Eagles,Fly-half,USA,24,34,1,3,3,0,0,15,2,47,Home Win
2379,2017-10-15,Romania Rugby,Wales Rugby,"Aviva Stadium, Dublin",The Rugby Championship,2,22,60,1,6,60,40,0,0,0,0,Lucas Kolbe,Wales Rugby,Lock,New Zealand,34,75,3,0,0,0,0,10,7,82,Away Win
2380,2017-11-01,England Rugby,Scotland Rugby,"Murrayfield, Edinburgh",Six Nations,4,13,13,1,1,62,38,0,0,0,0,Malcolm Watson,Scotland Rugby,Fullback,Scotland,29,95,3,0,2,0,0,18,1,152,Draw
2381,2020-11-04,Romania Rugby,Spain Rugby,"Stadio Olimpico, Rome",The Rugby Championship,4,58,6,7,0,39,61,0,0,0,0,Hugo Russell,Romania Rugby,Outside Centre,France,25,35,2,0,0,0,0,5,4,33,Home Win
2382,2018-05-15,Romania Rugby,New Zealand All Blacks,"Stade de France, Paris",Rugby World Cup,8,37,11,5,1,52,48,0,0,0,0,Owen Brown,Romania Rugby,Loosehead Prop,Romania,35,39,2,0,0,0,0,2,3,81,Home Win
2383,2018-04-25,England Rugby,Italy Rugby,"Stadium Australia, Sydney",The Rugby Championship,8,10,42,1,5,55,45,0,1,0,0,Stuart Taylor,Italy Rugby,Inside Centre,Argentina,24,87,1,0,0,0,0,4,4,87,Away Win
2384,2023-02-14,France XV,Spain Rugby,"Apia Park, Samoa",Six Nations,6,26,22,4,3,58,42,0,0,0,0,Sean Faletau,Spain Rugby,Number 8,Spain,29,89,2,0,0,0,0,3,,2,Home Win
2385,2022-12-09,England Rugby,Australia Wallabies,"Murrayfield, Edinburgh",Rugby World Cup,7,25,26,5,3,60,40,0,1,0,0,Grégoire Taylor,Australia Wallabies,Fly-half,Fiji,28,55,3,1,0,0,0,5,3,16,Away Win
2386,2019-08-09,Canada Rugby,Tonga Rugby,"Eden Park, Auckland",Rugby Europe Championship,2,12,36,2,5,45,55,0,0,0,0,Sean Hogg,Canada Rugby,Right Wing,New Zealand,32,94,2,0,0,0,0,14,2,96,Away Win
2387,2021-04-14,South Africa Springboks,Tonga Rugby,"ANZ National Stadium, Suva",World Rugby U20 Championship,1,22,62,3,8,59,41,0,0,0,0,Taulupe Barrett,Tonga Rugby,Fullback,New Zealand,33,106,2,0,1,1,0,11,1,155,Away Win
2388,2019-04-16,Ireland Rugby,Samoa Rugby,"Apia Park, Samoa",Autumn Internationals,4,41,38,6,6,37,63,0,0,0,0,Cheslin Lowe,Ireland Rugby,Outside Centre,South Africa,27,43,2,0,0,1,0,11,0,108,Home Win
2389,2022-12-05,South Africa Springboks,Spain Rugby,"Estadio Jose Amalfitani, Buenos Aires",The Rugby Championship,6,41,23,4,1,59,41,0,1,0,0,Kieran Williams,South Africa Springboks,Blindside Flanker,South Africa,23,33,2,0,0,0,0,1,6,118,Home Win
2390,2022-11-23,Samoa Rugby,Australia Wallabies,"Murrayfield, Edinburgh",Rugby Europe Championship,1,28,40,3,5,64,36,1,1,0,0,Sam Russell,Australia Wallabies,Blindside Flanker,Fiji,28,10,0,0,0,0,0,20,5,25,Away Win
2391,2016-12-24,South Africa Springboks,Japan Brave Blossoms,"Ellis Park, Johannesburg",Autumn Internationals,1,44,22,8,2,39,61,1,0,0,0,Finn Porter,South Africa Springboks,Blindside Flanker,South Africa,24,6,0,0,0,0,0,14,4,172,Home Win
2392,2019-10-16,Wales Rugby,New Zealand All Blacks,"Stadium Australia, Sydney",Autumn Internationals,5,39,37,5,6,61,39,0,0,0,0,Cheslin Williams,New Zealand All Blacks,Fly-half,New Zealand,35,118,0,1,2,0,0,17,,75,Home Win
2393,2018-06-21,Romania Rugby,South Africa Springboks,"Apia Park, Samoa",Pacific Nations Cup,4,41,22,4,1,41,59,0,0,0,0,Henry Hogg,Romania Rugby,Inside Centre,France,27,105,1,0,0,0,0,17,2,23,Home Win
2394,2016-11-03,Georgia Rugby,Canada Rugby,"ANZ National Stadium, Suva",Rugby Europe Championship,1,56,12,8,0,42,58,1,2,0,0,Grégoire Lowe,Georgia Rugby,Fullback,Georgia,25,41,1,0,2,0,0,2,1,155,Home Win
2395,2019-01-22,Tonga Rugby,Australia Wallabies,"Twickenham, London",Six Nations,5,19,15,2,0,46,54,0,0,0,0,Jamie Carbery,Tonga Rugby,Blindside Flanker,,27,99,3,0,0,0,0,19,3,157,Home Win
2396,2023-03-15,Scotland Rugby,Wales Rugby,"Principality Stadium, Cardiff",The Rugby Championship,4,35,50,4,8,53,47,0,0,0,0,Cheslin Furlong,Wales Rugby,Tighthead Prop,,21,4,0,0,0,0,0,20,5,173,Away Win
2397,2015-04-22,Canada Rugby,Georgia Rugby,"Twickenham, London",Six Nations,2,48,41,7,7,59,41,0,1,0,1,Noah Barrett,Canada Rugby,Tighthead Prop,Canada,23,1,2,0,0,0,0,20,7,33,Home Win
2398,2020-02-05,Georgia Rugby,Fiji Rugby,"Principality Stadium, Cardiff",Six Nations,8,18,15,0,0,58,42,0,0,0,0,Malcolm Faletau,Georgia Rugby,Openside Flanker,Georgia,31,107,1,0,0,0,0,9,6,41,Home Win
2399,2021-03-03,Tonga Rugby,Samoa Rugby,"National Stadium, Tokyo",Six Nations,6,18,26,0,4,50,50,0,0,0,0,Pieter Faletau,Samoa Rugby,Fullback,Samoa,24,38,2,0,4,0,0,15,6,106,Away Win
2400,2022-10-24,South Africa Springboks,Italy Rugby,"Teufaiva Stadium, Tonga",Pacific Nations Cup,7,26,37,4,5,55,45,0,0,0,0,Hugo Smith,Italy Rugby,Lock,Argentina,22,112,1,0,0,0,0,19,7,158,Away Win
2401,2023-12-26,Tonga Rugby,Scotland Rugby,"Stadio Olimpico, Rome",Rugby Europe Championship,3,46,35,8,5,48,52,0,0,0,0,Jamie Johnson,Tonga Rugby,Tighthead Prop,Tonga,29,43,1,0,0,0,0,7,8,3,Home Win
2402,2018-06-24,Uruguay Rugby,Tonga Rugby,"Ellis Park, Johannesburg",Rugby Europe Championship,5,63,49,8,7,45,55,0,0,0,0,Justin Dupont,Tonga Rugby,Lock,Tonga,31,115,1,0,0,0,0,9,1,110,Home Win
2403,2016-03-01,Uruguay Rugby,Fiji Rugby,"National Stadium, Tokyo",World Rugby U20 Championship,1,20,60,1,8,59,41,0,0,0,0,Rory Faletau,Fiji Rugby,Right Wing,Fiji,29,4,0,0,0,1,0,0,4,172,Away Win
2404,2020-10-16,South Africa Springboks,New Zealand All Blacks,"Stadium Australia, Sydney",Rugby Europe Championship,4,39,34,4,4,40,60,0,0,0,0,Taulupe Johnson,New Zealand All Blacks,Scrum-half,New Zealand,30,81,3,0,0,0,0,14,8,113,Home Win
2405,2022-08-01,Georgia Rugby,Samoa Rugby,"Stadio Olimpico, Rome",Rugby Europe Championship,8,42,15,6,0,48,52,0,0,0,0,Hamish Barrett,Georgia Rugby,Openside Flanker,Georgia,23,109,2,0,0,1,0,18,5,137,Home Win
2406,2021-10-22,France XV,Tonga Rugby,"ANZ National Stadium, Suva",The Rugby Championship,1,51,9,6,0,38,62,0,0,0,0,Jamie Doris,France XV,Right Wing,France,21,34,2,0,0,1,0,12,1,85,Home Win
2407,2022-06-19,Wales Rugby,Scotland Rugby,"Stadio Olimpico, Rome",Pacific Nations Cup,5,25,21,1,3,38,62,0,0,0,0,Sean Kolbe,Wales Rugby,Outside Centre,Wales,33,61,2,0,0,0,0,6,3,,Home Win
2408,2022-10-14,Uruguay Rugby,Canada Rugby,"Stade de France, Paris",Six Nations,8,15,49,0,8,40,60,0,1,0,0,Beauden Watson,Uruguay Rugby,Lock,Argentina,25,85,1,0,0,0,0,15,8,143,Away Win
2409,2015-01-23,Fiji Rugby,Spain Rugby,"Teufaiva Stadium, Tonga",Rugby Europe Championship,3,50,40,8,4,38,62,0,0,0,0,Cian Russell,Fiji Rugby,Number 8,Fiji,25,87,2,0,0,0,0,1,5,170,Home Win
2410,2023-03-25,Scotland Rugby,Georgia Rugby,"Twickenham, London",Rugby World Cup,2,42,26,5,2,48,52,0,2,0,0,Liam Henshaw,Georgia Rugby,Loosehead Prop,Georgia,,54,1,0,0,0,0,3,2,68,Home Win
2411,2017-02-25,Ireland Rugby,Spain Rugby,"Apia Park, Samoa",Six Nations,6,6,11,0,1,64,36,0,0,0,1,Finn Taylor,Spain Rugby,Right Wing,Spain,29,73,0,0,0,0,0,16,4,91,Away Win
2412,2022-05-26,South Africa Springboks,Fiji Rugby,"Stadio Olimpico, Rome",The Rugby Championship,3,10,59,1,7,43,57,0,1,0,0,Tadhg Ntamack,Fiji Rugby,Openside Flanker,Fiji,28,89,2,0,0,0,0,9,5,40,Away Win
2413,2015-05-08,Canada Rugby,Scotland Rugby,,Autumn Internationals,5,13,23,2,1,48,52,0,0,0,0,Alun Russell,Canada Rugby,Number 8,Canada,35,115,1,0,0,0,1,3,5,64,Away Win
2414,2019-02-06,USA Eagles,Wales Rugby,"Aviva Stadium, Dublin",Autumn Internationals,3,12,26,2,3,44,56,1,0,0,0,James Faletau,USA Eagles,Lock,South Africa,24,21,1,0,0,0,0,17,8,125,Away Win
2415,2020-11-18,Georgia Rugby,Samoa Rugby,,Rugby Europe Championship,3,44,27,6,3,43,57,1,1,0,0,Taulupe Caelan,Georgia Rugby,Inside Centre,Georgia,30,89,0,0,0,0,0,19,4,46,Home Win
2416,2020-06-07,Wales Rugby,Spain Rugby,"Teufaiva Stadium, Tonga",The Rugby Championship,4,39,32,3,4,49,51,0,0,0,0,Beauden Taylor,Wales Rugby,Lock,Wales,27,100,1,0,0,0,0,1,0,156,Home Win
2417,2022-03-10,New Zealand All Blacks,Canada Rugby,"Aviva Stadium, Dublin",Autumn Internationals,4,0,42,0,7,46,54,0,1,0,0,Ethan Ntamack,New Zealand All Blacks,Right Wing,New Zealand,28,15,1,0,0,0,0,,4,166,Away Win
2418,2016-02-25,Canada Rugby,Wales Rugby,"National Stadium, Tokyo",Autumn Internationals,8,51,37,8,5,62,38,1,1,0,0,Beauden Smith,Wales Rugby,Outside Centre,,33,19,3,0,0,0,0,4,3,24,Home Win
2419,2022-05-08,Canada Rugby,Samoa Rugby,"National Stadium, Tokyo",Rugby Europe Championship,8,34,72,3,8,60,40,0,0,0,0,Sean Jones,Canada Rugby,Fullback,New Zealand,29,23,0,0,1,0,0,5,3,104,Away Win
2420,2015-03-13,Wales Rugby,England Rugby,"Twickenham, London",Six Nations,8,18,40,0,5,56,44,0,0,0,0,Siya Ntamack,Wales Rugby,Right Wing,Wales,29,114,3,0,0,0,0,8,7,96,Away Win
2421,2020-12-28,Fiji Rugby,Scotland Rugby,"Mikheil Meskhi Stadium, Tbilisi",The Rugby Championship,3,26,52,3,7,49,51,1,0,0,0,William Russell,Scotland Rugby,Lock,New Zealand,31,83,3,0,0,0,0,11,5,42,Away Win
2422,2024-08-18,Samoa Rugby,Japan Brave Blossoms,"Eden Park, Auckland",,5,15,62,3,7,55,45,0,1,0,0,Lucas Faletau,Samoa Rugby,Loosehead Prop,Samoa,25,16,2,0,0,0,0,18,5,47,Away Win
2423,2019-04-27,Samoa Rugby,New Zealand All Blacks,"ANZ National Stadium, Suva",Autumn Internationals,1,68,48,8,6,51,49,0,0,0,0,Tadhg Dupont,Samoa Rugby,Lock,New Zealand,23,82,3,0,0,0,0,18,7,66,Home Win
2424,2017-08-11,Tonga Rugby,Canada Rugby,"Principality Stadium, Cardiff",Pacific Nations Cup,5,63,55,7,8,63,37,1,0,0,0,Siya Kolbe,Canada Rugby,Loosehead Prop,Canada,22,98,0,0,0,0,0,12,7,133,Home Win
2425,2021-08-03,Australia Wallabies,Fiji Rugby,"ANZ National Stadium, Suva",World Rugby U20 Championship,3,48,27,7,5,35,65,1,0,0,0,Callum Dupont,Fiji Rugby,Hooker,Fiji,19,103,3,0,0,0,0,6,2,,Home Win
2426,2017-12-19,France XV,USA Eagles,"Stadio Olimpico, Rome",World Rugby U20 Championship,5,14,6,1,0,51,49,2,0,0,0,William Williams,USA Eagles,Number 8,USA,35,10,1,0,0,0,0,15,0,158,Home Win
2427,2021-10-26,Wales Rugby,France XV,,Autumn Internationals,6,12,47,2,7,36,64,0,0,0,0,Beauden Jones,France XV,Loosehead Prop,Senegal,22,77,3,0,0,0,0,4,5,161,Away Win
2428,2015-01-16,Scotland Rugby,Uruguay Rugby,"Eden Park, Auckland",Rugby Europe Championship,1,8,15,1,0,38,62,0,0,0,0,Lucas Furlong,Scotland Rugby,Loosehead Prop,New Zealand,26,16,0,0,0,0,0,2,,144,Away Win
2429,2016-05-20,England Rugby,South Africa Springboks,"Aviva Stadium, Dublin",Rugby World Cup,2,54,20,6,3,58,42,0,0,0,0,Henry Faletau,South Africa Springboks,Number 8,South Africa,25,19,0,0,0,0,0,0,2,83,Home Win
2430,2023-11-26,Australia Wallabies,England Rugby,,The Rugby Championship,5,56,12,8,0,61,39,2,0,0,0,Mason Faletau,England Rugby,Lock,,28,32,2,0,0,0,0,14,5,73,Home Win
2431,2015-04-04,Wales Rugby,Ireland Rugby,"Teufaiva Stadium, Tonga",Pacific Nations Cup,7,55,46,7,6,63,37,0,0,0,0,Oliver Ntamack,Wales Rugby,Fly-half,Wales,30,56,1,0,4,0,0,14,6,44,Home Win
2432,2015-05-26,Spain Rugby,England Rugby,"Apia Park, Samoa",Autumn Internationals,2,48,46,6,4,43,57,2,2,0,0,Pieter Watson,England Rugby,Number 8,South Africa,30,92,0,0,0,0,0,20,7,28,Home Win
2433,2017-08-25,Wales Rugby,Ireland Rugby,"Principality Stadium, Cardiff",Autumn Internationals,6,33,62,4,8,44,56,1,1,0,0,Conor Henshaw,Ireland Rugby,Loosehead Prop,New Zealand,24,25,0,0,0,0,0,3,4,59,Away Win
2434,2017-04-10,Australia Wallabies,Scotland Rugby,"Teufaiva Stadium, Tonga",The Rugby Championship,4,33,49,3,5,40,60,2,1,0,1,Owen Carbery,Scotland Rugby,Blindside Flanker,New Zealand,26,39,1,0,0,0,0,7,8,0,Away Win
2435,2016-05-03,Uruguay Rugby,New Zealand All Blacks,"Ellis Park, Johannesburg",Rugby World Cup,6,55,5,8,1,46,54,0,0,0,0,Cheslin Jones,New Zealand All Blacks,Fly-half,New Zealand,28,100,0,3,1,0,0,20,5,5,Home Win
2436,2016-01-01,Spain Rugby,Canada Rugby,"ANZ National Stadium, Suva",Pacific Nations Cup,5,23,24,4,3,50,50,0,1,0,0,Grégoire Henshaw,Canada Rugby,Openside Flanker,Canada,26,81,1,0,0,0,0,16,2,97,Away Win
2437,2015-08-11,Scotland Rugby,England Rugby,"Stade de France, Paris",Rugby Europe Championship,8,23,27,1,4,48,52,0,0,0,0,Tadhg Furlong,England Rugby,Openside Flanker,New Zealand,33,114,0,0,0,0,0,6,8,16,Away Win
2438,2019-11-16,Samoa Rugby,Romania Rugby,"Aviva Stadium, Dublin",Six Nations,5,51,42,7,5,60,40,1,0,0,0,Beauden Dupont,Samoa Rugby,Blindside Flanker,Samoa,,89,2,0,0,0,0,8,2,31,Home Win
2439,2020-04-19,Fiji Rugby,Argentina Pumas,"Apia Park, Samoa",Rugby Europe Championship,1,44,50,5,7,58,42,0,0,0,0,Liam Jones,Argentina Pumas,Inside Centre,Argentina,29,86,1,0,0,0,0,6,5,168,Away Win
2440,2019-06-17,Samoa Rugby,Australia Wallabies,"Apia Park, Samoa",Rugby Europe Championship,8,15,23,0,1,38,62,0,0,0,0,Callum Faletau,Australia Wallabies,Tighthead Prop,Fiji,29,115,2,0,0,0,0,3,5,22,Away Win
2441,2020-12-22,Fiji Rugby,Wales Rugby,"Estadio Jose Amalfitani, Buenos Aires",World Rugby U20 Championship,2,18,51,0,5,40,60,0,0,0,0,Callum Carbery,Wales Rugby,Outside Centre,New Zealand,31,26,0,0,0,0,0,0,2,140,Away Win
2442,2021-11-15,Fiji Rugby,Scotland Rugby,"Teufaiva Stadium, Tonga",Six Nations,1,44,43,7,5,53,47,0,1,0,0,Antoine Watson,Scotland Rugby,Blindside Flanker,Australia,27,73,2,0,0,0,0,18,3,52,Home Win
2443,2016-09-02,Tonga Rugby,Ireland Rugby,"Principality Stadium, Cardiff",World Rugby U20 Championship,1,20,47,3,6,46,54,0,0,0,0,Pieter Curry,Tonga Rugby,Hooker,New Zealand,21,26,0,0,0,0,0,7,8,112,Away Win
2444,2020-11-25,Georgia Rugby,Japan Brave Blossoms,"Mikheil Meskhi Stadium, Tbilisi",Autumn Internationals,8,46,42,7,4,61,39,0,1,0,0,Cian Barrett,Georgia Rugby,Outside Centre,Georgia,,23,2,0,0,0,0,7,6,50,Home Win
2445,2015-08-24,Australia Wallabies,Samoa Rugby,"Principality Stadium, Cardiff",Autumn Internationals,7,12,36,0,6,57,43,0,0,0,0,Pieter Furlong,Samoa Rugby,Lock,New Zealand,24,18,3,0,0,0,0,8,,166,Away Win
2446,2020-10-26,USA Eagles,Wales Rugby,"Teufaiva Stadium, Tonga",Autumn Internationals,1,0,12,0,0,50,50,0,0,0,0,Finn Henshaw,USA Eagles,Left Wing,South Africa,24,19,3,0,0,0,0,18,3,143,Away Win
2447,2022-12-12,USA Eagles,England Rugby,"Murrayfield, Edinburgh",Autumn Internationals,1,14,71,1,8,49,51,0,0,0,0,Benjamin Dupont,England Rugby,Tighthead Prop,New Zealand,29,88,1,0,0,0,0,12,6,86,Away Win
2448,2018-02-08,Japan Brave Blossoms,Spain Rugby,"Stadium Australia, Sydney",Six Nations,8,48,24,6,2,42,58,2,0,0,0,Romain Doris,Japan Brave Blossoms,Fullback,Australia,31,55,2,0,0,0,0,14,2,120,Home Win
2449,2018-06-01,Japan Brave Blossoms,France XV,"Stade de France, Paris",Six Nations,5,46,12,6,0,48,52,1,2,0,0,Siya Ntamack,France XV,Inside Centre,Senegal,27,33,1,0,0,0,0,15,3,157,Home Win
2450,2015-06-02,Uruguay Rugby,Argentina Pumas,"Stade de France, Paris",Rugby Europe Championship,2,45,22,5,1,47,53,0,0,0,0,Sean Hogg,Argentina Pumas,Number 8,Argentina,28,102,2,0,0,0,0,2,3,78,Home Win
2451,2021-06-25,England Rugby,New Zealand All Blacks,"Murrayfield, Edinburgh",Rugby Europe Championship,3,56,52,7,6,40,60,1,1,0,0,Sam Kolbe,England Rugby,Lock,England,,49,3,0,0,0,0,8,4,24,Home Win
2452,2017-12-02,France XV,Canada Rugby,"Mikheil Meskhi Stadium, Tbilisi",Rugby World Cup,4,34,15,4,0,59,41,0,0,0,0,Mason Jones,Canada Rugby,Lock,Canada,27,11,0,0,0,0,0,13,5,24,Home Win
2453,2019-06-28,Canada Rugby,USA Eagles,"Estadio Jose Amalfitani, Buenos Aires",World Rugby U20 Championship,8,35,49,5,7,44,56,1,0,0,0,William Henshaw,USA Eagles,Right Wing,New Zealand,37,79,0,0,0,1,0,5,3,163,Away Win
2454,2023-07-13,Ireland Rugby,USA Eagles,"Estadio Jose Amalfitani, Buenos Aires",Rugby Europe Championship,7,48,44,8,8,42,58,0,0,0,0,Siya Taylor,Ireland Rugby,Lock,Ireland,29,13,0,0,0,0,0,14,6,95,Home Win
2455,2021-12-03,Scotland Rugby,Spain Rugby,"Eden Park, Auckland",Pacific Nations Cup,5,28,49,2,7,41,59,0,0,0,0,Alun Curry,Spain Rugby,Tighthead Prop,Argentina,19,15,1,0,0,0,0,12,1,71,Away Win
2456,2024-10-23,Japan Brave Blossoms,Romania Rugby,"Stadio Olimpico, Rome",The Rugby Championship,4,17,28,1,2,45,55,0,0,0,0,Lucas Carbery,Japan Brave Blossoms,Number 8,Australia,30,5,1,0,0,0,0,7,7,63,Away Win
2457,2021-03-28,Romania Rugby,Uruguay Rugby,"Ellis Park, Johannesburg",Rugby Europe Championship,8,42,28,7,4,36,64,1,0,0,0,Cheslin Williams,Romania Rugby,Fullback,Romania,28,62,2,0,0,0,0,18,6,60,Home Win
2458,2016-10-13,Italy Rugby,Fiji Rugby,"Principality Stadium, Cardiff",Six Nations,8,7,35,1,4,45,55,1,0,0,0,Rory Watson,Fiji Rugby,Scrum-half,Fiji,32,48,3,0,0,0,0,14,1,45,Away Win
2459,2022-11-01,Uruguay Rugby,New Zealand All Blacks,"Eden Park, Auckland",Six Nations,3,45,46,7,6,45,55,0,0,0,0,Sean Lowe,Uruguay Rugby,Scrum-half,Uruguay,29,64,0,0,0,0,0,9,6,87,Away Win
2460,2022-12-09,Japan Brave Blossoms,Canada Rugby,"National Stadium, Tokyo",World Rugby U20 Championship,4,13,9,2,0,52,48,1,0,0,0,Faf Itoje,Japan Brave Blossoms,Inside Centre,South Africa,26,102,3,0,0,0,0,9,5,123,Home Win
2461,2016-04-05,New Zealand All Blacks,Canada Rugby,"Twickenham, London",Six Nations,6,35,32,7,5,40,60,0,0,0,0,Siya Itoje,New Zealand All Blacks,Inside Centre,New Zealand,22,83,3,0,0,0,0,18,2,168,Home Win
2462,2022-02-02,USA Eagles,South Africa Springboks,"Eden Park, Auckland",Six Nations,5,50,74,5,8,48,52,0,0,0,0,Sam Kolbe,South Africa Springboks,Left Wing,South Africa,26,112,1,0,0,0,0,6,3,129,Away Win
2463,2020-09-04,USA Eagles,Ireland Rugby,"Murrayfield, Edinburgh",Six Nations,7,55,22,8,1,39,61,0,0,0,0,Justin Russell,USA Eagles,Lock,New Zealand,23,94,2,0,0,0,0,16,0,96,Home Win
2464,2015-09-13,Spain Rugby,Samoa Rugby,"Murrayfield, Edinburgh",Six Nations,3,32,38,6,6,49,51,0,0,1,0,Sean Porter,Samoa Rugby,Fly-half,New Zealand,24,62,0,4,0,1,0,20,7,67,Away Win
2465,2017-05-05,South Africa Springboks,Georgia Rugby,"Principality Stadium, Cardiff",Rugby World Cup,1,29,34,3,3,50,50,0,0,0,0,Antoine Williams,South Africa Springboks,Lock,South Africa,29,19,2,0,0,0,0,11,7,46,Away Win
2466,2015-08-05,Fiji Rugby,South Africa Springboks,"Estadio Jose Amalfitani, Buenos Aires",World Rugby U20 Championship,5,37,74,3,8,60,40,0,0,0,0,Stuart Johnson,South Africa Springboks,Outside Centre,South Africa,33,90,2,0,0,0,0,,0,83,Away Win
2467,2019-06-08,Argentina Pumas,Scotland Rugby,"Principality Stadium, Cardiff",Rugby Europe Championship,5,49,14,6,1,58,42,1,0,0,0,Romain Ntamack,Argentina Pumas,Right Wing,Argentina,28,,3,0,0,0,0,10,3,60,Home Win
2468,2021-12-19,Italy Rugby,USA Eagles,"Stade de France, Paris",Rugby Europe Championship,1,32,25,5,1,52,48,0,0,0,0,Oliver Russell,Italy Rugby,Blindside Flanker,Italy,22,112,0,0,0,0,0,19,1,89,Home Win
2469,2020-06-14,Argentina Pumas,Japan Brave Blossoms,"Stadium Australia, Sydney",,4,25,24,2,2,54,46,0,1,0,0,Grégoire Curry,Japan Brave Blossoms,Fly-half,Japan,28,77,1,1,0,0,0,13,5,150,Home Win
2470,2021-02-21,Italy Rugby,Wales Rugby,"Teufaiva Stadium, Tonga",Rugby World Cup,3,63,53,8,7,51,49,0,0,0,1,Josh Taylor,Wales Rugby,Hooker,Wales,31,36,2,0,0,0,0,16,6,34,Home Win
2471,2020-07-28,Samoa Rugby,South Africa Springboks,"Eden Park, Auckland",Pacific Nations Cup,4,5,13,1,1,57,43,0,0,1,0,Jamie Hogg,South Africa Springboks,Hooker,South Africa,24,71,2,0,0,0,0,7,8,109,Away Win
2472,2023-08-10,Samoa Rugby,Argentina Pumas,"Estadio Jose Amalfitani, Buenos Aires",Autumn Internationals,1,34,32,5,6,62,38,1,0,0,0,Conor Henshaw,Samoa Rugby,Openside Flanker,New Zealand,26,112,0,0,0,0,0,4,3,85,Home Win
2473,2023-06-21,Samoa Rugby,New Zealand All Blacks,"Stadium Australia, Sydney",World Rugby U20 Championship,8,48,36,6,5,61,39,1,0,1,0,Conor Kolbe,New Zealand All Blacks,Number 8,,27,20,0,0,0,0,0,4,1,177,Home Win
2474,2022-02-25,Italy Rugby,Argentina Pumas,"Teufaiva Stadium, Tonga",Rugby Europe Championship,5,17,22,2,4,38,62,0,0,0,0,Cian Russell,Argentina Pumas,Number 8,Argentina,23,25,0,0,0,0,0,7,0,156,Away Win
2475,2019-07-07,New Zealand All Blacks,Scotland Rugby,"Teufaiva Stadium, Tonga",Six Nations,3,66,45,8,7,48,52,0,2,0,0,Hamish Jones,New Zealand All Blacks,Loosehead Prop,New Zealand,29,7,2,0,0,0,0,11,3,139,Home Win
2476,2023-02-18,Fiji Rugby,Uruguay Rugby,"ANZ National Stadium, Suva",Rugby World Cup,8,49,36,7,4,62,38,1,0,0,0,Conor Faletau,Fiji Rugby,Openside Flanker,Fiji,26,12,2,0,0,0,0,1,0,104,Home Win
2477,2021-04-16,Fiji Rugby,Scotland Rugby,"Mikheil Meskhi Stadium, Tbilisi",Rugby Europe Championship,8,46,44,6,6,54,46,0,0,0,0,Hamish Brown,Fiji Rugby,Right Wing,Fiji,28,55,1,0,0,0,0,8,8,79,Home Win
2478,2015-11-12,Fiji Rugby,Romania Rugby,"Teufaiva Stadium, Tonga",Six Nations,4,8,35,1,5,56,44,2,0,0,0,Kieran Russell,Romania Rugby,Scrum-half,Romania,23,38,3,0,0,0,0,18,3,114,Away Win
2479,2017-03-12,Italy Rugby,Romania Rugby,"Estadio Jose Amalfitani, Buenos Aires",Pacific Nations Cup,6,49,35,8,4,57,43,1,0,0,0,Grégoire de Klerk,Romania Rugby,Loosehead Prop,France,25,111,3,0,0,0,0,18,6,26,Home Win
2480,2019-03-11,Scotland Rugby,Fiji Rugby,"Ellis Park, Johannesburg",Rugby World Cup,1,29,36,5,4,63,37,1,0,0,0,Richie Hogg,Fiji Rugby,Lock,Fiji,29,1,0,0,0,1,0,2,7,12,Away Win
2481,2015-02-27,Samoa Rugby,Australia Wallabies,"Stadium Australia, Sydney",Autumn Internationals,2,35,42,4,6,37,63,0,0,0,0,Jamie Williams,Australia Wallabies,Lock,Australia,25,35,0,0,0,0,0,0,0,124,Away Win
2482,2020-06-18,Argentina Pumas,Spain Rugby,"Teufaiva Stadium, Tonga",Six Nations,8,24,45,3,6,54,46,0,0,0,0,Josh Watson,Spain Rugby,Fullback,Spain,33,,3,0,4,0,0,14,,50,Away Win
2483,2015-04-01,Argentina Pumas,Samoa Rugby,"ANZ National Stadium, Suva",Rugby World Cup,7,15,32,0,4,54,46,0,0,0,0,Finn Russell,Argentina Pumas,Left Wing,Argentina,25,106,3,0,0,0,1,14,2,42,Away Win
2484,2020-10-02,Tonga Rugby,South Africa Springboks,"Aviva Stadium, Dublin",Autumn Internationals,4,32,26,5,3,59,41,1,1,0,0,Stuart Watson,South Africa Springboks,Fullback,South Africa,27,25,2,0,2,0,0,11,6,,Home Win
2485,2020-02-09,Argentina Pumas,New Zealand All Blacks,"ANZ National Stadium, Suva",World Rugby U20 Championship,4,25,30,1,6,54,46,0,0,0,0,Kieran Porter,New Zealand All Blacks,Blindside Flanker,New Zealand,30,119,2,0,0,0,0,1,0,105,Away Win
2486,2023-11-20,Spain Rugby,Wales Rugby,"Stadium Australia, Sydney",,5,36,50,5,8,37,63,0,0,0,0,Hugo Itoje,Wales Rugby,Openside Flanker,New Zealand,21,47,2,0,0,0,0,16,5,111,Away Win
2487,2016-04-08,Australia Wallabies,Ireland Rugby,"ANZ National Stadium, Suva",Rugby Europe Championship,8,38,19,5,3,44,56,0,0,0,0,Beauden Caelan,Ireland Rugby,Scrum-half,New Zealand,19,68,1,0,0,0,0,6,8,177,Home Win
2488,2016-06-03,Fiji Rugby,Australia Wallabies,"Murrayfield, Edinburgh",Six Nations,5,60,39,6,6,65,35,0,0,0,0,Owen Brown,Fiji Rugby,Blindside Flanker,Fiji,20,61,2,0,0,0,0,17,,170,Home Win
2489,2017-02-28,Samoa Rugby,France XV,"Stadio Olimpico, Rome",Autumn Internationals,4,16,19,2,3,43,57,2,1,0,0,Mason Brown,Samoa Rugby,Lock,New Zealand,32,34,2,0,0,0,0,10,0,68,Away Win
2490,2020-10-04,England Rugby,Ireland Rugby,"Stade de France, Paris",Six Nations,7,47,37,8,4,56,44,0,0,0,0,Callum Porter,England Rugby,Openside Flanker,England,24,106,1,0,0,0,0,10,7,21,Home Win
2491,2021-11-25,Canada Rugby,Uruguay Rugby,"Twickenham, London",World Rugby U20 Championship,7,9,18,0,2,35,65,2,0,0,0,Sam Furlong,Uruguay Rugby,Blindside Flanker,Uruguay,37,2,3,0,0,0,0,18,6,145,Away Win
2492,2023-11-15,Romania Rugby,Japan Brave Blossoms,"Aviva Stadium, Dublin",Autumn Internationals,2,26,30,2,3,56,44,0,0,0,0,Josh Doris,Japan Brave Blossoms,Openside Flanker,Australia,24,116,1,0,0,0,0,,5,52,Away Win
2493,2020-09-27,Italy Rugby,Romania Rugby,"Apia Park, Samoa",The Rugby Championship,4,7,5,1,1,57,43,0,0,0,0,Hugo Barrett,Romania Rugby,Outside Centre,France,,79,3,0,0,0,0,9,3,20,Home Win
2494,2024-07-02,Georgia Rugby,Fiji Rugby,"Estadio Jose Amalfitani, Buenos Aires",World Rugby U20 Championship,6,57,44,8,6,62,38,0,0,0,0,Cheslin Johnson,Fiji Rugby,Inside Centre,Fiji,33,13,1,0,0,0,0,17,6,11,Home Win
2495,2016-06-04,Romania Rugby,Spain Rugby,"Teufaiva Stadium, Tonga",The Rugby Championship,2,36,6,4,0,35,65,0,0,0,0,Sam Porter,Spain Rugby,Openside Flanker,Spain,35,117,1,0,0,0,0,5,2,105,Home Win
2496,2015-05-05,Spain Rugby,Tonga Rugby,"Aviva Stadium, Dublin",Rugby World Cup,2,49,37,7,4,42,58,1,0,0,0,Finn Watson,Tonga Rugby,Outside Centre,New Zealand,35,105,3,0,0,0,0,18,1,140,Home Win
2497,2024-08-01,Canada Rugby,South Africa Springboks,"Twickenham, London",Rugby World Cup,8,18,34,0,6,61,39,1,0,0,0,Henry Watson,Canada Rugby,Loosehead Prop,Canada,31,18,2,0,0,0,0,19,7,0,Away Win
2498,2022-02-16,Samoa Rugby,Wales Rugby,"Twickenham, London",Rugby World Cup,2,27,17,5,3,41,59,1,0,1,0,Grégoire Doris,Wales Rugby,Lock,New Zealand,31,118,0,0,0,0,0,2,1,91,Home Win
2499,2016-06-10,Italy Rugby,Wales Rugby,"Mikheil Meskhi Stadium, Tbilisi",Six Nations,1,3,15,0,3,46,54,1,0,0,0,Alun Williams,Wales Rugby,Lock,New Zealand,29,52,2,0,0,0,0,6,5,21,Away Win
2500,2020-12-06,Japan Brave Blossoms,Canada Rugby,"Stadio Olimpico, Rome",World Rugby U20 Championship,8,30,33,3,4,45,55,0,2,0,0,Malcolm Ntamack,Canada Rugby,Loosehead Prop,Canada,30,56,2,0,0,0,0,20,1,82,Away Win
2501,2018-03-16,France XV,Italy Rugby,"ANZ National Stadium, Suva",Rugby World Cup,4,42,5,4,1,56,44,0,0,0,0,Kieran Watson,Italy Rugby,Fullback,South Africa,24,20,0,0,1,0,0,8,5,72,Home Win
2502,2021-10-17,Uruguay Rugby,Australia Wallabies,"Principality Stadium, Cardiff",World Rugby U20 Championship,4,3,8,0,1,50,50,0,0,0,0,Grégoire Smith,Uruguay Rugby,Tighthead Prop,Uruguay,23,83,3,0,0,0,0,19,6,18,Away Win
2503,2015-04-18,France XV,Georgia Rugby,"Aviva Stadium, Dublin",Pacific Nations Cup,6,19,54,2,6,63,37,0,0,0,0,Richie Doris,Georgia Rugby,Hooker,Georgia,26,97,0,0,0,0,0,2,5,157,Away Win
2504,2021-10-01,Fiji Rugby,South Africa Springboks,"Stade de France, Paris",Rugby World Cup,4,23,37,4,7,39,61,0,0,0,0,Stuart Dupont,Fiji Rugby,Inside Centre,Fiji,26,112,0,0,0,0,0,,2,9,Away Win
2505,2016-02-23,Spain Rugby,Samoa Rugby,"Ellis Park, Johannesburg",Six Nations,8,58,29,7,3,49,51,0,0,0,0,Hamish Porter,Samoa Rugby,Lock,Samoa,25,24,1,0,0,0,0,13,5,26,Home Win
2506,2023-02-10,New Zealand All Blacks,Italy Rugby,"ANZ National Stadium, Suva",World Rugby U20 Championship,5,7,47,1,8,61,39,0,0,0,0,Rory Caelan,Italy Rugby,Hooker,Italy,29,38,0,0,0,0,0,,7,,Away Win
2507,2019-05-08,Fiji Rugby,South Africa Springboks,"Stadio Olimpico, Rome",Rugby Europe Championship,3,42,20,7,1,51,49,0,2,0,0,Malcolm Caelan,South Africa Springboks,Lock,South Africa,30,88,3,0,0,0,0,1,8,134,Home Win
2508,2020-08-23,Uruguay Rugby,New Zealand All Blacks,"ANZ National Stadium, Suva",The Rugby Championship,2,3,24,0,3,48,52,1,0,0,0,Justin Barrett,Uruguay Rugby,Scrum-half,Argentina,27,45,0,0,0,0,0,15,8,18,Away Win
2509,2017-11-20,France XV,Scotland Rugby,"Eden Park, Auckland",Rugby Europe Championship,2,12,30,0,2,62,38,1,0,0,0,Faf Watson,France XV,Hooker,Ivory Coast,32,118,0,0,0,0,0,9,6,11,Away Win
2510,2016-05-02,Romania Rugby,New Zealand All Blacks,"Estadio Jose Amalfitani, Buenos Aires",Rugby World Cup,3,39,27,3,5,47,53,0,0,0,0,Hugo Watson,New Zealand All Blacks,Fullback,New Zealand,22,82,2,0,3,0,0,14,1,139,Home Win
2511,2019-08-08,England Rugby,New Zealand All Blacks,"Eden Park, Auckland",,1,13,42,2,8,57,43,0,0,0,0,Richie Furlong,England Rugby,Lock,New Zealand,26,3,2,0,0,0,0,18,7,136,Away Win
2512,2024-08-14,New Zealand All Blacks,France XV,"Estadio Jose Amalfitani, Buenos Aires",World Rugby U20 Championship,4,19,26,3,4,38,62,0,0,0,0,Grégoire Doris,New Zealand All Blacks,Openside Flanker,New Zealand,24,110,3,0,0,0,0,3,6,175,Away Win
2513,2022-03-17,New Zealand All Blacks,Canada Rugby,"Aviva Stadium, Dublin",Rugby Europe Championship,2,68,16,8,1,54,46,0,1,0,0,Grégoire Taylor,Canada Rugby,Right Wing,New Zealand,19,119,2,0,0,0,0,2,3,146,Home Win
2514,2019-02-16,Argentina Pumas,Spain Rugby,"Apia Park, Samoa",World Rugby U20 Championship,3,24,5,3,1,57,43,1,0,0,0,Mason Brown,Argentina Pumas,Inside Centre,Argentina,26,70,2,0,0,0,0,11,8,64,Home Win
2515,2017-07-11,Georgia Rugby,England Rugby,"Principality Stadium, Cardiff",The Rugby Championship,7,35,16,4,1,48,52,0,0,0,0,Mason Jones,Georgia Rugby,Fullback,Georgia,26,64,0,0,0,0,0,10,8,145,Home Win
2516,2020-08-14,Fiji Rugby,Ireland Rugby,"Ellis Park, Johannesburg",The Rugby Championship,1,31,19,3,3,61,39,0,0,0,0,Tadhg Barrett,Fiji Rugby,Lock,Fiji,33,19,1,0,0,0,0,15,8,95,Home Win
2517,2024-01-09,Wales Rugby,New Zealand All Blacks,"Eden Park, Auckland",Rugby World Cup,4,51,56,7,6,58,42,1,0,0,0,Cheslin Faletau,New Zealand All Blacks,Blindside Flanker,New Zealand,29,95,0,0,0,0,0,17,7,9,Away Win
2518,2019-07-07,Romania Rugby,New Zealand All Blacks,"Principality Stadium, Cardiff",Pacific Nations Cup,2,14,62,1,8,51,49,1,0,0,0,Charles Porter,New Zealand All Blacks,Lock,New Zealand,22,50,3,0,0,0,0,2,7,117,Away Win
2519,2020-05-23,Spain Rugby,France XV,"Estadio Jose Amalfitani, Buenos Aires",World Rugby U20 Championship,8,42,63,8,8,39,61,0,1,0,0,Faf Jones,France XV,Outside Centre,France,34,69,3,0,0,0,0,10,6,41,Away Win
2520,2022-09-19,Canada Rugby,Tonga Rugby,"Apia Park, Samoa",The Rugby Championship,1,17,26,1,3,36,64,0,0,0,0,Lucas Kolbe,Canada Rugby,Lock,Canada,31,108,2,0,0,0,1,5,,169,Away Win
2521,2022-03-07,Wales Rugby,Tonga Rugby,,World Rugby U20 Championship,3,53,30,7,3,53,47,0,0,0,0,Finn Williams,Tonga Rugby,Inside Centre,Tonga,29,6,2,0,0,0,0,17,6,26,Home Win
2522,2019-07-15,Romania Rugby,USA Eagles,"Principality Stadium, Cardiff",Rugby World Cup,8,18,25,0,5,41,59,0,0,0,0,Antoine Taylor,USA Eagles,Hooker,South Africa,,8,0,0,0,0,0,14,5,95,Away Win
2523,2020-12-15,Scotland Rugby,South Africa Springboks,"Mikheil Meskhi Stadium, Tbilisi",Six Nations,8,45,45,5,6,35,65,0,0,0,0,Noah Dupont,Scotland Rugby,Lock,Australia,23,59,0,0,0,0,0,15,6,179,Draw
2524,2017-04-21,Spain Rugby,Wales Rugby,"Murrayfield, Edinburgh",Autumn Internationals,6,45,52,6,7,62,38,0,0,0,0,Ethan Faletau,Wales Rugby,Left Wing,New Zealand,25,72,0,0,0,0,0,15,4,111,Away Win
2525,2019-03-15,Romania Rugby,Australia Wallabies,"National Stadium, Tokyo",Six Nations,5,58,59,6,8,54,46,0,2,0,0,Rory Dupont,Romania Rugby,Hooker,France,31,12,3,0,0,0,0,8,1,70,Away Win
2526,2018-02-17,England Rugby,New Zealand All Blacks,"Estadio Jose Amalfitani, Buenos Aires",Autumn Internationals,3,65,44,7,7,56,44,0,1,0,0,Liam Dupont,New Zealand All Blacks,Left Wing,New Zealand,34,90,0,0,0,0,0,15,8,75,Home Win
2527,2020-04-03,Fiji Rugby,France XV,"Twickenham, London",Rugby World Cup,5,17,21,1,3,52,48,0,0,0,0,Romain Faletau,Fiji Rugby,Outside Centre,Fiji,33,7,0,0,0,0,0,11,3,157,Away Win
2528,2019-07-12,England Rugby,Australia Wallabies,"Stadium Australia, Sydney",Six Nations,6,55,46,7,8,47,53,0,0,0,0,Henry Williams,Australia Wallabies,Lock,Fiji,25,84,0,0,0,0,0,2,4,153,Home Win
2529,2018-05-22,Georgia Rugby,USA Eagles,"ANZ National Stadium, Suva",Six Nations,3,46,17,8,2,39,61,2,0,0,0,Malcolm Caelan,Georgia Rugby,Outside Centre,Georgia,,93,2,0,0,0,0,18,8,164,Home Win
2530,2019-06-14,Fiji Rugby,Canada Rugby,"Twickenham, London",Autumn Internationals,2,21,45,3,7,47,53,1,0,0,0,Malcolm Curry,Fiji Rugby,Fullback,Fiji,27,105,0,0,4,0,0,1,6,37,Away Win
2531,2019-05-13,Australia Wallabies,Japan Brave Blossoms,"Mikheil Meskhi Stadium, Tbilisi",Six Nations,2,32,51,2,8,56,44,1,0,0,0,Stuart Jones,Australia Wallabies,Fly-half,Fiji,19,67,0,5,0,0,0,2,5,167,Away Win
2532,2020-03-08,France XV,Italy Rugby,"Murrayfield, Edinburgh",Rugby World Cup,1,60,49,8,7,54,46,0,0,0,1,Owen Kolbe,Italy Rugby,Lock,Italy,28,98,3,0,0,0,0,5,6,119,Home Win
2533,2018-04-18,Wales Rugby,Ireland Rugby,"Mikheil Meskhi Stadium, Tbilisi",World Rugby U20 Championship,6,35,24,4,3,36,64,0,0,0,0,Conor Doris,Ireland Rugby,Blindside Flanker,South Africa,26,78,3,0,0,0,0,6,1,34,Home Win
2534,2018-01-16,Spain Rugby,Australia Wallabies,"Estadio Jose Amalfitani, Buenos Aires",Rugby World Cup,5,7,27,1,2,48,52,0,0,0,0,Tadhg Porter,Spain Rugby,Right Wing,Argentina,25,44,2,0,0,0,0,10,7,17,Away Win
2535,2019-03-13,South Africa Springboks,Australia Wallabies,"Teufaiva Stadium, Tonga",The Rugby Championship,6,47,31,6,3,44,56,0,0,0,0,Pieter Hogg,South Africa Springboks,Left Wing,South Africa,,45,3,0,0,0,0,5,7,89,Home Win
2536,2017-09-27,Canada Rugby,Georgia Rugby,"Estadio Jose Amalfitani, Buenos Aires",Rugby World Cup,8,39,55,3,6,55,45,0,2,0,0,Henry Caelan,Georgia Rugby,Right Wing,Georgia,29,52,2,0,0,0,0,7,5,105,Away Win
2537,2015-01-02,Uruguay Rugby,New Zealand All Blacks,"Estadio Jose Amalfitani, Buenos Aires",Rugby Europe Championship,3,13,15,2,2,58,42,0,0,0,0,Josh Caelan,New Zealand All Blacks,Scrum-half,New Zealand,24,4,2,0,0,0,0,14,1,3,Away Win
2538,2022-04-19,France XV,Ireland Rugby,"Eden Park, Auckland",Rugby Europe Championship,7,39,47,6,5,51,49,0,0,0,0,Hugo Barrett,France XV,Hooker,France,22,55,0,0,0,0,1,,2,176,Away Win
2539,2017-05-03,South Africa Springboks,Tonga Rugby,,Autumn Internationals,5,41,45,5,6,47,53,0,1,0,0,Jamie Brown,Tonga Rugby,Lock,New Zealand,18,22,2,0,0,0,0,0,1,54,Away Win
2540,2018-03-05,USA Eagles,Australia Wallabies,"Stadium Australia, Sydney",Rugby Europe Championship,4,36,54,3,7,39,61,1,0,0,0,Conor Brown,USA Eagles,Number 8,New Zealand,26,64,3,0,0,0,0,,6,20,Away Win
2541,2022-10-25,Australia Wallabies,Japan Brave Blossoms,"Stade de France, Paris",Pacific Nations Cup,4,15,27,3,4,47,53,2,0,0,0,Siya Porter,Australia Wallabies,Blindside Flanker,Australia,34,82,2,0,0,0,0,0,8,123,Away Win
2542,2018-08-02,Canada Rugby,Ireland Rugby,"ANZ National Stadium, Suva",World Rugby U20 Championship,5,41,34,4,4,35,65,0,0,0,0,Richie Brown,Ireland Rugby,Scrum-half,South Africa,33,40,1,0,0,0,0,12,4,82,Home Win
2543,2015-07-12,South Africa Springboks,France XV,"Stade de France, Paris",Autumn Internationals,1,44,28,5,4,40,60,0,0,0,0,Owen Watson,France XV,Blindside Flanker,France,25,54,0,0,0,0,0,3,8,111,Home Win
2544,2023-10-05,Canada Rugby,Australia Wallabies,"Stadio Olimpico, Rome",Rugby World Cup,1,50,35,7,5,52,48,1,0,0,0,Callum Brown,Canada Rugby,Lock,New Zealand,24,75,1,0,0,0,0,18,1,132,Home Win
2545,2019-11-22,Romania Rugby,Tonga Rugby,"Twickenham, London",Six Nations,1,46,30,6,2,42,58,0,0,0,0,Antoine Henshaw,Tonga Rugby,Lock,New Zealand,28,33,2,0,0,0,0,1,8,132,Home Win
2546,2017-08-28,Australia Wallabies,Uruguay Rugby,"Teufaiva Stadium, Tonga",Autumn Internationals,4,29,12,4,0,37,63,1,0,0,0,Lucas Brown,Uruguay Rugby,Loosehead Prop,Argentina,23,29,2,0,0,0,0,15,3,111,Home Win
2547,2015-01-01,USA Eagles,New Zealand All Blacks,"Teufaiva Stadium, Tonga",Rugby World Cup,2,30,17,3,3,43,57,1,0,0,0,Cian van der Merwe,USA Eagles,Outside Centre,South Africa,28,83,1,0,0,0,0,17,1,148,Home Win
2548,2023-12-24,Tonga Rugby,England Rugby,"Mikheil Meskhi Stadium, Tbilisi",The Rugby Championship,7,53,14,8,1,65,35,0,1,0,0,Taulupe Watson,Tonga Rugby,Inside Centre,New Zealand,30,89,0,0,0,0,0,19,0,130,Home Win
2549,2023-02-05,Romania Rugby,Tonga Rugby,"Principality Stadium, Cardiff",Autumn Internationals,7,20,49,1,6,62,38,0,0,0,0,Pieter Watson,Tonga Rugby,Fullback,New Zealand,31,116,2,0,4,0,0,19,7,113,Away Win
2550,2015-08-11,USA Eagles,New Zealand All Blacks,"Eden Park, Auckland",World Rugby U20 Championship,7,61,17,8,2,59,41,0,1,0,0,Benjamin Carbery,New Zealand All Blacks,Inside Centre,New Zealand,26,23,3,0,0,0,0,10,7,13,Home Win
2551,2022-04-05,Ireland Rugby,England Rugby,"Ellis Park, Johannesburg",Six Nations,4,12,47,0,5,40,60,1,0,0,1,Pieter Dupont,Ireland Rugby,Outside Centre,South Africa,26,97,3,0,0,0,0,1,8,133,Away Win
2552,2017-04-22,New Zealand All Blacks,Georgia Rugby,"ANZ National Stadium, Suva",World Rugby U20 Championship,2,33,36,5,4,37,63,0,0,0,0,Alun Brown,Georgia Rugby,Hooker,Georgia,23,91,3,0,0,0,0,19,8,161,Away Win
2553,2016-07-05,Spain Rugby,Argentina Pumas,"ANZ National Stadium, Suva",World Rugby U20 Championship,7,55,22,7,2,47,53,0,0,0,0,Lucas Itoje,Spain Rugby,Right Wing,Spain,23,110,3,0,0,0,0,,1,130,Home Win
2554,2016-09-28,South Africa Springboks,USA Eagles,"National Stadium, Tokyo",Pacific Nations Cup,1,10,22,2,2,53,47,0,0,0,0,Benjamin Russell,USA Eagles,Lock,USA,26,38,0,0,0,1,0,8,1,71,Away Win
2555,2024-02-14,Fiji Rugby,Tonga Rugby,"Teufaiva Stadium, Tonga",Rugby Europe Championship,5,10,31,1,5,57,43,0,0,0,0,Noah Jones,Tonga Rugby,Number 8,New Zealand,28,120,2,0,0,0,0,10,0,16,Away Win
2556,2023-11-04,Uruguay Rugby,USA Eagles,"Stadio Olimpico, Rome",Rugby Europe Championship,4,27,13,4,1,65,35,1,0,0,0,Rory Itoje,Uruguay Rugby,Fullback,Argentina,,4,0,0,2,0,0,2,8,70,Home Win
2557,2022-02-02,Wales Rugby,Ireland Rugby,"Eden Park, Auckland",The Rugby Championship,2,15,54,2,6,43,57,1,0,0,0,Faf Jones,Wales Rugby,Fullback,Wales,23,78,0,0,3,0,0,4,3,100,Away Win
2558,2019-10-24,Spain Rugby,Australia Wallabies,"Ellis Park, Johannesburg",Six Nations,4,18,3,0,0,59,41,0,0,0,1,Faf Brown,Spain Rugby,Openside Flanker,Argentina,32,64,0,0,0,0,0,18,6,2,Home Win
2559,2016-04-24,Fiji Rugby,Spain Rugby,"Stade de France, Paris",The Rugby Championship,4,14,32,1,5,57,43,1,1,0,0,Conor Porter,Spain Rugby,Fullback,Spain,25,117,0,0,4,0,0,14,7,23,Away Win
2560,2017-02-13,Tonga Rugby,Romania Rugby,"Stade de France, Paris",Autumn Internationals,3,59,15,7,0,44,56,0,0,1,0,Ethan Porter,Romania Rugby,Tighthead Prop,Romania,26,28,1,0,0,1,0,13,3,115,Home Win
2561,2022-09-09,Ireland Rugby,Canada Rugby,"Murrayfield, Edinburgh",The Rugby Championship,1,41,24,4,4,49,51,0,0,0,0,Oliver Curry,Canada Rugby,Inside Centre,New Zealand,24,42,1,0,0,0,0,18,3,161,Home Win
2562,2015-09-21,Samoa Rugby,Fiji Rugby,"Apia Park, Samoa",Pacific Nations Cup,8,46,46,7,5,52,48,1,0,0,0,Finn Itoje,Fiji Rugby,Outside Centre,Fiji,18,92,0,0,0,0,0,5,2,6,Draw
2563,2019-10-05,Japan Brave Blossoms,Canada Rugby,"Principality Stadium, Cardiff",Rugby World Cup,6,14,52,2,8,59,41,0,0,0,1,Noah Furlong,Japan Brave Blossoms,Number 8,New Zealand,30,83,0,0,0,0,0,5,2,9,Away Win
2564,2022-10-03,Samoa Rugby,Argentina Pumas,"Stade de France, Paris",Rugby World Cup,3,41,10,7,2,35,65,0,0,0,0,Hugo Caelan,Samoa Rugby,Outside Centre,,29,74,1,0,0,0,0,8,3,,Home Win
2565,2018-08-25,South Africa Springboks,New Zealand All Blacks,"Estadio Jose Amalfitani, Buenos Aires",Rugby World Cup,8,17,37,1,5,39,61,0,0,0,1,James Hogg,New Zealand All Blacks,Blindside Flanker,New Zealand,25,15,2,0,0,0,0,,8,106,Away Win
2566,2022-02-12,France XV,Ireland Rugby,"National Stadium, Tokyo",Rugby World Cup,4,57,37,6,4,42,58,0,0,0,0,Ethan Dupont,France XV,Fly-half,France,27,74,3,4,2,0,0,7,2,144,Home Win
2567,2020-11-20,Australia Wallabies,Spain Rugby,"Mikheil Meskhi Stadium, Tbilisi",Pacific Nations Cup,6,58,25,7,1,55,45,0,0,1,0,James Kolbe,Australia Wallabies,Blindside Flanker,Fiji,29,25,1,0,0,0,0,11,,29,Home Win
2568,2021-04-27,Canada Rugby,Italy Rugby,"Mikheil Meskhi Stadium, Tbilisi",Rugby World Cup,5,30,40,3,8,37,63,0,0,0,0,Tadhg Lowe,Italy Rugby,Inside Centre,Argentina,20,115,0,0,0,0,0,12,5,171,Away Win
2569,2019-01-25,Wales Rugby,Uruguay Rugby,"Apia Park, Samoa",Rugby World Cup,2,42,9,8,0,42,58,0,0,0,0,Tadhg Caelan,Uruguay Rugby,Right Wing,Argentina,24,94,2,0,0,0,0,20,8,30,Home Win
2570,2024-09-26,Scotland Rugby,Italy Rugby,"Eden Park, Auckland",World Rugby U20 Championship,4,34,47,4,5,65,35,0,0,1,0,Oliver Lowe,Scotland Rugby,Fullback,Australia,30,9,0,0,0,0,0,19,8,23,Away Win
2571,2021-05-01,Australia Wallabies,Italy Rugby,"Teufaiva Stadium, Tonga",Rugby Europe Championship,4,6,47,0,7,61,39,0,0,0,0,Malcolm Watson,Australia Wallabies,Hooker,Australia,21,8,0,0,0,0,0,,0,83,Away Win
2572,2018-10-07,Samoa Rugby,Romania Rugby,"Ellis Park, Johannesburg",Pacific Nations Cup,6,46,46,6,6,63,37,0,0,0,1,Charles Watson,Samoa Rugby,Scrum-half,Samoa,28,66,0,0,0,0,0,20,8,96,Draw
2573,2016-08-24,Uruguay Rugby,Canada Rugby,"Principality Stadium, Cardiff",Six Nations,4,24,33,2,5,37,63,0,0,0,0,Charles Brown,Canada Rugby,Fullback,New Zealand,21,47,0,0,4,0,1,8,4,,Away Win
2574,2021-06-16,Samoa Rugby,Uruguay Rugby,"Ellis Park, Johannesburg",Six Nations,6,30,46,4,4,49,51,0,2,0,0,Stuart Lowe,Samoa Rugby,Loosehead Prop,New Zealand,28,109,0,0,0,1,0,8,0,177,Away Win
2575,2016-07-12,Samoa Rugby,Ireland Rugby,"Stade de France, Paris",Pacific Nations Cup,8,30,15,3,0,47,53,0,0,0,0,Cian Brown,Samoa Rugby,Right Wing,Samoa,26,99,2,0,0,0,0,0,6,88,Home Win
2576,2015-11-26,Scotland Rugby,Samoa Rugby,"National Stadium, Tokyo",Autumn Internationals,1,5,30,1,2,59,41,0,0,0,0,Finn Faletau,Scotland Rugby,Loosehead Prop,New Zealand,20,11,3,0,0,1,0,5,6,87,Away Win
2577,2015-02-22,Ireland Rugby,Uruguay Rugby,"Stadio Olimpico, Rome",Pacific Nations Cup,3,17,18,3,3,45,55,1,0,0,0,Richie Smith,Uruguay Rugby,Outside Centre,Argentina,31,59,0,0,0,0,0,11,3,59,Away Win
2578,2020-04-22,Canada Rugby,Georgia Rugby,"Ellis Park, Johannesburg",,5,52,33,8,3,39,61,0,0,0,0,Faf Watson,Georgia Rugby,Number 8,Georgia,24,97,0,0,0,0,0,19,3,12,Home Win
2579,2016-12-27,USA Eagles,Ireland Rugby,"Mikheil Meskhi Stadium, Tbilisi",Rugby Europe Championship,6,32,55,5,7,59,41,0,0,0,0,Liam Henshaw,USA Eagles,Hooker,New Zealand,23,61,0,0,0,0,0,10,5,121,Away Win
2580,2016-12-05,France XV,USA Eagles,"Eden Park, Auckland",Six Nations,5,35,58,5,7,65,35,0,0,1,0,Liam Jones,France XV,Fullback,France,27,17,1,0,2,1,0,14,1,103,Away Win
2581,2017-02-03,England Rugby,Uruguay Rugby,"Ellis Park, Johannesburg",The Rugby Championship,3,25,41,2,7,48,52,1,0,0,0,Benjamin Russell,England Rugby,Fullback,New Zealand,31,98,1,0,0,0,0,,0,174,Away Win
2582,2021-12-12,Italy Rugby,Romania Rugby,"Ellis Park, Johannesburg",Rugby World Cup,4,61,46,8,5,40,60,0,1,0,0,Sam Smith,Italy Rugby,Tighthead Prop,Argentina,22,44,1,0,0,0,0,17,8,5,Home Win
2583,2020-10-06,Wales Rugby,Spain Rugby,"Estadio Jose Amalfitani, Buenos Aires",Pacific Nations Cup,2,22,45,4,6,62,38,0,0,0,0,William Curry,Spain Rugby,Loosehead Prop,Spain,27,94,2,0,0,0,0,3,8,40,Away Win
2584,2019-09-12,Japan Brave Blossoms,Romania Rugby,"Teufaiva Stadium, Tonga",World Rugby U20 Championship,7,39,26,4,4,40,60,0,0,0,0,Mason Curry,Japan Brave Blossoms,Inside Centre,Australia,28,8,3,0,0,0,0,18,1,69,Home Win
2585,2020-05-12,Spain Rugby,Samoa Rugby,"Apia Park, Samoa",World Rugby U20 Championship,3,30,25,5,1,65,35,0,0,0,0,Jamie Carbery,Spain Rugby,Number 8,Spain,29,72,0,0,0,0,0,6,4,102,Home Win
2586,2023-03-17,Romania Rugby,Wales Rugby,"Mikheil Meskhi Stadium, Tbilisi",World Rugby U20 Championship,2,59,18,8,3,54,46,0,0,0,0,Antoine Watson,Wales Rugby,Hooker,Wales,27,45,0,0,0,0,0,4,7,128,Home Win
2587,2019-04-27,Georgia Rugby,Australia Wallabies,"Estadio Jose Amalfitani, Buenos Aires",Rugby Europe Championship,2,42,44,4,4,46,54,0,1,0,0,Oliver Williams,Australia Wallabies,Lock,Australia,25,34,3,0,0,0,0,8,5,83,Away Win
2588,2023-02-07,USA Eagles,Japan Brave Blossoms,"Ellis Park, Johannesburg",Six Nations,1,25,29,5,3,57,43,0,1,0,0,Alun Faletau,Japan Brave Blossoms,Openside Flanker,Japan,23,118,3,0,0,0,0,12,8,51,Away Win
2589,2022-04-11,Spain Rugby,Uruguay Rugby,"Apia Park, Samoa",Rugby Europe Championship,5,52,26,6,2,46,54,0,0,0,0,James Brown,Uruguay Rugby,Tighthead Prop,Uruguay,27,44,1,0,0,0,1,13,4,99,Home Win
2590,2023-03-06,England Rugby,Japan Brave Blossoms,"Ellis Park, Johannesburg",Rugby World Cup,5,45,41,5,7,46,54,0,0,0,0,Siya Smith,Japan Brave Blossoms,Tighthead Prop,Australia,22,50,2,0,0,0,0,16,3,100,Home Win
2591,2021-07-17,Canada Rugby,Romania Rugby,"National Stadium, Tokyo",Pacific Nations Cup,1,25,15,1,0,40,60,0,0,0,0,Rory Furlong,Romania Rugby,Openside Flanker,Romania,18,14,2,0,0,0,0,13,3,167,Home Win
2592,2017-11-20,Samoa Rugby,South Africa Springboks,"Aviva Stadium, Dublin",Rugby Europe Championship,1,64,33,7,3,51,49,1,0,0,0,Sam Smith,Samoa Rugby,Inside Centre,New Zealand,28,46,2,0,0,0,0,17,7,133,Home Win
2593,2022-10-25,USA Eagles,Georgia Rugby,"Stadium Australia, Sydney",Rugby Europe Championship,2,51,41,5,6,39,61,0,1,0,0,William Curry,USA Eagles,Scrum-half,South Africa,30,,2,0,0,0,0,15,6,176,Home Win
2594,2024-03-25,France XV,Samoa Rugby,"Mikheil Meskhi Stadium, Tbilisi",Pacific Nations Cup,5,30,67,2,7,49,51,0,0,0,0,Grégoire Hogg,Samoa Rugby,Blindside Flanker,New Zealand,18,106,3,0,0,0,0,12,4,60,Away Win
2595,2016-08-04,Ireland Rugby,Fiji Rugby,"Principality Stadium, Cardiff",Pacific Nations Cup,8,34,48,4,7,55,45,0,0,0,0,Benjamin Smith,Ireland Rugby,Tighthead Prop,Ireland,22,85,1,0,0,0,0,18,,69,Away Win
2596,2020-11-16,Canada Rugby,England Rugby,"National Stadium, Tokyo",Autumn Internationals,2,22,17,4,2,58,42,0,0,0,0,Liam Watson,England Rugby,Loosehead Prop,South Africa,29,96,3,0,0,0,0,16,5,114,Home Win
2597,2024-02-21,Australia Wallabies,Italy Rugby,"Stadium Australia, Sydney",Rugby Europe Championship,5,51,41,6,6,64,36,1,0,0,0,Cian Porter,Australia Wallabies,Hooker,Australia,35,93,3,0,0,1,0,13,3,53,Home Win
2598,2015-12-07,Australia Wallabies,Spain Rugby,"Estadio Jose Amalfitani, Buenos Aires",World Rugby U20 Championship,6,42,50,6,8,43,57,0,1,0,0,Malcolm Hogg,Australia Wallabies,Fullback,Fiji,27,92,2,0,4,0,0,9,7,153,Away Win
2599,2015-09-25,New Zealand All Blacks,Georgia Rugby,"Teufaiva Stadium, Tonga",Rugby Europe Championship,3,32,40,3,8,35,65,0,0,0,0,Conor Faletau,Georgia Rugby,Blindside Flanker,Georgia,24,81,2,0,0,0,0,4,2,43,Away Win
2600,2018-03-16,Australia Wallabies,Ireland Rugby,"Twickenham, London",Six Nations,5,42,19,4,2,62,38,0,0,0,0,Justin Caelan,Australia Wallabies,Left Wing,New Zealand,26,77,2,0,0,0,0,5,3,175,Home Win
2601,2016-01-17,Romania Rugby,Georgia Rugby,"Apia Park, Samoa",Rugby World Cup,7,30,13,3,2,49,51,1,0,0,0,Tadhg Itoje,Romania Rugby,Left Wing,Romania,32,46,2,0,0,0,0,15,0,13,Home Win
2602,2020-10-22,Australia Wallabies,Wales Rugby,"Stadio Olimpico, Rome",Autumn Internationals,4,12,37,0,3,60,40,0,0,0,1,Ethan Furlong,Wales Rugby,Loosehead Prop,Wales,,97,0,0,0,0,0,20,8,63,Away Win
2603,2023-08-16,Samoa Rugby,Spain Rugby,"Ellis Park, Johannesburg",World Rugby U20 Championship,6,47,20,7,3,51,49,0,1,0,0,James Dupont,Samoa Rugby,Openside Flanker,New Zealand,23,77,2,0,0,0,0,3,2,118,Home Win
2604,2024-10-12,Canada Rugby,South Africa Springboks,"Twickenham, London",Six Nations,5,12,65,2,7,49,51,0,1,0,0,William Brown,South Africa Springboks,Number 8,South Africa,25,42,2,0,0,0,0,14,4,122,Away Win
2605,2015-12-16,USA Eagles,Spain Rugby,"Ellis Park, Johannesburg",World Rugby U20 Championship,7,35,59,7,7,40,60,2,2,0,0,Hamish Barrett,USA Eagles,Lock,USA,23,39,0,0,0,0,0,3,5,180,Away Win
2606,2020-05-07,New Zealand All Blacks,Scotland Rugby,"Ellis Park, Johannesburg",Rugby Europe Championship,4,52,29,7,3,46,54,1,0,0,0,Faf Caelan,New Zealand All Blacks,Right Wing,New Zealand,27,73,3,0,0,0,0,20,2,123,Home Win
2607,2016-11-02,Wales Rugby,Spain Rugby,"Principality Stadium, Cardiff",Six Nations,1,35,41,4,6,64,36,0,0,0,0,Justin Curry,Wales Rugby,Number 8,New Zealand,33,6,3,0,0,0,0,17,6,65,Away Win
2608,2020-08-08,Australia Wallabies,Samoa Rugby,"Eden Park, Auckland",World Rugby U20 Championship,2,59,6,8,0,51,49,0,1,0,0,Alun Porter,Samoa Rugby,Fullback,Samoa,28,107,2,0,1,0,0,5,7,170,Home Win
2609,2021-08-15,Canada Rugby,Australia Wallabies,"Teufaiva Stadium, Tonga",The Rugby Championship,8,12,64,2,7,53,47,0,0,0,0,Cheslin Henshaw,Australia Wallabies,Fullback,New Zealand,25,57,2,0,0,0,0,7,4,176,Away Win
2610,2024-02-25,Australia Wallabies,Ireland Rugby,"Murrayfield, Edinburgh",Autumn Internationals,4,52,18,6,0,54,46,0,1,0,0,Oliver Russell,Australia Wallabies,Right Wing,Australia,25,90,3,0,0,0,0,3,8,40,Home Win
2611,2015-12-17,Australia Wallabies,Samoa Rugby,"Ellis Park, Johannesburg",Pacific Nations Cup,4,35,18,3,2,55,45,0,0,0,0,Owen Johnson,Samoa Rugby,Number 8,,20,67,3,0,0,0,0,9,4,112,Home Win
2612,2024-12-09,Georgia Rugby,Spain Rugby,"Twickenham, London",Rugby Europe Championship,1,41,19,6,1,52,48,1,0,0,0,Sam Barrett,Georgia Rugby,Fullback,Georgia,30,4,3,0,4,0,0,0,1,45,Home Win
2613,2020-07-16,Canada Rugby,France XV,"Ellis Park, Johannesburg",Rugby World Cup,3,38,32,6,2,61,39,0,0,0,0,Sean Russell,France XV,Left Wing,Senegal,26,24,1,0,0,0,0,0,1,42,Home Win
2614,2019-08-20,France XV,Australia Wallabies,"Principality Stadium, Cardiff",World Rugby U20 Championship,7,38,44,6,7,38,62,0,0,0,0,Pieter Williams,France XV,Lock,Senegal,26,63,3,0,0,0,0,8,8,28,Away Win
2615,2016-10-05,Japan Brave Blossoms,Samoa Rugby,"Eden Park, Auckland",Pacific Nations Cup,5,38,33,6,5,64,36,0,0,0,0,Tadhg Jones,Samoa Rugby,Fullback,Samoa,39,113,0,0,0,0,0,5,8,115,Home Win
2616,2017-03-11,Fiji Rugby,South Africa Springboks,"National Stadium, Tokyo",Six Nations,2,18,16,2,2,63,37,0,1,0,0,Liam Watson,Fiji Rugby,Fly-half,Fiji,28,41,1,2,2,0,0,14,2,,Home Win
2617,2021-07-06,Canada Rugby,New Zealand All Blacks,,Rugby Europe Championship,8,37,3,4,0,49,51,0,0,1,0,Justin Smith,New Zealand All Blacks,Lock,New Zealand,,52,0,0,0,0,0,11,4,64,Home Win
2618,2023-05-03,USA Eagles,Argentina Pumas,"ANZ National Stadium, Suva",The Rugby Championship,3,25,59,2,8,36,64,0,0,0,1,Alun Doris,USA Eagles,Lock,USA,25,113,3,0,0,0,0,,,89,Away Win
2619,2020-10-07,France XV,USA Eagles,"Ellis Park, Johannesburg",Autumn Internationals,3,36,16,6,1,41,59,1,0,0,0,Finn Faletau,USA Eagles,Blindside Flanker,USA,31,7,3,0,0,0,0,10,3,121,Home Win
2620,2020-02-04,Spain Rugby,Tonga Rugby,"National Stadium, Tokyo",Pacific Nations Cup,8,44,25,4,4,37,63,0,0,0,0,Beauden Russell,Tonga Rugby,Fullback,New Zealand,27,88,3,0,0,0,0,20,5,86,Home Win
2621,2020-05-03,Australia Wallabies,Uruguay Rugby,"Ellis Park, Johannesburg",World Rugby U20 Championship,6,41,31,6,5,64,36,0,0,0,1,Antoine Doris,Australia Wallabies,Fly-half,New Zealand,21,73,0,4,0,0,0,18,2,6,Home Win
2622,2021-11-13,Italy Rugby,South Africa Springboks,"ANZ National Stadium, Suva",The Rugby Championship,4,18,34,2,3,61,39,0,0,0,0,Benjamin de Klerk,Italy Rugby,Fly-half,Argentina,30,,1,2,2,0,0,5,8,161,Away Win
2623,2024-01-01,England Rugby,South Africa Springboks,"Twickenham, London",Rugby Europe Championship,2,3,15,0,0,48,52,0,1,0,0,Richie Porter,South Africa Springboks,Fly-half,South Africa,24,118,0,3,1,1,0,13,5,0,Away Win
2624,2020-04-12,Romania Rugby,France XV,"Stade de France, Paris",Autumn Internationals,6,28,58,2,7,58,42,0,0,0,0,Josh Smith,Romania Rugby,Hooker,Romania,34,105,0,0,0,0,0,1,1,112,Away Win
2625,2022-12-11,Romania Rugby,France XV,"Eden Park, Auckland",Autumn Internationals,4,5,28,1,2,45,55,1,0,0,0,Beauden Williams,Romania Rugby,Left Wing,France,31,4,1,0,0,0,0,3,6,71,Away Win
2626,2017-08-17,Georgia Rugby,Wales Rugby,"Principality Stadium, Cardiff",Rugby World Cup,3,58,28,8,4,64,36,0,0,0,0,Finn Porter,Georgia Rugby,Fly-half,Georgia,25,45,1,2,1,0,0,11,3,1,Home Win
2627,2024-10-04,Argentina Pumas,Tonga Rugby,"Aviva Stadium, Dublin",The Rugby Championship,3,20,18,1,0,41,59,0,0,0,0,Noah Ntamack,Argentina Pumas,Tighthead Prop,Argentina,32,9,1,0,0,1,0,0,0,,Home Win
2628,2020-11-11,Japan Brave Blossoms,Australia Wallabies,"Apia Park, Samoa",Autumn Internationals,7,10,29,2,2,55,45,0,0,0,0,Malcolm Russell,Japan Brave Blossoms,Lock,Australia,27,77,1,0,0,0,0,,6,146,Away Win
2629,2023-11-19,USA Eagles,Wales Rugby,"ANZ National Stadium, Suva",World Rugby U20 Championship,6,7,45,1,7,49,51,0,0,0,0,Mason Watson,Wales Rugby,Fullback,New Zealand,30,32,1,0,2,0,0,14,4,55,Away Win
2630,2023-04-15,Wales Rugby,Fiji Rugby,"Stade de France, Paris",World Rugby U20 Championship,3,24,6,3,0,48,52,0,1,0,0,Beauden Williams,Wales Rugby,Scrum-half,New Zealand,28,,1,0,0,0,0,3,0,,Home Win
2631,2018-05-02,Romania Rugby,Spain Rugby,"ANZ National Stadium, Suva",Pacific Nations Cup,7,12,6,0,0,56,44,0,0,0,0,Finn Watson,Romania Rugby,Number 8,France,23,50,2,0,0,0,0,13,4,79,Home Win
2632,2019-10-09,Italy Rugby,Uruguay Rugby,"Twickenham, London",Rugby Europe Championship,3,12,19,2,1,65,35,1,0,0,0,William Porter,Uruguay Rugby,Lock,Argentina,24,24,0,0,0,0,0,10,7,127,Away Win
2633,2016-08-11,Ireland Rugby,Argentina Pumas,"ANZ National Stadium, Suva",The Rugby Championship,4,26,52,3,7,55,45,0,0,0,1,Taulupe Taylor,Argentina Pumas,Number 8,Argentina,31,113,3,0,0,1,0,20,6,159,Away Win
2634,2020-09-04,Uruguay Rugby,Canada Rugby,"Mikheil Meskhi Stadium, Tbilisi",The Rugby Championship,5,23,58,2,8,49,51,0,0,0,0,Lucas Porter,Canada Rugby,Blindside Flanker,Canada,25,99,2,0,0,0,0,15,4,152,Away Win
2635,2016-08-03,USA Eagles,New Zealand All Blacks,"Apia Park, Samoa",Pacific Nations Cup,8,25,40,2,7,63,37,0,0,0,0,Tadhg Johnson,USA Eagles,Loosehead Prop,South Africa,25,50,0,0,0,0,0,2,,103,Away Win
2636,2016-10-27,Canada Rugby,Ireland Rugby,"Mikheil Meskhi Stadium, Tbilisi",The Rugby Championship,8,8,9,1,0,57,43,0,1,0,0,Grégoire Itoje,Canada Rugby,Fly-half,New Zealand,23,107,1,0,1,0,0,6,4,130,Away Win
2637,2017-02-24,England Rugby,Uruguay Rugby,"Eden Park, Auckland",World Rugby U20 Championship,5,60,15,6,3,51,49,0,1,0,0,Justin Russell,England Rugby,Scrum-half,New Zealand,28,109,1,0,0,0,0,9,4,92,Home Win
2638,2022-04-09,Romania Rugby,Spain Rugby,"Stadio Olimpico, Rome",Rugby World Cup,4,44,0,5,0,49,51,1,0,0,0,Finn de Klerk,Spain Rugby,Lock,Spain,35,53,0,0,0,0,0,10,3,157,Home Win
2639,2023-05-11,Argentina Pumas,Tonga Rugby,"Estadio Jose Amalfitani, Buenos Aires",The Rugby Championship,1,25,21,2,2,47,53,0,0,0,0,Mason Dupont,Tonga Rugby,Tighthead Prop,New Zealand,22,58,1,0,0,0,0,9,4,69,Home Win
2640,2018-01-14,New Zealand All Blacks,Romania Rugby,"Stade de France, Paris",World Rugby U20 Championship,5,26,30,4,3,56,44,0,0,0,0,Finn van der Merwe,Romania Rugby,Lock,France,27,59,1,0,0,0,0,18,7,32,Away Win
2641,2017-06-28,Wales Rugby,Australia Wallabies,"Stadio Olimpico, Rome",Rugby Europe Championship,4,36,9,5,0,43,57,0,0,0,0,Henry Kolbe,Australia Wallabies,Fullback,New Zealand,32,62,0,0,2,0,0,15,5,35,Home Win
2642,2017-04-22,Japan Brave Blossoms,New Zealand All Blacks,"Aviva Stadium, Dublin",Six Nations,1,33,23,3,3,46,54,1,1,0,0,Lucas Dupont,Japan Brave Blossoms,Left Wing,New Zealand,26,94,3,0,0,0,0,12,6,144,Home Win
2643,2023-12-11,Romania Rugby,Uruguay Rugby,"Stadio Olimpico, Rome",World Rugby U20 Championship,2,34,30,3,4,42,58,0,0,0,0,Ethan Hogg,Uruguay Rugby,Lock,Argentina,28,12,3,0,0,0,0,12,,62,Home Win
2644,2024-08-15,Australia Wallabies,Fiji Rugby,"Eden Park, Auckland",Rugby Europe Championship,6,20,25,4,1,48,52,0,0,0,0,Owen Carbery,Australia Wallabies,Left Wing,New Zealand,22,103,2,0,0,1,0,14,5,57,Away Win
2645,2021-06-04,Spain Rugby,Fiji Rugby,"Stadium Australia, Sydney",World Rugby U20 Championship,3,19,28,2,3,36,64,0,0,0,0,Benjamin Johnson,Fiji Rugby,Lock,Fiji,28,73,1,0,0,0,0,8,1,79,Away Win
2646,2019-11-20,Australia Wallabies,France XV,"Stade de France, Paris",Autumn Internationals,4,45,13,5,2,37,63,1,0,0,0,Tadhg de Klerk,France XV,Outside Centre,Senegal,26,105,3,0,0,0,0,16,7,51,Home Win
2647,2024-08-22,Ireland Rugby,Italy Rugby,"Ellis Park, Johannesburg",Pacific Nations Cup,8,15,17,0,1,52,48,0,0,0,0,Stuart Williams,Italy Rugby,Fly-half,,30,104,2,5,4,0,0,3,1,123,Away Win
2648,2020-09-19,Australia Wallabies,Canada Rugby,"ANZ National Stadium, Suva",Rugby Europe Championship,4,52,3,7,0,46,54,0,0,0,0,Noah Ntamack,Australia Wallabies,Left Wing,Australia,31,112,1,0,0,0,0,3,2,138,Home Win
2649,2020-01-17,Scotland Rugby,France XV,"Ellis Park, Johannesburg",Rugby World Cup,7,48,50,6,7,59,41,0,0,0,0,Siya de Klerk,Scotland Rugby,Left Wing,Scotland,37,6,3,0,0,0,0,16,2,56,Away Win
2650,2019-09-23,Canada Rugby,Italy Rugby,"Mikheil Meskhi Stadium, Tbilisi",The Rugby Championship,2,16,17,2,1,47,53,0,0,0,0,Ethan Watson,Canada Rugby,Tighthead Prop,New Zealand,29,29,2,0,0,0,0,6,6,22,Away Win
2651,2024-09-09,Italy Rugby,Australia Wallabies,"Murrayfield, Edinburgh",World Rugby U20 Championship,6,41,58,4,8,36,64,0,0,0,0,Cian van der Merwe,Australia Wallabies,Outside Centre,Fiji,28,66,2,0,0,0,0,13,6,128,Away Win
2652,2020-04-20,Spain Rugby,Georgia Rugby,"Stade de France, Paris",Rugby World Cup,4,45,14,6,1,58,42,0,1,0,0,Faf Furlong,Georgia Rugby,Number 8,Georgia,27,113,2,0,0,1,0,,6,136,Home Win
2653,2022-05-13,Canada Rugby,New Zealand All Blacks,"Teufaiva Stadium, Tonga",Rugby World Cup,3,6,30,0,4,47,53,0,0,0,0,Callum Porter,Canada Rugby,Scrum-half,New Zealand,25,86,0,0,0,0,0,4,2,53,Away Win
2654,2015-05-21,Canada Rugby,Australia Wallabies,"Estadio Jose Amalfitani, Buenos Aires",Autumn Internationals,4,40,3,7,0,45,55,1,1,0,0,Owen Porter,Canada Rugby,Inside Centre,New Zealand,28,,0,0,0,0,0,18,2,158,Home Win
2655,2020-01-24,New Zealand All Blacks,Romania Rugby,"Mikheil Meskhi Stadium, Tbilisi",Autumn Internationals,5,17,8,1,1,41,59,1,0,0,0,Romain Hogg,New Zealand All Blacks,Lock,New Zealand,25,12,1,0,0,0,0,6,3,143,Home Win
2656,2019-08-22,Japan Brave Blossoms,South Africa Springboks,"Principality Stadium, Cardiff",Rugby World Cup,5,40,46,5,6,52,48,0,0,0,0,Finn Johnson,South Africa Springboks,Tighthead Prop,South Africa,27,120,1,0,0,0,0,16,5,173,Away Win
2657,2015-08-06,USA Eagles,England Rugby,"Stade de France, Paris",Six Nations,3,52,46,7,4,36,64,0,1,0,0,Conor de Klerk,USA Eagles,Tighthead Prop,New Zealand,32,44,1,0,0,0,0,19,4,23,Home Win
2658,2015-10-03,Wales Rugby,England Rugby,"Stadium Australia, Sydney",Autumn Internationals,2,22,12,1,0,49,51,1,0,0,1,Noah Carbery,England Rugby,Inside Centre,England,22,111,1,0,0,1,0,11,0,82,Home Win
2659,2022-08-26,England Rugby,Romania Rugby,"Principality Stadium, Cardiff",Rugby Europe Championship,7,22,52,1,7,53,47,2,0,0,0,Justin Henshaw,Romania Rugby,Hooker,France,31,8,0,0,0,0,0,2,0,7,Away Win
2660,2017-06-04,Italy Rugby,Romania Rugby,"Stadium Australia, Sydney",Six Nations,1,18,26,0,4,43,57,0,0,0,0,Owen Furlong,Romania Rugby,Fullback,Romania,32,2,2,0,1,0,0,15,3,5,Away Win
2661,2019-02-08,USA Eagles,Argentina Pumas,"Stade de France, Paris",World Rugby U20 Championship,4,53,43,5,8,56,44,1,0,0,0,Cian Barrett,USA Eagles,Blindside Flanker,USA,26,70,1,0,0,0,0,0,6,44,Home Win
2662,2017-09-13,USA Eagles,Wales Rugby,"Stadio Olimpico, Rome",Rugby World Cup,5,8,40,1,6,61,39,0,1,0,0,Pieter Carbery,USA Eagles,Blindside Flanker,New Zealand,18,58,2,0,0,0,0,7,3,59,Away Win
2663,2016-06-22,England Rugby,Canada Rugby,"Estadio Jose Amalfitani, Buenos Aires",The Rugby Championship,4,43,3,5,0,46,54,2,0,0,0,Stuart Henshaw,Canada Rugby,Right Wing,Canada,24,99,2,0,0,0,0,6,3,54,Home Win
2664,2020-11-02,Tonga Rugby,Romania Rugby,"Stadio Olimpico, Rome",Six Nations,3,3,62,0,8,57,43,0,0,0,0,Sam Itoje,Tonga Rugby,Hooker,New Zealand,32,28,1,0,0,1,0,12,5,19,Away Win
2665,2022-10-17,Argentina Pumas,South Africa Springboks,"Mikheil Meskhi Stadium, Tbilisi",Six Nations,5,18,0,0,0,60,40,0,0,0,0,Grégoire van der Merwe,Argentina Pumas,Lock,Argentina,26,40,3,0,0,0,0,11,3,166,Home Win
2666,2016-03-22,Canada Rugby,Tonga Rugby,"Twickenham, London",The Rugby Championship,1,12,3,0,0,50,50,1,0,0,0,Oliver Johnson,Tonga Rugby,Tighthead Prop,Tonga,23,72,3,0,0,1,0,16,7,95,Home Win
2667,2021-05-06,South Africa Springboks,Wales Rugby,"Ellis Park, Johannesburg",World Rugby U20 Championship,5,20,56,2,8,47,53,0,1,0,0,Finn Johnson,Wales Rugby,Number 8,New Zealand,24,83,3,0,0,0,0,6,2,1,Away Win
2668,2015-05-08,Wales Rugby,Argentina Pumas,"Aviva Stadium, Dublin",Pacific Nations Cup,5,65,14,8,1,51,49,0,0,0,0,Tadhg Henshaw,Wales Rugby,Fullback,Wales,30,2,1,0,4,0,1,1,8,27,Home Win
2669,2023-07-06,Romania Rugby,Georgia Rugby,"Ellis Park, Johannesburg",Rugby Europe Championship,7,22,24,3,4,45,55,0,1,0,0,Pieter Smith,Georgia Rugby,Outside Centre,Georgia,29,66,1,0,0,0,0,16,8,142,Away Win
2670,2018-03-16,New Zealand All Blacks,USA Eagles,"Ellis Park, Johannesburg",The Rugby Championship,7,22,41,3,5,44,56,0,0,0,0,James Barrett,USA Eagles,Right Wing,USA,26,22,1,0,0,0,0,4,7,15,Away Win
2671,2024-03-09,Canada Rugby,Fiji Rugby,"Stadium Australia, Sydney",Pacific Nations Cup,1,14,17,2,3,51,49,0,0,0,0,Benjamin de Klerk,Canada Rugby,Lock,New Zealand,25,85,1,0,0,0,0,8,0,150,Away Win
2672,2017-05-25,England Rugby,Scotland Rugby,"Eden Park, Auckland",Autumn Internationals,3,10,23,1,4,46,54,0,0,0,0,Siya Itoje,England Rugby,Outside Centre,South Africa,25,106,3,0,0,0,0,3,4,29,Away Win
2673,2017-11-21,Romania Rugby,Ireland Rugby,"Mikheil Meskhi Stadium, Tbilisi",Six Nations,7,47,39,6,5,57,43,0,0,0,0,Conor Dupont,Romania Rugby,Left Wing,France,,58,2,0,0,0,0,18,2,95,Home Win
2674,2018-08-04,Wales Rugby,Tonga Rugby,"Twickenham, London",Rugby World Cup,5,30,36,6,3,62,38,0,2,0,0,Justin Curry,Tonga Rugby,Lock,Tonga,33,20,1,0,0,0,0,11,5,127,Away Win
2675,2018-05-02,New Zealand All Blacks,Canada Rugby,"Twickenham, London",Rugby Europe Championship,8,46,18,4,0,56,44,0,0,0,0,Owen van der Merwe,Canada Rugby,Outside Centre,New Zealand,25,77,1,0,0,0,0,10,6,41,Home Win
2676,2024-11-06,USA Eagles,Romania Rugby,"Mikheil Meskhi Stadium, Tbilisi",Autumn Internationals,8,0,19,0,1,37,63,0,0,0,0,Pieter Caelan,Romania Rugby,Lock,France,31,104,0,0,0,0,0,5,0,71,Away Win
2677,2022-07-05,Italy Rugby,Ireland Rugby,"Teufaiva Stadium, Tonga",Rugby Europe Championship,5,24,45,3,6,36,64,0,0,0,0,Rory Henshaw,Italy Rugby,Outside Centre,Argentina,33,106,0,0,0,0,0,6,5,107,Away Win
2678,2022-08-08,Romania Rugby,USA Eagles,"Stadium Australia, Sydney",World Rugby U20 Championship,2,6,33,0,5,59,41,1,0,0,0,Jamie Carbery,USA Eagles,Lock,New Zealand,30,59,1,0,0,0,0,12,1,99,Away Win
2679,2021-09-13,Ireland Rugby,Spain Rugby,"Stade de France, Paris",,7,59,50,7,7,47,53,0,0,0,0,Faf Itoje,Ireland Rugby,Loosehead Prop,New Zealand,25,33,0,0,0,0,0,6,8,59,Home Win
2680,2022-08-28,Uruguay Rugby,New Zealand All Blacks,"ANZ National Stadium, Suva",Pacific Nations Cup,7,14,65,1,8,37,63,0,0,0,0,Hamish Smith,Uruguay Rugby,Tighthead Prop,Uruguay,28,22,1,0,0,0,0,12,6,21,Away Win
2681,2022-01-10,Tonga Rugby,Samoa Rugby,"Mikheil Meskhi Stadium, Tbilisi",Six Nations,4,32,26,3,2,43,57,0,0,0,0,Antoine Doris,Tonga Rugby,Lock,New Zealand,26,74,2,0,0,0,0,9,2,113,Home Win
2682,2022-03-02,Fiji Rugby,Japan Brave Blossoms,"Teufaiva Stadium, Tonga",Pacific Nations Cup,3,57,32,6,4,60,40,0,2,0,0,Henry Watson,Japan Brave Blossoms,Fly-half,South Africa,,108,0,5,3,0,0,7,1,11,Home Win
2683,2018-12-23,New Zealand All Blacks,South Africa Springboks,"Principality Stadium, Cardiff",The Rugby Championship,3,20,50,3,8,45,55,0,0,0,0,Antoine Johnson,South Africa Springboks,Left Wing,South Africa,28,81,0,0,0,0,0,0,2,92,Away Win
2684,2017-06-23,Argentina Pumas,Tonga Rugby,"Stadium Australia, Sydney",Rugby World Cup,8,48,47,6,5,42,58,0,1,0,0,Ethan Watson,Argentina Pumas,Fullback,Argentina,22,79,3,0,2,0,0,,3,25,Home Win
2685,2024-05-15,USA Eagles,Spain Rugby,"Eden Park, Auckland",Pacific Nations Cup,1,42,59,6,8,42,58,1,0,0,0,Lucas Carbery,USA Eagles,Hooker,New Zealand,31,29,3,0,0,0,0,19,0,98,Away Win
2686,2024-01-11,Georgia Rugby,USA Eagles,"Stade de France, Paris",World Rugby U20 Championship,8,38,22,5,1,59,41,0,0,0,0,Stuart Furlong,Georgia Rugby,Fullback,Georgia,25,60,3,0,1,0,0,0,4,23,Home Win
2687,2019-02-26,Spain Rugby,Japan Brave Blossoms,"Eden Park, Auckland",Rugby Europe Championship,5,10,30,2,3,62,38,0,2,0,0,Tadhg Hogg,Spain Rugby,Number 8,Spain,27,68,0,0,0,0,0,5,1,16,Away Win
2688,2020-07-03,Argentina Pumas,France XV,"Murrayfield, Edinburgh",Six Nations,2,10,37,2,4,53,47,0,2,0,0,Hugo de Klerk,France XV,Loosehead Prop,France,28,30,2,0,0,0,0,1,0,85,Away Win
2689,2019-02-08,Uruguay Rugby,Fiji Rugby,"Teufaiva Stadium, Tonga",Six Nations,7,15,12,3,0,65,35,0,0,0,0,Ethan Williams,Uruguay Rugby,Outside Centre,Uruguay,25,29,1,0,0,0,0,10,0,55,Home Win
2690,2020-02-05,Wales Rugby,Japan Brave Blossoms,"National Stadium, Tokyo",The Rugby Championship,2,57,21,7,2,50,50,0,0,0,0,Taulupe Faletau,Wales Rugby,Lock,New Zealand,29,94,2,0,0,0,0,13,5,100,Home Win
2691,2016-02-02,Fiji Rugby,Australia Wallabies,"Apia Park, Samoa",Rugby Europe Championship,6,27,14,3,1,60,40,0,0,0,0,Conor Williams,Fiji Rugby,Hooker,Fiji,25,107,1,0,0,0,0,16,1,2,Home Win
2692,2020-01-26,Samoa Rugby,Japan Brave Blossoms,"Estadio Jose Amalfitani, Buenos Aires",The Rugby Championship,6,40,62,4,8,62,38,1,1,0,0,Stuart Jones,Samoa Rugby,Lock,New Zealand,30,31,3,0,0,0,0,19,4,159,Away Win
2693,2020-10-10,South Africa Springboks,Spain Rugby,"Eden Park, Auckland",The Rugby Championship,3,5,62,1,8,59,41,0,0,0,1,Sean Smith,South Africa Springboks,Tighthead Prop,South Africa,21,75,1,0,0,0,0,14,7,15,Away Win
2694,2016-04-05,Georgia Rugby,Spain Rugby,"Stadium Australia, Sydney",Six Nations,4,26,51,2,5,43,57,1,1,0,0,Finn Russell,Georgia Rugby,Lock,Georgia,27,23,1,0,0,0,0,3,1,83,Away Win
2695,2016-07-27,England Rugby,New Zealand All Blacks,"Estadio Jose Amalfitani, Buenos Aires",Rugby World Cup,1,50,22,7,1,53,47,1,0,0,0,Richie Henshaw,New Zealand All Blacks,Outside Centre,New Zealand,,51,0,0,0,0,0,5,0,,Home Win
2696,2020-07-23,Georgia Rugby,Romania Rugby,"ANZ National Stadium, Suva",Rugby Europe Championship,4,32,21,4,3,46,54,1,0,0,0,Josh Faletau,Georgia Rugby,Scrum-half,Georgia,22,112,3,0,0,0,0,12,4,102,Home Win
2697,2023-12-04,Romania Rugby,Japan Brave Blossoms,"Principality Stadium, Cardiff",Pacific Nations Cup,6,33,7,3,1,37,63,1,0,0,0,Owen Porter,Romania Rugby,Right Wing,Romania,24,30,1,0,0,0,0,17,3,22,Home Win
2698,2018-10-14,Ireland Rugby,Japan Brave Blossoms,"Stadio Olimpico, Rome",Pacific Nations Cup,7,29,44,4,7,50,50,0,1,0,0,Benjamin Kolbe,Ireland Rugby,Lock,South Africa,29,18,2,0,0,1,0,2,8,103,Away Win
2699,2020-12-23,Samoa Rugby,New Zealand All Blacks,"Principality Stadium, Cardiff",Pacific Nations Cup,6,70,19,8,2,58,42,0,0,1,0,Cheslin Hogg,Samoa Rugby,Fullback,Samoa,27,7,1,0,2,0,0,19,7,69,Home Win
2700,2017-07-03,Fiji Rugby,Italy Rugby,"Stadio Olimpico, Rome",Autumn Internationals,1,24,47,4,6,35,65,0,0,0,0,Rory Williams,Fiji Rugby,Right Wing,Fiji,28,28,3,0,0,0,0,9,7,96,Away Win
2701,2017-08-17,Australia Wallabies,Japan Brave Blossoms,"Aviva Stadium, Dublin",Rugby Europe Championship,2,29,63,2,8,59,41,1,1,0,0,Lucas Johnson,Australia Wallabies,Lock,New Zealand,28,107,3,0,0,0,0,,8,18,Away Win
2702,2015-09-14,New Zealand All Blacks,Fiji Rugby,"Murrayfield, Edinburgh",Rugby Europe Championship,4,26,37,2,5,51,49,0,0,0,0,Antoine Lowe,Fiji Rugby,Lock,Fiji,29,81,3,0,0,0,0,5,,86,Away Win
2703,2016-07-19,Uruguay Rugby,New Zealand All Blacks,"Principality Stadium, Cardiff",Six Nations,1,13,30,2,3,35,65,0,1,0,0,Malcolm Porter,New Zealand All Blacks,Tighthead Prop,New Zealand,31,,1,0,0,0,0,11,1,41,Away Win
2704,2019-01-11,Samoa Rugby,Ireland Rugby,"Stadio Olimpico, Rome",Rugby World Cup,1,38,35,4,5,58,42,0,0,0,0,Stuart Johnson,Samoa Rugby,Left Wing,New Zealand,28,34,1,0,0,0,0,16,1,86,Home Win
2705,2021-11-27,Canada Rugby,Tonga Rugby,"Eden Park, Auckland",Six Nations,3,54,16,8,1,62,38,0,0,0,0,Tadhg Carbery,Canada Rugby,Outside Centre,New Zealand,26,71,1,0,0,1,0,2,5,61,Home Win
2706,2015-04-10,Japan Brave Blossoms,Scotland Rugby,"ANZ National Stadium, Suva",Six Nations,7,61,59,7,8,48,52,0,1,0,0,Hamish Henshaw,Scotland Rugby,Hooker,New Zealand,29,115,3,0,0,1,0,12,4,,Home Win
2707,2024-07-28,Canada Rugby,Australia Wallabies,"Ellis Park, Johannesburg",Rugby Europe Championship,5,41,33,7,3,58,42,0,0,0,0,Callum Smith,Canada Rugby,Hooker,New Zealand,34,106,3,0,0,0,0,9,6,95,Home Win
2708,2019-04-26,Canada Rugby,Romania Rugby,"Estadio Jose Amalfitani, Buenos Aires",Autumn Internationals,5,43,24,4,3,63,37,0,0,0,0,Hugo Barrett,Romania Rugby,Scrum-half,France,26,111,0,0,0,0,0,14,7,164,Home Win
2709,2021-04-20,Australia Wallabies,USA Eagles,"Mikheil Meskhi Stadium, Tbilisi",Rugby World Cup,7,31,61,4,7,49,51,0,0,0,0,Justin van der Merwe,USA Eagles,Right Wing,USA,23,11,3,0,0,0,0,1,6,27,Away Win
2710,2019-05-02,Italy Rugby,Wales Rugby,"Principality Stadium, Cardiff",Rugby World Cup,3,23,18,1,0,62,38,0,0,0,0,Hugo van der Merwe,Wales Rugby,Scrum-half,Wales,31,90,1,0,0,0,0,5,6,53,Home Win
2711,2015-07-16,Ireland Rugby,South Africa Springboks,,World Rugby U20 Championship,8,18,39,2,6,53,47,0,0,0,0,Kieran Lowe,Ireland Rugby,Right Wing,Ireland,26,70,1,0,0,1,0,8,,74,Away Win
2712,2017-09-11,Tonga Rugby,Samoa Rugby,"Mikheil Meskhi Stadium, Tbilisi",Six Nations,1,9,39,0,4,55,45,0,0,0,0,Ethan Taylor,Tonga Rugby,Right Wing,Tonga,18,95,0,0,0,0,0,11,7,165,Away Win
2713,2015-12-13,Japan Brave Blossoms,Ireland Rugby,"Apia Park, Samoa",,8,18,23,2,1,58,42,0,0,0,0,Jamie Curry,Japan Brave Blossoms,Tighthead Prop,South Africa,30,16,0,0,0,1,0,4,3,10,Away Win
2714,2021-06-18,France XV,Georgia Rugby,"Stadio Olimpico, Rome",,2,24,43,3,6,59,41,2,2,0,0,Noah Taylor,Georgia Rugby,Hooker,Georgia,24,31,0,0,0,0,0,18,6,60,Away Win
2715,2019-12-15,Canada Rugby,Ireland Rugby,"Aviva Stadium, Dublin",Rugby World Cup,8,30,37,4,3,38,62,0,0,0,0,Sam Curry,Ireland Rugby,Tighthead Prop,Ireland,26,12,1,0,0,0,0,18,2,158,Away Win
2716,2020-09-23,France XV,Italy Rugby,"Eden Park, Auckland",Pacific Nations Cup,8,29,36,2,6,62,38,0,0,0,0,James Lowe,France XV,Loosehead Prop,Ivory Coast,28,35,2,0,0,0,0,15,2,153,Away Win
2717,2017-08-08,South Africa Springboks,Tonga Rugby,"Ellis Park, Johannesburg",Rugby World Cup,8,51,34,6,5,40,60,0,0,0,0,Josh Ntamack,South Africa Springboks,Hooker,South Africa,27,7,0,0,0,1,0,18,2,40,Home Win
2718,2024-11-06,England Rugby,Tonga Rugby,"Apia Park, Samoa",Six Nations,3,18,55,0,7,47,53,0,0,0,0,Beauden Kolbe,Tonga Rugby,Tighthead Prop,Tonga,29,104,0,0,0,0,0,5,4,89,Away Win
2719,2015-09-16,Georgia Rugby,Canada Rugby,"Mikheil Meskhi Stadium, Tbilisi",Rugby World Cup,4,42,37,5,3,41,59,0,0,0,0,James Furlong,Canada Rugby,Lock,New Zealand,,56,2,0,0,0,0,5,5,122,Home Win
2720,2024-09-25,Italy Rugby,Spain Rugby,"Mikheil Meskhi Stadium, Tbilisi",Rugby Europe Championship,2,20,40,1,7,50,50,0,0,0,0,Owen Johnson,Italy Rugby,Right Wing,South Africa,29,64,0,0,0,0,0,2,,42,Away Win
2721,2019-12-08,Romania Rugby,England Rugby,"ANZ National Stadium, Suva",Rugby World Cup,4,60,42,8,4,42,58,2,0,0,0,James Russell,Romania Rugby,Right Wing,Romania,25,30,0,0,0,0,0,18,8,132,Home Win
2722,2022-11-13,Scotland Rugby,Canada Rugby,"Estadio Jose Amalfitani, Buenos Aires",Rugby World Cup,1,6,50,0,7,57,43,0,0,0,0,Faf Kolbe,Canada Rugby,Right Wing,Canada,29,99,0,0,0,0,0,9,1,57,Away Win
2723,2019-05-06,Romania Rugby,Samoa Rugby,"ANZ National Stadium, Suva",Six Nations,4,26,37,4,4,52,48,0,2,0,0,Lucas Watson,Romania Rugby,Hooker,Romania,29,1,3,0,0,0,0,2,5,154,Away Win
2724,2020-05-16,Georgia Rugby,Ireland Rugby,"Stadio Olimpico, Rome",Autumn Internationals,8,48,24,5,3,60,40,0,0,0,0,Liam Carbery,Georgia Rugby,Fullback,Georgia,23,16,3,0,1,0,0,18,7,65,Home Win
2725,2021-05-20,Samoa Rugby,England Rugby,"Ellis Park, Johannesburg",World Rugby U20 Championship,1,49,0,7,0,54,46,0,0,0,0,Romain Williams,Samoa Rugby,Right Wing,New Zealand,31,103,0,0,0,0,0,16,4,41,Home Win
2726,2018-12-19,Japan Brave Blossoms,USA Eagles,"Eden Park, Auckland",Rugby Europe Championship,8,32,32,5,3,43,57,2,0,0,0,Cian Barrett,USA Eagles,Lock,USA,24,9,3,0,0,0,0,8,3,34,Draw
2727,2022-03-25,Uruguay Rugby,USA Eagles,"Eden Park, Auckland",The Rugby Championship,4,52,23,7,1,38,62,0,0,0,0,Rory van der Merwe,USA Eagles,Fly-half,New Zealand,30,110,1,4,2,0,0,8,7,110,Home Win
2728,2019-03-11,Spain Rugby,Romania Rugby,"Stade de France, Paris",Six Nations,4,30,15,6,3,55,45,0,0,0,0,Kieran Jones,Spain Rugby,Inside Centre,Spain,28,4,2,0,0,1,0,10,7,,Home Win
2729,2019-01-23,Scotland Rugby,Georgia Rugby,"Principality Stadium, Cardiff",Pacific Nations Cup,6,62,18,8,0,44,56,0,0,0,0,Henry Watson,Scotland Rugby,Outside Centre,Scotland,34,68,2,0,0,0,0,2,6,57,Home Win
2730,2018-06-05,New Zealand All Blacks,Wales Rugby,"Stadio Olimpico, Rome",World Rugby U20 Championship,2,55,22,7,2,40,60,2,0,0,0,Noah Taylor,Wales Rugby,Number 8,Wales,26,11,0,0,0,0,0,2,4,117,Home Win
2731,2022-10-24,Romania Rugby,Argentina Pumas,"Mikheil Meskhi Stadium, Tbilisi",World Rugby U20 Championship,8,53,56,6,8,41,59,0,0,0,0,Jamie Dupont,Argentina Pumas,Lock,Argentina,25,52,1,0,0,1,0,6,3,56,Away Win
2732,2020-04-24,Japan Brave Blossoms,Australia Wallabies,"ANZ National Stadium, Suva",Rugby Europe Championship,1,11,14,1,2,59,41,0,0,0,0,Taulupe Brown,Australia Wallabies,Scrum-half,Fiji,26,64,2,0,0,0,0,,6,166,Away Win
2733,2016-05-08,Georgia Rugby,Samoa Rugby,"Stadium Australia, Sydney",Six Nations,6,34,25,5,4,56,44,0,0,0,0,James Lowe,Samoa Rugby,Number 8,Samoa,25,40,0,0,0,0,0,2,2,97,Home Win
2734,2015-05-17,Japan Brave Blossoms,South Africa Springboks,"National Stadium, Tokyo",Rugby Europe Championship,7,31,47,5,6,53,47,0,0,0,0,Hugo Itoje,South Africa Springboks,Blindside Flanker,South Africa,30,55,0,0,0,0,0,,1,178,Away Win
2735,2015-02-05,Argentina Pumas,Australia Wallabies,"Apia Park, Samoa",Rugby World Cup,8,16,17,2,2,43,57,0,0,0,0,Hugo Watson,Argentina Pumas,Inside Centre,Argentina,20,66,3,0,0,0,0,7,7,38,Away Win
2736,2024-08-17,Georgia Rugby,Argentina Pumas,"Mikheil Meskhi Stadium, Tbilisi",Rugby Europe Championship,6,29,35,3,5,62,38,0,0,0,0,Siya de Klerk,Argentina Pumas,Hooker,Argentina,22,38,1,0,0,0,0,,8,126,Away Win
2737,2019-05-24,Argentina Pumas,France XV,"Twickenham, London",The Rugby Championship,1,38,36,6,3,50,50,0,0,0,0,Romain Barrett,Argentina Pumas,Fly-half,Argentina,22,44,2,2,2,0,0,,2,154,Home Win
2738,2021-09-08,Canada Rugby,Samoa Rugby,"Mikheil Meskhi Stadium, Tbilisi",The Rugby Championship,1,39,11,5,1,35,65,0,0,0,0,Conor Johnson,Canada Rugby,Fullback,Canada,30,118,2,0,0,0,0,18,3,,Home Win
2739,2015-07-12,Japan Brave Blossoms,Italy Rugby,"Stade de France, Paris",The Rugby Championship,4,9,45,0,6,44,56,0,0,0,0,Grégoire Barrett,Italy Rugby,Right Wing,South Africa,33,93,0,0,0,0,0,9,3,106,Away Win
2740,2023-02-04,England Rugby,South Africa Springboks,"ANZ National Stadium, Suva",Rugby World Cup,4,69,53,8,7,35,65,1,1,0,0,Antoine Hogg,England Rugby,Outside Centre,New Zealand,26,119,3,0,0,0,0,13,6,110,Home Win
2741,2016-11-06,Scotland Rugby,Romania Rugby,"Murrayfield, Edinburgh",Six Nations,5,6,11,0,1,41,59,2,0,0,0,Cian Watson,Romania Rugby,Fullback,France,26,,1,0,4,0,0,15,2,94,Away Win
2742,2015-04-06,Ireland Rugby,New Zealand All Blacks,"Stadio Olimpico, Rome",Six Nations,1,19,15,2,0,52,48,2,1,0,0,Pieter Dupont,Ireland Rugby,Inside Centre,South Africa,27,47,2,0,0,0,0,20,8,23,Home Win
2743,2019-05-08,Italy Rugby,Ireland Rugby,"Principality Stadium, Cardiff",Autumn Internationals,8,0,32,0,4,36,64,0,1,0,0,Lucas Barrett,Ireland Rugby,Fullback,South Africa,31,42,3,0,2,0,1,18,5,103,Away Win
2744,2022-03-12,Samoa Rugby,Scotland Rugby,"Principality Stadium, Cardiff",The Rugby Championship,7,27,20,3,3,62,38,0,0,0,0,Kieran de Klerk,Samoa Rugby,Tighthead Prop,Samoa,23,3,0,0,0,0,0,12,0,99,Home Win
2745,2017-12-17,France XV,Ireland Rugby,"Aviva Stadium, Dublin",Pacific Nations Cup,5,30,14,2,1,43,57,1,2,0,1,Beauden Russell,Ireland Rugby,Scrum-half,Ireland,27,93,0,0,0,0,0,13,1,161,Home Win
2746,2018-12-17,Ireland Rugby,Italy Rugby,"Apia Park, Samoa",Rugby Europe Championship,3,43,39,7,4,64,36,1,0,0,0,Oliver Lowe,Ireland Rugby,Fullback,Ireland,30,67,3,0,0,0,0,5,4,43,Home Win
2747,2018-11-10,Japan Brave Blossoms,Italy Rugby,"Principality Stadium, Cardiff",The Rugby Championship,8,24,41,4,6,38,62,0,0,0,0,Josh Williams,Japan Brave Blossoms,Blindside Flanker,Japan,29,114,2,0,0,1,0,5,3,108,Away Win
2748,2016-04-22,Samoa Rugby,France XV,"National Stadium, Tokyo",The Rugby Championship,3,26,44,2,5,60,40,0,0,0,0,Benjamin Doris,Samoa Rugby,Left Wing,Samoa,27,28,1,0,0,0,0,15,3,14,Away Win
2749,2016-08-25,Argentina Pumas,Tonga Rugby,"Stade de France, Paris",Rugby Europe Championship,4,15,13,0,1,61,39,0,0,0,0,Charles Curry,Tonga Rugby,Fullback,Tonga,31,115,2,0,2,0,0,14,2,142,Home Win
2750,2017-10-26,Australia Wallabies,Wales Rugby,"Apia Park, Samoa",Rugby Europe Championship,5,40,39,5,3,45,55,0,0,0,0,Conor Smith,Australia Wallabies,Loosehead Prop,New Zealand,,67,2,0,0,0,0,0,4,40,Home Win
2751,2024-09-26,Spain Rugby,Georgia Rugby,"National Stadium, Tokyo",Autumn Internationals,6,17,24,1,3,35,65,2,0,0,0,Grégoire de Klerk,Spain Rugby,Inside Centre,Argentina,29,75,0,0,0,0,0,13,5,110,Away Win
2752,2017-01-07,Italy Rugby,Romania Rugby,"Estadio Jose Amalfitani, Buenos Aires",Rugby Europe Championship,6,24,60,2,8,60,40,0,1,0,0,Faf Smith,Italy Rugby,Openside Flanker,Argentina,24,66,2,0,0,0,0,20,1,20,Away Win
2753,2019-10-13,Fiji Rugby,France XV,"Stadio Olimpico, Rome",Autumn Internationals,8,50,46,5,7,53,47,0,0,0,1,Finn Carbery,Fiji Rugby,Openside Flanker,Fiji,19,72,1,0,0,0,0,12,5,118,Home Win
2754,2016-11-05,Japan Brave Blossoms,Tonga Rugby,"Twickenham, London",World Rugby U20 Championship,5,18,23,0,2,60,40,1,0,1,0,Hugo Curry,Japan Brave Blossoms,Right Wing,Australia,29,7,2,0,0,0,0,5,6,36,Away Win
2755,2015-12-19,Australia Wallabies,France XV,,Rugby Europe Championship,6,30,28,3,2,39,61,1,0,0,0,Liam Itoje,France XV,Fly-half,Ivory Coast,32,64,1,0,1,0,0,15,4,95,Home Win
2756,2019-09-04,Ireland Rugby,Spain Rugby,"Stadio Olimpico, Rome",Autumn Internationals,1,38,38,4,6,39,61,0,0,0,0,Rory Watson,Ireland Rugby,Inside Centre,New Zealand,26,79,0,0,0,0,0,14,2,0,Draw
2757,2023-08-16,Uruguay Rugby,New Zealand All Blacks,"Eden Park, Auckland",Rugby Europe Championship,2,50,15,5,2,43,57,0,0,0,0,Lucas Smith,Uruguay Rugby,Fullback,Uruguay,30,28,3,0,3,0,0,1,0,150,Home Win
2758,2016-09-02,France XV,Canada Rugby,"Stade de France, Paris",Rugby Europe Championship,5,27,18,3,0,52,48,1,0,0,0,Noah van der Merwe,Canada Rugby,Right Wing,New Zealand,33,102,1,0,0,1,0,19,8,101,Home Win
2759,2023-03-06,Georgia Rugby,Argentina Pumas,"Stade de France, Paris",Six Nations,7,30,19,4,2,43,57,2,0,0,0,Mason Curry,Argentina Pumas,Blindside Flanker,Argentina,32,105,2,0,0,0,0,,6,21,Home Win
2760,2016-02-23,France XV,Romania Rugby,"Principality Stadium, Cardiff",Rugby World Cup,8,40,22,6,2,65,35,1,0,0,0,Malcolm Hogg,France XV,Lock,France,33,61,1,0,0,0,0,,3,17,Home Win
2761,2020-07-28,Japan Brave Blossoms,New Zealand All Blacks,"Estadio Jose Amalfitani, Buenos Aires",World Rugby U20 Championship,7,43,12,4,2,57,43,1,0,0,1,Alun Carbery,New Zealand All Blacks,Lock,New Zealand,29,9,3,0,0,0,0,9,4,99,Home Win
2762,2019-12-05,Uruguay Rugby,Wales Rugby,"Stadio Olimpico, Rome",World Rugby U20 Championship,2,26,10,4,2,49,51,0,1,0,1,Sam Taylor,Wales Rugby,Right Wing,New Zealand,27,76,0,0,0,0,0,7,4,44,Home Win
2763,2017-03-11,Romania Rugby,Ireland Rugby,"Apia Park, Samoa",Autumn Internationals,2,36,38,6,4,51,49,1,0,0,0,Sean Henshaw,Romania Rugby,Lock,France,20,101,2,0,0,0,0,,3,154,Away Win
2764,2024-10-23,Uruguay Rugby,Samoa Rugby,"Murrayfield, Edinburgh",Pacific Nations Cup,5,53,40,7,5,43,57,0,0,0,0,Sean Ntamack,Samoa Rugby,Inside Centre,Samoa,26,66,0,0,0,0,0,8,0,54,Home Win
2765,2017-02-10,Japan Brave Blossoms,Fiji Rugby,"Principality Stadium, Cardiff",Rugby World Cup,1,12,24,0,4,61,39,0,1,0,0,Faf Williams,Japan Brave Blossoms,Outside Centre,South Africa,23,38,3,0,0,0,0,2,8,,Away Win
2766,2015-09-02,Argentina Pumas,England Rugby,"Murrayfield, Edinburgh",The Rugby Championship,1,41,6,5,0,63,37,2,0,0,1,Sam Ntamack,Argentina Pumas,Tighthead Prop,Argentina,35,94,1,0,0,0,0,17,5,149,Home Win
2767,2024-10-28,Romania Rugby,Samoa Rugby,"Mikheil Meskhi Stadium, Tbilisi",World Rugby U20 Championship,6,25,37,2,4,38,62,0,0,0,0,Justin Williams,Romania Rugby,Hooker,Romania,26,83,3,0,0,0,0,17,0,171,Away Win
2768,2022-10-05,Spain Rugby,France XV,"Stadio Olimpico, Rome",Rugby World Cup,7,47,5,5,1,38,62,1,1,0,0,Malcolm Brown,France XV,Hooker,France,27,64,1,0,0,0,0,11,3,139,Home Win
2769,2018-11-04,Scotland Rugby,England Rugby,"Twickenham, London",Rugby World Cup,4,13,25,1,2,56,44,0,0,0,0,Malcolm Johnson,Scotland Rugby,Hooker,,,43,1,0,0,0,0,8,0,98,Away Win
2770,2019-05-15,Spain Rugby,Canada Rugby,"Stadium Australia, Sydney",Six Nations,4,36,12,6,0,38,62,1,1,0,0,Jamie de Klerk,Spain Rugby,Hooker,Argentina,27,112,3,0,0,0,0,0,7,169,Home Win
2771,2017-04-22,Tonga Rugby,England Rugby,"Stadium Australia, Sydney",Rugby Europe Championship,8,18,34,0,5,36,64,0,0,0,0,Josh Dupont,England Rugby,Openside Flanker,New Zealand,33,102,1,0,0,0,0,6,1,54,Away Win
2772,2016-11-03,Uruguay Rugby,New Zealand All Blacks,"Twickenham, London",Rugby World Cup,5,20,45,3,5,43,57,0,0,0,0,Pieter Faletau,Uruguay Rugby,Blindside Flanker,Uruguay,24,96,3,0,0,0,0,,7,72,Away Win
2773,2017-05-28,Australia Wallabies,Spain Rugby,"Apia Park, Samoa",The Rugby Championship,3,27,43,3,5,44,56,0,0,0,0,Antoine Porter,Spain Rugby,Tighthead Prop,Spain,27,112,3,0,0,0,0,7,1,153,Away Win
2774,2015-04-22,Samoa Rugby,Georgia Rugby,"Ellis Park, Johannesburg",World Rugby U20 Championship,7,53,47,8,6,54,46,1,1,0,0,Beauden Dupont,Samoa Rugby,Fullback,New Zealand,24,37,1,0,3,0,0,11,1,162,Home Win
2775,2016-09-17,Romania Rugby,France XV,"Aviva Stadium, Dublin",Rugby Europe Championship,5,18,22,0,1,35,65,0,2,0,0,Owen Henshaw,France XV,Tighthead Prop,France,21,46,1,0,0,0,0,8,,113,Away Win
2776,2020-02-06,Canada Rugby,Spain Rugby,"Ellis Park, Johannesburg",World Rugby U20 Championship,8,35,42,4,4,58,42,0,0,0,0,Richie Watson,Spain Rugby,Loosehead Prop,Spain,,91,1,0,0,0,0,3,2,92,Away Win
2777,2016-04-25,Samoa Rugby,Canada Rugby,"Mikheil Meskhi Stadium, Tbilisi",Pacific Nations Cup,8,48,10,5,1,57,43,0,0,0,0,Sean Doris,Canada Rugby,Blindside Flanker,Canada,26,77,0,0,0,0,0,19,8,132,Home Win
2778,2023-05-12,Samoa Rugby,Spain Rugby,"Estadio Jose Amalfitani, Buenos Aires",Rugby Europe Championship,6,45,22,5,4,45,55,0,2,0,0,Finn Lowe,Samoa Rugby,Scrum-half,Samoa,,85,3,0,0,0,0,11,3,116,Home Win
2779,2022-07-07,Samoa Rugby,Tonga Rugby,"Twickenham, London",Pacific Nations Cup,6,7,38,1,6,57,43,0,1,0,0,Alun Ntamack,Tonga Rugby,Right Wing,Tonga,24,63,0,0,0,0,0,13,6,62,Away Win
2780,2019-01-11,Fiji Rugby,Canada Rugby,"Stade de France, Paris",Rugby Europe Championship,2,64,56,8,8,40,60,0,0,0,0,Hugo de Klerk,Canada Rugby,Fullback,Canada,21,54,0,0,0,0,0,0,5,143,Home Win
2781,2022-05-11,Argentina Pumas,Spain Rugby,"Eden Park, Auckland",Rugby Europe Championship,1,62,6,7,0,36,64,1,0,0,0,Sean van der Merwe,Argentina Pumas,Lock,Argentina,26,54,0,0,0,0,0,,5,46,Home Win
2782,2016-02-08,Samoa Rugby,Romania Rugby,"Mikheil Meskhi Stadium, Tbilisi",Rugby World Cup,4,43,24,5,3,55,45,0,0,0,0,Rory de Klerk,Samoa Rugby,Blindside Flanker,Samoa,20,102,0,0,0,0,0,13,0,175,Home Win
2783,2023-01-13,Georgia Rugby,New Zealand All Blacks,"Teufaiva Stadium, Tonga",Rugby World Cup,7,9,41,0,5,35,65,0,0,0,0,Lucas Carbery,New Zealand All Blacks,Lock,New Zealand,30,93,2,0,0,0,0,8,3,132,Away Win
2784,2020-03-05,France XV,Tonga Rugby,"Aviva Stadium, Dublin",World Rugby U20 Championship,2,13,27,1,3,61,39,1,0,0,0,Justin Porter,Tonga Rugby,Lock,New Zealand,27,42,1,0,0,0,0,20,6,128,Away Win
2785,2015-10-28,Argentina Pumas,Uruguay Rugby,"Stade de France, Paris",Rugby World Cup,6,45,41,7,6,65,35,0,0,0,0,Liam Watson,Uruguay Rugby,Left Wing,Uruguay,21,89,2,0,0,0,0,16,4,64,Home Win
2786,2020-11-02,Japan Brave Blossoms,Italy Rugby,"ANZ National Stadium, Suva",World Rugby U20 Championship,3,40,42,8,6,51,49,0,0,0,0,Sean Russell,Japan Brave Blossoms,Scrum-half,Japan,25,8,0,0,0,0,0,0,8,167,Away Win
2787,2022-03-03,Samoa Rugby,Italy Rugby,"Stadio Olimpico, Rome",World Rugby U20 Championship,2,37,11,5,1,46,54,0,0,0,0,Charles Dupont,Samoa Rugby,Blindside Flanker,Samoa,23,12,2,0,0,0,0,0,0,1,Home Win
2788,2022-08-06,Japan Brave Blossoms,Scotland Rugby,"Twickenham, London",Six Nations,6,48,43,5,6,37,63,1,0,0,0,Alun Barrett,Japan Brave Blossoms,Tighthead Prop,Japan,28,60,3,0,0,0,0,2,0,60,Home Win
2789,2024-04-07,Georgia Rugby,Fiji Rugby,"Stadium Australia, Sydney",Pacific Nations Cup,6,11,47,1,5,43,57,0,0,0,0,Sean Caelan,Fiji Rugby,Number 8,Fiji,32,99,0,0,0,0,0,4,,12,Away Win
2790,2015-05-05,Canada Rugby,Georgia Rugby,"Stadium Australia, Sydney",Six Nations,8,62,39,7,6,39,61,1,1,0,0,Finn Hogg,Georgia Rugby,Left Wing,Georgia,,61,1,0,0,1,0,4,3,140,Home Win
2791,2021-09-21,Australia Wallabies,Italy Rugby,"Teufaiva Stadium, Tonga",World Rugby U20 Championship,3,55,29,7,3,62,38,0,1,0,0,Antoine Smith,Italy Rugby,Left Wing,South Africa,27,84,3,0,0,1,0,10,8,154,Home Win
2792,2019-03-04,South Africa Springboks,Japan Brave Blossoms,"Murrayfield, Edinburgh",Pacific Nations Cup,6,25,44,3,4,46,54,0,0,0,0,Lucas Curry,Japan Brave Blossoms,Fullback,Australia,26,28,0,0,3,0,0,12,4,,Away Win
2793,2017-12-02,Ireland Rugby,France XV,"Principality Stadium, Cardiff",Rugby Europe Championship,7,18,47,0,5,59,41,0,0,0,0,Alun Jones,Ireland Rugby,Scrum-half,South Africa,29,,0,0,0,0,0,4,0,122,Away Win
2794,2022-04-09,Italy Rugby,Tonga Rugby,"National Stadium, Tokyo",The Rugby Championship,7,0,17,0,1,46,54,1,0,0,0,Pieter Williams,Tonga Rugby,Openside Flanker,New Zealand,27,115,3,0,0,0,0,3,2,112,Away Win
2795,2023-04-28,Romania Rugby,Italy Rugby,"Apia Park, Samoa",World Rugby U20 Championship,8,16,12,2,0,55,45,1,1,0,0,Hamish Williams,Romania Rugby,Inside Centre,France,23,75,3,0,0,0,0,2,3,4,Home Win
2796,2020-04-24,Romania Rugby,France XV,"ANZ National Stadium, Suva",World Rugby U20 Championship,4,9,48,0,5,47,53,0,0,0,0,William Jones,Romania Rugby,Openside Flanker,Romania,25,88,0,0,0,0,0,2,6,23,Away Win
2797,2020-01-22,France XV,Fiji Rugby,"Ellis Park, Johannesburg",Pacific Nations Cup,2,74,45,8,7,65,35,0,0,0,0,Cheslin Williams,France XV,Lock,France,23,22,3,0,0,0,0,16,1,33,Home Win
2798,2022-04-01,Wales Rugby,Romania Rugby,"Eden Park, Auckland",World Rugby U20 Championship,7,12,39,0,3,65,35,0,1,0,0,Romain Furlong,Romania Rugby,Inside Centre,France,31,89,2,0,0,0,0,18,4,94,Away Win
2799,2016-04-08,Romania Rugby,Japan Brave Blossoms,"Eden Park, Auckland",Pacific Nations Cup,5,30,53,5,5,46,54,0,2,0,0,Taulupe Dupont,Romania Rugby,Right Wing,Romania,27,119,0,0,0,0,0,12,3,37,Away Win
2800,2016-11-08,Samoa Rugby,Georgia Rugby,"Ellis Park, Johannesburg",Rugby World Cup,2,32,59,3,7,61,39,0,0,0,0,Faf Furlong,Samoa Rugby,Left Wing,Samoa,,23,1,0,0,0,0,3,8,149,Away Win
2801,2018-09-26,South Africa Springboks,France XV,"ANZ National Stadium, Suva",Pacific Nations Cup,2,40,50,8,6,59,41,1,0,0,0,Conor Kolbe,South Africa Springboks,Lock,South Africa,26,98,2,0,0,1,0,16,6,45,Away Win
2802,2024-07-17,Georgia Rugby,USA Eagles,"Eden Park, Auckland",Autumn Internationals,7,46,45,8,7,48,52,0,0,0,0,Taulupe de Klerk,USA Eagles,Loosehead Prop,New Zealand,24,89,1,0,0,0,0,4,0,124,Home Win
2803,2019-08-13,South Africa Springboks,France XV,"Estadio Jose Amalfitani, Buenos Aires",Pacific Nations Cup,4,46,27,6,3,47,53,0,0,0,0,James Doris,South Africa Springboks,Lock,South Africa,20,107,2,0,0,0,0,10,4,83,Home Win
2804,2015-09-22,Samoa Rugby,Uruguay Rugby,"Ellis Park, Johannesburg",Rugby World Cup,8,31,57,5,6,44,56,0,0,0,0,Owen Brown,Samoa Rugby,Loosehead Prop,,19,62,0,0,0,0,0,0,2,42,Away Win
2805,2017-10-26,Samoa Rugby,Australia Wallabies,"Teufaiva Stadium, Tonga",The Rugby Championship,1,22,44,4,4,58,42,0,0,1,0,William Hogg,Australia Wallabies,Hooker,,20,64,2,0,0,0,0,14,6,133,Away Win
2806,2015-04-14,Uruguay Rugby,Scotland Rugby,"Stadium Australia, Sydney",Pacific Nations Cup,1,52,65,7,7,65,35,0,0,0,0,Siya Dupont,Scotland Rugby,Blindside Flanker,Scotland,28,102,0,0,0,0,0,6,3,49,Away Win
2807,2024-07-23,Uruguay Rugby,Japan Brave Blossoms,"Stade de France, Paris",Rugby World Cup,6,24,22,3,4,61,39,0,0,0,0,Rory Johnson,Uruguay Rugby,Lock,Argentina,29,118,0,0,0,0,0,16,5,,Home Win
2808,2023-07-13,England Rugby,France XV,"Stadio Olimpico, Rome",Pacific Nations Cup,3,62,16,7,2,36,64,0,0,0,0,Tadhg Brown,France XV,Scrum-half,Ivory Coast,20,117,0,0,0,0,0,4,7,20,Home Win
2809,2017-08-14,Canada Rugby,Romania Rugby,"Apia Park, Samoa",Six Nations,5,27,31,3,4,58,42,0,1,0,0,Conor Russell,Canada Rugby,Lock,New Zealand,30,108,3,0,0,0,0,9,7,47,Away Win
2810,2016-03-08,New Zealand All Blacks,Uruguay Rugby,"Stade de France, Paris",Autumn Internationals,8,50,11,8,1,43,57,1,1,0,0,Noah de Klerk,Uruguay Rugby,Left Wing,Argentina,25,14,2,0,0,0,0,17,8,105,Home Win
2811,2022-08-11,Ireland Rugby,Canada Rugby,"Teufaiva Stadium, Tonga",The Rugby Championship,5,46,23,8,4,37,63,1,2,0,0,Hugo Faletau,Canada Rugby,Inside Centre,New Zealand,27,1,0,0,0,0,0,13,6,175,Home Win
2812,2024-09-20,South Africa Springboks,USA Eagles,"Eden Park, Auckland",World Rugby U20 Championship,8,55,27,8,2,53,47,0,0,1,0,Lucas Doris,South Africa Springboks,Lock,South Africa,33,52,1,0,0,0,0,6,1,156,Home Win
2813,2018-12-24,Fiji Rugby,Georgia Rugby,"Stadio Olimpico, Rome",Six Nations,3,44,9,5,0,49,51,0,1,0,0,Stuart Dupont,Fiji Rugby,Lock,Fiji,30,62,2,0,0,0,0,17,2,57,Home Win
2814,2023-01-26,Wales Rugby,Canada Rugby,"Ellis Park, Johannesburg",Six Nations,8,26,34,2,4,62,38,0,0,0,0,Alun Kolbe,Canada Rugby,Scrum-half,New Zealand,,88,2,0,0,0,0,3,2,38,Away Win
2815,2017-03-09,New Zealand All Blacks,Wales Rugby,,World Rugby U20 Championship,1,33,28,3,2,58,42,1,0,0,0,Liam Lowe,Wales Rugby,Left Wing,New Zealand,23,53,2,0,0,1,0,7,8,92,Home Win
2816,2017-05-09,USA Eagles,Ireland Rugby,"ANZ National Stadium, Suva",Rugby Europe Championship,2,21,12,3,0,46,54,0,1,0,0,Tadhg Smith,USA Eagles,Outside Centre,New Zealand,18,97,3,0,0,0,0,3,1,130,Home Win
2817,2018-03-07,New Zealand All Blacks,Australia Wallabies,"Mikheil Meskhi Stadium, Tbilisi",World Rugby U20 Championship,3,23,31,1,3,63,37,0,2,0,0,Lucas Porter,New Zealand All Blacks,Lock,New Zealand,24,101,0,0,0,0,0,,5,57,Away Win
2818,2019-11-28,Canada Rugby,England Rugby,"Stade de France, Paris",World Rugby U20 Championship,6,23,40,1,4,49,51,1,1,0,0,Lucas Lowe,Canada Rugby,Right Wing,,26,84,0,0,0,0,0,6,1,111,Away Win
2819,2017-01-14,Canada Rugby,USA Eagles,"Aviva Stadium, Dublin",World Rugby U20 Championship,6,40,29,6,2,35,65,0,0,0,0,Ethan Henshaw,USA Eagles,Inside Centre,New Zealand,23,86,1,0,0,0,0,20,2,13,Home Win
2820,2017-08-27,Georgia Rugby,England Rugby,"Teufaiva Stadium, Tonga",Pacific Nations Cup,5,20,6,4,0,53,47,0,0,0,0,Finn Watson,Georgia Rugby,Outside Centre,Georgia,26,6,3,0,0,0,0,17,6,140,Home Win
2821,2023-12-12,Ireland Rugby,Australia Wallabies,"Aviva Stadium, Dublin",Rugby World Cup,5,9,28,0,2,47,53,1,0,0,0,Romain Furlong,Ireland Rugby,Left Wing,New Zealand,27,17,1,0,0,0,0,16,1,159,Away Win
2822,2015-06-22,Japan Brave Blossoms,USA Eagles,"Apia Park, Samoa",Autumn Internationals,5,61,5,7,1,40,60,0,0,0,0,Sean Barrett,USA Eagles,Scrum-half,New Zealand,26,39,1,0,0,0,0,13,7,129,Home Win
2823,2020-07-09,Ireland Rugby,South Africa Springboks,"Stadium Australia, Sydney",Pacific Nations Cup,1,25,32,3,4,60,40,0,0,0,0,Cian Doris,South Africa Springboks,Fly-half,South Africa,24,99,2,0,2,1,0,20,4,180,Away Win
2824,2017-09-07,Spain Rugby,England Rugby,"Ellis Park, Johannesburg",Rugby Europe Championship,2,46,27,7,4,61,39,0,0,0,0,Ethan Watson,England Rugby,Fullback,South Africa,27,116,3,0,1,0,0,10,5,5,Home Win
2825,2023-03-17,Wales Rugby,Romania Rugby,"ANZ National Stadium, Suva",Rugby World Cup,1,32,10,5,2,38,62,1,0,0,0,Lucas Williams,Wales Rugby,Openside Flanker,Wales,28,115,3,0,0,0,0,11,,57,Home Win
2826,2016-06-13,Romania Rugby,South Africa Springboks,"Stadio Olimpico, Rome",The Rugby Championship,1,54,47,7,5,44,56,1,0,0,0,Cheslin Lowe,South Africa Springboks,Tighthead Prop,South Africa,22,89,1,0,0,0,0,12,2,94,Home Win
2827,2021-06-15,Samoa Rugby,Georgia Rugby,"Principality Stadium, Cardiff",The Rugby Championship,1,38,27,6,3,51,49,0,0,0,0,Stuart Curry,Georgia Rugby,Fly-half,Georgia,32,29,1,2,4,0,0,7,4,72,Home Win
2828,2022-08-21,Uruguay Rugby,Japan Brave Blossoms,"Aviva Stadium, Dublin",Rugby World Cup,8,32,21,3,3,38,62,0,0,0,0,Faf Barrett,Japan Brave Blossoms,Lock,Japan,26,96,2,0,0,0,0,17,1,109,Home Win
2829,2023-05-13,Tonga Rugby,France XV,"Aviva Stadium, Dublin",Pacific Nations Cup,8,56,9,6,0,63,37,0,0,0,0,Kieran Ntamack,France XV,Tighthead Prop,France,27,69,3,0,0,0,0,3,2,22,Home Win
2830,2017-08-22,South Africa Springboks,USA Eagles,"Murrayfield, Edinburgh",Rugby Europe Championship,3,28,49,3,6,37,63,1,0,0,0,Henry Faletau,USA Eagles,Lock,South Africa,29,4,1,0,0,0,0,4,3,65,Away Win
2831,2021-05-18,England Rugby,Uruguay Rugby,"Apia Park, Samoa",Six Nations,7,17,32,1,4,63,37,1,1,0,0,Josh Henshaw,England Rugby,Outside Centre,England,27,3,3,0,0,1,0,7,1,89,Away Win
2832,2024-09-07,Fiji Rugby,England Rugby,"Estadio Jose Amalfitani, Buenos Aires",World Rugby U20 Championship,7,3,46,0,6,54,46,0,0,0,0,Callum Smith,Fiji Rugby,Scrum-half,Fiji,30,,3,0,0,0,0,6,8,177,Away Win
2833,2015-07-07,France XV,Scotland Rugby,"Stadium Australia, Sydney",The Rugby Championship,6,33,58,3,6,60,40,1,0,0,0,Owen de Klerk,France XV,Right Wing,Senegal,28,88,3,0,0,0,0,8,0,43,Away Win
2834,2019-05-22,Scotland Rugby,Samoa Rugby,"Aviva Stadium, Dublin",The Rugby Championship,1,27,47,5,7,58,42,0,0,0,0,Josh Johnson,Samoa Rugby,Right Wing,New Zealand,24,38,2,0,0,0,0,7,6,54,Away Win
2835,2018-04-25,England Rugby,Uruguay Rugby,"Mikheil Meskhi Stadium, Tbilisi",Six Nations,6,49,58,6,8,59,41,0,0,0,0,Cheslin Carbery,England Rugby,Loosehead Prop,England,28,108,1,0,0,0,0,13,2,156,Away Win
2836,2015-06-16,England Rugby,Wales Rugby,"Aviva Stadium, Dublin",Pacific Nations Cup,3,16,27,1,3,40,60,0,0,0,0,Ethan de Klerk,Wales Rugby,Blindside Flanker,,22,52,2,0,0,0,0,7,1,172,Away Win
2837,2024-07-15,South Africa Springboks,Romania Rugby,"Aviva Stadium, Dublin",The Rugby Championship,4,44,28,5,3,64,36,0,0,0,0,Cian Curry,Romania Rugby,Loosehead Prop,Romania,27,53,0,0,0,0,0,2,3,175,Home Win
2838,2016-07-20,South Africa Springboks,Romania Rugby,"Eden Park, Auckland",Six Nations,6,0,26,0,3,39,61,0,0,0,0,Beauden Hogg,Romania Rugby,Blindside Flanker,Romania,26,105,0,0,0,0,0,16,8,57,Away Win
2839,2019-07-13,Scotland Rugby,Wales Rugby,"Mikheil Meskhi Stadium, Tbilisi",Autumn Internationals,7,32,46,6,8,58,42,0,0,0,0,Beauden Faletau,Wales Rugby,Right Wing,New Zealand,26,35,1,0,0,0,0,16,8,42,Away Win
2840,2023-08-21,Samoa Rugby,Canada Rugby,"Aviva Stadium, Dublin",Six Nations,2,0,34,0,4,59,41,0,1,0,0,Liam Brown,Canada Rugby,Scrum-half,Canada,26,98,3,0,0,0,0,0,7,94,Away Win
2841,2015-01-28,Georgia Rugby,Italy Rugby,"Teufaiva Stadium, Tonga",World Rugby U20 Championship,5,22,50,2,7,59,41,2,0,0,0,Callum Carbery,Italy Rugby,Outside Centre,Argentina,19,28,0,0,0,0,0,13,3,64,Away Win
2842,2015-06-21,Georgia Rugby,Romania Rugby,"ANZ National Stadium, Suva",Rugby Europe Championship,5,25,39,4,5,51,49,0,0,0,0,Siya Caelan,Romania Rugby,Tighthead Prop,France,24,13,1,0,0,0,0,11,8,123,Away Win
2843,2022-02-09,Tonga Rugby,Fiji Rugby,"Ellis Park, Johannesburg",World Rugby U20 Championship,8,48,43,8,7,47,53,0,1,0,0,Rory Jones,Fiji Rugby,Tighthead Prop,Fiji,27,99,2,0,0,0,0,20,7,138,Home Win
2844,2017-02-04,New Zealand All Blacks,Argentina Pumas,"ANZ National Stadium, Suva",World Rugby U20 Championship,3,28,37,4,5,63,37,0,0,1,0,Lucas Hogg,Argentina Pumas,Left Wing,Argentina,27,45,0,0,0,0,0,6,2,123,Away Win
2845,2016-01-12,Scotland Rugby,USA Eagles,"National Stadium, Tokyo",Autumn Internationals,1,16,24,2,3,57,43,2,0,0,1,Callum Porter,Scotland Rugby,Fullback,New Zealand,22,97,3,0,2,1,0,3,1,109,Away Win
2846,2019-11-15,England Rugby,Ireland Rugby,"Murrayfield, Edinburgh",Autumn Internationals,2,42,22,6,3,51,49,0,1,0,0,Antoine Doris,Ireland Rugby,Hooker,South Africa,32,12,0,0,0,0,0,8,,9,Home Win
2847,2022-05-21,Canada Rugby,Spain Rugby,"ANZ National Stadium, Suva",Six Nations,6,46,12,4,0,44,56,0,0,0,0,Taulupe Russell,Spain Rugby,Openside Flanker,Spain,23,119,3,0,0,0,0,10,3,133,Home Win
2848,2018-12-07,Japan Brave Blossoms,England Rugby,"Murrayfield, Edinburgh",Six Nations,4,32,34,2,6,51,49,0,0,0,0,Noah Watson,Japan Brave Blossoms,Lock,New Zealand,30,18,3,0,0,0,0,3,2,23,Away Win
2849,2016-03-01,Romania Rugby,Italy Rugby,"Teufaiva Stadium, Tonga",The Rugby Championship,3,40,47,8,7,36,64,0,2,0,0,Mason Taylor,Romania Rugby,Blindside Flanker,Romania,28,52,1,0,0,0,0,13,2,156,Away Win
2850,2015-04-15,Italy Rugby,USA Eagles,"Eden Park, Auckland",Autumn Internationals,1,16,18,1,0,46,54,0,0,0,0,Grégoire Hogg,USA Eagles,Lock,South Africa,24,89,1,0,0,0,0,15,1,173,Away Win
2851,2016-09-18,Uruguay Rugby,Romania Rugby,"Murrayfield, Edinburgh",Rugby Europe Championship,6,62,20,8,1,63,37,0,0,0,0,William Caelan,Uruguay Rugby,Blindside Flanker,Argentina,34,62,0,0,0,0,0,5,1,2,Home Win
2852,2023-06-26,Fiji Rugby,Georgia Rugby,,Rugby World Cup,1,15,53,3,7,48,52,1,0,0,0,Finn Barrett,Georgia Rugby,Number 8,Georgia,22,102,1,0,0,0,0,4,3,28,Away Win
2853,2024-03-13,Italy Rugby,Australia Wallabies,"Principality Stadium, Cardiff",Pacific Nations Cup,3,17,33,3,6,44,56,0,0,0,0,Noah Taylor,Australia Wallabies,Inside Centre,Australia,,76,3,0,0,1,1,3,1,141,Away Win
2854,2021-04-16,USA Eagles,Australia Wallabies,"Mikheil Meskhi Stadium, Tbilisi",World Rugby U20 Championship,5,45,63,7,8,54,46,1,0,0,0,Stuart Brown,USA Eagles,Outside Centre,USA,31,63,1,0,0,0,0,16,2,164,Away Win
2855,2020-05-26,South Africa Springboks,Tonga Rugby,"Aviva Stadium, Dublin",Rugby World Cup,6,27,48,4,7,44,56,2,1,0,0,Oliver van der Merwe,South Africa Springboks,Right Wing,South Africa,24,21,2,0,0,0,0,8,1,3,Away Win
2856,2015-05-27,Tonga Rugby,New Zealand All Blacks,"Teufaiva Stadium, Tonga",The Rugby Championship,5,36,52,5,7,62,38,0,0,0,0,Callum Watson,New Zealand All Blacks,Tighthead Prop,New Zealand,32,33,2,0,0,0,0,3,2,40,Away Win
2857,2024-02-25,South Africa Springboks,England Rugby,"Twickenham, London",The Rugby Championship,6,27,31,3,4,64,36,0,1,0,0,Romain Carbery,England Rugby,Lock,England,25,5,0,0,0,0,0,8,8,147,Away Win
2858,2020-12-19,England Rugby,New Zealand All Blacks,"ANZ National Stadium, Suva",Pacific Nations Cup,4,20,54,1,8,59,41,0,0,0,0,Cheslin Caelan,New Zealand All Blacks,Lock,New Zealand,28,78,0,0,0,0,0,10,6,162,Away Win
2859,2022-02-20,Spain Rugby,France XV,"ANZ National Stadium, Suva",The Rugby Championship,4,46,27,7,2,43,57,0,0,0,0,Rory Williams,France XV,Outside Centre,Senegal,28,88,0,0,0,0,0,10,1,107,Home Win
2860,2015-10-15,Georgia Rugby,New Zealand All Blacks,"Aviva Stadium, Dublin",Rugby Europe Championship,2,70,59,8,8,59,41,0,1,1,0,Lucas Caelan,New Zealand All Blacks,Left Wing,New Zealand,26,70,3,0,0,0,0,6,0,175,Home Win
2861,2016-12-26,Canada Rugby,Argentina Pumas,"Stade de France, Paris",Rugby Europe Championship,1,0,26,0,3,44,56,0,0,0,0,Benjamin Caelan,Canada Rugby,Left Wing,New Zealand,30,40,0,0,0,0,0,16,,152,Away Win
2862,2018-02-12,Canada Rugby,South Africa Springboks,"Ellis Park, Johannesburg",World Rugby U20 Championship,3,30,52,2,6,37,63,0,0,0,1,Hugo Watson,Canada Rugby,Lock,New Zealand,30,55,1,0,0,1,0,4,3,,Away Win
2863,2015-08-07,Australia Wallabies,Argentina Pumas,"Estadio Jose Amalfitani, Buenos Aires",Pacific Nations Cup,1,8,16,1,2,55,45,0,1,0,0,Lucas Jones,Argentina Pumas,Hooker,Argentina,20,5,3,0,0,0,0,5,0,89,Away Win
2864,2016-02-23,USA Eagles,Samoa Rugby,"Ellis Park, Johannesburg",Rugby Europe Championship,6,18,25,0,4,58,42,1,0,0,1,James Watson,Samoa Rugby,Tighthead Prop,New Zealand,32,51,3,0,0,0,0,1,7,63,Away Win
2865,2019-06-04,England Rugby,South Africa Springboks,"Aviva Stadium, Dublin",Rugby World Cup,5,56,51,6,8,45,55,1,0,0,0,Cheslin Lowe,South Africa Springboks,Hooker,South Africa,20,105,1,0,0,0,0,13,2,77,Home Win
2866,2020-01-26,Japan Brave Blossoms,USA Eagles,"Teufaiva Stadium, Tonga",Rugby Europe Championship,2,56,59,7,8,41,59,1,0,0,0,Cheslin Watson,USA Eagles,Scrum-half,South Africa,31,10,0,0,0,0,0,15,1,120,Away Win
2867,2021-02-02,England Rugby,South Africa Springboks,"Aviva Stadium, Dublin",Six Nations,1,36,15,3,0,46,54,0,0,0,0,Justin Smith,South Africa Springboks,Loosehead Prop,South Africa,31,93,3,0,0,1,0,,6,29,Home Win
2868,2023-02-09,Georgia Rugby,Japan Brave Blossoms,"Aviva Stadium, Dublin",The Rugby Championship,4,29,37,4,4,47,53,0,1,0,0,Justin Kolbe,Georgia Rugby,Lock,Georgia,22,36,2,0,0,1,0,10,2,146,Away Win
2869,2016-07-01,Spain Rugby,Italy Rugby,"Eden Park, Auckland",Rugby World Cup,4,17,16,1,1,37,63,1,0,0,0,James Caelan,Spain Rugby,Loosehead Prop,Spain,25,119,3,0,0,1,0,10,,76,Home Win
2870,2021-11-13,Argentina Pumas,Georgia Rugby,"Eden Park, Auckland",The Rugby Championship,1,56,43,6,8,61,39,0,0,0,0,Hugo Henshaw,Georgia Rugby,Scrum-half,Georgia,22,34,0,0,0,0,0,3,0,44,Home Win
2871,2022-04-02,Uruguay Rugby,Spain Rugby,"National Stadium, Tokyo",Rugby Europe Championship,1,27,30,5,3,53,47,0,0,0,1,Noah de Klerk,Spain Rugby,Scrum-half,Argentina,26,48,2,0,0,0,0,7,7,75,Away Win
2872,2022-05-18,New Zealand All Blacks,South Africa Springboks,"Estadio Jose Amalfitani, Buenos Aires",Six Nations,3,32,43,6,8,36,64,0,2,0,0,Finn Jones,New Zealand All Blacks,Number 8,New Zealand,25,85,3,0,0,0,0,15,5,173,Away Win
2873,2018-07-11,Italy Rugby,Uruguay Rugby,"Teufaiva Stadium, Tonga",Pacific Nations Cup,8,37,16,4,2,38,62,0,1,1,0,Benjamin Kolbe,Uruguay Rugby,Blindside Flanker,Uruguay,30,109,3,0,0,0,0,18,3,177,Home Win
2874,2021-01-14,Scotland Rugby,Uruguay Rugby,"Ellis Park, Johannesburg",World Rugby U20 Championship,8,22,12,1,2,63,37,0,0,0,0,Charles de Klerk,Uruguay Rugby,Loosehead Prop,Uruguay,32,101,1,0,0,0,0,9,3,70,Home Win
2875,2016-08-11,Georgia Rugby,Uruguay Rugby,"Stadio Olimpico, Rome",Autumn Internationals,7,21,51,3,5,41,59,1,0,0,0,James Smith,Georgia Rugby,Number 8,Georgia,32,94,1,0,0,0,0,10,4,59,Away Win
2876,2024-08-14,Ireland Rugby,Japan Brave Blossoms,"Ellis Park, Johannesburg",Pacific Nations Cup,4,41,69,4,8,47,53,0,0,0,0,Tadhg Itoje,Japan Brave Blossoms,Lock,New Zealand,24,11,0,0,0,0,0,3,8,35,Away Win
2877,2021-06-18,Italy Rugby,Samoa Rugby,"Aviva Stadium, Dublin",Rugby World Cup,5,17,23,2,1,49,51,0,1,0,0,William Johnson,Samoa Rugby,Right Wing,New Zealand,26,11,1,0,0,0,0,14,6,163,Away Win
2878,2018-10-13,England Rugby,France XV,"Estadio Jose Amalfitani, Buenos Aires",Six Nations,1,19,63,2,8,58,42,0,1,0,1,Faf Smith,England Rugby,Right Wing,England,20,83,1,0,0,0,0,18,4,155,Away Win
2879,2016-10-11,Fiji Rugby,Uruguay Rugby,"Stadio Olimpico, Rome",The Rugby Championship,5,37,63,6,8,56,44,0,0,0,0,Alun Brown,Fiji Rugby,Number 8,Fiji,23,12,3,0,0,1,0,9,4,79,Away Win
2880,2024-11-22,Japan Brave Blossoms,Australia Wallabies,"Stadium Australia, Sydney",The Rugby Championship,5,39,14,7,1,42,58,2,0,0,0,Finn de Klerk,Australia Wallabies,Tighthead Prop,Fiji,30,32,3,0,0,0,0,15,5,50,Home Win
2881,2023-09-10,South Africa Springboks,Tonga Rugby,"Ellis Park, Johannesburg",Pacific Nations Cup,5,66,18,8,2,56,44,1,1,0,0,Conor Curry,South Africa Springboks,Number 8,South Africa,33,6,0,0,0,0,0,19,,138,Home Win
2882,2016-09-12,Georgia Rugby,Australia Wallabies,"Eden Park, Auckland",Pacific Nations Cup,3,13,42,2,6,36,64,0,0,0,1,Owen Itoje,Georgia Rugby,Tighthead Prop,Georgia,22,106,2,0,0,0,1,2,7,93,Away Win
2883,2016-12-12,Uruguay Rugby,New Zealand All Blacks,"Stade de France, Paris",Six Nations,8,22,44,2,8,64,36,0,0,0,0,Conor Henshaw,Uruguay Rugby,Outside Centre,Argentina,24,6,0,0,0,0,0,4,6,42,Away Win
2884,2021-08-05,Wales Rugby,Samoa Rugby,"National Stadium, Tokyo",The Rugby Championship,5,30,25,2,4,40,60,1,0,0,0,Sean Ntamack,Wales Rugby,Inside Centre,Wales,26,31,1,0,0,0,0,6,2,34,Home Win
2885,2022-04-01,Argentina Pumas,England Rugby,"National Stadium, Tokyo",Rugby Europe Championship,2,59,25,8,1,56,44,0,0,0,0,Sam Russell,Argentina Pumas,Blindside Flanker,Argentina,28,21,1,0,0,0,0,4,0,158,Home Win
2886,2022-09-12,Italy Rugby,Uruguay Rugby,"Stadio Olimpico, Rome",Rugby World Cup,5,41,41,5,5,44,56,0,0,0,0,Alun Taylor,Uruguay Rugby,Openside Flanker,Uruguay,23,72,1,0,0,0,0,8,8,54,Draw
2887,2018-10-07,Fiji Rugby,England Rugby,"Mikheil Meskhi Stadium, Tbilisi",Rugby World Cup,2,35,43,6,5,64,36,0,0,0,0,Pieter Watson,England Rugby,Loosehead Prop,South Africa,28,46,3,0,0,0,0,2,5,159,Away Win
2888,2015-02-07,Samoa Rugby,Fiji Rugby,,Rugby Europe Championship,5,5,0,1,0,63,37,0,0,0,0,Oliver Williams,Samoa Rugby,Number 8,Samoa,25,30,1,0,0,0,0,1,6,137,Home Win
2889,2019-09-18,Spain Rugby,Italy Rugby,"Principality Stadium, Cardiff",Rugby Europe Championship,4,62,47,8,7,53,47,0,0,0,0,Noah Taylor,Spain Rugby,Fly-half,Spain,26,120,2,4,1,0,0,0,3,37,Home Win
2890,2016-04-24,Ireland Rugby,South Africa Springboks,"Teufaiva Stadium, Tonga",Rugby World Cup,7,30,29,5,3,57,43,2,1,1,0,Hamish Curry,Ireland Rugby,Openside Flanker,South Africa,29,40,0,0,0,1,0,12,4,179,Home Win
2891,2023-03-14,Spain Rugby,Uruguay Rugby,,Rugby World Cup,1,49,0,8,0,41,59,0,0,0,0,Stuart Williams,Uruguay Rugby,Lock,Uruguay,27,89,2,0,0,0,0,0,5,54,Home Win
2892,2023-03-08,Argentina Pumas,Australia Wallabies,"Apia Park, Samoa",Autumn Internationals,2,42,15,6,0,54,46,1,0,1,0,William Taylor,Argentina Pumas,Right Wing,Argentina,25,96,0,0,0,0,0,3,0,106,Home Win
2893,2024-08-22,Ireland Rugby,South Africa Springboks,"Stadio Olimpico, Rome",Autumn Internationals,7,30,27,6,3,65,35,0,0,0,0,Mason Barrett,South Africa Springboks,Openside Flanker,South Africa,26,,1,0,0,0,0,15,2,164,Home Win
2894,2024-11-09,Samoa Rugby,South Africa Springboks,"Mikheil Meskhi Stadium, Tbilisi",The Rugby Championship,5,60,39,8,3,65,35,0,0,0,0,William Curry,South Africa Springboks,Hooker,South Africa,26,56,3,0,0,1,0,12,3,7,Home Win
2895,2024-02-15,Tonga Rugby,Wales Rugby,"Stadio Olimpico, Rome",Rugby World Cup,2,18,52,3,8,45,55,1,0,0,1,Cheslin Watson,Tonga Rugby,Openside Flanker,Tonga,25,18,1,0,0,0,0,4,3,74,Away Win
2896,2021-07-26,New Zealand All Blacks,Tonga Rugby,"Stadium Australia, Sydney",,8,53,49,7,6,38,62,0,0,1,0,Finn Brown,New Zealand All Blacks,Loosehead Prop,New Zealand,25,,2,0,0,0,0,16,3,178,Home Win
2897,2023-08-10,Ireland Rugby,Italy Rugby,"Apia Park, Samoa",Pacific Nations Cup,6,22,22,1,1,57,43,0,0,0,0,Hamish Dupont,Italy Rugby,Outside Centre,Argentina,33,89,3,0,0,0,0,13,,110,Draw
2898,2024-05-23,Japan Brave Blossoms,Georgia Rugby,"Estadio Jose Amalfitani, Buenos Aires",Six Nations,6,29,37,4,5,44,56,1,0,1,0,Alun Carbery,Japan Brave Blossoms,Openside Flanker,New Zealand,29,66,1,0,0,0,0,5,8,,Away Win
2899,2016-11-16,Fiji Rugby,Australia Wallabies,"ANZ National Stadium, Suva",Rugby World Cup,6,56,24,7,2,52,48,0,0,0,0,Oliver de Klerk,Fiji Rugby,Lock,Fiji,25,26,0,0,0,1,0,18,0,7,Home Win
2900,2020-06-01,Romania Rugby,Fiji Rugby,"Mikheil Meskhi Stadium, Tbilisi",Rugby Europe Championship,7,10,46,2,7,41,59,0,0,0,0,Malcolm Watson,Romania Rugby,Fullback,France,29,94,3,0,2,0,0,20,0,170,Away Win
2901,2018-08-02,Argentina Pumas,USA Eagles,"Aviva Stadium, Dublin",Six Nations,2,27,17,4,1,49,51,0,1,0,0,Stuart Watson,Argentina Pumas,Blindside Flanker,Argentina,25,35,2,0,0,0,0,6,5,160,Home Win
2902,2021-01-13,Wales Rugby,Scotland Rugby,"Twickenham, London",Rugby World Cup,4,50,50,7,6,36,64,0,0,0,0,Justin Jones,Scotland Rugby,Lock,New Zealand,31,,3,0,0,0,0,13,0,,Draw
2903,2024-05-19,England Rugby,Spain Rugby,"Stade de France, Paris",The Rugby Championship,5,17,34,1,6,40,60,1,0,0,0,Mason Dupont,Spain Rugby,Blindside Flanker,Spain,28,118,2,0,0,0,0,,4,88,Away Win
2904,2024-11-03,Argentina Pumas,New Zealand All Blacks,"Apia Park, Samoa",Rugby Europe Championship,7,8,48,1,6,41,59,0,0,0,0,Sean Barrett,Argentina Pumas,Tighthead Prop,Argentina,26,95,3,0,0,0,0,11,8,24,Away Win
2905,2024-02-12,France XV,Samoa Rugby,"Principality Stadium, Cardiff",Autumn Internationals,5,9,52,0,7,57,43,1,2,0,0,Pieter Watson,France XV,Right Wing,France,28,8,3,0,0,0,0,16,2,37,Away Win
2906,2015-01-25,Tonga Rugby,Fiji Rugby,"ANZ National Stadium, Suva",World Rugby U20 Championship,1,26,16,2,1,64,36,1,0,0,0,Hamish Faletau,Tonga Rugby,Left Wing,New Zealand,20,4,0,0,0,0,0,4,4,111,Home Win
2907,2015-03-13,Ireland Rugby,Canada Rugby,"Mikheil Meskhi Stadium, Tbilisi",Rugby World Cup,5,20,23,2,2,44,56,0,0,0,0,Sam de Klerk,Canada Rugby,Fullback,Canada,22,100,0,0,2,0,0,10,8,9,Away Win
2908,2016-03-04,Argentina Pumas,France XV,"Twickenham, London",Pacific Nations Cup,1,39,56,5,8,53,47,2,2,0,0,Rory Williams,Argentina Pumas,Outside Centre,Argentina,22,29,2,0,0,0,0,14,8,17,Away Win
2909,2017-03-20,Fiji Rugby,Australia Wallabies,"Stade de France, Paris",Rugby World Cup,2,22,16,4,2,62,38,2,0,0,0,Jamie Furlong,Fiji Rugby,Left Wing,Fiji,27,88,1,0,0,0,0,5,0,96,Home Win
2910,2016-03-27,Argentina Pumas,Tonga Rugby,"National Stadium, Tokyo",World Rugby U20 Championship,4,59,43,8,7,35,65,0,0,0,1,Conor Johnson,Tonga Rugby,Number 8,New Zealand,33,28,0,0,0,0,0,1,1,136,Home Win
2911,2019-01-03,Romania Rugby,Ireland Rugby,"Ellis Park, Johannesburg",Autumn Internationals,3,54,18,8,0,36,64,1,0,1,0,Faf Henshaw,Romania Rugby,Left Wing,France,35,83,0,0,0,0,0,16,8,158,Home Win
2912,2015-03-14,Argentina Pumas,New Zealand All Blacks,"ANZ National Stadium, Suva",Autumn Internationals,2,54,14,6,1,49,51,0,0,0,0,Benjamin Porter,New Zealand All Blacks,Left Wing,New Zealand,29,81,3,0,0,0,0,13,8,28,Home Win
2913,2019-11-09,South Africa Springboks,New Zealand All Blacks,"National Stadium, Tokyo",Six Nations,3,37,47,4,6,55,45,0,1,0,0,Oliver Furlong,New Zealand All Blacks,Loosehead Prop,New Zealand,29,12,0,0,0,0,0,15,3,113,Away Win
2914,2017-10-02,Fiji Rugby,USA Eagles,"Stade de France, Paris",The Rugby Championship,2,21,59,3,8,47,53,2,2,0,0,Ethan van der Merwe,Fiji Rugby,Number 8,Fiji,19,22,2,0,0,0,0,0,6,48,Away Win
2915,2017-10-28,Spain Rugby,France XV,"National Stadium, Tokyo",Pacific Nations Cup,3,29,57,4,8,37,63,0,0,0,0,Benjamin Jones,France XV,Fullback,Senegal,24,76,0,0,1,0,0,10,3,130,Away Win
2916,2016-10-14,Tonga Rugby,Romania Rugby,"Principality Stadium, Cardiff",Six Nations,4,3,9,0,0,41,59,0,1,1,0,Cheslin Williams,Tonga Rugby,Inside Centre,Tonga,23,69,0,0,0,1,0,15,8,57,Away Win
2917,2022-06-08,Samoa Rugby,Tonga Rugby,"Ellis Park, Johannesburg",Rugby World Cup,1,24,53,2,6,49,51,0,1,0,0,Josh Lowe,Samoa Rugby,Hooker,New Zealand,24,23,2,0,0,0,0,12,5,51,Away Win
2918,2021-09-28,Canada Rugby,Italy Rugby,"Stadio Olimpico, Rome",The Rugby Championship,3,51,30,7,2,59,41,0,0,0,0,Noah Taylor,Canada Rugby,Lock,New Zealand,26,5,0,0,0,0,0,18,4,,Home Win
2919,2016-05-22,Romania Rugby,Japan Brave Blossoms,"Twickenham, London",World Rugby U20 Championship,1,9,38,0,4,50,50,1,0,0,0,Mason Ntamack,Romania Rugby,Fly-half,Romania,25,48,0,0,0,0,0,14,0,174,Away Win
2920,2022-08-14,Georgia Rugby,Romania Rugby,"Twickenham, London",Pacific Nations Cup,8,29,38,4,6,57,43,1,0,0,0,William Henshaw,Romania Rugby,Fly-half,Romania,19,90,1,3,4,0,0,1,6,131,Away Win
2921,2020-09-28,Tonga Rugby,Wales Rugby,"Apia Park, Samoa",Autumn Internationals,4,11,11,1,1,58,42,0,0,0,0,Richie Kolbe,Wales Rugby,Hooker,New Zealand,29,27,1,0,0,0,0,11,6,19,Draw
2922,2023-05-13,Italy Rugby,New Zealand All Blacks,"ANZ National Stadium, Suva",World Rugby U20 Championship,8,32,18,4,0,59,41,0,1,0,0,Lucas van der Merwe,New Zealand All Blacks,Fullback,New Zealand,22,63,0,0,4,0,0,10,2,125,Home Win
2923,2016-04-06,Wales Rugby,Georgia Rugby,"Eden Park, Auckland",The Rugby Championship,1,60,20,6,3,41,59,0,0,1,0,Lucas van der Merwe,Georgia Rugby,Hooker,Georgia,27,28,0,0,0,0,1,12,1,153,Home Win
2924,2017-07-13,England Rugby,Italy Rugby,"Murrayfield, Edinburgh",Rugby World Cup,5,20,51,1,6,46,54,0,0,0,0,Grégoire Williams,England Rugby,Left Wing,England,35,93,1,0,0,0,0,19,7,166,Away Win
2925,2023-05-05,Romania Rugby,Ireland Rugby,"Principality Stadium, Cardiff",Autumn Internationals,7,13,41,1,7,52,48,0,2,0,0,Malcolm Watson,Romania Rugby,Right Wing,Romania,23,61,1,0,0,0,0,8,8,116,Away Win
2926,2016-12-05,Uruguay Rugby,Romania Rugby,"ANZ National Stadium, Suva",The Rugby Championship,4,30,17,3,1,48,52,1,0,0,0,William Smith,Uruguay Rugby,Fly-half,Argentina,18,94,0,5,1,0,0,15,5,96,Home Win
2927,2017-07-25,Georgia Rugby,Scotland Rugby,"Stadio Olimpico, Rome",Rugby Europe Championship,5,32,45,2,6,49,51,0,0,0,0,Mason Russell,Scotland Rugby,Left Wing,Australia,25,79,2,0,0,0,0,14,1,179,Away Win
2928,2021-01-21,Japan Brave Blossoms,Canada Rugby,"Stadium Australia, Sydney",Autumn Internationals,5,14,24,1,3,47,53,1,0,0,0,Jamie Ntamack,Canada Rugby,Blindside Flanker,Canada,31,16,1,0,0,1,0,13,0,153,Away Win
2929,2015-04-21,Romania Rugby,Samoa Rugby,"Principality Stadium, Cardiff",Rugby Europe Championship,4,19,38,2,6,35,65,0,0,0,0,Liam Johnson,Romania Rugby,Number 8,France,34,72,2,0,0,0,0,5,4,14,Away Win
2930,2017-04-25,Uruguay Rugby,South Africa Springboks,"Eden Park, Auckland",Autumn Internationals,2,0,44,0,5,35,65,0,1,0,0,Mason Ntamack,South Africa Springboks,Inside Centre,South Africa,22,3,3,0,0,0,0,10,5,4,Away Win
2931,2016-10-13,Japan Brave Blossoms,Romania Rugby,"Aviva Stadium, Dublin",Six Nations,5,6,32,0,4,58,42,0,0,0,0,James Henshaw,Romania Rugby,Tighthead Prop,Romania,28,91,1,0,0,0,0,10,6,126,Away Win
2932,2016-05-17,Georgia Rugby,Romania Rugby,"ANZ National Stadium, Suva",World Rugby U20 Championship,1,65,52,8,6,47,53,0,0,0,1,Finn Kolbe,Georgia Rugby,Right Wing,Georgia,25,88,3,0,0,0,0,15,4,,Home Win
2933,2021-10-10,England Rugby,Romania Rugby,"ANZ National Stadium, Suva",Rugby World Cup,4,0,40,0,4,64,36,0,0,0,0,Siya Henshaw,England Rugby,Number 8,South Africa,26,13,2,0,0,0,0,6,1,152,Away Win
2934,2019-02-06,Wales Rugby,Ireland Rugby,"Stadio Olimpico, Rome",Autumn Internationals,7,49,22,6,2,63,37,0,0,0,0,Taulupe Hogg,Wales Rugby,Blindside Flanker,Wales,37,102,2,0,0,0,0,3,2,7,Home Win
2935,2022-11-03,Ireland Rugby,Uruguay Rugby,"ANZ National Stadium, Suva",The Rugby Championship,2,18,34,0,4,52,48,0,0,0,0,Noah Porter,Ireland Rugby,Left Wing,South Africa,20,33,2,0,0,0,0,3,8,94,Away Win
2936,2017-04-03,France XV,Australia Wallabies,"Aviva Stadium, Dublin",The Rugby Championship,7,21,41,3,6,54,46,0,0,0,0,Finn Faletau,Australia Wallabies,Blindside Flanker,New Zealand,28,112,3,0,0,0,0,13,2,134,Away Win
2937,2016-07-02,Canada Rugby,England Rugby,"Apia Park, Samoa",Rugby Europe Championship,7,29,37,2,3,63,37,0,0,0,0,Liam Barrett,Canada Rugby,Number 8,Canada,28,34,1,0,0,0,0,,6,157,Away Win
2938,2020-07-05,Samoa Rugby,Tonga Rugby,"Apia Park, Samoa",Six Nations,5,61,51,7,6,54,46,0,0,0,0,Finn Dupont,Tonga Rugby,Hooker,Tonga,,78,0,0,0,0,0,1,5,96,Home Win
2939,2018-02-12,France XV,South Africa Springboks,"Stadio Olimpico, Rome",Six Nations,1,43,41,8,7,62,38,1,0,0,0,Liam Faletau,South Africa Springboks,Lock,South Africa,27,12,0,0,0,0,1,19,1,1,Home Win
2940,2020-11-15,Samoa Rugby,France XV,"Eden Park, Auckland",Six Nations,5,33,26,3,4,56,44,0,0,0,0,Oliver Dupont,France XV,Fullback,Ivory Coast,28,69,1,0,1,1,0,9,4,62,Home Win
2941,2021-12-07,Australia Wallabies,Canada Rugby,"Principality Stadium, Cardiff",Pacific Nations Cup,4,23,13,4,1,48,52,0,0,0,0,Rory Porter,Canada Rugby,Lock,New Zealand,25,107,0,0,0,0,0,12,6,94,Home Win
2942,2015-01-19,Scotland Rugby,Argentina Pumas,"Teufaiva Stadium, Tonga",World Rugby U20 Championship,3,19,29,2,4,38,62,0,0,0,0,Owen van der Merwe,Scotland Rugby,Lock,Australia,28,21,0,0,0,0,0,18,2,110,Away Win
2943,2018-02-01,Samoa Rugby,France XV,"Teufaiva Stadium, Tonga",Six Nations,7,58,58,8,8,44,56,0,0,0,0,Grégoire Ntamack,France XV,Blindside Flanker,Senegal,25,32,3,0,0,1,0,19,6,64,Draw
2944,2019-05-05,England Rugby,France XV,"Apia Park, Samoa",Six Nations,2,27,28,4,5,50,50,0,0,0,0,Faf Caelan,England Rugby,Tighthead Prop,South Africa,29,112,1,0,0,0,0,5,0,120,Away Win
2945,2023-05-11,Wales Rugby,Ireland Rugby,"Stade de France, Paris",Pacific Nations Cup,2,23,25,2,1,36,64,1,0,0,0,Romain Hogg,Wales Rugby,Inside Centre,Wales,25,58,0,0,0,0,0,11,1,136,Away Win
2946,2018-11-03,Fiji Rugby,Argentina Pumas,"ANZ National Stadium, Suva",Six Nations,3,15,41,2,6,39,61,0,0,0,0,Sean Watson,Argentina Pumas,Fly-half,Argentina,28,115,1,2,3,0,0,19,5,46,Away Win
2947,2016-07-10,Italy Rugby,Uruguay Rugby,"Estadio Jose Amalfitani, Buenos Aires",The Rugby Championship,4,35,22,5,1,56,44,0,0,0,0,Pieter Hogg,Uruguay Rugby,Scrum-half,Argentina,26,44,0,0,0,0,0,16,0,56,Home Win
2948,2024-02-04,Fiji Rugby,Wales Rugby,"Teufaiva Stadium, Tonga",Rugby Europe Championship,2,32,18,3,0,64,36,0,0,0,0,Charles Taylor,Fiji Rugby,Blindside Flanker,Fiji,31,12,3,0,0,0,0,20,0,37,Home Win
2949,2016-01-02,Ireland Rugby,Canada Rugby,"Mikheil Meskhi Stadium, Tbilisi",Autumn Internationals,5,56,54,8,8,46,54,0,0,0,0,Justin Curry,Ireland Rugby,Openside Flanker,Ireland,26,53,2,0,0,0,0,10,3,159,Home Win
2950,2024-06-09,Argentina Pumas,Georgia Rugby,"National Stadium, Tokyo",World Rugby U20 Championship,5,58,36,6,5,35,65,0,0,0,0,Faf Watson,Argentina Pumas,Fly-half,Argentina,19,12,3,1,4,0,0,15,2,106,Home Win
2951,2015-08-01,Ireland Rugby,Samoa Rugby,"Ellis Park, Johannesburg",Six Nations,1,9,46,0,8,64,36,1,0,0,0,Finn Lowe,Samoa Rugby,Lock,New Zealand,32,113,0,0,0,0,0,16,7,129,Away Win
2952,2022-01-22,Tonga Rugby,Uruguay Rugby,"Stade de France, Paris",Rugby Europe Championship,8,39,52,3,7,52,48,1,0,0,0,Faf Jones,Uruguay Rugby,Hooker,Argentina,23,24,1,0,0,1,0,4,2,50,Away Win
2953,2017-10-12,Ireland Rugby,Italy Rugby,"ANZ National Stadium, Suva",Six Nations,7,32,42,4,4,50,50,1,0,0,0,Taulupe Hogg,Italy Rugby,Lock,Italy,24,49,0,0,0,0,0,16,0,150,Away Win
2954,2017-06-27,Samoa Rugby,Tonga Rugby,"Apia Park, Samoa",Six Nations,2,18,27,2,5,63,37,0,1,0,0,Owen Faletau,Tonga Rugby,Loosehead Prop,Tonga,24,85,1,0,0,0,0,1,3,63,Away Win
2955,2023-06-17,Wales Rugby,Ireland Rugby,"Apia Park, Samoa",Rugby Europe Championship,7,41,32,7,4,51,49,0,0,0,0,Siya Smith,Wales Rugby,Openside Flanker,New Zealand,32,120,0,0,0,0,0,14,1,136,Home Win
2956,2016-05-06,England Rugby,Spain Rugby,"National Stadium, Tokyo",Autumn Internationals,8,30,18,3,0,60,40,0,0,0,1,William Jones,Spain Rugby,Fullback,Argentina,18,96,3,0,4,0,0,14,7,153,Home Win
2957,2021-12-05,Scotland Rugby,England Rugby,"Murrayfield, Edinburgh",Rugby World Cup,5,23,46,1,4,46,54,0,0,0,0,Antoine Russell,Scotland Rugby,Tighthead Prop,Scotland,39,75,0,0,0,0,0,9,7,15,Away Win
2958,2017-10-02,Fiji Rugby,Tonga Rugby,"ANZ National Stadium, Suva",Rugby World Cup,4,41,19,5,2,55,45,1,0,0,0,Charles Kolbe,Fiji Rugby,Outside Centre,Fiji,31,93,0,0,0,1,0,15,8,59,Home Win
2959,2022-10-18,Ireland Rugby,Tonga Rugby,"ANZ National Stadium, Suva",World Rugby U20 Championship,2,25,24,2,3,35,65,1,0,0,0,Cian Carbery,Tonga Rugby,Hooker,New Zealand,27,12,2,0,0,0,0,3,5,53,Home Win
2960,2016-03-27,Uruguay Rugby,Romania Rugby,"Apia Park, Samoa",Pacific Nations Cup,4,23,18,3,2,39,61,0,1,0,0,Josh Brown,Romania Rugby,Fullback,France,26,50,1,0,0,0,0,15,6,92,Home Win
2961,2017-02-10,Fiji Rugby,South Africa Springboks,"Twickenham, London",Rugby World Cup,1,30,7,6,1,58,42,2,2,0,0,Noah Carbery,Fiji Rugby,Fly-half,Fiji,28,33,0,5,1,0,0,3,6,24,Home Win
2962,2018-03-21,Uruguay Rugby,Canada Rugby,"Stade de France, Paris",Six Nations,4,48,47,6,7,53,47,1,0,0,0,James Brown,Uruguay Rugby,Lock,Argentina,29,104,2,0,0,0,0,5,1,95,Home Win
2963,2016-04-01,USA Eagles,Uruguay Rugby,"Teufaiva Stadium, Tonga",Rugby World Cup,7,23,66,1,8,61,39,0,0,0,0,Henry Jones,USA Eagles,Fly-half,New Zealand,29,86,0,3,0,0,0,18,6,120,Away Win
2964,2024-04-23,Italy Rugby,Scotland Rugby,"Stadio Olimpico, Rome",,4,43,29,5,5,52,48,0,0,0,0,Siya Dupont,Scotland Rugby,Openside Flanker,Scotland,29,38,3,0,0,0,0,8,6,150,Home Win
2965,2017-07-07,Spain Rugby,Wales Rugby,"Aviva Stadium, Dublin",Six Nations,1,28,36,2,6,51,49,0,0,0,0,Rory Hogg,Spain Rugby,Hooker,Argentina,27,7,0,0,0,0,0,14,3,52,Away Win
2966,2022-04-20,Romania Rugby,Tonga Rugby,"Eden Park, Auckland",Six Nations,2,60,51,6,7,38,62,1,1,0,0,Hugo Kolbe,Tonga Rugby,Outside Centre,Tonga,26,110,2,0,0,0,0,17,5,160,Home Win
2967,2023-10-16,Georgia Rugby,Fiji Rugby,"Eden Park, Auckland",Rugby World Cup,6,37,23,4,2,36,64,0,1,0,0,Oliver Jones,Fiji Rugby,Inside Centre,Fiji,26,42,1,0,0,0,0,16,0,141,Home Win
2968,2021-08-23,Uruguay Rugby,USA Eagles,"Ellis Park, Johannesburg",Six Nations,5,23,22,4,1,35,65,2,0,0,0,Malcolm Curry,USA Eagles,Tighthead Prop,USA,26,7,3,0,0,0,0,4,,32,Home Win
2969,2022-02-14,Samoa Rugby,New Zealand All Blacks,"Twickenham, London",Six Nations,3,37,29,5,2,60,40,0,0,0,0,Taulupe Brown,New Zealand All Blacks,Hooker,New Zealand,31,21,0,0,0,0,0,10,,88,Home Win
2970,2017-11-15,USA Eagles,Georgia Rugby,"Stadio Olimpico, Rome",Rugby World Cup,8,39,34,5,3,61,39,0,0,0,0,Ethan Hogg,USA Eagles,Fly-half,USA,29,2,0,5,3,0,0,15,8,19,Home Win
2971,2018-05-21,Fiji Rugby,Argentina Pumas,"Stadium Australia, Sydney",Rugby Europe Championship,8,25,13,1,2,59,41,0,1,0,0,Tadhg Lowe,Argentina Pumas,Inside Centre,Argentina,18,113,0,0,0,0,0,17,7,56,Home Win
2972,2019-01-22,Scotland Rugby,Fiji Rugby,"Stadium Australia, Sydney",Rugby Europe Championship,4,49,49,8,8,49,51,0,0,0,0,Hamish Johnson,Scotland Rugby,Fly-half,New Zealand,29,81,2,4,4,0,0,17,0,82,Draw
2973,2015-01-14,Georgia Rugby,Wales Rugby,"Stade de France, Paris",,5,43,6,7,0,61,39,0,1,0,0,Jamie Ntamack,Georgia Rugby,Fullback,Georgia,27,81,2,0,3,0,0,,7,154,Home Win
2974,2015-05-19,Georgia Rugby,Italy Rugby,"Ellis Park, Johannesburg",Pacific Nations Cup,2,44,57,7,7,63,37,1,0,0,0,William Kolbe,Georgia Rugby,Openside Flanker,Georgia,26,,1,0,0,0,0,16,4,18,Away Win
2975,2021-07-28,England Rugby,Romania Rugby,"Eden Park, Auckland",Autumn Internationals,1,37,10,4,1,59,41,0,1,0,0,Rory Furlong,Romania Rugby,Openside Flanker,France,,73,0,0,0,0,0,11,3,79,Home Win
2976,2016-01-16,South Africa Springboks,Romania Rugby,"Apia Park, Samoa",Pacific Nations Cup,4,26,47,4,5,42,58,0,0,0,0,Richie Carbery,Romania Rugby,Right Wing,France,31,42,1,0,0,0,0,4,5,146,Away Win
2977,2018-08-28,Ireland Rugby,Uruguay Rugby,"Stadio Olimpico, Rome",World Rugby U20 Championship,3,22,51,2,6,38,62,1,0,0,0,Josh Brown,Ireland Rugby,Outside Centre,New Zealand,30,64,0,0,0,0,0,9,5,3,Away Win
2978,2022-10-26,Wales Rugby,Samoa Rugby,"Principality Stadium, Cardiff",Rugby World Cup,5,26,29,4,4,53,47,0,0,0,0,Kieran Russell,Samoa Rugby,Inside Centre,Samoa,23,80,0,0,0,0,0,9,6,,Away Win
2979,2020-11-06,Canada Rugby,Tonga Rugby,"Stade de France, Paris",Six Nations,1,26,17,4,2,39,61,1,0,0,0,James Williams,Tonga Rugby,Lock,New Zealand,28,52,3,0,0,0,0,17,3,36,Home Win
2980,2018-03-13,England Rugby,Spain Rugby,"National Stadium, Tokyo",The Rugby Championship,5,32,23,6,4,53,47,0,1,0,0,Josh Barrett,Spain Rugby,Left Wing,Argentina,23,46,3,0,0,0,0,15,8,108,Home Win
2981,2023-01-16,Romania Rugby,Argentina Pumas,"Aviva Stadium, Dublin",Six Nations,7,48,0,8,0,38,62,0,0,0,0,Charles Henshaw,Romania Rugby,Outside Centre,,21,89,0,0,0,0,0,13,,3,Home Win
2982,2024-08-24,USA Eagles,France XV,"Eden Park, Auckland",World Rugby U20 Championship,5,51,44,7,6,62,38,2,1,0,0,Callum van der Merwe,France XV,Number 8,France,24,,0,0,0,0,0,0,4,23,Home Win
2983,2023-08-08,Australia Wallabies,South Africa Springboks,"Stadio Olimpico, Rome",Pacific Nations Cup,5,23,28,3,2,47,53,0,2,0,1,Taulupe Taylor,South Africa Springboks,Left Wing,South Africa,30,45,1,0,0,0,0,10,4,121,Away Win
2984,2018-06-01,Scotland Rugby,Canada Rugby,"Principality Stadium, Cardiff",The Rugby Championship,5,20,39,1,3,43,57,1,0,0,0,Mason Johnson,Scotland Rugby,Hooker,Scotland,30,99,1,0,0,0,0,0,3,39,Away Win
2985,2015-11-12,Italy Rugby,New Zealand All Blacks,"Twickenham, London",Rugby World Cup,7,7,18,1,0,60,40,0,0,0,0,Callum Taylor,New Zealand All Blacks,Lock,New Zealand,29,71,3,0,0,0,0,15,3,103,Away Win
2986,2019-12-23,USA Eagles,New Zealand All Blacks,"Stade de France, Paris",Autumn Internationals,2,51,22,7,4,59,41,2,0,0,0,James Caelan,USA Eagles,Fullback,South Africa,29,69,0,0,3,0,0,,,81,Home Win
2987,2023-07-10,Tonga Rugby,Australia Wallabies,"Ellis Park, Johannesburg",Rugby World Cup,7,15,47,2,7,54,46,0,0,0,1,Tadhg Caelan,Australia Wallabies,Loosehead Prop,Fiji,29,104,1,0,0,0,0,2,6,135,Away Win
2988,2015-06-25,Samoa Rugby,Argentina Pumas,"Murrayfield, Edinburgh",Rugby Europe Championship,5,29,52,4,8,37,63,0,0,0,0,Owen Lowe,Argentina Pumas,Tighthead Prop,Argentina,24,,1,0,0,0,0,15,3,101,Away Win
2989,2021-07-27,Georgia Rugby,Australia Wallabies,"Mikheil Meskhi Stadium, Tbilisi",Pacific Nations Cup,4,25,62,1,8,40,60,2,0,0,0,Sam Itoje,Australia Wallabies,Fullback,Australia,28,50,1,0,4,0,0,15,4,47,Away Win
2990,2021-04-10,Romania Rugby,Australia Wallabies,"Aviva Stadium, Dublin",The Rugby Championship,4,18,26,0,4,44,56,0,1,0,0,Sam Kolbe,Romania Rugby,Left Wing,Romania,30,59,3,0,0,0,0,12,7,81,Away Win
2991,2015-08-04,Georgia Rugby,France XV,"Murrayfield, Edinburgh",Pacific Nations Cup,1,37,34,6,5,44,56,0,0,0,0,Oliver Taylor,France XV,Loosehead Prop,France,30,118,3,0,0,0,1,18,6,101,Home Win
2992,2017-04-13,Georgia Rugby,Tonga Rugby,"Apia Park, Samoa",World Rugby U20 Championship,7,36,24,6,3,65,35,2,1,1,1,Charles Russell,Tonga Rugby,Right Wing,New Zealand,31,93,2,0,0,0,0,0,6,164,Home Win
2993,2017-10-28,Italy Rugby,Fiji Rugby,"Twickenham, London",Autumn Internationals,2,32,46,3,6,35,65,1,0,0,0,Hamish Kolbe,Italy Rugby,Fly-half,Italy,29,44,0,1,3,0,0,5,6,51,Away Win
2994,2020-02-10,Georgia Rugby,Canada Rugby,"Stadio Olimpico, Rome",Rugby World Cup,3,9,14,0,1,65,35,0,1,0,0,Richie Watson,Georgia Rugby,Openside Flanker,Georgia,28,16,0,0,0,0,0,,7,48,Away Win
2995,2021-12-14,New Zealand All Blacks,USA Eagles,"Murrayfield, Edinburgh",Pacific Nations Cup,7,13,58,1,8,41,59,0,0,0,0,Richie Watson,USA Eagles,Openside Flanker,South Africa,31,4,1,0,0,0,0,14,3,165,Away Win
2996,2023-09-01,Uruguay Rugby,Spain Rugby,"Twickenham, London",Autumn Internationals,3,6,17,0,3,39,61,0,0,0,0,Antoine Russell,Spain Rugby,Right Wing,Argentina,26,92,0,0,0,0,0,17,7,,Away Win
2997,2018-09-14,France XV,Italy Rugby,"Ellis Park, Johannesburg",Rugby World Cup,2,0,46,0,8,41,59,0,1,0,0,Noah Jones,Italy Rugby,Outside Centre,Argentina,23,94,2,0,0,0,0,17,6,49,Away Win
2998,2019-08-10,Spain Rugby,Argentina Pumas,"Principality Stadium, Cardiff",Pacific Nations Cup,1,36,42,5,7,56,44,0,1,0,0,Callum Watson,Argentina Pumas,Fly-half,Argentina,26,30,1,2,3,0,0,19,5,21,Away Win
2999,2021-09-16,Canada Rugby,Samoa Rugby,"Apia Park, Samoa",Rugby Europe Championship,7,58,31,7,3,51,49,1,0,0,0,Pieter Taylor,Samoa Rugby,Hooker,New Zealand,24,120,3,0,0,0,0,20,4,134,Home Win
3000,2023-05-26,France XV,England Rugby,"Mikheil Meskhi Stadium, Tbilisi",,7,23,23,4,1,63,37,0,0,0,0,Owen Doris,England Rugby,Scrum-half,New Zealand,24,67,0,0,0,0,0,4,6,44,Draw
3001,2021-03-12,Georgia Rugby,South Africa Springboks,"Eden Park, Auckland",Pacific Nations Cup,2,47,22,7,2,65,35,0,0,0,0,Malcolm Henshaw,South Africa Springboks,Fly-half,South Africa,26,79,1,5,1,0,0,13,7,177,Home Win
3002,2016-02-03,Uruguay Rugby,Wales Rugby,"Teufaiva Stadium, Tonga",Six Nations,1,10,48,2,7,42,58,2,0,0,0,Grégoire Kolbe,Uruguay Rugby,Lock,Uruguay,23,36,0,0,0,0,0,12,3,81,Away Win
3003,2021-04-19,Romania Rugby,Italy Rugby,"Eden Park, Auckland",Rugby Europe Championship,8,29,15,4,2,51,49,1,0,0,0,Finn Kolbe,Romania Rugby,Left Wing,Romania,25,61,0,0,0,0,0,13,0,159,Home Win
3004,2017-04-19,Tonga Rugby,France XV,"Stade de France, Paris",Six Nations,2,65,39,8,4,63,37,0,0,0,0,Cian Doris,France XV,Scrum-half,France,19,88,2,0,0,0,0,11,0,97,Home Win
3005,2015-04-04,New Zealand All Blacks,Spain Rugby,"Stade de France, Paris",The Rugby Championship,7,22,43,4,4,37,63,0,1,0,0,Mason Carbery,New Zealand All Blacks,Openside Flanker,New Zealand,27,47,0,0,0,0,0,5,8,18,Away Win
3006,2021-08-26,South Africa Springboks,England Rugby,"National Stadium, Tokyo",Pacific Nations Cup,2,36,28,3,4,47,53,0,0,0,0,Richie Russell,South Africa Springboks,Tighthead Prop,South Africa,27,53,3,0,0,0,0,1,6,138,Home Win
3007,2024-12-16,Tonga Rugby,Romania Rugby,"Apia Park, Samoa",Rugby World Cup,8,29,20,3,4,58,42,1,0,0,0,Alun Caelan,Tonga Rugby,Outside Centre,Tonga,23,76,2,0,0,0,0,4,0,84,Home Win
3008,2017-10-28,Tonga Rugby,Samoa Rugby,"Teufaiva Stadium, Tonga",,1,53,18,5,3,47,53,0,1,0,0,Lucas Smith,Tonga Rugby,Loosehead Prop,New Zealand,29,13,2,0,0,0,0,17,7,43,Home Win
3009,2020-05-03,Romania Rugby,Scotland Rugby,"Stadium Australia, Sydney",Rugby Europe Championship,8,20,24,2,3,43,57,1,2,0,0,Jamie Russell,Romania Rugby,Outside Centre,,30,40,3,0,0,1,0,17,4,108,Away Win
3010,2024-05-22,Canada Rugby,USA Eagles,"Estadio Jose Amalfitani, Buenos Aires",Pacific Nations Cup,8,45,35,8,4,59,41,0,0,0,0,Rory Brown,Canada Rugby,Lock,Canada,20,25,0,0,0,0,0,4,0,2,Home Win
3011,2023-08-18,Canada Rugby,South Africa Springboks,"Twickenham, London",The Rugby Championship,4,26,52,4,6,53,47,2,1,0,0,William Curry,Canada Rugby,Hooker,New Zealand,23,32,0,0,0,0,0,14,8,136,Away Win
3012,2022-05-25,Tonga Rugby,Canada Rugby,"Mikheil Meskhi Stadium, Tbilisi",Six Nations,3,25,28,3,3,37,63,0,0,0,0,William Carbery,Canada Rugby,Right Wing,New Zealand,23,11,3,0,0,0,0,8,4,166,Away Win
3013,2016-04-05,Canada Rugby,Wales Rugby,"Ellis Park, Johannesburg",Rugby Europe Championship,2,48,53,6,7,53,47,0,0,0,0,Mason Faletau,Canada Rugby,Loosehead Prop,New Zealand,23,60,3,0,0,0,0,2,6,74,Away Win
3014,2020-02-24,Japan Brave Blossoms,Fiji Rugby,"Teufaiva Stadium, Tonga",Six Nations,3,55,22,7,2,52,48,0,1,0,0,Kieran Carbery,Fiji Rugby,Lock,Fiji,30,68,1,0,0,0,0,19,5,126,Home Win
3015,2019-06-26,Wales Rugby,Argentina Pumas,"Estadio Jose Amalfitani, Buenos Aires",Six Nations,4,51,56,8,8,47,53,0,0,0,0,Richie Henshaw,Wales Rugby,Outside Centre,Wales,26,59,3,0,0,0,0,10,7,169,Away Win
3016,2016-04-22,Italy Rugby,Ireland Rugby,"Principality Stadium, Cardiff",Rugby Europe Championship,1,56,27,6,2,53,47,0,0,0,0,Richie Itoje,Ireland Rugby,Blindside Flanker,Ireland,25,86,3,0,0,0,0,17,7,80,Home Win
3017,2021-01-03,Wales Rugby,Spain Rugby,"Aviva Stadium, Dublin",The Rugby Championship,8,22,49,1,5,37,63,0,1,0,0,Tadhg Jones,Spain Rugby,Fullback,Spain,18,79,3,0,3,0,0,16,4,26,Away Win
3018,2017-03-15,Spain Rugby,Scotland Rugby,"Principality Stadium, Cardiff",Pacific Nations Cup,8,22,0,3,0,51,49,0,0,1,0,Benjamin Curry,Spain Rugby,Fly-half,Argentina,29,10,3,2,4,0,0,19,4,88,Home Win
3019,2015-12-28,Uruguay Rugby,South Africa Springboks,"Principality Stadium, Cardiff",Rugby Europe Championship,8,32,3,3,0,35,65,1,0,0,0,James Doris,South Africa Springboks,Fly-half,South Africa,22,58,3,1,4,0,0,5,8,,Home Win
3020,2019-01-15,Australia Wallabies,Tonga Rugby,"Murrayfield, Edinburgh",Rugby Europe Championship,5,60,64,8,8,39,61,1,0,0,0,Alun Barrett,Australia Wallabies,Hooker,New Zealand,27,97,3,0,0,0,0,5,7,137,Away Win
3021,2019-01-23,USA Eagles,England Rugby,"Principality Stadium, Cardiff",The Rugby Championship,1,28,50,5,8,48,52,1,0,0,0,Hamish Watson,England Rugby,Blindside Flanker,New Zealand,28,25,2,0,0,0,0,20,3,46,Away Win
3022,2016-01-18,England Rugby,USA Eagles,"Twickenham, London",Six Nations,2,28,12,4,0,57,43,0,0,0,0,Malcolm Watson,England Rugby,Outside Centre,England,32,70,1,0,0,0,0,9,5,70,Home Win
3023,2016-10-14,Scotland Rugby,France XV,"Teufaiva Stadium, Tonga",World Rugby U20 Championship,8,51,36,6,4,58,42,1,0,0,0,Josh Carbery,Scotland Rugby,Fullback,Australia,21,113,1,0,4,0,0,12,7,127,Home Win
3024,2017-04-14,Georgia Rugby,South Africa Springboks,"Estadio Jose Amalfitani, Buenos Aires",Rugby World Cup,1,37,39,4,6,39,61,0,0,0,0,Mason Williams,South Africa Springboks,Lock,South Africa,18,94,0,0,0,0,0,17,6,173,Away Win
3025,2020-11-04,Ireland Rugby,Georgia Rugby,"Ellis Park, Johannesburg",Pacific Nations Cup,6,47,15,8,0,41,59,0,0,0,0,Charles Williams,Ireland Rugby,Tighthead Prop,South Africa,27,40,1,0,0,0,0,9,,83,Home Win
3026,2015-02-14,Wales Rugby,Canada Rugby,"Apia Park, Samoa",The Rugby Championship,5,42,38,5,6,61,39,0,0,0,0,Siya Faletau,Wales Rugby,Scrum-half,New Zealand,34,13,2,0,0,0,0,19,8,93,Home Win
3027,2021-08-04,Scotland Rugby,Fiji Rugby,"Estadio Jose Amalfitani, Buenos Aires",The Rugby Championship,5,43,10,6,1,49,51,0,0,0,0,Tadhg Henshaw,Fiji Rugby,Loosehead Prop,Fiji,31,2,0,0,0,0,0,9,7,171,Home Win
3028,2019-01-18,England Rugby,Australia Wallabies,"Aviva Stadium, Dublin",World Rugby U20 Championship,8,40,45,6,5,56,44,0,0,0,0,James Barrett,England Rugby,Left Wing,New Zealand,27,101,0,0,0,0,0,20,3,116,Away Win
3029,2020-01-15,New Zealand All Blacks,Uruguay Rugby,"Apia Park, Samoa",Rugby Europe Championship,8,36,22,5,2,35,65,0,0,0,0,Liam Porter,New Zealand All Blacks,Left Wing,New Zealand,25,9,3,0,0,0,0,13,8,69,Home Win
3030,2020-06-20,France XV,Argentina Pumas,"Mikheil Meskhi Stadium, Tbilisi",Rugby Europe Championship,7,30,61,5,7,50,50,1,0,0,0,Richie Watson,Argentina Pumas,Openside Flanker,Argentina,30,24,1,0,0,0,0,15,0,152,Away Win
3031,2019-07-02,USA Eagles,France XV,"Aviva Stadium, Dublin",World Rugby U20 Championship,2,30,20,2,3,39,61,0,1,0,0,Rory Doris,USA Eagles,Lock,USA,23,63,1,0,0,0,0,18,6,125,Home Win
3032,2015-04-28,Tonga Rugby,Uruguay Rugby,"National Stadium, Tokyo",Rugby Europe Championship,3,40,36,7,4,42,58,0,0,0,0,Hamish Henshaw,Tonga Rugby,Lock,Tonga,28,28,3,0,0,0,0,1,1,75,Home Win
3033,2022-01-08,Canada Rugby,Australia Wallabies,"Twickenham, London",World Rugby U20 Championship,3,31,51,4,8,36,64,0,0,0,0,Cian Caelan,Australia Wallabies,Right Wing,New Zealand,29,39,0,0,0,0,0,4,7,84,Away Win
3034,2017-08-22,Georgia Rugby,Australia Wallabies,"Mikheil Meskhi Stadium, Tbilisi",Rugby Europe Championship,1,16,23,1,2,46,54,0,0,0,0,Henry Porter,Georgia Rugby,Hooker,Georgia,31,77,1,0,0,0,0,0,8,116,Away Win
3035,2018-06-06,Tonga Rugby,England Rugby,"Aviva Stadium, Dublin",Six Nations,2,52,37,6,4,57,43,0,0,0,0,Conor de Klerk,England Rugby,Left Wing,England,38,111,3,0,0,0,0,19,8,114,Home Win
3036,2018-08-20,Spain Rugby,Australia Wallabies,"Stadio Olimpico, Rome",Rugby Europe Championship,3,48,42,5,6,35,65,0,0,0,0,Josh Curry,Australia Wallabies,Blindside Flanker,New Zealand,28,13,0,0,0,0,0,7,5,93,Home Win
3037,2021-11-25,New Zealand All Blacks,Tonga Rugby,"Murrayfield, Edinburgh",Autumn Internationals,3,7,27,1,3,60,40,0,0,0,0,Cian Furlong,New Zealand All Blacks,Fly-half,New Zealand,24,78,1,3,4,0,0,7,6,149,Away Win
3038,2016-07-07,England Rugby,Spain Rugby,"ANZ National Stadium, Suva",Rugby World Cup,2,42,31,6,5,35,65,0,0,0,0,Noah Lowe,Spain Rugby,Lock,Spain,26,43,3,0,0,0,0,1,2,2,Home Win
3039,2015-01-21,USA Eagles,Spain Rugby,"Stadium Australia, Sydney",Six Nations,5,16,34,2,3,43,57,1,0,0,0,Benjamin Johnson,USA Eagles,Left Wing,USA,19,39,1,0,0,0,0,16,3,63,Away Win
3040,2019-05-16,Argentina Pumas,USA Eagles,"Mikheil Meskhi Stadium, Tbilisi",World Rugby U20 Championship,4,18,42,0,8,61,39,0,1,0,0,Malcolm Russell,USA Eagles,Scrum-half,New Zealand,24,40,2,0,0,0,0,9,3,,Away Win
3041,2018-12-13,South Africa Springboks,Scotland Rugby,"Stadio Olimpico, Rome",Rugby World Cup,4,36,28,6,3,35,65,0,0,1,0,Antoine Kolbe,South Africa Springboks,Outside Centre,South Africa,25,94,3,0,0,0,0,9,5,174,Home Win
3042,2015-03-15,Ireland Rugby,Georgia Rugby,"Stadio Olimpico, Rome",Six Nations,3,17,47,2,6,39,61,0,0,0,0,Finn Porter,Ireland Rugby,Number 8,Ireland,24,43,0,0,0,0,0,5,3,154,Away Win
3043,2020-11-13,Canada Rugby,Spain Rugby,"Aviva Stadium, Dublin",World Rugby U20 Championship,6,57,5,8,1,42,58,0,0,0,0,Lucas Barrett,Canada Rugby,Scrum-half,Canada,27,38,1,0,0,0,0,7,3,9,Home Win
3044,2015-10-11,Spain Rugby,Wales Rugby,"Stadio Olimpico, Rome",Pacific Nations Cup,8,28,9,2,0,46,54,0,0,0,0,Benjamin Watson,Wales Rugby,Openside Flanker,Wales,23,1,3,0,0,0,0,20,1,68,Home Win
3045,2021-04-01,Ireland Rugby,USA Eagles,"Eden Park, Auckland",World Rugby U20 Championship,8,48,20,6,3,49,51,0,0,0,0,Hamish Williams,USA Eagles,Lock,South Africa,31,75,0,0,0,0,0,7,7,92,Home Win
3046,2022-12-18,USA Eagles,Romania Rugby,"Aviva Stadium, Dublin",Six Nations,6,33,27,3,3,43,57,1,1,0,0,Sean Watson,Romania Rugby,Loosehead Prop,France,27,24,2,0,0,0,0,1,0,73,Home Win
3047,2019-09-16,Romania Rugby,Tonga Rugby,"Stadio Olimpico, Rome",Rugby World Cup,4,14,10,2,1,54,46,0,0,0,0,Sean Carbery,Tonga Rugby,Right Wing,Tonga,26,47,2,0,0,0,0,2,6,147,Home Win
3048,2019-11-10,Ireland Rugby,Australia Wallabies,"Principality Stadium, Cardiff",Rugby Europe Championship,3,34,37,6,5,56,44,0,0,0,0,Pieter Williams,Australia Wallabies,Number 8,Fiji,25,17,3,0,0,0,0,9,7,152,Away Win
3049,2018-07-02,Scotland Rugby,Samoa Rugby,"Principality Stadium, Cardiff",World Rugby U20 Championship,5,35,62,4,7,50,50,0,0,0,0,Taulupe Watson,Scotland Rugby,Fullback,Scotland,27,82,0,0,0,0,0,2,1,6,Away Win
3050,2024-11-17,Tonga Rugby,Spain Rugby,"Mikheil Meskhi Stadium, Tbilisi",Rugby World Cup,1,54,54,8,8,52,48,0,0,0,0,William Johnson,Spain Rugby,Lock,Spain,30,92,1,0,0,1,0,1,6,158,Draw
3051,2023-07-14,Ireland Rugby,England Rugby,"Murrayfield, Edinburgh",Pacific Nations Cup,3,30,49,3,6,49,51,0,0,0,0,Grégoire Hogg,England Rugby,Number 8,England,23,106,2,0,0,0,0,3,1,133,Away Win
3052,2022-11-18,Wales Rugby,Scotland Rugby,"Stadio Olimpico, Rome",Autumn Internationals,5,62,15,7,2,40,60,1,0,0,0,Jamie Kolbe,Scotland Rugby,Openside Flanker,Australia,24,40,0,0,0,0,0,1,2,172,Home Win
3053,2019-02-21,Italy Rugby,Australia Wallabies,"Stade de France, Paris",Rugby Europe Championship,3,28,50,4,5,39,61,0,1,0,0,Benjamin van der Merwe,Australia Wallabies,Blindside Flanker,Australia,25,67,1,0,0,0,0,10,1,64,Away Win
3054,2015-06-03,Romania Rugby,Ireland Rugby,"Eden Park, Auckland",Six Nations,5,25,51,1,5,56,44,1,0,0,0,Josh Kolbe,Ireland Rugby,Blindside Flanker,Ireland,21,107,1,0,0,0,0,14,7,165,Away Win
3055,2017-05-06,South Africa Springboks,Argentina Pumas,"Twickenham, London",Six Nations,5,25,54,1,7,58,42,0,0,0,0,Siya Lowe,South Africa Springboks,Openside Flanker,South Africa,23,2,0,0,0,0,0,3,7,43,Away Win
3056,2020-03-04,Wales Rugby,England Rugby,"Ellis Park, Johannesburg",Rugby Europe Championship,8,13,54,1,7,47,53,0,0,0,0,Malcolm Henshaw,England Rugby,Left Wing,South Africa,25,44,0,0,0,0,0,18,6,1,Away Win
3057,2024-03-18,Uruguay Rugby,Japan Brave Blossoms,"ANZ National Stadium, Suva",Rugby Europe Championship,2,60,52,8,7,41,59,1,0,0,0,Cian Brown,Uruguay Rugby,Hooker,Uruguay,30,89,1,0,0,0,0,1,6,73,Home Win
3058,2024-08-20,New Zealand All Blacks,Japan Brave Blossoms,,Rugby World Cup,1,35,9,3,0,53,47,0,0,1,0,Jamie Watson,New Zealand All Blacks,Openside Flanker,New Zealand,28,57,0,0,0,0,0,0,3,7,Home Win
3059,2015-01-12,Ireland Rugby,Italy Rugby,"Aviva Stadium, Dublin",Six Nations,7,21,47,3,5,52,48,0,0,0,0,William Kolbe,Italy Rugby,Outside Centre,South Africa,27,68,1,0,0,0,0,7,5,87,Away Win
3060,2024-01-10,Spain Rugby,USA Eagles,"Stadio Olimpico, Rome",Rugby Europe Championship,4,49,8,8,1,38,62,0,1,0,0,Hugo van der Merwe,USA Eagles,Openside Flanker,USA,30,16,2,0,0,0,0,13,8,119,Home Win
3061,2024-03-02,France XV,South Africa Springboks,"Eden Park, Auckland",Pacific Nations Cup,2,20,29,1,4,52,48,0,0,1,1,Jamie Barrett,South Africa Springboks,Fly-half,South Africa,26,67,1,5,3,0,0,,0,160,Away Win
3062,2023-11-23,Ireland Rugby,Scotland Rugby,"Twickenham, London",Six Nations,4,37,34,5,3,50,50,2,0,0,0,William Hogg,Scotland Rugby,Right Wing,Scotland,28,118,3,0,0,0,0,12,5,112,Home Win
3063,2019-09-07,New Zealand All Blacks,Canada Rugby,"National Stadium, Tokyo",Autumn Internationals,3,3,3,0,0,54,46,0,0,0,0,Taulupe Doris,Canada Rugby,Fly-half,New Zealand,26,98,1,3,3,0,0,13,,145,Draw
3064,2018-09-18,South Africa Springboks,Japan Brave Blossoms,"Eden Park, Auckland",Rugby World Cup,6,19,23,3,1,46,54,0,0,0,0,Finn Dupont,Japan Brave Blossoms,Blindside Flanker,Australia,28,51,0,0,0,0,0,2,7,,Away Win
3065,2024-09-04,Samoa Rugby,USA Eagles,"Apia Park, Samoa",Autumn Internationals,6,32,44,3,5,48,52,1,0,0,0,Finn Dupont,USA Eagles,Fly-half,South Africa,24,120,0,2,0,0,0,18,5,143,Away Win
3066,2019-04-10,Samoa Rugby,USA Eagles,"ANZ National Stadium, Suva",Six Nations,6,39,14,5,1,59,41,0,0,0,0,James Faletau,Samoa Rugby,Tighthead Prop,Samoa,18,69,3,0,0,0,0,3,0,10,Home Win
3067,2019-02-26,New Zealand All Blacks,Fiji Rugby,"Aviva Stadium, Dublin",Pacific Nations Cup,3,13,26,2,4,54,46,0,0,0,0,Rory Lowe,Fiji Rugby,Right Wing,Fiji,26,29,3,0,0,0,0,12,0,139,Away Win
3068,2020-04-26,Argentina Pumas,Scotland Rugby,"National Stadium, Tokyo",Rugby Europe Championship,6,33,51,5,6,40,60,1,0,0,0,Callum Curry,Argentina Pumas,Lock,Argentina,32,116,0,0,0,0,0,5,7,123,Away Win
3069,2020-03-19,Romania Rugby,New Zealand All Blacks,"Ellis Park, Johannesburg",Pacific Nations Cup,5,28,18,4,0,65,35,0,1,0,0,Hugo Barrett,Romania Rugby,Hooker,France,30,28,0,0,0,0,0,0,3,115,Home Win
3070,2016-07-09,Argentina Pumas,New Zealand All Blacks,"Teufaiva Stadium, Tonga",Rugby Europe Championship,8,49,35,8,5,54,46,1,0,0,0,Taulupe Dupont,New Zealand All Blacks,Hooker,New Zealand,30,3,1,0,0,0,0,2,4,102,Home Win
3071,2016-06-06,New Zealand All Blacks,Italy Rugby,"ANZ National Stadium, Suva",The Rugby Championship,1,19,19,1,1,57,43,0,0,0,0,Antoine Johnson,New Zealand All Blacks,Tighthead Prop,New Zealand,31,42,0,0,0,0,0,15,5,,Draw
3072,2015-12-10,Scotland Rugby,Georgia Rugby,"ANZ National Stadium, Suva",The Rugby Championship,8,9,47,0,7,58,42,0,0,0,0,Hamish Kolbe,Scotland Rugby,Hooker,,27,94,0,0,0,0,0,18,8,40,Away Win
3073,2019-06-03,Japan Brave Blossoms,Argentina Pumas,"Principality Stadium, Cardiff",Pacific Nations Cup,7,10,21,1,3,35,65,1,0,0,0,Siya Porter,Japan Brave Blossoms,Loosehead Prop,Japan,27,103,1,0,0,1,0,20,4,61,Away Win
3074,2023-01-14,Romania Rugby,Argentina Pumas,"Twickenham, London",Rugby World Cup,6,26,60,2,7,61,39,0,0,0,0,Sean van der Merwe,Romania Rugby,Loosehead Prop,Romania,24,19,0,0,0,0,0,5,2,3,Away Win
3075,2022-06-28,USA Eagles,Fiji Rugby,"Twickenham, London",,4,12,33,2,6,52,48,0,0,0,0,Mason Itoje,Fiji Rugby,Outside Centre,Fiji,25,110,2,0,0,0,0,18,6,44,Away Win
3076,2019-06-13,New Zealand All Blacks,Scotland Rugby,"Twickenham, London",Rugby World Cup,6,33,34,5,5,65,35,1,0,0,0,Pieter Caelan,Scotland Rugby,Outside Centre,New Zealand,29,112,2,0,0,0,0,0,4,82,Away Win
3077,2024-09-17,Japan Brave Blossoms,South Africa Springboks,"Principality Stadium, Cardiff",Rugby Europe Championship,7,60,17,6,1,62,38,1,1,0,0,Charles Williams,Japan Brave Blossoms,Scrum-half,Japan,31,6,1,0,0,0,0,3,5,94,Home Win
3078,2019-05-25,Australia Wallabies,Japan Brave Blossoms,"Stadium Australia, Sydney",Rugby World Cup,8,46,43,6,5,53,47,0,0,0,0,Faf Carbery,Japan Brave Blossoms,Fullback,South Africa,26,86,0,0,2,0,0,16,,127,Home Win
3079,2015-02-10,Italy Rugby,New Zealand All Blacks,"Stadium Australia, Sydney",Six Nations,4,28,21,2,3,39,61,0,0,0,0,Stuart Dupont,Italy Rugby,Lock,Argentina,25,,2,0,0,0,0,,8,77,Home Win
3080,2018-10-07,Scotland Rugby,France XV,"Mikheil Meskhi Stadium, Tbilisi",Autumn Internationals,1,42,44,5,7,41,59,0,0,0,0,Finn Kolbe,France XV,Scrum-half,Senegal,27,109,3,0,0,0,0,7,0,24,Away Win
3081,2021-04-22,Argentina Pumas,Australia Wallabies,"Mikheil Meskhi Stadium, Tbilisi",The Rugby Championship,1,37,24,5,4,45,55,1,0,0,0,Sam Caelan,Argentina Pumas,Hooker,Argentina,29,90,0,0,0,0,0,0,1,144,Home Win
3082,2024-06-13,France XV,Uruguay Rugby,"Murrayfield, Edinburgh",Pacific Nations Cup,6,52,50,8,7,37,63,0,0,0,0,Lucas Itoje,Uruguay Rugby,Right Wing,Argentina,21,49,2,0,0,0,0,15,5,153,Home Win
3083,2024-11-12,France XV,Wales Rugby,"Stadium Australia, Sydney",Pacific Nations Cup,5,32,30,4,5,47,53,0,1,0,0,Callum Brown,Wales Rugby,Loosehead Prop,Wales,18,34,3,0,0,1,0,15,4,14,Home Win
3084,2021-06-04,USA Eagles,Australia Wallabies,"Twickenham, London",Rugby Europe Championship,5,57,15,7,2,41,59,0,1,1,0,William Barrett,Australia Wallabies,Right Wing,Australia,24,88,0,0,0,0,0,4,2,112,Home Win
3085,2019-03-06,Canada Rugby,Uruguay Rugby,"Stade de France, Paris",Rugby World Cup,6,45,29,8,3,50,50,0,0,0,0,Justin Williams,Uruguay Rugby,Lock,Uruguay,22,106,2,0,0,0,0,4,7,167,Home Win
3086,2022-07-10,Ireland Rugby,Spain Rugby,"Twickenham, London",Rugby Europe Championship,5,46,45,6,8,47,53,0,0,0,0,Grégoire Porter,Spain Rugby,Inside Centre,Spain,24,37,1,0,0,0,0,20,0,57,Home Win
3087,2019-12-16,Japan Brave Blossoms,New Zealand All Blacks,"Estadio Jose Amalfitani, Buenos Aires",World Rugby U20 Championship,8,25,38,3,7,38,62,0,0,0,0,James Henshaw,Japan Brave Blossoms,Hooker,South Africa,26,54,1,0,0,1,0,18,5,131,Away Win
3088,2021-07-27,Argentina Pumas,England Rugby,"Eden Park, Auckland",Autumn Internationals,5,74,50,8,5,59,41,0,0,0,0,Mason Ntamack,England Rugby,Blindside Flanker,New Zealand,25,8,2,0,0,0,0,16,6,74,Home Win
3089,2021-07-15,Australia Wallabies,USA Eagles,"Stade de France, Paris",Rugby World Cup,6,29,27,5,2,49,51,1,2,0,0,Justin Brown,Australia Wallabies,Scrum-half,New Zealand,32,53,2,0,0,0,1,6,4,83,Home Win
3090,2023-03-14,Tonga Rugby,Canada Rugby,"Mikheil Meskhi Stadium, Tbilisi",World Rugby U20 Championship,4,27,16,4,2,54,46,0,1,0,0,Mason Itoje,Tonga Rugby,Hooker,,28,102,1,0,0,0,0,5,5,136,Home Win
3091,2019-03-14,USA Eagles,Georgia Rugby,"Ellis Park, Johannesburg",The Rugby Championship,5,57,20,7,1,47,53,1,0,0,0,Noah Faletau,USA Eagles,Hooker,USA,28,15,1,0,0,0,0,,7,72,Home Win
3092,2020-10-14,USA Eagles,Argentina Pumas,"Stade de France, Paris",Rugby Europe Championship,4,61,26,8,4,53,47,2,0,1,0,Siya Dupont,USA Eagles,Openside Flanker,New Zealand,29,14,1,0,0,0,0,1,4,120,Home Win
3093,2020-09-19,Argentina Pumas,Italy Rugby,"National Stadium, Tokyo",Six Nations,4,30,34,3,5,52,48,1,0,0,0,Jamie van der Merwe,Italy Rugby,Lock,Argentina,22,3,2,0,0,0,0,,7,157,Away Win
3094,2021-05-02,New Zealand All Blacks,Fiji Rugby,"Estadio Jose Amalfitani, Buenos Aires",Autumn Internationals,2,59,27,7,3,45,55,0,0,0,0,Beauden Johnson,New Zealand All Blacks,Left Wing,New Zealand,31,5,0,0,0,0,0,16,2,175,Home Win
3095,2020-10-10,Ireland Rugby,France XV,"Teufaiva Stadium, Tonga",Autumn Internationals,4,27,36,3,3,52,48,0,0,0,0,Hugo Watson,Ireland Rugby,Loosehead Prop,Ireland,26,114,3,0,0,0,0,10,3,50,Away Win
3096,2016-05-21,Italy Rugby,Fiji Rugby,"Mikheil Meskhi Stadium, Tbilisi",Six Nations,7,31,53,4,6,57,43,0,0,0,0,Kieran Curry,Italy Rugby,Number 8,Argentina,29,16,1,0,0,1,0,8,0,75,Away Win
3097,2015-01-24,Argentina Pumas,Georgia Rugby,"Murrayfield, Edinburgh",Pacific Nations Cup,8,38,6,4,0,59,41,0,0,0,0,Stuart Kolbe,Georgia Rugby,Lock,Georgia,22,33,3,0,0,0,0,17,0,1,Home Win
3098,2024-07-05,Samoa Rugby,Fiji Rugby,"ANZ National Stadium, Suva",World Rugby U20 Championship,8,28,25,4,2,38,62,1,0,0,0,Noah Kolbe,Samoa Rugby,Number 8,New Zealand,20,44,1,0,0,0,0,13,8,95,Home Win
3099,2018-03-16,Spain Rugby,Scotland Rugby,"Principality Stadium, Cardiff",Autumn Internationals,2,50,19,6,3,60,40,0,0,0,0,Owen Ntamack,Spain Rugby,Scrum-half,Argentina,30,16,2,0,0,0,0,13,0,,Home Win
3100,2024-11-20,Tonga Rugby,New Zealand All Blacks,"Apia Park, Samoa",Six Nations,7,12,18,0,0,59,41,0,1,0,0,Finn Barrett,New Zealand All Blacks,Fullback,New Zealand,28,66,1,0,0,0,0,7,4,143,Away Win
3101,2015-02-16,Australia Wallabies,Japan Brave Blossoms,"Stade de France, Paris",World Rugby U20 Championship,3,68,22,8,1,44,56,0,0,0,0,Liam Lowe,Japan Brave Blossoms,Lock,Japan,23,1,2,0,0,0,0,9,1,29,Home Win
3102,2015-06-26,Scotland Rugby,Japan Brave Blossoms,"Mikheil Meskhi Stadium, Tbilisi",Rugby World Cup,4,3,3,0,0,53,47,0,0,1,0,Sean Brown,Scotland Rugby,Openside Flanker,Scotland,23,63,0,0,0,0,0,18,6,178,Draw
3103,2020-03-22,Scotland Rugby,Argentina Pumas,"Ellis Park, Johannesburg",The Rugby Championship,7,15,17,0,2,44,56,1,1,0,0,Josh Russell,Argentina Pumas,Fly-half,Argentina,31,17,3,0,4,0,0,7,7,13,Away Win
3104,2022-09-21,New Zealand All Blacks,Romania Rugby,"Mikheil Meskhi Stadium, Tbilisi",The Rugby Championship,2,59,69,7,8,60,40,0,1,0,0,Alun Johnson,Romania Rugby,Loosehead Prop,France,22,17,0,0,0,0,0,3,0,77,Away Win
3105,2018-02-07,Romania Rugby,Scotland Rugby,"Estadio Jose Amalfitani, Buenos Aires",Autumn Internationals,4,37,27,4,2,57,43,1,0,0,0,Conor Brown,Romania Rugby,Number 8,Romania,33,,1,0,0,0,0,10,1,1,Home Win
3106,2021-03-04,Spain Rugby,Georgia Rugby,"Ellis Park, Johannesburg",Pacific Nations Cup,1,52,12,6,0,53,47,0,0,0,0,Liam Curry,Spain Rugby,Tighthead Prop,Spain,23,105,2,0,0,1,0,10,0,17,Home Win
3107,2020-07-17,Samoa Rugby,USA Eagles,"Stadio Olimpico, Rome",Rugby World Cup,2,23,23,3,4,61,39,0,0,0,0,Kieran Barrett,Samoa Rugby,Blindside Flanker,Samoa,29,91,3,0,0,0,0,15,2,109,Draw
3108,2022-12-07,Australia Wallabies,Uruguay Rugby,"Eden Park, Auckland",Pacific Nations Cup,8,19,28,2,4,51,49,1,0,0,0,Liam Faletau,Uruguay Rugby,Inside Centre,Argentina,25,35,3,0,0,0,0,11,1,125,Away Win
3109,2020-07-10,Tonga Rugby,Fiji Rugby,"Aviva Stadium, Dublin",Rugby World Cup,5,30,18,3,0,46,54,0,0,0,0,James Caelan,Tonga Rugby,Tighthead Prop,Tonga,29,18,1,0,0,0,0,8,4,94,Home Win
3110,2015-07-14,Japan Brave Blossoms,Argentina Pumas,"Stadio Olimpico, Rome",The Rugby Championship,5,39,29,6,5,50,50,0,0,0,0,Conor Caelan,Japan Brave Blossoms,Left Wing,New Zealand,24,17,2,0,0,0,0,1,7,79,Home Win
3111,2019-01-02,Romania Rugby,Argentina Pumas,"Eden Park, Auckland",Rugby World Cup,1,42,47,5,6,54,46,0,1,0,0,Richie Taylor,Argentina Pumas,Left Wing,Argentina,26,20,0,0,0,0,0,16,2,177,Away Win
3112,2018-06-16,Fiji Rugby,Georgia Rugby,"Twickenham, London",Six Nations,4,14,35,1,5,46,54,0,0,0,0,Josh Brown,Georgia Rugby,Loosehead Prop,Georgia,27,5,0,0,0,0,0,14,5,16,Away Win
3113,2015-11-08,South Africa Springboks,Australia Wallabies,"Twickenham, London",Rugby Europe Championship,8,9,49,0,7,58,42,1,0,0,0,James Lowe,South Africa Springboks,Inside Centre,South Africa,22,14,2,0,0,0,0,7,2,,Away Win
3114,2023-04-06,Spain Rugby,USA Eagles,"Eden Park, Auckland",Pacific Nations Cup,2,16,34,2,4,41,59,0,0,0,0,Cheslin Curry,Spain Rugby,Inside Centre,Argentina,29,91,3,0,0,0,0,15,3,5,Away Win
3115,2022-04-07,Argentina Pumas,Italy Rugby,"ANZ National Stadium, Suva",Pacific Nations Cup,1,10,7,2,1,51,49,0,0,0,0,Romain Caelan,Argentina Pumas,Lock,Argentina,24,82,3,0,0,0,0,2,8,135,Home Win
3116,2020-01-05,Samoa Rugby,England Rugby,"Ellis Park, Johannesburg",Pacific Nations Cup,7,31,33,4,5,53,47,0,0,0,0,Benjamin Hogg,Samoa Rugby,Left Wing,New Zealand,26,79,0,0,0,0,0,0,3,15,Away Win
3117,2021-01-01,New Zealand All Blacks,Samoa Rugby,"ANZ National Stadium, Suva",Autumn Internationals,5,32,3,2,0,62,38,0,0,0,0,Grégoire van der Merwe,Samoa Rugby,Fullback,Samoa,23,110,0,0,0,0,0,3,1,180,Home Win
3118,2019-06-07,Wales Rugby,USA Eagles,"Stadio Olimpico, Rome",Autumn Internationals,6,51,9,6,0,57,43,0,0,0,0,Tadhg Dupont,Wales Rugby,Fly-half,Wales,18,117,3,1,1,1,0,19,7,36,Home Win
3119,2015-08-19,Romania Rugby,Tonga Rugby,"Stade de France, Paris",Pacific Nations Cup,2,15,29,0,5,58,42,0,0,0,1,Faf Barrett,Romania Rugby,Inside Centre,France,26,111,2,0,0,0,0,11,1,93,Away Win
3120,2024-06-01,Ireland Rugby,Japan Brave Blossoms,"Apia Park, Samoa",Rugby World Cup,6,25,58,2,8,48,52,0,0,0,1,Hugo van der Merwe,Japan Brave Blossoms,Fly-half,South Africa,36,75,1,5,1,0,0,20,6,176,Away Win
3121,2015-02-06,Italy Rugby,Canada Rugby,"Apia Park, Samoa",Autumn Internationals,7,21,9,3,0,47,53,0,1,0,0,Ethan Furlong,Canada Rugby,Scrum-half,New Zealand,30,23,0,0,0,0,0,4,5,93,Home Win
3122,2024-08-28,Georgia Rugby,Australia Wallabies,"Twickenham, London",Rugby World Cup,4,47,0,6,0,40,60,2,0,0,0,Finn de Klerk,Georgia Rugby,Right Wing,Georgia,26,8,2,0,0,1,0,6,4,24,Home Win
3123,2021-05-01,Wales Rugby,Canada Rugby,"Aviva Stadium, Dublin",Autumn Internationals,1,32,32,4,2,48,52,1,0,0,0,Finn Carbery,Wales Rugby,Lock,New Zealand,25,32,0,0,0,0,0,4,2,99,Draw
3124,2024-09-27,Samoa Rugby,South Africa Springboks,"Twickenham, London",Six Nations,2,52,30,6,2,42,58,0,0,0,0,Alun Ntamack,South Africa Springboks,Fly-half,South Africa,27,26,1,2,0,0,0,4,5,,Home Win
3125,2021-01-28,Ireland Rugby,USA Eagles,"Stade de France, Paris",Pacific Nations Cup,3,19,25,1,1,36,64,0,1,0,0,William Taylor,USA Eagles,Fly-half,South Africa,29,75,3,3,1,0,0,,5,130,Away Win
3126,2022-08-08,Fiji Rugby,New Zealand All Blacks,"Apia Park, Samoa",Rugby World Cup,6,24,48,3,7,46,54,0,0,0,0,Callum Johnson,New Zealand All Blacks,Left Wing,New Zealand,22,35,1,0,0,1,0,10,0,100,Away Win
3127,2016-11-06,Argentina Pumas,USA Eagles,"Murrayfield, Edinburgh",Pacific Nations Cup,1,40,54,6,6,46,54,2,2,0,0,Sam Johnson,USA Eagles,Openside Flanker,South Africa,31,96,2,0,0,0,0,15,0,24,Away Win
3128,2020-06-10,Uruguay Rugby,New Zealand All Blacks,"Stadium Australia, Sydney",Autumn Internationals,6,7,53,1,5,43,57,0,0,1,0,Noah Lowe,New Zealand All Blacks,Lock,New Zealand,29,16,1,0,0,0,0,4,,131,Away Win
3129,2017-11-18,Japan Brave Blossoms,Fiji Rugby,"Ellis Park, Johannesburg",Autumn Internationals,5,50,55,5,8,51,49,0,0,0,0,Lucas Caelan,Fiji Rugby,Number 8,Fiji,29,101,1,0,0,0,0,8,5,81,Away Win
3130,2024-08-05,Argentina Pumas,Tonga Rugby,"Twickenham, London",Rugby World Cup,6,0,7,0,1,39,61,0,0,0,0,Henry Caelan,Tonga Rugby,Tighthead Prop,New Zealand,28,7,1,0,0,0,0,7,7,114,Away Win
3131,2021-08-03,Wales Rugby,Italy Rugby,"Ellis Park, Johannesburg",Autumn Internationals,3,32,29,5,3,61,39,0,1,0,0,Finn Barrett,Wales Rugby,Fullback,New Zealand,27,85,3,0,2,0,0,20,7,162,Home Win
3132,2016-04-28,New Zealand All Blacks,USA Eagles,"Estadio Jose Amalfitani, Buenos Aires",Pacific Nations Cup,5,60,58,7,7,36,64,0,0,0,0,Lucas Johnson,USA Eagles,Lock,USA,29,113,3,0,0,0,0,5,8,82,Home Win
3133,2020-06-23,Japan Brave Blossoms,New Zealand All Blacks,"Eden Park, Auckland",Six Nations,8,25,6,5,0,46,54,0,0,0,0,Mason Kolbe,New Zealand All Blacks,Number 8,New Zealand,29,94,1,0,0,0,0,11,7,102,Home Win
3134,2024-06-10,Romania Rugby,South Africa Springboks,"Murrayfield, Edinburgh",Rugby World Cup,8,49,35,7,4,50,50,0,0,0,0,Romain Smith,South Africa Springboks,Loosehead Prop,South Africa,25,72,0,0,0,0,0,11,,58,Home Win
3135,2015-04-23,Georgia Rugby,Italy Rugby,"ANZ National Stadium, Suva",The Rugby Championship,6,30,3,3,0,43,57,0,0,0,0,Justin Brown,Georgia Rugby,Lock,Georgia,24,26,0,0,0,0,0,16,0,30,Home Win
3136,2015-01-06,Australia Wallabies,Georgia Rugby,"Mikheil Meskhi Stadium, Tbilisi",Autumn Internationals,8,28,49,4,5,51,49,0,0,0,0,Beauden Hogg,Georgia Rugby,Scrum-half,Georgia,27,59,1,0,0,0,0,5,8,36,Away Win
3137,2015-04-01,Japan Brave Blossoms,Canada Rugby,"Twickenham, London",The Rugby Championship,2,43,65,5,7,37,63,0,0,0,0,Richie Brown,Japan Brave Blossoms,Scrum-half,Australia,33,47,0,0,0,0,0,2,3,128,Away Win
3138,2023-12-24,Canada Rugby,Argentina Pumas,"Apia Park, Samoa",Pacific Nations Cup,6,26,48,4,7,53,47,1,0,0,0,Rory Watson,Argentina Pumas,Loosehead Prop,Argentina,22,118,1,0,0,0,0,12,1,122,Away Win
3139,2019-06-18,Samoa Rugby,France XV,"Teufaiva Stadium, Tonga",Pacific Nations Cup,6,12,5,0,1,35,65,1,0,0,0,Lucas Lowe,Samoa Rugby,Fly-half,Samoa,,4,3,5,1,0,0,,3,78,Home Win
3140,2017-10-16,Canada Rugby,Georgia Rugby,"Eden Park, Auckland",Six Nations,5,47,18,5,0,59,41,0,0,0,0,Finn Ntamack,Georgia Rugby,Left Wing,Georgia,27,107,1,0,0,0,0,15,4,46,Home Win
3141,2023-03-26,Fiji Rugby,Wales Rugby,"Stade de France, Paris",Six Nations,3,23,27,1,3,41,59,0,0,1,0,Antoine Watson,Fiji Rugby,Tighthead Prop,Fiji,27,32,2,0,0,0,0,9,3,105,Away Win
3142,2023-11-23,Wales Rugby,England Rugby,"ANZ National Stadium, Suva",The Rugby Championship,5,34,42,4,6,51,49,0,0,0,0,Josh Jones,England Rugby,Hooker,New Zealand,27,110,3,0,0,0,0,17,6,152,Away Win
3143,2015-08-15,England Rugby,Fiji Rugby,"Ellis Park, Johannesburg",Rugby Europe Championship,5,20,11,2,1,42,58,0,1,0,0,Tadhg Caelan,England Rugby,Left Wing,New Zealand,27,63,1,0,0,0,0,1,8,10,Home Win
3144,2024-03-17,Spain Rugby,England Rugby,"National Stadium, Tokyo",World Rugby U20 Championship,3,25,47,1,7,64,36,2,2,0,0,Charles de Klerk,England Rugby,Openside Flanker,England,26,,0,0,0,0,0,,0,,Away Win
3145,2021-02-28,Uruguay Rugby,Romania Rugby,"Ellis Park, Johannesburg",World Rugby U20 Championship,5,0,52,0,7,44,56,2,0,0,0,Richie Carbery,Uruguay Rugby,Openside Flanker,Argentina,32,102,2,0,0,0,0,11,0,164,Away Win
3146,2024-04-01,Wales Rugby,Samoa Rugby,"Ellis Park, Johannesburg",Autumn Internationals,5,61,12,7,0,39,61,0,0,0,0,Callum Ntamack,Samoa Rugby,Tighthead Prop,Samoa,20,69,3,0,0,0,0,,3,177,Home Win
3147,2016-06-09,Ireland Rugby,Georgia Rugby,"Eden Park, Auckland",Pacific Nations Cup,6,42,8,6,1,44,56,0,0,0,0,Stuart Barrett,Georgia Rugby,Hooker,Georgia,23,82,3,0,0,0,0,2,6,92,Home Win
3148,2022-11-17,Wales Rugby,Italy Rugby,"ANZ National Stadium, Suva",Pacific Nations Cup,6,26,38,3,7,54,46,1,0,0,0,Finn Lowe,Italy Rugby,Number 8,Argentina,26,14,1,0,0,0,0,16,2,83,Away Win
3149,2023-09-24,Canada Rugby,Australia Wallabies,"Teufaiva Stadium, Tonga",Six Nations,2,24,46,4,5,56,44,0,2,0,0,Siya Caelan,Canada Rugby,Inside Centre,Canada,20,46,2,0,0,0,0,8,4,55,Away Win
3150,2024-09-23,New Zealand All Blacks,Romania Rugby,"ANZ National Stadium, Suva",Pacific Nations Cup,5,15,61,0,8,40,60,0,1,0,0,Oliver Watson,Romania Rugby,Lock,Romania,26,66,2,0,0,0,0,6,4,160,Away Win
3151,2016-08-09,Japan Brave Blossoms,Georgia Rugby,"Stadium Australia, Sydney",The Rugby Championship,7,27,46,3,7,38,62,0,0,0,0,Beauden Jones,Georgia Rugby,Fly-half,Georgia,33,54,0,1,4,1,0,4,3,99,Away Win
3152,2020-01-15,USA Eagles,Canada Rugby,"Mikheil Meskhi Stadium, Tbilisi",Pacific Nations Cup,1,27,48,4,7,59,41,1,1,0,0,Lucas Johnson,Canada Rugby,Lock,Canada,27,22,0,0,0,0,0,3,2,68,Away Win
3153,2020-02-04,Australia Wallabies,England Rugby,"Eden Park, Auckland",Pacific Nations Cup,1,49,49,8,5,46,54,0,0,0,0,Conor Jones,Australia Wallabies,Loosehead Prop,Fiji,,71,0,0,0,0,0,20,8,100,Draw
3154,2017-03-10,Argentina Pumas,Samoa Rugby,"National Stadium, Tokyo",Pacific Nations Cup,5,64,41,8,7,47,53,0,0,0,0,Hamish Watson,Samoa Rugby,Loosehead Prop,New Zealand,21,96,0,0,0,0,0,11,0,106,Home Win
3155,2015-05-10,Fiji Rugby,Scotland Rugby,"Stadium Australia, Sydney",Autumn Internationals,8,47,57,5,8,61,39,0,1,0,0,Siya Smith,Fiji Rugby,Scrum-half,Fiji,24,119,2,0,0,0,0,14,4,131,Away Win
3156,2021-01-11,Fiji Rugby,Georgia Rugby,"Apia Park, Samoa",Pacific Nations Cup,4,32,13,2,1,47,53,0,0,1,0,Sam Jones,Georgia Rugby,Tighthead Prop,Georgia,25,99,3,0,0,0,0,19,7,105,Home Win
3157,2015-03-18,Uruguay Rugby,Japan Brave Blossoms,"National Stadium, Tokyo",Pacific Nations Cup,4,40,35,6,5,58,42,0,2,0,0,Hamish Hogg,Japan Brave Blossoms,Tighthead Prop,South Africa,25,41,2,0,0,0,0,16,6,91,Home Win
3158,2023-02-03,Scotland Rugby,USA Eagles,"Stadio Olimpico, Rome",World Rugby U20 Championship,7,3,52,0,7,55,45,0,0,0,0,Hamish de Klerk,USA Eagles,Inside Centre,New Zealand,32,110,0,0,0,0,0,5,8,106,Away Win
3159,2024-10-25,USA Eagles,Australia Wallabies,"Principality Stadium, Cardiff",Autumn Internationals,3,66,25,8,2,57,43,1,0,0,0,Kieran Watson,USA Eagles,Scrum-half,New Zealand,29,63,1,0,0,0,0,12,7,176,Home Win
3160,2024-07-15,Australia Wallabies,Italy Rugby,"Stadio Olimpico, Rome",Six Nations,3,37,63,5,7,45,55,1,0,0,0,Conor Barrett,Australia Wallabies,Loosehead Prop,Australia,22,77,2,0,0,0,0,18,3,27,Away Win
3161,2023-04-27,Samoa Rugby,Argentina Pumas,"Stade de France, Paris",World Rugby U20 Championship,1,39,43,6,7,40,60,0,0,0,0,Charles Curry,Argentina Pumas,Left Wing,Argentina,27,118,3,0,0,0,0,,5,32,Away Win
3162,2019-08-09,Romania Rugby,Scotland Rugby,"ANZ National Stadium, Suva",World Rugby U20 Championship,6,18,0,0,0,52,48,1,0,0,0,Liam Russell,Romania Rugby,Outside Centre,Romania,28,84,2,0,0,0,0,8,8,102,Home Win
3163,2021-10-24,Argentina Pumas,Romania Rugby,"Stade de France, Paris",Pacific Nations Cup,5,16,27,1,3,50,50,0,1,0,0,William Brown,Argentina Pumas,Scrum-half,Argentina,31,20,3,0,0,0,0,1,6,135,Away Win
3164,2022-05-06,New Zealand All Blacks,Samoa Rugby,"Eden Park, Auckland",The Rugby Championship,1,0,40,0,8,51,49,0,0,0,0,Henry Lowe,New Zealand All Blacks,Fly-half,New Zealand,33,2,3,4,4,0,0,19,0,149,Away Win
3165,2020-01-21,Tonga Rugby,Japan Brave Blossoms,"ANZ National Stadium, Suva",The Rugby Championship,1,57,36,7,4,39,61,0,0,1,0,Noah Russell,Japan Brave Blossoms,Right Wing,New Zealand,22,53,2,0,0,1,0,10,3,38,Home Win
3166,2022-05-10,Fiji Rugby,Uruguay Rugby,"Ellis Park, Johannesburg",World Rugby U20 Championship,7,45,18,6,2,58,42,0,0,0,0,Benjamin Faletau,Uruguay Rugby,Left Wing,Argentina,23,97,1,0,0,0,0,15,5,96,Home Win
3167,2015-02-21,Samoa Rugby,Fiji Rugby,"Aviva Stadium, Dublin",The Rugby Championship,8,18,0,0,0,50,50,2,0,0,0,Kieran Watson,Samoa Rugby,Left Wing,Samoa,21,54,0,0,0,0,0,,8,53,Home Win
3168,2019-03-12,Samoa Rugby,Spain Rugby,"Apia Park, Samoa",Six Nations,6,10,43,2,5,44,56,0,1,0,0,Conor Smith,Spain Rugby,Scrum-half,Argentina,26,2,2,0,0,0,0,16,2,29,Away Win
3169,2024-12-23,USA Eagles,Scotland Rugby,"Murrayfield, Edinburgh",Autumn Internationals,3,36,17,5,1,65,35,0,0,0,0,Finn van der Merwe,USA Eagles,Openside Flanker,USA,28,29,3,0,0,0,0,9,4,151,Home Win
3170,2015-10-04,Scotland Rugby,Japan Brave Blossoms,"Murrayfield, Edinburgh",Rugby World Cup,6,44,37,7,4,50,50,0,0,0,0,Josh Jones,Japan Brave Blossoms,Number 8,South Africa,30,74,0,0,0,0,0,7,1,78,Home Win
3171,2023-08-06,Argentina Pumas,Tonga Rugby,"Stade de France, Paris",Autumn Internationals,4,53,27,6,2,51,49,0,0,0,0,Alun Itoje,Tonga Rugby,Scrum-half,New Zealand,,93,3,0,0,0,0,13,8,134,Home Win
3172,2016-01-21,USA Eagles,Georgia Rugby,"Eden Park, Auckland",Rugby World Cup,4,15,3,0,0,62,38,0,0,0,0,Mason de Klerk,Georgia Rugby,Fly-half,Georgia,25,40,3,5,4,1,0,13,0,172,Home Win
3173,2019-07-21,USA Eagles,England Rugby,"Ellis Park, Johannesburg",Autumn Internationals,3,40,12,7,0,52,48,0,2,0,0,Liam Faletau,USA Eagles,Fly-half,New Zealand,27,49,3,4,4,0,0,8,8,126,Home Win
3174,2022-03-15,Canada Rugby,New Zealand All Blacks,"Aviva Stadium, Dublin",Six Nations,6,55,51,8,5,60,40,1,0,0,0,Beauden Taylor,New Zealand All Blacks,Right Wing,New Zealand,23,7,2,0,0,0,0,18,0,90,Home Win
3175,2015-10-06,Scotland Rugby,Tonga Rugby,"Mikheil Meskhi Stadium, Tbilisi",World Rugby U20 Championship,7,29,53,2,5,55,45,0,0,0,0,Josh Hogg,Tonga Rugby,Left Wing,Tonga,35,18,1,0,0,1,0,1,0,36,Away Win
3176,2023-12-15,Wales Rugby,Spain Rugby,"Stadio Olimpico, Rome",World Rugby U20 Championship,5,23,36,4,5,48,52,0,0,1,0,Liam Watson,Spain Rugby,Fullback,Argentina,20,90,3,0,2,0,0,0,7,9,Away Win
3177,2024-10-17,Australia Wallabies,Romania Rugby,"Stadium Australia, Sydney",Rugby World Cup,2,46,37,8,6,41,59,2,1,0,0,Grégoire de Klerk,Australia Wallabies,Scrum-half,New Zealand,27,77,2,0,0,0,0,9,6,83,Home Win
3178,2023-06-24,Fiji Rugby,New Zealand All Blacks,"Teufaiva Stadium, Tonga",Rugby World Cup,2,42,39,5,4,61,39,1,1,0,0,Rory de Klerk,New Zealand All Blacks,Right Wing,New Zealand,,22,2,0,0,0,0,4,,143,Home Win
3179,2015-06-15,Japan Brave Blossoms,Romania Rugby,"National Stadium, Tokyo",Autumn Internationals,8,19,17,3,3,51,49,0,0,0,0,Callum Jones,Romania Rugby,Tighthead Prop,France,27,106,3,0,0,0,1,20,5,62,Home Win
3180,2022-03-03,Georgia Rugby,France XV,"Aviva Stadium, Dublin",Pacific Nations Cup,7,56,61,8,8,60,40,0,0,0,0,Antoine Faletau,Georgia Rugby,Number 8,Georgia,26,31,0,0,0,0,0,0,4,138,Away Win
3181,2016-02-12,South Africa Springboks,France XV,"Principality Stadium, Cardiff",Rugby Europe Championship,7,30,17,3,1,43,57,0,0,0,0,Josh Brown,South Africa Springboks,Fullback,South Africa,25,19,2,0,0,0,0,12,6,149,Home Win
3182,2016-08-22,Romania Rugby,Georgia Rugby,"Stade de France, Paris",World Rugby U20 Championship,1,23,27,4,3,62,38,0,0,0,0,Lucas Russell,Romania Rugby,Lock,France,26,44,2,0,0,0,0,15,1,122,Away Win
3183,2024-06-07,Australia Wallabies,Samoa Rugby,"Aviva Stadium, Dublin",The Rugby Championship,5,51,53,7,7,54,46,1,0,0,0,Antoine Furlong,Samoa Rugby,Scrum-half,,32,77,1,0,0,0,0,0,1,78,Away Win
3184,2020-12-16,Argentina Pumas,Italy Rugby,"Principality Stadium, Cardiff",Rugby World Cup,1,34,25,5,2,63,37,0,0,0,0,Owen Hogg,Italy Rugby,Left Wing,South Africa,18,8,0,0,0,0,0,0,7,75,Home Win
3185,2024-02-23,Argentina Pumas,Uruguay Rugby,"ANZ National Stadium, Suva",Autumn Internationals,7,35,13,5,1,35,65,1,0,0,0,Tadhg Johnson,Uruguay Rugby,Number 8,Uruguay,33,34,1,0,0,0,0,18,1,92,Home Win
3186,2019-02-14,Australia Wallabies,New Zealand All Blacks,"Estadio Jose Amalfitani, Buenos Aires",Rugby Europe Championship,4,36,28,4,2,45,55,1,0,0,0,Antoine Russell,New Zealand All Blacks,Loosehead Prop,New Zealand,21,110,3,0,0,1,0,8,0,130,Home Win
3187,2020-03-18,Scotland Rugby,Canada Rugby,"Mikheil Meskhi Stadium, Tbilisi",Pacific Nations Cup,3,40,48,5,7,56,44,0,0,0,0,Grégoire Russell,Scotland Rugby,Lock,New Zealand,25,93,0,0,0,1,0,12,,155,Away Win
3188,2023-03-06,Spain Rugby,Italy Rugby,"Teufaiva Stadium, Tonga",Pacific Nations Cup,4,21,47,3,6,38,62,0,1,0,0,Faf Curry,Spain Rugby,Lock,Spain,25,33,0,0,0,0,0,17,7,78,Away Win
3189,2018-11-20,France XV,Romania Rugby,"Eden Park, Auckland",World Rugby U20 Championship,3,25,42,1,5,64,36,0,2,0,0,Malcolm Porter,Romania Rugby,Tighthead Prop,Romania,29,19,3,0,0,0,0,2,1,3,Away Win
3190,2023-11-27,Australia Wallabies,Romania Rugby,"Apia Park, Samoa",Rugby Europe Championship,6,49,15,7,0,63,37,0,1,0,0,Romain Henshaw,Romania Rugby,Lock,Romania,20,110,0,0,0,0,0,13,8,11,Home Win
3191,2021-03-19,Italy Rugby,Georgia Rugby,"Eden Park, Auckland",Pacific Nations Cup,2,37,40,3,7,52,48,1,0,0,0,Malcolm Russell,Georgia Rugby,Lock,Georgia,28,97,2,0,0,0,0,4,,70,Away Win
3192,2023-03-09,Argentina Pumas,Canada Rugby,"Ellis Park, Johannesburg",Rugby Europe Championship,4,24,31,3,5,50,50,0,0,0,0,Owen Kolbe,Argentina Pumas,Inside Centre,Argentina,35,36,1,0,0,0,0,5,0,132,Away Win
3193,2024-09-14,Japan Brave Blossoms,Romania Rugby,"Twickenham, London",Six Nations,1,39,63,6,8,43,57,0,0,0,0,Pieter Caelan,Japan Brave Blossoms,Scrum-half,New Zealand,21,99,1,0,0,1,0,1,2,146,Away Win
3194,2018-11-10,Georgia Rugby,Australia Wallabies,"Stade de France, Paris",World Rugby U20 Championship,7,46,48,6,6,56,44,1,0,0,0,Cian Itoje,Georgia Rugby,Loosehead Prop,Georgia,27,35,3,0,0,0,0,3,,177,Away Win
3195,2020-07-20,Samoa Rugby,Canada Rugby,"ANZ National Stadium, Suva",Rugby Europe Championship,4,44,29,6,3,65,35,0,0,0,0,Cian Henshaw,Canada Rugby,Lock,New Zealand,24,28,1,0,0,0,0,2,2,62,Home Win
3196,2016-10-17,South Africa Springboks,Italy Rugby,"Stadio Olimpico, Rome",Autumn Internationals,1,16,51,1,8,55,45,0,0,0,0,Cheslin Curry,South Africa Springboks,Number 8,South Africa,28,98,1,0,0,0,0,8,2,8,Away Win
3197,2018-08-28,Georgia Rugby,England Rugby,"Stadium Australia, Sydney",Autumn Internationals,5,72,40,8,6,43,57,1,0,0,0,Benjamin Watson,Georgia Rugby,Blindside Flanker,Georgia,27,115,0,0,0,0,0,15,0,15,Home Win
3198,2018-05-10,Fiji Rugby,Scotland Rugby,"Ellis Park, Johannesburg",Rugby Europe Championship,2,0,13,0,2,53,47,0,0,0,0,Josh Lowe,Fiji Rugby,Fullback,Fiji,24,25,3,0,0,0,0,19,7,44,Away Win
3199,2017-09-23,Ireland Rugby,Scotland Rugby,"Stadium Australia, Sydney",Six Nations,2,19,38,2,4,39,61,0,0,1,0,Noah Curry,Scotland Rugby,Lock,Scotland,28,103,1,0,0,0,0,,0,162,Away Win
3200,2015-11-18,Argentina Pumas,Samoa Rugby,"Twickenham, London",,3,39,32,6,2,56,44,0,0,0,0,Beauden Dupont,Argentina Pumas,Lock,Argentina,34,57,2,0,0,0,0,12,8,68,Home Win
3201,2016-03-09,Fiji Rugby,Scotland Rugby,"Estadio Jose Amalfitani, Buenos Aires",Six Nations,3,65,18,7,0,59,41,0,0,0,0,Henry Barrett,Scotland Rugby,Right Wing,New Zealand,26,113,1,0,0,0,0,,6,46,Home Win
3202,2024-05-11,Wales Rugby,Japan Brave Blossoms,"Twickenham, London",Rugby Europe Championship,1,25,44,4,5,36,64,0,0,0,0,Malcolm Furlong,Wales Rugby,Hooker,New Zealand,29,32,0,0,0,0,0,15,6,,Away Win
3203,2021-08-18,New Zealand All Blacks,Wales Rugby,"Estadio Jose Amalfitani, Buenos Aires",Rugby Europe Championship,7,42,25,5,1,35,65,1,0,0,0,Josh Johnson,New Zealand All Blacks,Fullback,New Zealand,21,8,0,0,0,0,0,0,1,28,Home Win
3204,2023-08-17,Wales Rugby,Romania Rugby,"Ellis Park, Johannesburg",The Rugby Championship,2,35,11,4,1,44,56,2,1,0,0,Mason Lowe,Wales Rugby,Blindside Flanker,New Zealand,23,119,2,0,0,0,0,15,0,146,Home Win
3205,2018-03-23,Samoa Rugby,Romania Rugby,"Estadio Jose Amalfitani, Buenos Aires",Six Nations,8,13,35,1,5,60,40,0,0,0,0,Antoine Jones,Romania Rugby,Lock,France,28,,1,0,0,0,0,4,2,6,Away Win
3206,2015-12-14,South Africa Springboks,Uruguay Rugby,"Murrayfield, Edinburgh",World Rugby U20 Championship,1,26,17,4,3,65,35,2,1,0,0,Conor Johnson,South Africa Springboks,Lock,South Africa,32,29,2,0,0,0,0,3,8,31,Home Win
3207,2024-12-19,Georgia Rugby,Scotland Rugby,"Eden Park, Auckland",The Rugby Championship,4,63,16,7,1,39,61,0,0,0,0,Romain Taylor,Georgia Rugby,Inside Centre,Georgia,28,72,1,0,0,0,0,6,6,36,Home Win
3208,2024-04-05,Romania Rugby,Fiji Rugby,"National Stadium, Tokyo",The Rugby Championship,5,30,18,4,0,55,45,0,0,0,0,Antoine Doris,Romania Rugby,Right Wing,Romania,25,110,1,0,0,0,0,3,0,142,Home Win
3209,2024-07-22,Romania Rugby,USA Eagles,"Stadio Olimpico, Rome",Six Nations,7,44,40,7,4,57,43,0,1,0,0,Siya Doris,USA Eagles,Outside Centre,USA,26,72,0,0,0,0,0,5,,42,Home Win
3210,2016-12-07,Fiji Rugby,Wales Rugby,"Ellis Park, Johannesburg",Six Nations,6,27,16,2,1,45,55,0,0,0,0,Mason Williams,Fiji Rugby,Fullback,,21,76,3,0,1,0,0,5,6,166,Home Win
3211,2016-02-14,Argentina Pumas,Italy Rugby,"Eden Park, Auckland",Pacific Nations Cup,2,3,51,0,7,44,56,0,0,0,0,Josh Itoje,Italy Rugby,Blindside Flanker,Italy,,15,0,0,0,0,0,17,0,49,Away Win
3212,2022-02-07,South Africa Springboks,Argentina Pumas,"Teufaiva Stadium, Tonga",Rugby World Cup,2,26,10,4,2,41,59,0,0,0,0,Ethan Hogg,Argentina Pumas,Inside Centre,Argentina,30,96,3,0,0,0,0,11,4,171,Home Win
3213,2016-06-06,Romania Rugby,Spain Rugby,"Teufaiva Stadium, Tonga",The Rugby Championship,3,35,33,7,5,47,53,1,0,0,0,Conor Doris,Spain Rugby,Lock,Argentina,,98,0,0,0,0,0,0,3,1,Home Win
3214,2023-09-24,Spain Rugby,Tonga Rugby,"Estadio Jose Amalfitani, Buenos Aires",,4,10,22,1,1,51,49,0,0,0,0,Ethan Brown,Tonga Rugby,Right Wing,Tonga,25,77,0,0,0,0,0,4,2,160,Away Win
3215,2015-03-20,Wales Rugby,Spain Rugby,"Stadio Olimpico, Rome",Rugby World Cup,6,30,29,4,2,39,61,0,1,0,0,Oliver Dupont,Wales Rugby,Fly-half,Wales,,64,0,0,1,0,0,4,3,101,Home Win
3216,2017-01-20,Australia Wallabies,Argentina Pumas,"Apia Park, Samoa",The Rugby Championship,6,34,3,4,0,63,37,0,0,0,1,Hamish Jones,Australia Wallabies,Lock,New Zealand,25,4,3,0,0,0,0,12,3,5,Home Win
3217,2016-04-09,Georgia Rugby,Tonga Rugby,"Twickenham, London",Pacific Nations Cup,3,22,37,3,3,35,65,0,0,0,0,Benjamin Furlong,Georgia Rugby,Right Wing,Georgia,26,25,2,0,0,0,0,18,1,108,Away Win
3218,2017-04-25,England Rugby,Italy Rugby,"Twickenham, London",World Rugby U20 Championship,7,44,52,8,6,41,59,0,0,0,0,Faf Itoje,England Rugby,Fly-half,South Africa,35,2,2,5,4,0,0,8,4,104,Away Win
3219,2021-09-03,South Africa Springboks,USA Eagles,"Twickenham, London",Autumn Internationals,1,17,24,1,2,46,54,0,1,0,0,Richie Taylor,South Africa Springboks,Loosehead Prop,South Africa,26,48,1,0,0,0,0,1,6,86,Away Win
3220,2015-11-25,Japan Brave Blossoms,Canada Rugby,"Estadio Jose Amalfitani, Buenos Aires",Rugby Europe Championship,1,25,21,1,3,61,39,0,0,0,0,Conor Johnson,Japan Brave Blossoms,Blindside Flanker,Japan,25,34,1,0,0,0,0,18,8,7,Home Win
3221,2015-08-22,Japan Brave Blossoms,USA Eagles,"Twickenham, London",Rugby World Cup,8,44,28,6,5,36,64,0,1,0,0,James Curry,USA Eagles,Lock,New Zealand,24,113,2,0,0,0,0,0,0,159,Home Win
3222,2015-10-07,New Zealand All Blacks,Spain Rugby,"ANZ National Stadium, Suva",Six Nations,2,59,57,8,6,53,47,0,0,0,0,Antoine Curry,Spain Rugby,Inside Centre,Spain,29,92,3,0,0,0,0,,0,10,Home Win
3223,2019-11-03,Samoa Rugby,France XV,"National Stadium, Tokyo",Autumn Internationals,4,35,55,4,8,63,37,0,1,0,0,Faf Porter,Samoa Rugby,Openside Flanker,New Zealand,26,65,3,0,0,0,0,15,7,178,Away Win
3224,2022-11-18,Samoa Rugby,Spain Rugby,"Murrayfield, Edinburgh",Rugby World Cup,2,24,10,3,2,58,42,0,1,0,0,Owen Caelan,Samoa Rugby,Right Wing,New Zealand,24,59,1,0,0,0,0,12,4,134,Home Win
3225,2020-12-10,South Africa Springboks,New Zealand All Blacks,,Six Nations,1,35,27,4,2,42,58,1,0,0,0,Noah Barrett,South Africa Springboks,Openside Flanker,South Africa,32,85,2,0,0,0,0,2,6,129,Home Win
3226,2023-10-09,Canada Rugby,Fiji Rugby,"Murrayfield, Edinburgh",Six Nations,2,40,32,5,5,38,62,0,1,0,0,Hugo Taylor,Canada Rugby,Inside Centre,Canada,32,51,0,0,0,1,0,2,2,70,Home Win
3227,2022-11-20,Uruguay Rugby,Ireland Rugby,"National Stadium, Tokyo",Pacific Nations Cup,5,29,9,4,0,40,60,1,1,0,0,Grégoire de Klerk,Uruguay Rugby,Loosehead Prop,,24,65,3,0,0,0,1,1,0,42,Home Win
3228,2020-04-09,Wales Rugby,Tonga Rugby,"Ellis Park, Johannesburg",Autumn Internationals,7,9,59,0,7,54,46,0,0,0,0,Oliver Caelan,Tonga Rugby,Right Wing,Tonga,19,68,2,0,0,0,0,9,7,113,Away Win
3229,2024-01-03,Japan Brave Blossoms,France XV,"Twickenham, London",Pacific Nations Cup,1,30,17,2,1,43,57,2,0,0,0,Cheslin Itoje,Japan Brave Blossoms,Fly-half,Japan,31,59,1,0,2,0,0,14,1,154,Home Win
3230,2018-04-17,New Zealand All Blacks,Canada Rugby,"Estadio Jose Amalfitani, Buenos Aires",World Rugby U20 Championship,1,44,44,6,7,51,49,0,0,0,0,Ethan Barrett,New Zealand All Blacks,Blindside Flanker,New Zealand,24,24,0,0,0,0,0,6,6,,Draw
3231,2015-05-08,Uruguay Rugby,Georgia Rugby,"Ellis Park, Johannesburg",Six Nations,5,28,43,5,5,51,49,2,0,0,0,Oliver Itoje,Georgia Rugby,Number 8,Georgia,30,,2,0,0,0,0,2,1,19,Away Win
3232,2016-03-17,Canada Rugby,France XV,"Ellis Park, Johannesburg",The Rugby Championship,8,20,34,1,4,36,64,0,2,0,0,Callum Dupont,Canada Rugby,Fly-half,Canada,19,55,0,0,3,0,0,0,6,34,Away Win
3233,2017-07-02,Uruguay Rugby,Italy Rugby,"National Stadium, Tokyo",World Rugby U20 Championship,5,20,46,2,7,50,50,0,1,0,0,James Porter,Uruguay Rugby,Openside Flanker,Argentina,30,78,1,0,0,0,0,9,1,115,Away Win
3234,2021-07-02,Wales Rugby,Uruguay Rugby,"Eden Park, Auckland",Six Nations,6,42,9,5,0,59,41,1,0,0,0,William Watson,Uruguay Rugby,Lock,Uruguay,22,56,3,0,0,0,0,4,,178,Home Win
3235,2015-02-06,France XV,Argentina Pumas,"Eden Park, Auckland",Rugby Europe Championship,8,18,6,3,0,51,49,0,0,0,0,Cheslin Henshaw,Argentina Pumas,Number 8,Argentina,29,102,3,0,0,1,0,2,5,136,Home Win
3236,2019-04-10,Canada Rugby,Ireland Rugby,"Estadio Jose Amalfitani, Buenos Aires",Rugby Europe Championship,3,16,65,2,8,47,53,2,0,0,0,Charles Porter,Canada Rugby,Hooker,Canada,27,101,1,0,0,1,0,0,2,79,Away Win
3237,2022-12-26,Tonga Rugby,Canada Rugby,"ANZ National Stadium, Suva",Rugby World Cup,1,52,24,6,3,60,40,0,1,0,0,Benjamin Kolbe,Canada Rugby,Number 8,New Zealand,23,120,1,0,0,1,0,3,2,112,Home Win
3238,2023-05-03,South Africa Springboks,Georgia Rugby,"Teufaiva Stadium, Tonga",World Rugby U20 Championship,2,57,0,6,0,62,38,1,1,0,0,Justin van der Merwe,South Africa Springboks,Lock,South Africa,25,101,3,0,0,0,0,14,4,131,Home Win
3239,2020-01-19,Ireland Rugby,Wales Rugby,"Ellis Park, Johannesburg",Six Nations,6,46,61,7,8,43,57,0,1,0,0,Stuart Lowe,Wales Rugby,Blindside Flanker,Wales,29,17,0,0,0,0,0,0,5,159,Away Win
3240,2019-10-25,Italy Rugby,France XV,"Aviva Stadium, Dublin",Six Nations,5,3,43,0,5,59,41,1,0,0,0,Faf Watson,France XV,Outside Centre,Ivory Coast,27,41,2,0,0,0,0,7,5,94,Away Win
3241,2015-09-16,England Rugby,Ireland Rugby,,Rugby Europe Championship,2,37,31,5,4,40,60,0,0,0,0,Grégoire Johnson,England Rugby,Blindside Flanker,New Zealand,29,93,2,0,0,0,0,11,5,116,Home Win
3242,2017-10-13,New Zealand All Blacks,Uruguay Rugby,"ANZ National Stadium, Suva",Autumn Internationals,3,64,42,8,6,39,61,1,0,0,0,Stuart Henshaw,New Zealand All Blacks,Lock,New Zealand,34,111,1,0,0,0,0,4,3,4,Home Win
3243,2021-09-10,Canada Rugby,Romania Rugby,"National Stadium, Tokyo",Autumn Internationals,7,39,60,6,8,58,42,0,1,0,0,Kieran Williams,Canada Rugby,Fly-half,Canada,20,2,2,1,3,0,0,18,0,68,Away Win
3244,2019-03-21,Tonga Rugby,Argentina Pumas,"Ellis Park, Johannesburg",World Rugby U20 Championship,2,12,42,0,6,55,45,0,0,0,0,Benjamin Dupont,Tonga Rugby,Hooker,New Zealand,33,81,3,0,0,0,0,9,4,109,Away Win
3245,2019-12-09,South Africa Springboks,France XV,"Apia Park, Samoa",World Rugby U20 Championship,8,3,41,0,5,51,49,0,1,1,0,Taulupe Lowe,South Africa Springboks,Inside Centre,South Africa,27,21,3,0,0,1,0,0,6,168,Away Win
3246,2021-12-16,Fiji Rugby,New Zealand All Blacks,"Apia Park, Samoa",World Rugby U20 Championship,5,57,20,8,1,55,45,0,0,0,0,Taulupe Brown,New Zealand All Blacks,Outside Centre,New Zealand,23,28,0,0,0,0,0,2,7,5,Home Win
3247,2021-02-13,Australia Wallabies,New Zealand All Blacks,"National Stadium, Tokyo",Rugby World Cup,6,24,39,3,6,35,65,0,0,0,0,Siya Porter,Australia Wallabies,Scrum-half,Australia,21,80,0,0,0,0,0,3,7,123,Away Win
3248,2020-12-05,England Rugby,South Africa Springboks,"Estadio Jose Amalfitani, Buenos Aires",Pacific Nations Cup,5,10,42,1,6,51,49,2,0,0,0,Alun Hogg,South Africa Springboks,Number 8,South Africa,26,79,0,0,0,0,0,3,1,108,Away Win
3249,2019-03-14,Fiji Rugby,Ireland Rugby,"Stadio Olimpico, Rome",Pacific Nations Cup,7,48,65,6,7,53,47,1,0,0,0,Liam de Klerk,Fiji Rugby,Hooker,Fiji,30,98,1,0,0,0,0,20,6,69,Away Win
3250,2016-02-12,Scotland Rugby,England Rugby,"Stadium Australia, Sydney",Autumn Internationals,8,15,20,0,1,50,50,0,0,0,0,Malcolm Smith,England Rugby,Left Wing,South Africa,26,108,2,0,0,1,0,0,1,50,Away Win
3251,2020-08-03,South Africa Springboks,Argentina Pumas,"Stade de France, Paris",Rugby Europe Championship,4,51,41,8,4,49,51,0,0,0,0,Sean Itoje,Argentina Pumas,Fullback,Argentina,33,11,2,0,2,1,0,12,6,15,Home Win
3252,2019-09-11,Canada Rugby,Scotland Rugby,"Aviva Stadium, Dublin",Pacific Nations Cup,8,53,16,5,1,54,46,0,0,0,0,Finn Russell,Canada Rugby,Left Wing,New Zealand,21,31,3,0,0,0,0,7,0,18,Home Win
3253,2018-12-24,Uruguay Rugby,Romania Rugby,"Mikheil Meskhi Stadium, Tbilisi",Six Nations,3,55,39,8,5,45,55,0,0,0,0,Benjamin Dupont,Romania Rugby,Left Wing,France,26,13,1,0,0,0,0,5,2,106,Home Win
3254,2015-06-05,Spain Rugby,Tonga Rugby,"Eden Park, Auckland",World Rugby U20 Championship,5,47,59,8,8,61,39,0,0,0,0,Pieter Watson,Tonga Rugby,Openside Flanker,,21,74,2,0,0,0,0,16,7,19,Away Win
3255,2020-05-12,Italy Rugby,France XV,"Apia Park, Samoa",Pacific Nations Cup,1,38,7,6,1,37,63,2,0,0,0,Callum Itoje,Italy Rugby,Number 8,South Africa,28,51,0,0,0,0,0,14,2,175,Home Win
3256,2020-04-25,Spain Rugby,USA Eagles,"Stadium Australia, Sydney",Rugby Europe Championship,5,5,35,1,4,64,36,1,0,0,0,Callum Taylor,Spain Rugby,Blindside Flanker,Argentina,30,115,0,0,0,0,0,8,,,Away Win
3257,2021-10-03,Japan Brave Blossoms,USA Eagles,"Murrayfield, Edinburgh",Rugby World Cup,4,37,41,5,5,48,52,1,0,0,0,Ethan Watson,USA Eagles,Hooker,USA,25,79,1,0,0,0,0,2,8,180,Away Win
3258,2016-04-12,Georgia Rugby,Tonga Rugby,"Stadium Australia, Sydney",Six Nations,3,12,21,0,2,38,62,0,0,0,0,Hamish Itoje,Georgia Rugby,Outside Centre,Georgia,18,93,2,0,0,0,0,20,4,139,Away Win
3259,2015-06-05,Samoa Rugby,Japan Brave Blossoms,"ANZ National Stadium, Suva",The Rugby Championship,7,41,6,4,0,47,53,0,0,0,0,Liam van der Merwe,Samoa Rugby,Fly-half,New Zealand,27,9,2,3,1,0,0,13,3,170,Home Win
3260,2016-03-07,Fiji Rugby,Wales Rugby,"Stadium Australia, Sydney",Pacific Nations Cup,5,56,26,8,4,37,63,0,0,1,0,Conor Johnson,Fiji Rugby,Lock,Fiji,28,44,3,0,0,0,0,5,7,49,Home Win
3261,2017-11-19,South Africa Springboks,Canada Rugby,"Stade de France, Paris",Rugby Europe Championship,1,47,46,7,4,55,45,0,0,0,0,Cheslin Brown,South Africa Springboks,Right Wing,South Africa,28,41,2,0,0,0,0,14,3,48,Home Win
3262,2020-11-24,Uruguay Rugby,Italy Rugby,"National Stadium, Tokyo",Autumn Internationals,4,18,35,2,4,50,50,1,1,0,0,Sam Taylor,Uruguay Rugby,Blindside Flanker,Uruguay,31,2,2,0,0,0,0,6,6,133,Away Win
3263,2017-07-15,Samoa Rugby,Tonga Rugby,"Mikheil Meskhi Stadium, Tbilisi",The Rugby Championship,7,22,40,3,4,39,61,2,0,0,0,Liam Johnson,Samoa Rugby,Left Wing,Samoa,22,64,1,0,0,0,0,,4,140,Away Win
3264,2024-03-17,Australia Wallabies,USA Eagles,"Ellis Park, Johannesburg",Autumn Internationals,3,46,16,7,2,49,51,0,0,0,0,Cian Russell,USA Eagles,Openside Flanker,New Zealand,29,117,1,0,0,0,0,10,5,146,Home Win
3265,2022-07-25,Spain Rugby,Canada Rugby,"Mikheil Meskhi Stadium, Tbilisi",World Rugby U20 Championship,5,17,33,1,3,59,41,0,1,0,0,Sam Henshaw,Spain Rugby,Hooker,Argentina,31,51,1,0,0,0,0,8,4,98,Away Win
3266,2017-11-01,Italy Rugby,New Zealand All Blacks,"Murrayfield, Edinburgh",Autumn Internationals,3,35,27,4,5,53,47,0,1,0,0,Owen van der Merwe,New Zealand All Blacks,Fly-half,New Zealand,19,99,2,4,2,0,0,9,2,111,Home Win
3267,2016-06-17,Spain Rugby,Japan Brave Blossoms,"Murrayfield, Edinburgh",The Rugby Championship,5,8,30,1,5,58,42,0,0,0,0,Taulupe Williams,Japan Brave Blossoms,Hooker,South Africa,28,49,2,0,0,0,0,16,1,79,Away Win
3268,2019-12-17,New Zealand All Blacks,England Rugby,"ANZ National Stadium, Suva",Autumn Internationals,1,62,9,8,0,58,42,0,0,0,0,Mason Doris,New Zealand All Blacks,Right Wing,New Zealand,24,64,2,0,0,0,0,16,4,117,Home Win
3269,2022-03-19,Spain Rugby,Scotland Rugby,"National Stadium, Tokyo",,3,0,29,0,4,36,64,0,1,0,0,Jamie Lowe,Scotland Rugby,Left Wing,New Zealand,26,98,3,0,0,0,0,18,8,78,Away Win
3270,2020-10-25,Fiji Rugby,USA Eagles,"Mikheil Meskhi Stadium, Tbilisi",Pacific Nations Cup,8,53,29,5,3,56,44,2,0,0,0,Oliver Itoje,Fiji Rugby,Lock,Fiji,28,65,2,0,0,0,0,5,1,179,Home Win
3271,2015-06-09,Canada Rugby,Ireland Rugby,"Stadio Olimpico, Rome",Six Nations,7,3,27,0,2,38,62,0,0,0,0,Grégoire de Klerk,Ireland Rugby,Lock,Ireland,,,3,0,0,0,0,9,8,93,Away Win
3272,2019-12-24,New Zealand All Blacks,Japan Brave Blossoms,"Eden Park, Auckland",The Rugby Championship,8,7,12,1,0,63,37,0,0,0,0,Benjamin Taylor,New Zealand All Blacks,Blindside Flanker,New Zealand,24,66,3,0,0,0,0,,6,0,Away Win
3273,2021-02-16,Fiji Rugby,Australia Wallabies,"Twickenham, London",Pacific Nations Cup,3,39,3,7,0,46,54,0,1,0,0,Oliver Johnson,Fiji Rugby,Number 8,Fiji,27,15,1,0,0,0,0,0,0,131,Home Win
3274,2016-11-24,Wales Rugby,Tonga Rugby,"Estadio Jose Amalfitani, Buenos Aires",Pacific Nations Cup,4,44,37,4,5,53,47,0,0,0,0,Finn Henshaw,Wales Rugby,Hooker,New Zealand,22,11,3,0,0,0,0,2,6,177,Home Win
3275,2017-10-15,USA Eagles,Romania Rugby,"Estadio Jose Amalfitani, Buenos Aires",Rugby Europe Championship,8,46,50,6,8,51,49,0,0,0,0,Sean Dupont,USA Eagles,Number 8,New Zealand,22,101,2,0,0,0,0,9,5,44,Away Win
3276,2016-11-23,Argentina Pumas,Australia Wallabies,"Teufaiva Stadium, Tonga",The Rugby Championship,8,32,18,2,3,40,60,0,1,0,0,Beauden Williams,Argentina Pumas,Fullback,Argentina,29,,1,0,2,0,1,10,8,,Home Win
3277,2018-07-21,Italy Rugby,France XV,"Murrayfield, Edinburgh",Autumn Internationals,4,36,50,4,8,56,44,2,0,0,0,Lucas Taylor,Italy Rugby,Loosehead Prop,Argentina,22,15,1,0,0,0,0,15,6,131,Away Win
3278,2015-03-17,Canada Rugby,New Zealand All Blacks,"Ellis Park, Johannesburg",Rugby Europe Championship,1,51,18,5,3,36,64,0,1,0,0,Benjamin Ntamack,Canada Rugby,Fly-half,Canada,29,24,0,3,4,0,0,3,0,118,Home Win
3279,2015-09-09,South Africa Springboks,Georgia Rugby,"Stade de France, Paris",Pacific Nations Cup,3,25,29,1,3,59,41,1,2,0,0,Ethan Watson,South Africa Springboks,Lock,South Africa,28,23,1,0,0,0,0,11,6,17,Away Win
3280,2024-11-03,Samoa Rugby,Japan Brave Blossoms,"Apia Park, Samoa",Autumn Internationals,1,59,59,8,8,42,58,0,0,0,0,Conor Smith,Samoa Rugby,Left Wing,New Zealand,20,23,1,0,0,0,0,1,4,94,Draw
3281,2022-10-25,Scotland Rugby,USA Eagles,"Eden Park, Auckland",Rugby Europe Championship,6,24,19,4,2,55,45,0,0,0,0,Hugo Carbery,Scotland Rugby,Scrum-half,Scotland,24,72,3,0,0,0,0,,8,39,Home Win
3282,2021-07-06,USA Eagles,Scotland Rugby,"Stadium Australia, Sydney",Six Nations,7,59,8,7,1,53,47,0,0,0,0,Ethan Barrett,Scotland Rugby,Fullback,Scotland,31,102,1,0,0,0,0,2,,91,Home Win
3283,2015-12-18,USA Eagles,France XV,"National Stadium, Tokyo",Rugby World Cup,8,0,40,0,8,42,58,0,1,0,0,Oliver Kolbe,USA Eagles,Openside Flanker,USA,23,3,3,0,0,0,0,8,6,18,Away Win
3284,2021-10-13,Japan Brave Blossoms,Fiji Rugby,"National Stadium, Tokyo",Rugby World Cup,2,12,28,0,2,42,58,0,0,0,0,Conor Curry,Japan Brave Blossoms,Loosehead Prop,Australia,25,1,3,0,0,1,0,19,4,150,Away Win
3285,2024-10-16,South Africa Springboks,Fiji Rugby,"Estadio Jose Amalfitani, Buenos Aires",Rugby Europe Championship,1,31,31,5,5,42,58,0,0,0,0,Pieter Brown,Fiji Rugby,Tighthead Prop,Fiji,28,88,0,0,0,0,0,10,3,90,Draw
3286,2023-05-20,Samoa Rugby,Tonga Rugby,"Ellis Park, Johannesburg",Six Nations,3,44,24,6,4,43,57,1,0,0,0,Siya Henshaw,Tonga Rugby,Outside Centre,New Zealand,30,,2,0,0,0,0,7,8,145,Home Win
3287,2023-02-03,Tonga Rugby,Ireland Rugby,"Stadio Olimpico, Rome",The Rugby Championship,1,50,8,7,1,59,41,1,1,0,0,Rory Jones,Ireland Rugby,Hooker,New Zealand,25,41,3,0,0,0,0,,1,70,Home Win
3288,2023-03-09,Romania Rugby,France XV,"Teufaiva Stadium, Tonga",The Rugby Championship,1,31,16,4,2,40,60,2,0,0,0,Sam Watson,France XV,Fly-half,France,24,89,3,3,3,0,0,7,3,31,Home Win
3289,2020-06-04,Japan Brave Blossoms,New Zealand All Blacks,"Principality Stadium, Cardiff",World Rugby U20 Championship,3,48,37,7,7,56,44,1,1,0,0,Benjamin Watson,New Zealand All Blacks,Fullback,New Zealand,32,40,3,0,2,0,0,16,2,14,Home Win
3290,2019-09-22,Argentina Pumas,Italy Rugby,"Stade de France, Paris",World Rugby U20 Championship,8,8,34,1,5,48,52,0,0,1,0,Hugo de Klerk,Argentina Pumas,Lock,Argentina,33,14,1,0,0,0,0,14,2,89,Away Win
3291,2016-07-21,Canada Rugby,Japan Brave Blossoms,"Aviva Stadium, Dublin",Autumn Internationals,6,48,9,6,0,58,42,0,0,0,0,Tadhg Doris,Japan Brave Blossoms,Tighthead Prop,Japan,30,72,1,0,0,0,0,17,2,15,Home Win
3292,2016-04-21,Australia Wallabies,Ireland Rugby,,World Rugby U20 Championship,7,57,47,8,7,53,47,1,0,1,0,Beauden Russell,Australia Wallabies,Blindside Flanker,Fiji,27,70,2,0,0,0,0,,4,66,Home Win
3293,2022-10-01,England Rugby,Uruguay Rugby,"Apia Park, Samoa",Rugby World Cup,8,19,39,1,5,53,47,1,0,0,0,Cian Faletau,Uruguay Rugby,Left Wing,Uruguay,23,2,3,0,0,0,0,13,3,113,Away Win
3294,2020-08-05,Ireland Rugby,England Rugby,"Aviva Stadium, Dublin",Pacific Nations Cup,6,43,40,6,6,41,59,0,0,1,0,Grégoire Smith,Ireland Rugby,Right Wing,Ireland,23,1,2,0,0,0,0,11,2,34,Home Win
3295,2017-01-13,New Zealand All Blacks,Samoa Rugby,,World Rugby U20 Championship,1,16,14,1,1,53,47,0,0,0,0,Benjamin Brown,New Zealand All Blacks,Lock,New Zealand,29,94,0,0,0,0,0,10,8,26,Home Win
3296,2018-06-14,Spain Rugby,USA Eagles,"Stadio Olimpico, Rome",Six Nations,3,44,41,7,7,60,40,1,0,0,0,Mason Dupont,USA Eagles,Number 8,New Zealand,28,55,3,0,0,0,0,12,4,63,Home Win
3297,2022-02-25,Ireland Rugby,France XV,"Stadio Olimpico, Rome",Pacific Nations Cup,2,46,62,6,8,64,36,0,0,0,0,Finn Ntamack,France XV,Left Wing,Ivory Coast,32,41,0,0,0,0,0,14,5,164,Away Win
3298,2015-02-01,Argentina Pumas,France XV,"Estadio Jose Amalfitani, Buenos Aires",Pacific Nations Cup,8,14,46,2,6,63,37,0,0,0,0,Malcolm Faletau,Argentina Pumas,Fly-half,Argentina,29,48,0,5,4,0,0,0,3,148,Away Win
3299,2022-06-04,Uruguay Rugby,South Africa Springboks,"Aviva Stadium, Dublin",Pacific Nations Cup,8,34,38,6,7,52,48,0,0,0,0,Benjamin Caelan,South Africa Springboks,Fullback,South Africa,20,112,2,0,0,0,0,15,8,143,Away Win
3300,2023-03-18,Japan Brave Blossoms,South Africa Springboks,"Teufaiva Stadium, Tonga",,8,14,52,2,7,44,56,0,1,0,0,Stuart Williams,South Africa Springboks,Left Wing,South Africa,31,53,0,0,0,0,0,0,2,122,Away Win
3301,2015-10-26,South Africa Springboks,New Zealand All Blacks,"ANZ National Stadium, Suva",The Rugby Championship,4,53,31,6,5,61,39,1,0,0,0,Finn Barrett,New Zealand All Blacks,Lock,New Zealand,23,111,3,0,0,0,1,18,4,49,Home Win
3302,2024-06-19,Ireland Rugby,Spain Rugby,,Autumn Internationals,2,57,15,7,0,57,43,0,0,0,0,Finn de Klerk,Ireland Rugby,Hooker,South Africa,25,90,1,0,0,0,0,4,4,108,Home Win
3303,2015-09-19,Argentina Pumas,Wales Rugby,"Mikheil Meskhi Stadium, Tbilisi",The Rugby Championship,4,42,49,6,6,62,38,0,0,0,0,Sean Doris,Wales Rugby,Inside Centre,Wales,28,112,0,0,0,0,0,,7,31,Away Win
3304,2019-01-27,Ireland Rugby,Japan Brave Blossoms,"Principality Stadium, Cardiff",Pacific Nations Cup,6,15,40,3,5,38,62,1,0,0,0,Grégoire Taylor,Ireland Rugby,Lock,Ireland,,49,0,0,0,0,0,20,8,9,Away Win
3305,2024-06-01,Uruguay Rugby,Argentina Pumas,"Stade de France, Paris",Six Nations,5,39,54,6,7,41,59,0,0,1,0,Malcolm Lowe,Uruguay Rugby,Blindside Flanker,Uruguay,39,55,1,0,0,0,0,16,4,180,Away Win
3306,2022-08-28,Japan Brave Blossoms,Wales Rugby,"Twickenham, London",Rugby World Cup,2,42,34,8,3,50,50,0,0,1,0,Noah de Klerk,Wales Rugby,Scrum-half,Wales,29,91,3,0,0,0,0,3,8,38,Home Win
3307,2018-03-03,Romania Rugby,Canada Rugby,"Mikheil Meskhi Stadium, Tbilisi",Rugby Europe Championship,5,38,50,4,5,59,41,0,0,0,1,Conor Furlong,Canada Rugby,Right Wing,Canada,26,11,0,0,0,0,0,13,5,80,Away Win
3308,2023-01-15,Argentina Pumas,Canada Rugby,"Estadio Jose Amalfitani, Buenos Aires",Rugby Europe Championship,1,52,0,7,0,53,47,0,0,0,1,Henry Henshaw,Argentina Pumas,Loosehead Prop,Argentina,29,18,0,0,0,0,0,4,3,68,Home Win
3309,2022-02-15,Australia Wallabies,Samoa Rugby,"Murrayfield, Edinburgh",Pacific Nations Cup,2,46,31,8,5,54,46,2,0,0,0,Owen Brown,Samoa Rugby,Right Wing,Samoa,30,38,3,0,0,0,0,16,4,71,Home Win
3310,2018-11-04,Japan Brave Blossoms,France XV,"Apia Park, Samoa",Pacific Nations Cup,3,20,26,3,2,44,56,0,1,0,0,Pieter Smith,Japan Brave Blossoms,Fullback,Japan,25,99,3,0,3,0,0,12,3,98,Away Win
3311,2018-05-18,Spain Rugby,Uruguay Rugby,"ANZ National Stadium, Suva",Six Nations,1,29,32,4,5,39,61,0,0,0,0,Finn Watson,Spain Rugby,Tighthead Prop,Argentina,34,17,1,0,0,0,0,3,4,79,Away Win
3312,2019-10-13,Italy Rugby,New Zealand All Blacks,"Teufaiva Stadium, Tonga",World Rugby U20 Championship,1,14,24,1,3,40,60,1,0,0,0,Beauden Itoje,New Zealand All Blacks,Lock,New Zealand,27,102,1,0,0,0,0,4,4,138,Away Win
3313,2024-04-20,Samoa Rugby,Canada Rugby,"Murrayfield, Edinburgh",Six Nations,6,13,0,1,0,49,51,0,0,0,0,Siya Kolbe,Samoa Rugby,Fly-half,New Zealand,28,106,2,2,1,0,0,16,5,43,Home Win
3314,2019-03-06,Georgia Rugby,Spain Rugby,"Mikheil Meskhi Stadium, Tbilisi",World Rugby U20 Championship,4,28,8,4,1,48,52,0,0,0,0,Siya Brown,Georgia Rugby,Fly-half,Georgia,29,45,3,2,2,0,0,0,3,89,Home Win
3315,2022-01-16,Tonga Rugby,Fiji Rugby,"Murrayfield, Edinburgh",Pacific Nations Cup,5,8,13,1,2,46,54,1,0,0,0,Charles Doris,Tonga Rugby,Fly-half,Tonga,28,92,3,0,4,0,0,13,6,179,Away Win
3316,2022-02-22,New Zealand All Blacks,Wales Rugby,"Stadium Australia, Sydney",Rugby World Cup,4,21,14,3,2,52,48,0,0,0,0,Owen Doris,Wales Rugby,Lock,Wales,30,21,0,0,0,0,0,1,2,26,Home Win
3317,2023-09-06,Georgia Rugby,Italy Rugby,"Aviva Stadium, Dublin",Pacific Nations Cup,4,23,30,2,3,43,57,1,0,0,0,Faf Taylor,Italy Rugby,Outside Centre,Italy,24,2,1,0,0,0,0,,4,173,Away Win
3318,2021-10-10,Scotland Rugby,Italy Rugby,"Murrayfield, Edinburgh",Rugby World Cup,4,40,34,4,4,47,53,1,0,0,0,Faf Dupont,Italy Rugby,Openside Flanker,South Africa,24,1,2,0,0,1,0,6,3,132,Home Win
3319,2023-04-04,New Zealand All Blacks,Georgia Rugby,"Apia Park, Samoa",Rugby Europe Championship,3,15,46,2,8,61,39,0,1,0,0,Hugo Williams,New Zealand All Blacks,Blindside Flanker,New Zealand,22,12,2,0,0,0,0,17,,46,Away Win
3320,2016-02-27,Australia Wallabies,Spain Rugby,"Ellis Park, Johannesburg",,2,66,29,8,2,44,56,0,0,0,0,Sam Lowe,Spain Rugby,Fullback,Argentina,28,67,3,0,2,0,0,17,2,172,Home Win
3321,2021-04-27,Wales Rugby,France XV,"Eden Park, Auckland",Autumn Internationals,4,34,49,3,5,46,54,0,1,0,0,Alun Faletau,France XV,Left Wing,France,30,76,2,0,0,0,0,17,2,172,Away Win
3322,2021-04-08,England Rugby,Tonga Rugby,"National Stadium, Tokyo",Rugby World Cup,1,64,37,7,5,44,56,0,0,0,0,Oliver Carbery,England Rugby,Fullback,England,28,64,2,0,1,0,0,19,3,22,Home Win
3323,2017-02-22,Wales Rugby,Uruguay Rugby,"Stade de France, Paris",Autumn Internationals,7,17,38,1,5,40,60,0,0,0,0,Lucas Faletau,Uruguay Rugby,Fly-half,Argentina,,78,0,3,2,0,0,2,3,55,Away Win
3324,2024-12-04,Canada Rugby,Spain Rugby,"Ellis Park, Johannesburg",Rugby Europe Championship,5,30,29,4,3,56,44,0,1,0,0,Malcolm Curry,Spain Rugby,Lock,Argentina,26,73,0,0,0,0,0,14,5,111,Home Win
3325,2019-12-02,Romania Rugby,New Zealand All Blacks,"Ellis Park, Johannesburg",Six Nations,8,26,38,2,4,59,41,1,0,0,0,Cian Hogg,New Zealand All Blacks,Hooker,New Zealand,29,57,2,0,0,0,0,11,6,46,Away Win
3326,2022-04-07,USA Eagles,Tonga Rugby,"Apia Park, Samoa",Autumn Internationals,3,48,38,6,5,49,51,0,0,0,0,Pieter Lowe,Tonga Rugby,Hooker,New Zealand,22,42,0,0,0,0,0,4,7,59,Home Win
3327,2024-09-05,Spain Rugby,USA Eagles,"Stade de France, Paris",World Rugby U20 Championship,8,24,13,2,2,41,59,2,0,0,0,Henry Johnson,Spain Rugby,Tighthead Prop,Argentina,25,94,1,0,0,0,0,6,0,0,Home Win
3328,2015-06-04,Argentina Pumas,Japan Brave Blossoms,"Stade de France, Paris",World Rugby U20 Championship,8,28,60,4,8,45,55,0,1,0,0,Ethan Caelan,Argentina Pumas,Left Wing,Argentina,29,109,2,0,0,0,0,18,8,179,Away Win
3329,2018-04-05,USA Eagles,Australia Wallabies,"Teufaiva Stadium, Tonga",,2,60,51,8,6,40,60,0,0,1,0,Josh Watson,USA Eagles,Tighthead Prop,New Zealand,30,84,0,0,0,1,0,17,4,124,Home Win
3330,2023-11-06,South Africa Springboks,Argentina Pumas,"Teufaiva Stadium, Tonga",Rugby Europe Championship,6,31,23,5,3,65,35,0,1,0,0,Hamish Porter,South Africa Springboks,Scrum-half,South Africa,25,44,3,0,0,0,0,13,,52,Home Win
3331,2015-03-08,Tonga Rugby,Uruguay Rugby,"Apia Park, Samoa",Rugby World Cup,8,33,6,5,0,42,58,0,1,0,1,Stuart Faletau,Tonga Rugby,Blindside Flanker,Tonga,26,17,1,0,0,0,0,18,8,107,Home Win
3332,2021-01-13,Tonga Rugby,Romania Rugby,"Twickenham, London",The Rugby Championship,4,57,17,6,1,38,62,1,0,0,0,Owen Watson,Romania Rugby,Hooker,France,20,10,0,0,0,0,0,,3,50,Home Win
3333,2024-06-14,England Rugby,Italy Rugby,"Mikheil Meskhi Stadium, Tbilisi",Six Nations,6,17,49,1,6,39,61,1,0,0,0,Hugo van der Merwe,Italy Rugby,Blindside Flanker,South Africa,25,69,0,0,0,0,0,15,3,56,Away Win
3334,2023-10-24,England Rugby,Tonga Rugby,"Stade de France, Paris",Autumn Internationals,6,54,40,7,4,45,55,0,0,0,0,Richie Kolbe,Tonga Rugby,Lock,New Zealand,30,69,3,0,0,0,0,6,4,26,Home Win
3335,2021-03-04,Italy Rugby,Canada Rugby,"Ellis Park, Johannesburg",Rugby Europe Championship,4,59,41,7,5,49,51,0,0,0,0,Hamish Ntamack,Italy Rugby,Tighthead Prop,Italy,29,66,0,0,0,0,0,18,5,,Home Win
3336,2016-10-05,France XV,Wales Rugby,"Mikheil Meskhi Stadium, Tbilisi",The Rugby Championship,5,35,27,6,3,49,51,0,0,0,0,Richie Jones,France XV,Fullback,Senegal,29,26,1,0,4,0,0,4,8,53,Home Win
3337,2020-02-11,South Africa Springboks,England Rugby,"Principality Stadium, Cardiff",Six Nations,4,30,17,5,1,54,46,0,0,0,0,Callum Henshaw,South Africa Springboks,Loosehead Prop,South Africa,27,27,2,0,0,0,0,18,5,179,Home Win
3338,2019-12-18,New Zealand All Blacks,Spain Rugby,"Aviva Stadium, Dublin",Autumn Internationals,5,43,48,5,5,35,65,0,0,0,0,Cheslin Russell,New Zealand All Blacks,Lock,New Zealand,27,32,2,0,0,0,0,13,4,162,Away Win
3339,2021-02-26,Australia Wallabies,South Africa Springboks,"Ellis Park, Johannesburg",Six Nations,2,52,12,7,0,48,52,1,0,0,0,Mason de Klerk,Australia Wallabies,Hooker,New Zealand,24,84,3,0,0,0,0,14,8,41,Home Win
3340,2018-08-11,Uruguay Rugby,Argentina Pumas,"ANZ National Stadium, Suva",Rugby World Cup,8,49,39,7,7,36,64,0,0,0,0,William Williams,Argentina Pumas,Fly-half,Argentina,29,51,3,2,3,0,0,6,1,98,Home Win
3341,2016-06-26,Samoa Rugby,Tonga Rugby,"Aviva Stadium, Dublin",Rugby World Cup,4,23,47,2,8,44,56,0,0,0,0,Kieran Hogg,Tonga Rugby,Fly-half,Tonga,28,40,3,0,2,0,0,11,1,28,Away Win
3342,2020-08-01,Ireland Rugby,England Rugby,"National Stadium, Tokyo",The Rugby Championship,7,34,46,4,6,47,53,0,0,0,0,Beauden Kolbe,England Rugby,Inside Centre,New Zealand,28,53,2,0,0,1,0,15,4,123,Away Win
3343,2019-10-04,Wales Rugby,Canada Rugby,"Principality Stadium, Cardiff",Pacific Nations Cup,8,25,44,1,5,58,42,0,0,0,0,Cian Porter,Wales Rugby,Lock,New Zealand,24,44,0,0,0,0,0,13,2,103,Away Win
3344,2021-07-04,Italy Rugby,Uruguay Rugby,"Murrayfield, Edinburgh",Autumn Internationals,3,15,18,0,0,62,38,0,0,0,0,Siya Jones,Italy Rugby,Hooker,South Africa,18,106,3,0,0,0,0,9,0,6,Away Win
3345,2024-07-22,Samoa Rugby,Italy Rugby,"ANZ National Stadium, Suva",,1,28,74,5,8,41,59,1,0,0,0,Callum Caelan,Italy Rugby,Fullback,South Africa,31,43,2,0,2,0,0,4,6,0,Away Win
3346,2024-01-17,France XV,England Rugby,"Eden Park, Auckland",Rugby Europe Championship,5,35,30,7,4,51,49,0,1,0,0,James Doris,France XV,Left Wing,France,25,85,1,0,0,1,0,16,1,164,Home Win
3347,2017-09-11,France XV,Argentina Pumas,"Ellis Park, Johannesburg",The Rugby Championship,6,24,48,2,7,48,52,0,0,0,0,Malcolm Hogg,France XV,Tighthead Prop,France,23,71,3,0,0,0,0,17,7,6,Away Win
3348,2015-09-13,Georgia Rugby,Samoa Rugby,"Stade de France, Paris",Rugby Europe Championship,3,65,58,7,7,41,59,0,0,0,0,Tadhg Kolbe,Samoa Rugby,Openside Flanker,Samoa,29,54,2,0,0,0,0,3,8,94,Home Win
3349,2018-05-13,France XV,Georgia Rugby,"ANZ National Stadium, Suva",World Rugby U20 Championship,2,15,62,0,8,51,49,0,0,0,0,Benjamin Johnson,France XV,Lock,Ivory Coast,25,5,2,0,0,0,0,18,2,98,Away Win
3350,2016-11-21,South Africa Springboks,Italy Rugby,"Aviva Stadium, Dublin",Rugby World Cup,4,42,10,5,1,36,64,0,0,0,1,Josh Kolbe,South Africa Springboks,Lock,South Africa,31,70,1,0,0,0,0,9,5,4,Home Win
3351,2019-01-04,Romania Rugby,Ireland Rugby,"Stade de France, Paris",Pacific Nations Cup,6,60,42,8,6,51,49,1,0,0,0,Justin Johnson,Romania Rugby,Lock,Romania,29,66,3,0,0,0,0,6,2,57,Home Win
3352,2015-07-17,France XV,Japan Brave Blossoms,"Apia Park, Samoa",Rugby Europe Championship,5,9,12,0,0,44,56,0,1,0,0,Lucas Williams,France XV,Outside Centre,France,29,14,3,0,0,0,0,4,8,47,Away Win
3353,2022-01-24,Scotland Rugby,Spain Rugby,"Apia Park, Samoa",Pacific Nations Cup,8,0,22,0,4,62,38,1,1,0,0,Stuart Caelan,Scotland Rugby,Number 8,Australia,21,89,2,0,0,0,0,8,7,171,Away Win
3354,2017-12-04,Samoa Rugby,France XV,"Stadio Olimpico, Rome",Six Nations,1,56,40,8,6,53,47,0,0,0,0,Justin Ntamack,Samoa Rugby,Number 8,New Zealand,31,11,3,0,0,0,0,3,5,27,Home Win
3355,2017-08-21,New Zealand All Blacks,Ireland Rugby,"Stadio Olimpico, Rome",Pacific Nations Cup,3,46,0,7,0,40,60,1,0,0,0,Siya Doris,Ireland Rugby,Openside Flanker,Ireland,28,71,3,0,0,0,0,10,2,146,Home Win
3356,2018-03-08,South Africa Springboks,Romania Rugby,"Estadio Jose Amalfitani, Buenos Aires",Autumn Internationals,3,48,6,5,0,36,64,1,0,0,0,Beauden Jones,Romania Rugby,Loosehead Prop,France,25,32,0,0,0,0,0,6,2,104,Home Win
3357,2023-10-14,Italy Rugby,Canada Rugby,"Mikheil Meskhi Stadium, Tbilisi",Pacific Nations Cup,3,43,30,7,3,39,61,1,0,0,0,Josh van der Merwe,Canada Rugby,Openside Flanker,New Zealand,27,17,0,0,0,0,0,0,6,123,Home Win
3358,2021-03-21,England Rugby,Canada Rugby,"ANZ National Stadium, Suva",Autumn Internationals,8,12,30,0,2,62,38,1,1,0,0,Callum Williams,England Rugby,Left Wing,England,19,103,3,0,0,0,0,3,2,61,Away Win
3359,2021-09-10,Tonga Rugby,Japan Brave Blossoms,"ANZ National Stadium, Suva",Autumn Internationals,8,13,23,1,4,56,44,0,1,0,0,Alun Johnson,Japan Brave Blossoms,Lock,Japan,28,99,0,0,0,0,0,14,7,37,Away Win
3360,2019-09-24,Fiji Rugby,Georgia Rugby,"Mikheil Meskhi Stadium, Tbilisi",Autumn Internationals,8,19,11,1,1,57,43,0,0,0,0,Malcolm Smith,Georgia Rugby,Lock,Georgia,22,110,3,0,0,0,0,15,0,154,Home Win
3361,2019-01-25,Scotland Rugby,Tonga Rugby,"Stadio Olimpico, Rome",The Rugby Championship,8,3,10,0,1,43,57,0,1,0,0,Benjamin Itoje,Tonga Rugby,Fly-half,New Zealand,21,55,3,5,4,0,0,18,8,33,Away Win
3362,2016-02-18,Argentina Pumas,USA Eagles,"Stadium Australia, Sydney",Autumn Internationals,4,15,54,0,6,63,37,0,0,0,0,Tadhg Faletau,Argentina Pumas,Left Wing,Argentina,20,49,1,0,0,0,0,2,2,48,Away Win
3363,2021-11-12,Romania Rugby,South Africa Springboks,"Estadio Jose Amalfitani, Buenos Aires",World Rugby U20 Championship,3,10,52,2,8,60,40,0,0,0,0,Siya Caelan,South Africa Springboks,Left Wing,South Africa,31,85,3,0,0,1,0,13,8,175,Away Win
3364,2017-01-07,Ireland Rugby,England Rugby,"Apia Park, Samoa",World Rugby U20 Championship,1,69,19,8,2,61,39,2,0,0,0,Finn Curry,England Rugby,Blindside Flanker,South Africa,24,99,2,0,0,0,0,10,8,39,Home Win
3365,2015-02-23,Tonga Rugby,Uruguay Rugby,"Principality Stadium, Cardiff",Rugby Europe Championship,3,56,68,8,8,65,35,0,0,0,0,Conor Ntamack,Uruguay Rugby,Hooker,Uruguay,33,49,3,0,0,0,0,14,3,164,Away Win
3366,2019-12-19,Ireland Rugby,Japan Brave Blossoms,"Apia Park, Samoa",Rugby Europe Championship,1,3,10,0,1,37,63,2,1,0,1,Liam Russell,Ireland Rugby,Lock,Ireland,24,114,3,0,0,0,0,,3,68,Away Win
3367,2020-08-07,South Africa Springboks,Australia Wallabies,"Apia Park, Samoa",World Rugby U20 Championship,6,44,21,7,2,49,51,0,1,0,0,Malcolm Ntamack,Australia Wallabies,Outside Centre,Australia,20,76,3,0,0,0,0,0,1,179,Home Win
3368,2024-09-02,USA Eagles,Georgia Rugby,"Principality Stadium, Cardiff",Autumn Internationals,7,39,41,5,5,46,54,2,0,0,0,Rory Smith,Georgia Rugby,Lock,Georgia,22,108,0,0,0,0,0,19,5,54,Away Win
3369,2016-12-05,Uruguay Rugby,Tonga Rugby,"Teufaiva Stadium, Tonga",Pacific Nations Cup,5,30,8,4,1,55,45,0,0,0,0,Hamish Watson,Tonga Rugby,Number 8,Tonga,31,62,2,0,0,1,0,15,8,124,Home Win
3370,2020-08-10,Samoa Rugby,Scotland Rugby,"Teufaiva Stadium, Tonga",Rugby Europe Championship,7,18,3,2,0,50,50,0,0,0,0,James Williams,Samoa Rugby,Fullback,,26,64,3,0,4,0,0,12,6,161,Home Win
3371,2017-06-26,Samoa Rugby,Spain Rugby,"Murrayfield, Edinburgh",Pacific Nations Cup,8,59,42,7,6,59,41,0,1,0,0,Rory Doris,Samoa Rugby,Outside Centre,New Zealand,24,113,0,0,0,0,0,13,5,18,Home Win
3372,2017-12-03,Argentina Pumas,South Africa Springboks,"Ellis Park, Johannesburg",Pacific Nations Cup,1,44,44,6,4,63,37,0,0,0,0,Sam Johnson,South Africa Springboks,Left Wing,South Africa,27,101,0,0,0,0,0,3,8,44,Draw
3373,2022-02-26,Italy Rugby,USA Eagles,"Eden Park, Auckland",Pacific Nations Cup,7,39,40,6,4,57,43,0,0,0,0,Lucas Porter,USA Eagles,Number 8,South Africa,,68,2,0,0,0,0,16,6,147,Away Win
3374,2021-12-15,Spain Rugby,France XV,"Ellis Park, Johannesburg",Autumn Internationals,2,27,52,3,7,65,35,1,0,0,0,Kieran Russell,France XV,Scrum-half,Senegal,31,33,2,0,0,0,0,2,0,94,Away Win
3375,2024-12-09,Georgia Rugby,Romania Rugby,"Ellis Park, Johannesburg",The Rugby Championship,7,47,53,7,7,49,51,0,0,0,0,Cian Barrett,Romania Rugby,Lock,Romania,32,50,0,0,0,0,0,3,7,122,Away Win
3376,2022-05-16,Spain Rugby,Japan Brave Blossoms,"Ellis Park, Johannesburg",Autumn Internationals,4,58,68,8,8,50,50,2,0,0,0,Benjamin Henshaw,Japan Brave Blossoms,Openside Flanker,South Africa,25,69,2,0,0,0,0,7,1,41,Away Win
3377,2019-04-13,Spain Rugby,New Zealand All Blacks,"ANZ National Stadium, Suva",Rugby World Cup,3,14,38,1,5,54,46,2,0,0,0,Callum Doris,New Zealand All Blacks,Loosehead Prop,New Zealand,21,65,0,0,0,0,0,3,1,179,Away Win
3378,2022-05-03,South Africa Springboks,Georgia Rugby,"Principality Stadium, Cardiff",,2,17,30,2,3,64,36,0,2,0,0,Finn van der Merwe,Georgia Rugby,Lock,Georgia,25,26,3,0,0,0,0,6,6,119,Away Win
3379,2022-04-07,USA Eagles,Spain Rugby,"Stadio Olimpico, Rome",The Rugby Championship,7,8,25,1,3,50,50,0,0,0,1,Hugo Watson,USA Eagles,Outside Centre,South Africa,28,17,0,0,0,0,0,6,4,80,Away Win
3380,2016-04-12,Uruguay Rugby,Japan Brave Blossoms,"Stade de France, Paris",Rugby World Cup,3,24,43,3,4,53,47,0,0,0,0,Mason de Klerk,Uruguay Rugby,Number 8,Uruguay,23,16,0,0,0,0,0,1,3,130,Away Win
3381,2017-08-27,Argentina Pumas,Samoa Rugby,"ANZ National Stadium, Suva",Autumn Internationals,7,43,24,6,2,40,60,0,0,0,0,Sean Jones,Argentina Pumas,Right Wing,Argentina,23,55,3,0,0,0,0,6,7,136,Home Win
3382,2019-12-27,Argentina Pumas,Tonga Rugby,"Estadio Jose Amalfitani, Buenos Aires",Six Nations,8,37,48,3,5,55,45,0,0,0,0,Noah Watson,Tonga Rugby,Inside Centre,Tonga,28,98,1,0,0,0,0,20,2,158,Away Win
3383,2018-03-28,Samoa Rugby,Italy Rugby,"Teufaiva Stadium, Tonga",World Rugby U20 Championship,6,29,47,2,5,51,49,0,2,0,0,James Taylor,Samoa Rugby,Right Wing,New Zealand,26,28,0,0,0,0,0,8,0,152,Away Win
3384,2024-07-08,Canada Rugby,New Zealand All Blacks,"ANZ National Stadium, Suva",Rugby Europe Championship,5,64,25,8,3,46,54,0,0,0,0,Owen Watson,New Zealand All Blacks,Right Wing,New Zealand,27,46,1,0,0,1,0,16,7,67,Home Win
3385,2015-02-18,Tonga Rugby,Japan Brave Blossoms,"Mikheil Meskhi Stadium, Tbilisi",Rugby Europe Championship,2,0,8,0,1,58,42,0,2,0,0,Antoine Lowe,Tonga Rugby,Loosehead Prop,New Zealand,23,18,0,0,0,0,0,19,3,47,Away Win
3386,2023-02-26,Ireland Rugby,Spain Rugby,"Stade de France, Paris",The Rugby Championship,3,58,32,8,3,45,55,0,0,1,1,Jamie Curry,Spain Rugby,Inside Centre,Argentina,26,26,0,0,0,0,0,11,,133,Home Win
3387,2016-11-11,Ireland Rugby,Fiji Rugby,"Eden Park, Auckland",Autumn Internationals,7,53,29,5,2,62,38,0,0,0,0,Siya Jones,Ireland Rugby,Fly-half,New Zealand,23,18,0,3,2,1,0,4,,8,Home Win
3388,2019-03-09,Georgia Rugby,Italy Rugby,"National Stadium, Tokyo",World Rugby U20 Championship,6,26,61,4,7,39,61,1,0,0,0,Henry Furlong,Georgia Rugby,Left Wing,Georgia,30,31,1,0,0,0,0,0,7,,Away Win
3389,2016-03-25,Tonga Rugby,Italy Rugby,"Apia Park, Samoa",Rugby World Cup,2,24,35,2,3,61,39,0,0,0,0,Taulupe Watson,Tonga Rugby,Lock,New Zealand,31,59,2,0,0,0,0,4,4,4,Away Win
3390,2016-06-18,Samoa Rugby,England Rugby,"ANZ National Stadium, Suva",Rugby Europe Championship,3,54,15,7,0,58,42,1,0,0,0,Beauden Faletau,Samoa Rugby,Outside Centre,New Zealand,,30,1,0,0,0,0,19,4,123,Home Win
3391,2015-11-22,England Rugby,Spain Rugby,"Ellis Park, Johannesburg",World Rugby U20 Championship,1,48,44,7,6,46,54,0,0,0,0,Romain Russell,England Rugby,Lock,England,23,120,1,0,0,1,0,3,2,7,Home Win
3392,2023-04-05,Spain Rugby,Japan Brave Blossoms,"Estadio Jose Amalfitani, Buenos Aires",World Rugby U20 Championship,7,27,39,4,6,48,52,0,0,0,0,Sean Kolbe,Spain Rugby,Hooker,Spain,21,62,3,0,0,0,0,9,3,53,Away Win
3393,2023-08-21,Spain Rugby,Fiji Rugby,"Estadio Jose Amalfitani, Buenos Aires",Rugby World Cup,7,49,70,6,8,36,64,0,0,0,0,Faf Curry,Spain Rugby,Fullback,Argentina,24,54,1,0,4,0,0,6,8,141,Away Win
3394,2024-06-14,New Zealand All Blacks,Japan Brave Blossoms,"ANZ National Stadium, Suva",Autumn Internationals,1,24,38,3,5,56,44,0,0,0,0,Finn Ntamack,New Zealand All Blacks,Fullback,New Zealand,26,52,1,0,1,0,0,8,6,116,Away Win
3395,2019-03-09,France XV,South Africa Springboks,"Aviva Stadium, Dublin",World Rugby U20 Championship,7,23,38,2,4,57,43,0,0,0,0,Stuart Curry,South Africa Springboks,Loosehead Prop,South Africa,21,101,2,0,0,0,0,3,8,35,Away Win
3396,2022-10-19,France XV,Romania Rugby,"Principality Stadium, Cardiff",Six Nations,5,41,18,4,0,61,39,1,0,0,0,Ethan Johnson,France XV,Fly-half,Ivory Coast,23,114,3,4,1,0,0,18,1,114,Home Win
3397,2024-12-26,Romania Rugby,Canada Rugby,"Mikheil Meskhi Stadium, Tbilisi",Rugby World Cup,6,36,36,5,3,49,51,0,0,0,0,Benjamin Hogg,Romania Rugby,Hooker,France,22,100,3,0,0,0,0,,6,104,Draw
3398,2019-06-03,Georgia Rugby,Argentina Pumas,"Eden Park, Auckland",Rugby World Cup,6,56,30,8,4,45,55,1,0,0,0,Conor Porter,Argentina Pumas,Left Wing,Argentina,27,2,0,0,0,0,0,8,,88,Home Win
3399,2017-10-09,Ireland Rugby,South Africa Springboks,"Stadium Australia, Sydney",The Rugby Championship,5,32,53,6,7,39,61,0,0,0,0,Alun Johnson,South Africa Springboks,Lock,South Africa,27,7,3,0,0,0,0,20,6,150,Away Win
3400,2023-03-07,Ireland Rugby,Argentina Pumas,"Estadio Jose Amalfitani, Buenos Aires",Pacific Nations Cup,3,35,47,5,6,47,53,1,0,0,0,Josh Russell,Argentina Pumas,Lock,Argentina,24,115,1,0,0,0,0,19,4,50,Away Win
3401,2019-10-22,New Zealand All Blacks,Canada Rugby,"ANZ National Stadium, Suva",Rugby Europe Championship,5,50,49,7,6,42,58,0,0,0,0,Finn Brown,Canada Rugby,Right Wing,Canada,27,53,1,0,0,0,0,20,3,103,Home Win
3402,2017-05-02,USA Eagles,Romania Rugby,"National Stadium, Tokyo",World Rugby U20 Championship,2,34,11,4,1,58,42,0,0,0,0,Finn van der Merwe,USA Eagles,Tighthead Prop,USA,24,52,2,0,0,0,0,5,8,146,Home Win
3403,2022-04-28,USA Eagles,Tonga Rugby,"National Stadium, Tokyo",Six Nations,2,14,14,1,2,51,49,0,0,0,0,Mason Lowe,USA Eagles,Tighthead Prop,USA,25,60,0,0,0,0,0,19,0,148,Draw
3404,2016-12-05,Argentina Pumas,Italy Rugby,"Mikheil Meskhi Stadium, Tbilisi",World Rugby U20 Championship,3,20,43,4,7,47,53,0,1,0,0,Richie Dupont,Italy Rugby,Loosehead Prop,Argentina,33,51,3,0,0,0,0,9,6,177,Away Win
3405,2024-12-18,New Zealand All Blacks,Romania Rugby,"Stade de France, Paris",World Rugby U20 Championship,8,20,46,3,5,48,52,0,0,0,0,Tadhg Watson,Romania Rugby,Lock,Romania,32,95,2,0,0,0,0,8,3,134,Away Win
3406,2020-11-19,Wales Rugby,Georgia Rugby,,World Rugby U20 Championship,1,44,23,6,1,46,54,0,2,0,0,Henry Smith,Georgia Rugby,Number 8,Georgia,21,109,1,0,0,0,0,11,5,82,Home Win
3407,2024-03-04,Canada Rugby,Australia Wallabies,"Aviva Stadium, Dublin",Autumn Internationals,7,29,26,2,2,53,47,2,0,0,0,Oliver Porter,Canada Rugby,Outside Centre,Canada,30,66,2,0,0,0,0,14,5,146,Home Win
3408,2023-06-18,USA Eagles,Romania Rugby,"Estadio Jose Amalfitani, Buenos Aires",World Rugby U20 Championship,3,65,16,8,1,63,37,1,1,0,0,Taulupe Porter,Romania Rugby,Hooker,Romania,30,40,3,0,0,0,0,17,0,140,Home Win
3409,2024-09-03,Canada Rugby,Australia Wallabies,"Ellis Park, Johannesburg",Pacific Nations Cup,7,26,22,2,4,57,43,1,0,0,0,Cheslin Jones,Canada Rugby,Lock,New Zealand,22,111,0,0,0,0,0,12,6,166,Home Win
3410,2024-01-01,England Rugby,Fiji Rugby,"Principality Stadium, Cardiff",Autumn Internationals,7,29,12,3,2,62,38,0,1,0,0,Finn Henshaw,Fiji Rugby,Fly-half,Fiji,30,34,2,0,2,0,0,18,5,42,Home Win
3411,2017-03-01,Spain Rugby,Japan Brave Blossoms,"Stadium Australia, Sydney",World Rugby U20 Championship,6,30,63,2,7,38,62,0,0,0,0,Stuart Russell,Spain Rugby,Outside Centre,Spain,33,22,0,0,0,0,0,5,2,111,Away Win
3412,2021-07-21,New Zealand All Blacks,Italy Rugby,"Stadio Olimpico, Rome",World Rugby U20 Championship,6,29,18,4,0,56,44,1,2,0,0,Sean Johnson,New Zealand All Blacks,Right Wing,New Zealand,22,57,1,0,0,0,0,13,6,42,Home Win
3413,2020-03-02,Tonga Rugby,Fiji Rugby,"Teufaiva Stadium, Tonga",Rugby World Cup,4,24,30,3,2,60,40,0,2,0,0,Finn Furlong,Fiji Rugby,Loosehead Prop,Fiji,23,113,3,0,0,0,0,15,7,,Away Win
3414,2024-03-15,Ireland Rugby,France XV,"Twickenham, London",Autumn Internationals,6,57,30,7,5,55,45,0,0,0,0,Finn Caelan,Ireland Rugby,Lock,Ireland,31,105,0,0,0,0,0,,1,174,Home Win
3415,2024-05-25,Italy Rugby,Japan Brave Blossoms,"Twickenham, London",,3,52,59,7,8,40,60,0,0,0,0,Lucas Russell,Japan Brave Blossoms,Fullback,New Zealand,28,23,3,0,4,0,0,2,5,165,Away Win
3416,2023-05-28,Australia Wallabies,Japan Brave Blossoms,"Aviva Stadium, Dublin",Rugby World Cup,8,25,47,1,5,41,59,1,0,0,0,Siya Taylor,Australia Wallabies,Lock,Australia,29,33,1,0,0,0,0,15,2,105,Away Win
3417,2023-06-07,New Zealand All Blacks,Samoa Rugby,"Teufaiva Stadium, Tonga",Rugby Europe Championship,8,24,62,4,8,51,49,0,0,0,0,Charles Caelan,New Zealand All Blacks,Lock,New Zealand,,73,0,0,0,0,0,14,2,6,Away Win
3418,2022-12-26,Fiji Rugby,Italy Rugby,"Apia Park, Samoa",Six Nations,4,58,3,8,0,46,54,0,0,0,0,Callum Dupont,Fiji Rugby,Lock,Fiji,28,47,3,0,0,0,0,13,7,20,Home Win
3419,2024-03-16,Argentina Pumas,Spain Rugby,"Ellis Park, Johannesburg",Rugby World Cup,1,66,24,8,3,53,47,0,1,0,0,Faf Faletau,Argentina Pumas,Number 8,Argentina,21,,2,0,0,0,0,9,8,140,Home Win
3420,2016-06-23,Wales Rugby,Australia Wallabies,"Teufaiva Stadium, Tonga",Pacific Nations Cup,7,21,42,3,6,57,43,0,2,1,0,Benjamin Caelan,Wales Rugby,Lock,New Zealand,31,73,2,0,0,1,0,16,3,19,Away Win
3421,2020-04-09,Australia Wallabies,Uruguay Rugby,"Teufaiva Stadium, Tonga",Pacific Nations Cup,6,59,65,8,7,44,56,0,1,0,0,Finn van der Merwe,Australia Wallabies,Blindside Flanker,Australia,31,91,0,0,0,0,0,9,6,115,Away Win
3422,2016-02-10,Samoa Rugby,USA Eagles,"Ellis Park, Johannesburg",Pacific Nations Cup,8,30,38,3,4,44,56,0,0,0,0,Malcolm Doris,USA Eagles,Tighthead Prop,USA,26,5,0,0,0,0,0,3,1,65,Away Win
3423,2018-12-10,Tonga Rugby,South Africa Springboks,"Principality Stadium, Cardiff",Rugby Europe Championship,4,8,48,1,7,61,39,0,0,0,0,Finn Caelan,Tonga Rugby,Openside Flanker,New Zealand,26,78,0,0,0,0,0,1,0,26,Away Win
3424,2017-09-05,Japan Brave Blossoms,New Zealand All Blacks,"Stade de France, Paris",Rugby World Cup,7,26,32,4,3,53,47,0,0,0,1,James Itoje,Japan Brave Blossoms,Loosehead Prop,Japan,20,24,2,0,0,0,0,5,0,78,Away Win
3425,2020-05-12,Tonga Rugby,Italy Rugby,"Stadium Australia, Sydney",Rugby Europe Championship,3,20,62,1,8,63,37,0,0,0,0,Owen Williams,Italy Rugby,Scrum-half,Argentina,,29,1,0,0,0,1,1,6,,Away Win
3426,2022-07-03,Fiji Rugby,Australia Wallabies,"National Stadium, Tokyo",World Rugby U20 Championship,1,16,29,2,4,43,57,0,0,0,0,Noah van der Merwe,Fiji Rugby,Lock,Fiji,29,66,0,0,0,0,0,9,8,89,Away Win
3427,2022-04-16,Scotland Rugby,Japan Brave Blossoms,"Twickenham, London",The Rugby Championship,8,38,33,7,3,46,54,0,0,0,0,James Curry,Scotland Rugby,Lock,Australia,26,81,2,0,0,0,0,15,7,112,Home Win
3428,2024-02-18,Argentina Pumas,Canada Rugby,"Twickenham, London",The Rugby Championship,6,38,27,5,3,59,41,0,1,0,1,Ethan Hogg,Canada Rugby,Loosehead Prop,New Zealand,31,64,0,0,0,0,0,14,1,133,Home Win
3429,2017-06-12,Samoa Rugby,Italy Rugby,"National Stadium, Tokyo",Rugby World Cup,7,39,39,5,4,63,37,0,1,0,0,Stuart Brown,Samoa Rugby,Left Wing,Samoa,25,12,1,0,0,0,0,0,1,143,Draw
3430,2020-08-05,Italy Rugby,Wales Rugby,"ANZ National Stadium, Suva",The Rugby Championship,4,38,39,4,4,52,48,0,0,0,0,James Watson,Wales Rugby,Lock,Wales,29,110,2,0,0,0,0,4,7,111,Away Win
3431,2023-12-23,France XV,Spain Rugby,"Apia Park, Samoa",Six Nations,8,6,40,0,4,41,59,0,0,1,0,Sam van der Merwe,Spain Rugby,Openside Flanker,Spain,22,117,3,0,0,0,0,12,8,114,Away Win
3432,2017-10-15,Uruguay Rugby,Tonga Rugby,"ANZ National Stadium, Suva",The Rugby Championship,5,56,23,7,1,37,63,1,0,0,0,Finn van der Merwe,Uruguay Rugby,Loosehead Prop,Uruguay,26,15,2,0,0,0,0,9,5,37,Home Win
3433,2022-07-13,Japan Brave Blossoms,Georgia Rugby,"Stadium Australia, Sydney",Rugby Europe Championship,5,23,9,2,0,60,40,0,2,0,0,Taulupe Williams,Japan Brave Blossoms,Lock,Japan,26,35,1,0,0,0,0,0,0,161,Home Win
3434,2017-05-01,Fiji Rugby,Canada Rugby,"Principality Stadium, Cardiff",Pacific Nations Cup,6,61,56,8,8,56,44,0,1,0,0,Conor Watson,Canada Rugby,Fullback,Canada,27,6,1,0,0,0,0,14,0,32,Home Win
3435,2022-10-04,Romania Rugby,Uruguay Rugby,"Stadio Olimpico, Rome",Rugby World Cup,3,26,6,2,0,51,49,1,0,0,0,Conor Itoje,Uruguay Rugby,Blindside Flanker,Uruguay,25,74,1,0,0,0,0,13,0,85,Home Win
3436,2020-04-10,Uruguay Rugby,Georgia Rugby,"Twickenham, London",The Rugby Championship,6,22,19,1,2,52,48,0,2,0,0,Henry Brown,Uruguay Rugby,Lock,Uruguay,26,105,2,0,0,0,0,6,2,180,Home Win
3437,2021-04-11,Argentina Pumas,New Zealand All Blacks,,Autumn Internationals,1,48,39,8,4,43,57,1,0,0,0,Siya Porter,Argentina Pumas,Blindside Flanker,Argentina,30,12,1,0,0,0,0,16,4,,Home Win
3438,2018-04-13,Australia Wallabies,Fiji Rugby,"Stadio Olimpico, Rome",Rugby World Cup,7,3,36,0,6,52,48,1,1,0,0,Beauden Jones,Fiji Rugby,Openside Flanker,Fiji,25,98,1,0,0,0,0,9,6,108,Away Win
3439,2021-05-10,Spain Rugby,Georgia Rugby,"Stade de France, Paris",Six Nations,2,27,37,2,5,47,53,0,0,0,0,Kieran Johnson,Georgia Rugby,Lock,Georgia,20,16,2,0,0,0,0,,1,13,Away Win
3440,2015-03-25,Scotland Rugby,Samoa Rugby,"Eden Park, Auckland",Autumn Internationals,8,23,29,2,3,38,62,0,0,0,0,Stuart Watson,Scotland Rugby,Lock,New Zealand,33,71,3,0,0,0,0,15,8,176,Away Win
3441,2021-06-16,Romania Rugby,Argentina Pumas,"Stadio Olimpico, Rome",Autumn Internationals,1,17,26,2,4,48,52,0,0,0,0,Romain Ntamack,Romania Rugby,Loosehead Prop,France,32,,3,0,0,0,0,18,0,29,Away Win
3442,2022-12-03,South Africa Springboks,Georgia Rugby,"Aviva Stadium, Dublin",Autumn Internationals,8,12,26,0,3,59,41,0,0,0,0,Cheslin Johnson,Georgia Rugby,Blindside Flanker,Georgia,21,24,2,0,0,0,0,13,3,47,Away Win
3443,2022-12-18,Georgia Rugby,Fiji Rugby,"Eden Park, Auckland",The Rugby Championship,8,28,10,4,1,52,48,1,0,0,0,Charles Doris,Georgia Rugby,Scrum-half,Georgia,29,99,3,0,0,0,0,3,6,132,Home Win
3444,2022-11-03,England Rugby,Japan Brave Blossoms,"Ellis Park, Johannesburg",World Rugby U20 Championship,6,15,37,2,6,35,65,0,0,0,0,Tadhg Russell,Japan Brave Blossoms,Inside Centre,Australia,24,43,2,0,0,1,0,4,5,66,Away Win
3445,2022-08-02,Italy Rugby,Romania Rugby,"Eden Park, Auckland",Rugby World Cup,5,56,41,8,4,51,49,0,0,0,0,Pieter Faletau,Italy Rugby,Lock,Italy,28,113,0,0,0,0,0,9,2,41,Home Win
3446,2016-05-08,Georgia Rugby,Scotland Rugby,"Eden Park, Auckland",Pacific Nations Cup,1,24,3,2,0,48,52,0,0,0,0,Alun Barrett,Georgia Rugby,Scrum-half,Georgia,28,70,3,0,0,0,0,1,0,,Home Win
3447,2023-02-21,Canada Rugby,South Africa Springboks,"Estadio Jose Amalfitani, Buenos Aires",Rugby World Cup,4,57,58,7,7,60,40,1,1,0,0,Tadhg Hogg,South Africa Springboks,Scrum-half,South Africa,26,44,0,0,0,0,0,4,1,,Away Win
3448,2017-08-11,Tonga Rugby,Scotland Rugby,"National Stadium, Tokyo",Six Nations,5,65,48,8,7,65,35,0,0,0,0,Finn Caelan,Scotland Rugby,Openside Flanker,Australia,23,32,1,0,0,0,0,13,6,76,Home Win
3449,2018-12-28,Georgia Rugby,Samoa Rugby,"Apia Park, Samoa",Pacific Nations Cup,7,54,44,7,7,62,38,0,0,1,0,James Watson,Samoa Rugby,Outside Centre,Samoa,24,89,0,0,0,0,0,,6,122,Home Win
3450,2020-06-27,Uruguay Rugby,Argentina Pumas,"Eden Park, Auckland",Rugby World Cup,5,61,21,8,2,59,41,0,0,0,1,Beauden Barrett,Argentina Pumas,Hooker,Argentina,23,58,0,0,0,1,0,17,3,98,Home Win
3451,2023-07-08,Romania Rugby,Ireland Rugby,"Apia Park, Samoa",Rugby World Cup,3,35,21,5,3,43,57,0,0,0,0,James de Klerk,Romania Rugby,Right Wing,France,23,,1,0,0,0,0,1,6,111,Home Win
3452,2023-12-14,Georgia Rugby,Canada Rugby,"Principality Stadium, Cardiff",Six Nations,1,3,33,0,3,59,41,1,0,0,0,Malcolm Watson,Canada Rugby,Number 8,New Zealand,26,86,2,0,0,0,0,6,1,36,Away Win
3453,2023-12-23,Romania Rugby,Canada Rugby,"ANZ National Stadium, Suva",Rugby Europe Championship,7,11,13,1,1,42,58,0,0,0,0,Siya Itoje,Canada Rugby,Inside Centre,Canada,24,71,0,0,0,0,0,2,7,179,Away Win
3454,2020-02-25,Italy Rugby,New Zealand All Blacks,"Ellis Park, Johannesburg",Rugby World Cup,4,41,29,5,3,45,55,0,0,0,0,Benjamin Watson,New Zealand All Blacks,Loosehead Prop,New Zealand,29,100,0,0,0,0,0,12,3,50,Home Win
3455,2015-04-17,South Africa Springboks,France XV,"Eden Park, Auckland",Rugby World Cup,7,7,27,1,5,54,46,0,0,0,0,Conor Hogg,South Africa Springboks,Tighthead Prop,South Africa,32,20,1,0,0,1,0,11,5,179,Away Win
3456,2022-12-03,Samoa Rugby,Canada Rugby,"Ellis Park, Johannesburg",Pacific Nations Cup,7,12,19,0,2,52,48,0,1,0,0,Jamie Russell,Samoa Rugby,Outside Centre,New Zealand,24,42,1,0,0,0,0,,2,,Away Win
3457,2016-07-27,Spain Rugby,USA Eagles,"Aviva Stadium, Dublin",The Rugby Championship,4,29,35,3,7,36,64,0,0,0,1,Sam Jones,Spain Rugby,Lock,Spain,27,13,0,0,0,0,0,1,6,,Away Win
3458,2024-12-25,Tonga Rugby,England Rugby,"Ellis Park, Johannesburg",The Rugby Championship,6,27,9,3,0,42,58,0,1,0,0,Romain Taylor,Tonga Rugby,Hooker,Tonga,28,78,0,0,0,0,0,12,5,68,Home Win
3459,2021-04-09,Scotland Rugby,USA Eagles,"Stadium Australia, Sydney",Pacific Nations Cup,7,28,49,2,6,57,43,2,0,0,0,Hugo de Klerk,Scotland Rugby,Right Wing,New Zealand,28,68,0,0,0,0,0,1,6,81,Away Win
3460,2016-08-14,Romania Rugby,Fiji Rugby,"Aviva Stadium, Dublin",Six Nations,5,33,16,3,2,52,48,1,0,0,0,Jamie de Klerk,Romania Rugby,Right Wing,France,27,69,1,0,0,1,0,1,6,152,Home Win
3461,2023-01-05,USA Eagles,Samoa Rugby,"Stadio Olimpico, Rome",Rugby Europe Championship,1,55,29,8,2,47,53,0,1,0,1,Josh Itoje,USA Eagles,Number 8,New Zealand,29,69,3,0,0,0,0,16,0,65,Home Win
3462,2021-08-11,Italy Rugby,Spain Rugby,"Stadio Olimpico, Rome",Rugby World Cup,5,39,43,4,6,57,43,0,0,0,0,Justin Johnson,Italy Rugby,Inside Centre,Italy,28,59,1,0,0,0,0,19,8,130,Away Win
3463,2016-01-23,Japan Brave Blossoms,Samoa Rugby,"Stadium Australia, Sydney",Pacific Nations Cup,4,52,56,7,8,36,64,1,1,0,0,Pieter Itoje,Samoa Rugby,Loosehead Prop,Samoa,22,,3,0,0,0,0,18,5,167,Away Win
3464,2020-01-27,USA Eagles,Wales Rugby,"Teufaiva Stadium, Tonga",Six Nations,7,45,12,5,2,63,37,0,0,0,0,Alun Hogg,Wales Rugby,Hooker,New Zealand,,7,0,0,0,0,0,10,4,25,Home Win
3465,2017-04-18,Wales Rugby,Spain Rugby,"Mikheil Meskhi Stadium, Tbilisi",Rugby World Cup,7,44,11,5,1,41,59,0,0,0,0,Liam Faletau,Wales Rugby,Lock,New Zealand,30,43,1,0,0,0,0,11,2,76,Home Win
3466,2023-09-28,Georgia Rugby,France XV,"Mikheil Meskhi Stadium, Tbilisi",Six Nations,6,35,35,3,3,63,37,1,2,0,0,Josh Watson,France XV,Scrum-half,Senegal,23,85,3,0,0,0,0,12,7,67,Draw
3467,2015-09-05,Scotland Rugby,England Rugby,"Stade de France, Paris",Six Nations,2,19,8,1,1,59,41,1,2,0,0,Benjamin Henshaw,England Rugby,Hooker,New Zealand,27,39,0,0,0,0,0,11,7,128,Home Win
3468,2023-08-17,Samoa Rugby,Tonga Rugby,"ANZ National Stadium, Suva",World Rugby U20 Championship,6,49,51,7,6,60,40,1,1,0,0,Stuart Hogg,Tonga Rugby,Number 8,New Zealand,29,31,1,0,0,0,0,18,7,88,Away Win
3469,2019-11-16,South Africa Springboks,USA Eagles,"Stadio Olimpico, Rome",Rugby World Cup,4,14,40,1,4,39,61,1,0,0,0,Sam Furlong,South Africa Springboks,Lock,South Africa,26,5,3,0,0,0,0,14,5,119,Away Win
3470,2016-11-27,Fiji Rugby,New Zealand All Blacks,"ANZ National Stadium, Suva",World Rugby U20 Championship,2,33,45,5,5,52,48,0,1,0,0,Benjamin Curry,New Zealand All Blacks,Lock,New Zealand,31,33,3,0,0,0,0,17,4,65,Away Win
3471,2019-09-25,Romania Rugby,Uruguay Rugby,"Stadium Australia, Sydney",World Rugby U20 Championship,5,29,18,2,0,58,42,1,0,0,0,Sam Smith,Uruguay Rugby,Lock,Uruguay,36,63,3,0,0,0,0,15,3,1,Home Win
3472,2018-05-22,Samoa Rugby,England Rugby,"Eden Park, Auckland",Rugby World Cup,8,35,56,4,7,48,52,0,0,1,0,Josh Caelan,England Rugby,Fullback,England,23,44,0,0,4,0,0,12,4,141,Away Win
3473,2020-12-05,Wales Rugby,Romania Rugby,,Six Nations,8,38,52,4,7,45,55,0,0,0,0,William Itoje,Romania Rugby,Outside Centre,France,21,59,3,0,0,0,0,0,6,1,Away Win
3474,2024-07-07,USA Eagles,Australia Wallabies,"Stadio Olimpico, Rome",The Rugby Championship,6,28,26,3,2,64,36,0,0,0,0,Tadhg van der Merwe,USA Eagles,Lock,USA,28,103,3,0,0,0,0,9,1,108,Home Win
3475,2019-02-07,New Zealand All Blacks,USA Eagles,"National Stadium, Tokyo",Pacific Nations Cup,2,42,38,4,5,39,61,2,0,0,0,Ethan Caelan,USA Eagles,Openside Flanker,New Zealand,29,13,0,0,0,0,0,14,1,60,Home Win
3476,2016-07-12,Ireland Rugby,Japan Brave Blossoms,"Principality Stadium, Cardiff",Autumn Internationals,4,56,46,8,6,48,52,0,2,0,0,Finn Faletau,Japan Brave Blossoms,Fly-half,South Africa,26,19,1,1,4,0,0,2,2,78,Home Win
3477,2024-01-26,Canada Rugby,Romania Rugby,"Eden Park, Auckland",,5,25,56,3,8,46,54,0,0,0,0,Mason Johnson,Canada Rugby,Left Wing,Canada,32,9,1,0,0,0,0,6,2,149,Away Win
3478,2023-10-11,England Rugby,Samoa Rugby,"Teufaiva Stadium, Tonga",World Rugby U20 Championship,3,41,61,7,7,44,56,1,0,0,0,Taulupe Johnson,Samoa Rugby,Inside Centre,Samoa,21,68,1,0,0,0,0,17,0,140,Away Win
3479,2017-12-25,Italy Rugby,Tonga Rugby,"Mikheil Meskhi Stadium, Tbilisi",Rugby World Cup,4,35,48,5,6,43,57,0,0,0,0,James de Klerk,Tonga Rugby,Fullback,Tonga,29,110,3,0,4,0,0,4,5,114,Away Win
3480,2024-03-18,Canada Rugby,England Rugby,,Rugby World Cup,8,7,45,1,7,47,53,1,0,0,0,Romain Kolbe,Canada Rugby,Lock,Canada,24,61,0,0,0,1,0,3,1,168,Away Win
3481,2022-09-09,Scotland Rugby,Tonga Rugby,"Ellis Park, Johannesburg",Rugby Europe Championship,8,0,46,0,8,46,54,0,0,0,0,Antoine Caelan,Scotland Rugby,Blindside Flanker,New Zealand,33,107,3,0,0,1,1,10,2,97,Away Win
3482,2024-01-27,Spain Rugby,England Rugby,"Murrayfield, Edinburgh",Rugby Europe Championship,5,46,10,5,1,64,36,0,0,0,0,Oliver van der Merwe,England Rugby,Loosehead Prop,New Zealand,34,76,2,0,0,0,0,20,4,67,Home Win
3483,2021-07-28,Fiji Rugby,England Rugby,"Stadio Olimpico, Rome",Rugby World Cup,8,27,57,5,6,41,59,0,0,0,0,Finn Brown,England Rugby,Left Wing,New Zealand,23,78,3,0,0,0,0,19,3,37,Away Win
3484,2022-09-03,Fiji Rugby,Japan Brave Blossoms,"Principality Stadium, Cardiff",Pacific Nations Cup,7,39,34,5,5,40,60,0,0,0,0,Noah Smith,Fiji Rugby,Left Wing,Fiji,24,7,0,0,0,0,0,18,4,118,Home Win
3485,2018-07-02,France XV,Georgia Rugby,"Twickenham, London",Rugby World Cup,7,27,71,2,8,48,52,0,0,0,0,Grégoire Jones,Georgia Rugby,Openside Flanker,Georgia,30,15,2,0,0,0,0,20,6,44,Away Win
3486,2015-09-23,Japan Brave Blossoms,England Rugby,"Estadio Jose Amalfitani, Buenos Aires",Six Nations,7,44,18,5,2,56,44,1,0,0,0,Stuart Furlong,Japan Brave Blossoms,Lock,New Zealand,25,39,0,0,0,0,0,16,7,54,Home Win
3487,2024-05-13,Fiji Rugby,Wales Rugby,"Stade de France, Paris",The Rugby Championship,4,23,37,1,5,55,45,0,1,0,0,Cheslin Williams,Fiji Rugby,Outside Centre,Fiji,26,54,1,0,0,0,0,14,2,171,Away Win
3488,2018-12-09,Ireland Rugby,Canada Rugby,"Aviva Stadium, Dublin",Pacific Nations Cup,3,0,49,0,7,41,59,0,1,0,0,Rory Russell,Ireland Rugby,Number 8,New Zealand,27,80,2,0,0,1,0,12,5,39,Away Win
3489,2024-08-19,Italy Rugby,Romania Rugby,"Stadio Olimpico, Rome",Pacific Nations Cup,1,29,20,3,2,52,48,0,0,0,0,Sam van der Merwe,Romania Rugby,Lock,France,19,87,2,0,0,0,0,18,3,44,Home Win
3490,2021-03-14,Scotland Rugby,Italy Rugby,"Apia Park, Samoa",The Rugby Championship,4,46,60,7,7,59,41,0,0,0,0,Antoine Taylor,Italy Rugby,Inside Centre,Italy,26,16,3,0,0,0,0,19,3,172,Away Win
3491,2022-07-20,Spain Rugby,Japan Brave Blossoms,"ANZ National Stadium, Suva",Six Nations,3,27,53,5,7,63,37,0,0,0,0,Josh Jones,Spain Rugby,Lock,Spain,24,75,0,0,0,0,0,0,2,87,Away Win
3492,2019-05-19,France XV,Australia Wallabies,"Murrayfield, Edinburgh",Autumn Internationals,8,23,40,2,6,65,35,1,1,0,0,Conor Kolbe,France XV,Fullback,Ivory Coast,25,2,2,0,2,0,0,4,4,107,Away Win
3493,2023-06-10,Scotland Rugby,France XV,"Stade de France, Paris",Rugby Europe Championship,8,55,20,8,2,60,40,0,0,0,0,Cheslin Johnson,Scotland Rugby,Hooker,Australia,32,38,2,0,0,0,0,,5,122,Home Win
3494,2018-03-25,France XV,Fiji Rugby,"Eden Park, Auckland",The Rugby Championship,5,49,49,8,8,65,35,2,0,0,0,William Furlong,Fiji Rugby,Blindside Flanker,Fiji,21,105,0,0,0,0,0,4,8,100,Draw
3495,2019-03-06,Samoa Rugby,Fiji Rugby,"Apia Park, Samoa",Pacific Nations Cup,4,30,37,2,4,55,45,0,0,0,0,Mason Itoje,Fiji Rugby,Scrum-half,Fiji,30,73,1,0,0,0,0,10,6,46,Away Win
3496,2020-02-04,Scotland Rugby,Spain Rugby,"Principality Stadium, Cardiff",Autumn Internationals,4,67,29,7,4,62,38,0,0,0,0,Cian Hogg,Spain Rugby,Fly-half,Spain,25,,1,5,2,1,0,17,4,52,Home Win
3497,2017-08-11,New Zealand All Blacks,Australia Wallabies,"Ellis Park, Johannesburg",The Rugby Championship,6,33,16,5,2,56,44,0,1,0,0,Romain Barrett,Australia Wallabies,Number 8,Fiji,25,13,0,0,0,0,0,19,6,69,Home Win
3498,2016-03-19,England Rugby,Ireland Rugby,"Ellis Park, Johannesburg",Pacific Nations Cup,8,32,14,4,2,63,37,0,2,0,0,Romain Curry,Ireland Rugby,Loosehead Prop,South Africa,30,30,0,0,0,0,0,3,7,27,Home Win
3499,2016-10-02,Spain Rugby,Ireland Rugby,"Stade de France, Paris",World Rugby U20 Championship,3,60,49,8,7,51,49,0,0,0,0,Jamie Furlong,Ireland Rugby,Scrum-half,South Africa,28,9,2,0,0,0,0,5,0,179,Home Win
3500,2021-03-03,England Rugby,New Zealand All Blacks,"Twickenham, London",Pacific Nations Cup,2,42,33,6,4,42,58,0,0,0,0,Liam Barrett,England Rugby,Hooker,New Zealand,29,15,3,0,0,0,0,1,1,103,Home Win
3501,2020-04-17,Fiji Rugby,Samoa Rugby,"Mikheil Meskhi Stadium, Tbilisi",Rugby Europe Championship,2,12,12,0,0,46,54,0,0,0,0,Kieran Russell,Samoa Rugby,Blindside Flanker,New Zealand,,108,2,0,0,0,0,2,4,58,Draw
3502,2019-07-22,Ireland Rugby,USA Eagles,"Stadio Olimpico, Rome",World Rugby U20 Championship,7,24,13,2,1,46,54,0,0,0,0,Jamie Brown,USA Eagles,Number 8,South Africa,,50,1,0,0,0,0,19,6,70,Home Win
3503,2019-06-20,South Africa Springboks,Italy Rugby,"Stadio Olimpico, Rome",Rugby Europe Championship,7,36,17,3,1,64,36,0,2,0,0,Pieter Brown,South Africa Springboks,Fly-half,South Africa,24,56,0,4,2,0,0,10,0,85,Home Win
3504,2018-09-02,Uruguay Rugby,Fiji Rugby,,Pacific Nations Cup,2,41,68,5,8,36,64,1,0,0,0,Lucas Doris,Fiji Rugby,Right Wing,Fiji,22,6,3,0,0,0,0,5,3,173,Away Win
3505,2022-04-28,Wales Rugby,Argentina Pumas,"Stadio Olimpico, Rome",Six Nations,7,3,68,0,8,49,51,1,1,0,0,Charles Itoje,Argentina Pumas,Lock,Argentina,23,87,3,0,0,0,0,,,97,Away Win
3506,2023-11-23,Canada Rugby,Samoa Rugby,"Aviva Stadium, Dublin",Rugby World Cup,7,43,22,5,1,41,59,0,0,0,0,Taulupe Curry,Canada Rugby,Scrum-half,Canada,38,80,1,0,0,0,0,1,4,47,Home Win
3507,2021-10-10,Spain Rugby,Samoa Rugby,"Apia Park, Samoa",The Rugby Championship,8,24,19,4,1,50,50,0,0,0,0,Cian Ntamack,Samoa Rugby,Blindside Flanker,New Zealand,31,75,1,0,0,0,0,3,3,75,Home Win
3508,2018-06-08,Canada Rugby,Georgia Rugby,"ANZ National Stadium, Suva",Pacific Nations Cup,5,25,14,1,1,61,39,0,0,0,0,Finn Hogg,Georgia Rugby,Blindside Flanker,Georgia,21,61,2,0,0,0,0,3,6,71,Home Win
3509,2018-10-18,Japan Brave Blossoms,Wales Rugby,"National Stadium, Tokyo",World Rugby U20 Championship,1,6,53,0,7,42,58,0,0,0,0,Conor Curry,Wales Rugby,Tighthead Prop,Wales,21,115,0,0,0,0,0,6,6,129,Away Win
3510,2019-02-13,New Zealand All Blacks,Georgia Rugby,"Stadio Olimpico, Rome",Autumn Internationals,2,30,38,3,5,60,40,0,0,0,0,Taulupe Kolbe,New Zealand All Blacks,Right Wing,New Zealand,28,12,3,0,0,0,0,9,5,61,Away Win
3511,2017-11-13,Georgia Rugby,Uruguay Rugby,"Murrayfield, Edinburgh",Pacific Nations Cup,6,12,31,0,3,54,46,2,0,0,0,Pieter Lowe,Uruguay Rugby,Number 8,Argentina,29,86,2,0,0,0,0,17,7,,Away Win
3512,2017-12-08,Spain Rugby,South Africa Springboks,"Apia Park, Samoa",Autumn Internationals,1,16,37,2,4,38,62,1,0,0,0,Hamish Faletau,Spain Rugby,Number 8,Argentina,29,99,0,0,0,0,0,13,6,142,Away Win
3513,2019-11-05,France XV,Romania Rugby,"Stadium Australia, Sydney",World Rugby U20 Championship,3,48,24,6,4,50,50,0,0,0,0,Finn Itoje,Romania Rugby,Tighthead Prop,France,25,118,0,0,0,0,0,1,7,87,Home Win
3514,2022-03-01,South Africa Springboks,England Rugby,"Stade de France, Paris",Six Nations,3,53,68,5,8,49,51,1,0,0,0,Ethan Brown,England Rugby,Blindside Flanker,,26,61,2,0,0,0,0,16,6,140,Away Win
3515,2024-03-03,France XV,Italy Rugby,"Murrayfield, Edinburgh",Autumn Internationals,7,58,43,7,7,54,46,1,1,0,0,Hugo Russell,Italy Rugby,Scrum-half,Italy,28,83,2,0,0,0,0,2,7,9,Home Win
3516,2019-04-28,Fiji Rugby,Romania Rugby,"Apia Park, Samoa",Rugby World Cup,2,29,16,3,1,63,37,0,2,1,0,Ethan Ntamack,Fiji Rugby,Inside Centre,Fiji,,15,2,0,0,0,0,8,,29,Home Win
3517,2018-08-23,Georgia Rugby,Italy Rugby,"ANZ National Stadium, Suva",Pacific Nations Cup,7,32,50,2,8,35,65,0,0,0,1,Conor Furlong,Italy Rugby,Left Wing,Italy,18,9,2,0,0,0,0,18,1,,Away Win
3518,2019-08-11,Romania Rugby,USA Eagles,"National Stadium, Tokyo",The Rugby Championship,2,59,42,8,6,43,57,0,1,0,0,Antoine Smith,USA Eagles,Loosehead Prop,,26,44,1,0,0,0,0,18,7,75,Home Win
3519,2022-08-08,Wales Rugby,Tonga Rugby,"National Stadium, Tokyo",Rugby Europe Championship,8,51,33,8,3,55,45,0,0,0,0,Grégoire Brown,Wales Rugby,Hooker,Wales,23,8,1,0,0,0,0,4,6,87,Home Win
3520,2020-01-09,Ireland Rugby,New Zealand All Blacks,"Apia Park, Samoa",Autumn Internationals,6,52,70,7,8,58,42,1,0,0,0,Beauden Jones,Ireland Rugby,Hooker,South Africa,27,30,1,0,0,0,0,7,3,144,Away Win
3521,2015-09-13,Argentina Pumas,Australia Wallabies,"Murrayfield, Edinburgh",World Rugby U20 Championship,6,15,23,0,1,63,37,0,0,0,0,Sean Johnson,Argentina Pumas,Number 8,Argentina,38,54,1,0,0,0,0,16,5,19,Away Win
3522,2019-04-23,Scotland Rugby,Canada Rugby,"Mikheil Meskhi Stadium, Tbilisi",Autumn Internationals,7,20,19,1,1,62,38,0,1,0,0,Siya Smith,Canada Rugby,Tighthead Prop,New Zealand,,81,3,0,0,0,0,19,8,154,Home Win
3523,2024-04-24,Fiji Rugby,Romania Rugby,"Stadio Olimpico, Rome",Rugby World Cup,3,22,0,1,0,51,49,1,2,0,0,Richie Dupont,Fiji Rugby,Openside Flanker,Fiji,25,32,2,0,0,0,0,7,7,42,Home Win
3524,2015-03-05,France XV,Georgia Rugby,"Twickenham, London",Autumn Internationals,5,27,14,2,1,49,51,1,1,0,0,Hamish Doris,France XV,Lock,Ivory Coast,30,22,2,0,0,0,0,2,3,173,Home Win
3525,2017-05-01,Italy Rugby,Argentina Pumas,"Stadio Olimpico, Rome",Rugby World Cup,2,51,24,7,4,44,56,0,2,0,0,Antoine Russell,Italy Rugby,Fullback,Italy,28,6,3,0,3,0,0,16,0,174,Home Win
3526,2023-11-10,Japan Brave Blossoms,New Zealand All Blacks,"Murrayfield, Edinburgh",Rugby Europe Championship,8,14,6,1,0,58,42,0,0,0,0,Justin Brown,New Zealand All Blacks,Hooker,New Zealand,28,56,2,0,0,0,0,9,8,49,Home Win
3527,2015-08-06,Tonga Rugby,Wales Rugby,"Apia Park, Samoa",Pacific Nations Cup,8,27,52,2,7,38,62,1,0,0,0,William van der Merwe,Tonga Rugby,Lock,Tonga,29,32,3,0,0,0,0,5,7,72,Away Win
3528,2024-07-28,Tonga Rugby,Scotland Rugby,"ANZ National Stadium, Suva",Six Nations,3,50,39,6,6,47,53,1,0,1,0,Siya Doris,Scotland Rugby,Inside Centre,Scotland,35,80,2,0,0,0,0,14,4,136,Home Win
3529,2020-11-14,Japan Brave Blossoms,Canada Rugby,"Aviva Stadium, Dublin",World Rugby U20 Championship,4,0,62,0,8,45,55,0,0,0,0,Malcolm Carbery,Japan Brave Blossoms,Tighthead Prop,Australia,22,55,2,0,0,0,0,11,5,81,Away Win
3530,2024-07-02,South Africa Springboks,Samoa Rugby,"Stadium Australia, Sydney",Six Nations,7,56,19,7,1,58,42,1,0,0,0,Richie Hogg,South Africa Springboks,Hooker,South Africa,28,20,2,0,0,0,0,,5,,Home Win
3531,2017-05-21,Ireland Rugby,New Zealand All Blacks,"ANZ National Stadium, Suva",Rugby World Cup,1,40,20,5,3,53,47,1,0,0,0,Rory Curry,Ireland Rugby,Tighthead Prop,New Zealand,23,45,3,0,0,0,0,16,1,150,Home Win
3532,2022-07-09,France XV,Ireland Rugby,"Stade de France, Paris",World Rugby U20 Championship,7,3,40,0,6,49,51,0,0,0,0,Grégoire Carbery,France XV,Right Wing,Ivory Coast,29,22,2,0,0,0,0,3,3,34,Away Win
3533,2021-08-10,New Zealand All Blacks,Tonga Rugby,"Ellis Park, Johannesburg",Rugby Europe Championship,3,20,25,4,3,43,57,0,0,0,0,Hamish Curry,New Zealand All Blacks,Inside Centre,New Zealand,23,42,3,0,0,0,0,1,4,24,Away Win
3534,2021-11-18,Spain Rugby,Italy Rugby,"Twickenham, London",Pacific Nations Cup,3,38,36,7,3,61,39,0,0,0,0,Beauden Hogg,Italy Rugby,Blindside Flanker,Italy,25,101,3,0,0,0,0,20,0,163,Home Win
3535,2020-06-07,South Africa Springboks,Canada Rugby,"Apia Park, Samoa",Rugby World Cup,7,33,35,6,5,61,39,0,0,0,0,Grégoire van der Merwe,South Africa Springboks,Number 8,South Africa,25,12,3,0,0,0,0,8,8,39,Away Win
3536,2020-08-11,Uruguay Rugby,Ireland Rugby,"Twickenham, London",Six Nations,7,24,32,2,5,38,62,0,1,0,0,Henry Brown,Uruguay Rugby,Number 8,Uruguay,30,77,3,0,0,0,0,9,5,15,Away Win
3537,2015-02-11,Canada Rugby,South Africa Springboks,"Mikheil Meskhi Stadium, Tbilisi",Autumn Internationals,4,14,26,1,4,56,44,0,0,1,0,Beauden Curry,Canada Rugby,Lock,New Zealand,30,41,2,0,0,0,0,2,0,31,Away Win
3538,2020-04-08,Ireland Rugby,USA Eagles,"Stade de France, Paris",Rugby Europe Championship,6,54,30,6,5,53,47,0,0,1,0,Finn Doris,USA Eagles,Fly-half,New Zealand,22,50,1,1,4,0,0,5,6,150,Home Win
3539,2018-09-21,Scotland Rugby,Wales Rugby,"Ellis Park, Johannesburg",World Rugby U20 Championship,7,47,34,7,5,57,43,0,0,0,0,Rory Dupont,Scotland Rugby,Lock,Australia,27,51,3,0,0,0,0,4,8,145,Home Win
3540,2017-06-13,England Rugby,South Africa Springboks,"ANZ National Stadium, Suva",World Rugby U20 Championship,3,49,48,7,6,48,52,0,0,0,0,Hugo Watson,England Rugby,Blindside Flanker,England,24,35,0,0,0,0,0,1,,162,Home Win
3541,2019-08-19,Japan Brave Blossoms,Fiji Rugby,"Stadio Olimpico, Rome",Six Nations,8,12,26,0,2,65,35,0,0,0,0,Rory Lowe,Fiji Rugby,Left Wing,Fiji,21,118,1,0,0,0,0,17,6,88,Away Win
3542,2015-01-02,USA Eagles,New Zealand All Blacks,"Stade de France, Paris",World Rugby U20 Championship,2,3,46,0,7,55,45,0,0,0,0,Josh Jones,USA Eagles,Number 8,USA,26,86,1,0,0,0,0,9,4,115,Away Win
3543,2021-04-21,Scotland Rugby,Romania Rugby,"Ellis Park, Johannesburg",Pacific Nations Cup,7,25,42,3,4,44,56,1,0,0,0,Richie Smith,Scotland Rugby,Number 8,New Zealand,,15,1,0,0,0,0,19,7,145,Away Win
3544,2015-11-08,Argentina Pumas,Samoa Rugby,"Apia Park, Samoa",Six Nations,2,30,27,5,2,57,43,0,1,0,0,Alun Furlong,Argentina Pumas,Lock,Argentina,36,78,1,0,0,0,0,1,0,24,Home Win
3545,2022-08-21,Argentina Pumas,Italy Rugby,"Mikheil Meskhi Stadium, Tbilisi",World Rugby U20 Championship,6,32,54,2,6,65,35,1,0,0,0,Benjamin van der Merwe,Italy Rugby,Outside Centre,Argentina,28,41,2,0,0,0,0,18,1,151,Away Win
3546,2015-11-01,England Rugby,USA Eagles,"Ellis Park, Johannesburg",The Rugby Championship,2,41,64,7,7,43,57,0,0,1,1,Hugo Carbery,England Rugby,Inside Centre,England,21,28,0,0,0,0,0,11,6,,Away Win
3547,2020-10-27,Ireland Rugby,Canada Rugby,"Stadium Australia, Sydney",Six Nations,6,27,10,2,2,60,40,0,0,0,0,Sean Johnson,Canada Rugby,Left Wing,New Zealand,24,77,0,0,0,0,0,15,8,9,Home Win
3548,2023-12-24,Georgia Rugby,Canada Rugby,"Teufaiva Stadium, Tonga",The Rugby Championship,6,28,12,3,0,56,44,0,0,0,0,Kieran de Klerk,Canada Rugby,Outside Centre,New Zealand,31,,1,0,0,0,0,16,7,106,Home Win
3549,2019-11-05,Italy Rugby,Japan Brave Blossoms,"Apia Park, Samoa",Six Nations,8,6,23,0,1,63,37,0,0,0,0,Alun Dupont,Italy Rugby,Number 8,South Africa,35,110,3,0,0,0,0,11,8,115,Away Win
3550,2021-03-12,Australia Wallabies,Argentina Pumas,"Stade de France, Paris",,7,21,15,3,0,55,45,0,0,0,0,Josh Jones,Argentina Pumas,Fullback,Argentina,20,32,1,0,1,0,0,18,5,136,Home Win
3551,2016-12-10,South Africa Springboks,USA Eagles,,Rugby Europe Championship,7,12,16,0,1,40,60,0,0,0,0,Sean Smith,South Africa Springboks,Fullback,South Africa,19,113,1,0,0,0,0,3,6,136,Away Win
3552,2018-12-05,Tonga Rugby,Argentina Pumas,"Principality Stadium, Cardiff",Rugby Europe Championship,4,8,36,1,4,39,61,0,0,0,0,Faf Kolbe,Argentina Pumas,Scrum-half,Argentina,34,39,0,0,0,0,0,9,,153,Away Win
3553,2016-04-21,Wales Rugby,France XV,"Apia Park, Samoa",Rugby Europe Championship,1,42,21,6,3,59,41,0,1,0,0,Kieran Watson,France XV,Blindside Flanker,France,,17,1,0,0,0,0,7,0,,Home Win
3554,2018-05-24,Uruguay Rugby,USA Eagles,"Stadium Australia, Sydney",Autumn Internationals,4,39,41,4,6,50,50,0,0,0,0,Benjamin Lowe,Uruguay Rugby,Fly-half,Argentina,23,16,3,3,1,0,0,0,6,42,Away Win
3555,2024-07-13,Samoa Rugby,Wales Rugby,"Mikheil Meskhi Stadium, Tbilisi",Rugby World Cup,7,15,20,0,4,52,48,0,1,1,0,Callum Curry,Wales Rugby,Scrum-half,New Zealand,29,107,2,0,0,0,0,19,1,60,Away Win
3556,2024-04-17,France XV,New Zealand All Blacks,"Teufaiva Stadium, Tonga",Pacific Nations Cup,3,39,45,5,6,42,58,0,0,1,0,Finn Faletau,France XV,Fullback,France,18,21,1,0,1,0,0,3,1,169,Away Win
3557,2017-02-28,New Zealand All Blacks,Uruguay Rugby,"Ellis Park, Johannesburg",Rugby Europe Championship,2,32,40,2,5,64,36,1,0,0,0,Henry Barrett,Uruguay Rugby,Fly-half,Uruguay,27,25,2,1,0,0,0,12,3,54,Away Win
3558,2017-08-27,Tonga Rugby,France XV,"Mikheil Meskhi Stadium, Tbilisi",Rugby Europe Championship,7,35,20,5,1,61,39,1,0,0,0,Conor Williams,Tonga Rugby,Scrum-half,Tonga,28,9,1,0,0,0,0,1,6,98,Home Win
3559,2024-04-09,USA Eagles,Canada Rugby,"Murrayfield, Edinburgh",Autumn Internationals,4,20,0,1,0,47,53,0,0,0,0,Owen Jones,Canada Rugby,Openside Flanker,Canada,30,15,1,0,0,0,0,11,1,148,Home Win
3560,2024-09-01,Fiji Rugby,South Africa Springboks,"Ellis Park, Johannesburg",Autumn Internationals,1,39,52,5,6,58,42,0,0,0,0,Henry de Klerk,South Africa Springboks,Left Wing,South Africa,22,27,2,0,0,0,0,8,5,31,Away Win
3561,2024-08-27,Canada Rugby,Tonga Rugby,"ANZ National Stadium, Suva",The Rugby Championship,5,29,12,3,0,65,35,0,0,0,0,Josh Dupont,Tonga Rugby,Hooker,Tonga,27,22,0,0,0,0,0,16,3,79,Home Win
3562,2019-11-14,Australia Wallabies,England Rugby,"Eden Park, Auckland",Autumn Internationals,8,59,19,8,1,57,43,0,1,0,0,Charles Itoje,England Rugby,Loosehead Prop,South Africa,23,44,2,0,0,0,0,8,5,54,Home Win
3563,2017-11-07,Canada Rugby,Argentina Pumas,"Stadio Olimpico, Rome",Autumn Internationals,5,15,31,0,5,60,40,0,0,0,0,Romain Brown,Canada Rugby,Lock,Canada,28,67,0,0,0,0,0,1,2,139,Away Win
3564,2020-03-05,Ireland Rugby,Spain Rugby,"Apia Park, Samoa",Rugby Europe Championship,5,19,27,2,3,57,43,0,0,0,0,Owen Itoje,Spain Rugby,Fly-half,Spain,23,109,0,3,1,0,0,,1,32,Away Win
3565,2022-12-12,France XV,Tonga Rugby,,Pacific Nations Cup,5,68,63,8,7,55,45,0,1,0,0,Jamie Lowe,France XV,Left Wing,France,25,29,3,0,0,0,0,7,1,58,Home Win
3566,2019-05-26,Fiji Rugby,New Zealand All Blacks,"Mikheil Meskhi Stadium, Tbilisi",Rugby Europe Championship,7,9,20,0,1,41,59,0,0,0,0,Jamie Caelan,Fiji Rugby,Left Wing,Fiji,23,69,1,0,0,0,0,1,7,49,Away Win
3567,2015-03-09,France XV,Japan Brave Blossoms,"National Stadium, Tokyo",Pacific Nations Cup,4,38,30,4,2,38,62,0,0,0,0,Faf Henshaw,Japan Brave Blossoms,Fullback,Japan,29,105,1,0,3,0,0,11,2,92,Home Win
3568,2022-07-06,Romania Rugby,Fiji Rugby,"Aviva Stadium, Dublin",Rugby Europe Championship,3,51,44,8,6,40,60,0,0,0,0,Kieran Faletau,Fiji Rugby,Tighthead Prop,Fiji,30,35,2,0,0,0,0,9,3,20,Home Win
3569,2015-09-14,Italy Rugby,England Rugby,"Twickenham, London",Six Nations,7,33,25,5,1,58,42,0,0,0,0,Cheslin Curry,Italy Rugby,Left Wing,South Africa,26,20,3,0,0,1,0,7,3,141,Home Win
3570,2020-11-24,France XV,Samoa Rugby,"Apia Park, Samoa",Six Nations,5,46,47,6,7,49,51,2,0,0,0,Romain Williams,Samoa Rugby,Hooker,New Zealand,27,118,1,0,0,0,0,3,5,160,Away Win
3571,2017-09-21,Canada Rugby,Georgia Rugby,"Aviva Stadium, Dublin",Rugby World Cup,2,15,49,0,6,43,57,1,0,0,0,Kieran Jones,Georgia Rugby,Fullback,Georgia,21,92,0,0,4,0,0,17,5,101,Away Win
3572,2020-11-08,USA Eagles,New Zealand All Blacks,"Aviva Stadium, Dublin",Autumn Internationals,6,15,19,0,3,62,38,1,0,0,0,Hamish Watson,USA Eagles,Outside Centre,USA,25,88,2,0,0,0,0,5,3,162,Away Win
3573,2021-01-17,Romania Rugby,Fiji Rugby,"National Stadium, Tokyo",,8,28,43,3,6,43,57,0,0,0,0,Jamie Porter,Fiji Rugby,Fullback,Fiji,26,75,0,0,0,0,0,20,,90,Away Win
3574,2019-01-08,Samoa Rugby,Canada Rugby,"ANZ National Stadium, Suva",World Rugby U20 Championship,5,43,25,4,1,57,43,1,0,0,0,Callum Dupont,Canada Rugby,Lock,Canada,37,33,1,0,0,0,0,1,5,133,Home Win
3575,2015-09-20,Argentina Pumas,New Zealand All Blacks,"Apia Park, Samoa",Six Nations,8,48,51,5,5,47,53,1,1,0,0,Noah Faletau,New Zealand All Blacks,Number 8,New Zealand,22,25,3,0,0,0,0,17,7,164,Away Win
3576,2020-09-10,Argentina Pumas,Samoa Rugby,"Mikheil Meskhi Stadium, Tbilisi",Pacific Nations Cup,2,16,33,1,6,55,45,0,1,0,0,Beauden Barrett,Argentina Pumas,Hooker,Argentina,32,46,0,0,0,0,0,,1,162,Away Win
3577,2023-04-27,Tonga Rugby,England Rugby,"Eden Park, Auckland",Six Nations,7,14,74,2,8,62,38,0,0,0,0,James Watson,England Rugby,Scrum-half,England,30,109,1,0,0,0,0,19,3,19,Away Win
3578,2020-10-23,Australia Wallabies,Ireland Rugby,"Ellis Park, Johannesburg",Autumn Internationals,4,34,28,3,4,40,60,0,0,0,0,Jamie Hogg,Australia Wallabies,Lock,Australia,28,16,0,0,0,0,0,,0,175,Home Win
3579,2023-12-01,Japan Brave Blossoms,Wales Rugby,"Murrayfield, Edinburgh",The Rugby Championship,6,39,15,4,0,45,55,0,1,0,0,Faf Smith,Wales Rugby,Number 8,New Zealand,34,22,1,0,0,0,0,8,1,156,Home Win
3580,2016-05-18,Fiji Rugby,Scotland Rugby,"Teufaiva Stadium, Tonga",Rugby Europe Championship,1,58,14,8,1,39,61,0,0,0,0,Finn Furlong,Scotland Rugby,Lock,Scotland,28,117,0,0,0,0,0,19,0,99,Home Win
3581,2019-05-03,France XV,USA Eagles,"Apia Park, Samoa",Rugby World Cup,8,0,56,0,7,52,48,1,0,0,0,Sam Watson,France XV,Scrum-half,,28,67,1,0,0,0,0,8,3,70,Away Win
3582,2016-03-15,New Zealand All Blacks,Tonga Rugby,"Ellis Park, Johannesburg",Pacific Nations Cup,2,18,57,0,8,45,55,1,0,0,0,Mason Barrett,Tonga Rugby,Lock,New Zealand,26,28,0,0,0,0,0,7,2,89,Away Win
3583,2019-05-15,France XV,Tonga Rugby,"National Stadium, Tokyo",World Rugby U20 Championship,6,71,7,8,1,38,62,0,0,0,0,William Faletau,France XV,Fullback,France,31,25,2,0,3,0,0,12,5,64,Home Win
3584,2022-11-14,Wales Rugby,France XV,"ANZ National Stadium, Suva",World Rugby U20 Championship,2,41,30,7,3,37,63,0,1,0,1,Charles Russell,Wales Rugby,Fly-half,New Zealand,31,116,2,4,3,0,0,1,7,158,Home Win
3585,2015-02-14,Wales Rugby,Japan Brave Blossoms,"Principality Stadium, Cardiff",Six Nations,4,23,26,1,3,41,59,0,0,0,0,Justin Russell,Wales Rugby,Lock,New Zealand,24,84,2,0,0,0,0,4,4,16,Away Win
3586,2015-05-14,Canada Rugby,Georgia Rugby,"Apia Park, Samoa",Rugby Europe Championship,5,12,0,0,0,41,59,0,0,0,0,Mason Brown,Canada Rugby,Right Wing,New Zealand,21,50,1,0,0,0,0,13,1,90,Home Win
3587,2016-07-26,Scotland Rugby,New Zealand All Blacks,"National Stadium, Tokyo",World Rugby U20 Championship,5,51,29,5,2,48,52,0,0,0,0,Benjamin Ntamack,New Zealand All Blacks,Fly-half,New Zealand,26,22,3,4,0,1,0,5,6,157,Home Win
3588,2019-07-08,Romania Rugby,South Africa Springboks,"Stadio Olimpico, Rome",World Rugby U20 Championship,7,26,34,4,3,54,46,1,1,0,0,Lucas Dupont,South Africa Springboks,Number 8,South Africa,23,50,0,0,0,0,0,,0,23,Away Win
3589,2024-09-06,South Africa Springboks,New Zealand All Blacks,"Apia Park, Samoa",World Rugby U20 Championship,6,28,23,3,3,64,36,1,0,0,0,Finn Carbery,South Africa Springboks,Lock,South Africa,26,50,2,0,0,0,0,13,7,178,Home Win
3590,2019-10-10,Samoa Rugby,Uruguay Rugby,"Stadium Australia, Sydney",Six Nations,3,51,3,5,0,65,35,2,0,0,0,Hugo Barrett,Samoa Rugby,Blindside Flanker,Samoa,31,45,3,0,0,0,0,19,8,157,Home Win
3591,2018-10-28,Canada Rugby,Tonga Rugby,"Stadio Olimpico, Rome",World Rugby U20 Championship,5,9,30,0,5,51,49,0,0,0,0,Liam Kolbe,Canada Rugby,Inside Centre,New Zealand,25,120,3,0,0,0,0,20,7,118,Away Win
3592,2017-09-17,South Africa Springboks,England Rugby,"ANZ National Stadium, Suva",Rugby World Cup,8,23,15,3,3,44,56,0,0,1,1,Sean Faletau,South Africa Springboks,Blindside Flanker,South Africa,26,21,1,0,0,0,0,10,7,81,Home Win
3593,2022-08-06,Australia Wallabies,Argentina Pumas,"Eden Park, Auckland",,4,19,25,3,4,54,46,0,0,0,0,Henry Kolbe,Argentina Pumas,Fly-half,Argentina,27,45,0,1,4,1,0,6,6,100,Away Win
3594,2022-11-06,Tonga Rugby,Georgia Rugby,"Ellis Park, Johannesburg",Autumn Internationals,3,42,46,5,6,52,48,0,0,0,0,William Jones,Tonga Rugby,Blindside Flanker,New Zealand,30,86,3,0,0,0,0,10,2,128,Away Win
3595,2016-01-14,New Zealand All Blacks,Tonga Rugby,"Stadium Australia, Sydney",Autumn Internationals,7,48,23,7,3,46,54,1,1,0,0,Lucas Taylor,New Zealand All Blacks,Fly-half,New Zealand,18,83,1,0,2,0,0,0,0,86,Home Win
3596,2020-12-15,Argentina Pumas,Italy Rugby,"Aviva Stadium, Dublin",Pacific Nations Cup,2,46,46,6,4,61,39,1,1,0,0,Callum Dupont,Argentina Pumas,Openside Flanker,Argentina,24,2,1,0,0,0,0,8,6,46,Draw
3597,2024-04-01,Spain Rugby,Argentina Pumas,"Stadium Australia, Sydney",World Rugby U20 Championship,6,27,26,3,4,48,52,0,0,0,0,Hugo Itoje,Argentina Pumas,Outside Centre,Argentina,27,,1,0,0,0,0,11,7,69,Home Win
3598,2018-12-01,Italy Rugby,Samoa Rugby,"Murrayfield, Edinburgh",World Rugby U20 Championship,3,12,33,2,5,49,51,2,1,0,0,Faf Itoje,Samoa Rugby,Fly-half,New Zealand,31,54,2,0,1,0,0,16,8,,Away Win
3599,2015-03-18,Tonga Rugby,Ireland Rugby,"ANZ National Stadium, Suva",Rugby Europe Championship,4,42,30,5,2,56,44,0,0,1,0,Justin Furlong,Tonga Rugby,Lock,New Zealand,25,16,3,0,0,0,0,14,6,142,Home Win
3600,2018-06-02,Ireland Rugby,New Zealand All Blacks,"Estadio Jose Amalfitani, Buenos Aires",Six Nations,7,49,48,8,6,43,57,0,1,0,0,Josh Henshaw,Ireland Rugby,Left Wing,New Zealand,19,103,1,0,0,0,0,0,0,165,Home Win
3601,2017-05-18,Georgia Rugby,Tonga Rugby,"Principality Stadium, Cardiff",The Rugby Championship,5,50,22,8,1,62,38,0,0,0,0,Kieran Smith,Tonga Rugby,Openside Flanker,Tonga,29,118,1,0,0,0,0,6,2,57,Home Win
3602,2022-11-10,Canada Rugby,Italy Rugby,"Ellis Park, Johannesburg",World Rugby U20 Championship,8,13,43,1,4,54,46,0,0,0,0,Josh de Klerk,Italy Rugby,Blindside Flanker,South Africa,24,71,3,0,0,0,0,5,4,128,Away Win
3603,2019-10-24,South Africa Springboks,Japan Brave Blossoms,"Estadio Jose Amalfitani, Buenos Aires",Rugby World Cup,6,59,20,8,1,51,49,0,1,0,0,Noah Smith,Japan Brave Blossoms,Scrum-half,South Africa,22,54,0,0,0,0,0,9,0,55,Home Win
3604,2022-08-14,Fiji Rugby,France XV,"National Stadium, Tokyo",Pacific Nations Cup,4,43,49,6,7,35,65,1,0,0,0,Ethan de Klerk,France XV,Loosehead Prop,Senegal,24,16,1,0,0,0,0,6,1,94,Away Win
3605,2019-12-12,Australia Wallabies,Japan Brave Blossoms,"Twickenham, London",Rugby World Cup,2,26,62,4,8,52,48,0,0,0,0,Romain Watson,Japan Brave Blossoms,Blindside Flanker,Japan,26,2,2,0,0,0,0,7,5,65,Away Win
3606,2021-06-21,Georgia Rugby,Argentina Pumas,"Stadio Olimpico, Rome",The Rugby Championship,5,70,15,8,0,60,40,0,0,0,0,Noah Russell,Georgia Rugby,Loosehead Prop,Georgia,24,24,3,0,0,1,0,14,2,,Home Win
3607,2024-08-01,Fiji Rugby,New Zealand All Blacks,"Murrayfield, Edinburgh",World Rugby U20 Championship,3,32,54,4,8,44,56,0,0,0,0,Finn de Klerk,New Zealand All Blacks,Left Wing,New Zealand,18,70,3,0,0,1,0,13,4,,Away Win
3608,2016-06-21,Samoa Rugby,South Africa Springboks,"Mikheil Meskhi Stadium, Tbilisi",Six Nations,5,62,43,8,4,56,44,0,2,0,0,Jamie Smith,Samoa Rugby,Fly-half,,30,4,3,0,3,0,0,5,8,9,Home Win
3609,2023-09-07,France XV,Fiji Rugby,"Murrayfield, Edinburgh",Autumn Internationals,4,35,48,5,6,63,37,0,1,0,0,Liam Faletau,France XV,Fly-half,France,32,7,2,0,1,0,1,6,5,146,Away Win
3610,2018-08-16,Scotland Rugby,Romania Rugby,"National Stadium, Tokyo",Six Nations,6,44,36,7,4,41,59,1,0,0,0,Justin Itoje,Scotland Rugby,Blindside Flanker,Australia,29,90,1,0,0,0,0,16,0,10,Home Win
3611,2023-05-27,New Zealand All Blacks,Japan Brave Blossoms,"National Stadium, Tokyo",The Rugby Championship,2,19,9,1,0,60,40,0,0,0,0,Josh Itoje,Japan Brave Blossoms,Openside Flanker,Japan,22,60,3,0,0,0,0,3,6,42,Home Win
3612,2018-09-02,Argentina Pumas,Japan Brave Blossoms,"Murrayfield, Edinburgh",Autumn Internationals,5,32,18,4,2,61,39,1,0,0,0,Charles Ntamack,Japan Brave Blossoms,Lock,South Africa,26,84,0,0,0,0,0,15,5,133,Home Win
3613,2021-10-23,Uruguay Rugby,England Rugby,"Aviva Stadium, Dublin",The Rugby Championship,5,23,40,2,4,48,52,2,0,0,0,Josh de Klerk,Uruguay Rugby,Blindside Flanker,Uruguay,26,112,0,0,0,0,0,,,154,Away Win
3614,2021-03-12,Spain Rugby,Samoa Rugby,"Teufaiva Stadium, Tonga",Rugby World Cup,6,45,37,7,5,50,50,2,1,0,0,Conor Curry,Samoa Rugby,Number 8,New Zealand,29,55,1,0,0,0,0,14,6,4,Home Win
3615,2020-03-21,Canada Rugby,USA Eagles,"Stade de France, Paris",Pacific Nations Cup,5,16,50,1,6,52,48,0,0,0,0,Charles Watson,Canada Rugby,Hooker,New Zealand,29,30,0,0,0,0,0,0,3,83,Away Win
3616,2018-07-04,Spain Rugby,Australia Wallabies,"Ellis Park, Johannesburg",Rugby Europe Championship,7,61,58,7,7,41,59,0,0,0,0,Oliver Taylor,Spain Rugby,Right Wing,Argentina,24,60,1,0,0,0,0,10,5,146,Home Win
3617,2019-09-07,South Africa Springboks,Wales Rugby,"National Stadium, Tokyo",Pacific Nations Cup,2,27,6,2,0,45,55,1,0,0,0,Hugo Itoje,South Africa Springboks,Tighthead Prop,South Africa,27,93,1,0,0,1,0,11,6,91,Home Win
3618,2015-07-16,Argentina Pumas,France XV,"Stadium Australia, Sydney",Pacific Nations Cup,6,55,51,8,8,65,35,0,0,0,0,Henry Doris,Argentina Pumas,Openside Flanker,Argentina,28,65,0,0,0,0,0,,5,149,Home Win
3619,2019-09-19,Uruguay Rugby,England Rugby,"Mikheil Meskhi Stadium, Tbilisi",Rugby World Cup,1,32,31,4,4,44,56,0,0,0,0,Cheslin Doris,Uruguay Rugby,Right Wing,Argentina,32,20,1,0,0,0,1,18,2,55,Home Win
3620,2024-05-14,Ireland Rugby,Romania Rugby,"Apia Park, Samoa",Rugby Europe Championship,4,18,43,0,5,54,46,0,0,0,0,Sam Hogg,Romania Rugby,Openside Flanker,Romania,29,36,3,0,0,0,0,13,5,145,Away Win
3621,2015-02-04,Australia Wallabies,USA Eagles,"National Stadium, Tokyo",Six Nations,4,42,64,5,7,58,42,1,0,0,0,Sam Johnson,Australia Wallabies,Tighthead Prop,Australia,30,61,0,0,0,1,0,15,0,57,Away Win
3622,2018-08-22,Fiji Rugby,Scotland Rugby,"Mikheil Meskhi Stadium, Tbilisi",Autumn Internationals,6,35,16,3,1,58,42,0,0,0,0,Antoine Faletau,Fiji Rugby,Lock,,27,88,2,0,0,0,0,0,7,172,Home Win
3623,2022-06-22,Australia Wallabies,Samoa Rugby,"Estadio Jose Amalfitani, Buenos Aires",Six Nations,7,40,23,4,2,61,39,0,1,0,0,Liam Smith,Samoa Rugby,Fullback,Samoa,32,62,1,0,0,0,0,12,5,63,Home Win
3624,2019-03-20,Canada Rugby,Italy Rugby,"Mikheil Meskhi Stadium, Tbilisi",The Rugby Championship,4,18,19,2,1,42,58,2,0,0,0,Faf Watson,Italy Rugby,Number 8,Argentina,28,94,3,0,0,0,0,13,8,123,Away Win
3625,2021-03-20,Australia Wallabies,Uruguay Rugby,"Stade de France, Paris",,8,52,18,7,0,65,35,0,0,1,0,Finn Ntamack,Uruguay Rugby,Hooker,Argentina,23,55,1,0,0,0,0,18,1,,Home Win
3626,2020-11-01,Samoa Rugby,New Zealand All Blacks,"Stade de France, Paris",The Rugby Championship,2,56,27,8,3,56,44,1,0,0,0,Ethan Hogg,Samoa Rugby,Outside Centre,Samoa,32,32,1,0,0,0,0,20,0,2,Home Win
3627,2021-02-25,Scotland Rugby,Spain Rugby,"Twickenham, London",The Rugby Championship,3,21,19,2,2,42,58,0,1,0,0,Siya Johnson,Spain Rugby,Lock,Argentina,29,79,0,0,0,0,0,2,3,41,Home Win
3628,2024-03-18,Fiji Rugby,Tonga Rugby,"ANZ National Stadium, Suva",Rugby World Cup,6,25,34,1,5,47,53,1,0,0,0,Ethan Carbery,Tonga Rugby,Loosehead Prop,New Zealand,25,31,2,0,0,0,0,4,8,2,Away Win
3629,2015-01-04,Fiji Rugby,Georgia Rugby,"Eden Park, Auckland",Rugby World Cup,5,34,37,5,4,43,57,1,0,0,0,Rory Taylor,Georgia Rugby,Outside Centre,Georgia,25,73,3,0,0,1,0,17,8,157,Away Win
3630,2015-05-24,Argentina Pumas,Uruguay Rugby,"Stade de France, Paris",Rugby World Cup,3,28,0,4,0,54,46,0,0,0,0,Tadhg Williams,Argentina Pumas,Right Wing,Argentina,28,57,0,0,0,0,0,2,5,72,Home Win
3631,2021-04-07,Canada Rugby,Romania Rugby,"ANZ National Stadium, Suva",Six Nations,1,3,26,0,2,49,51,1,0,0,0,Justin Carbery,Romania Rugby,Hooker,Romania,28,2,0,0,0,1,0,13,,21,Away Win
3632,2016-04-20,Tonga Rugby,Italy Rugby,"Principality Stadium, Cardiff",Rugby World Cup,2,9,46,0,7,44,56,0,0,0,1,Antoine Brown,Italy Rugby,Lock,,27,94,2,0,0,1,0,1,0,131,Away Win
3633,2022-12-06,New Zealand All Blacks,Uruguay Rugby,"Principality Stadium, Cardiff",,2,45,37,5,6,56,44,0,0,0,0,Sean van der Merwe,Uruguay Rugby,Scrum-half,Argentina,,70,1,0,0,0,0,13,3,175,Home Win
3634,2017-09-09,Australia Wallabies,Tonga Rugby,"Stade de France, Paris",Rugby World Cup,3,30,38,5,4,62,38,0,1,0,0,Finn Henshaw,Tonga Rugby,Right Wing,New Zealand,33,26,0,0,0,0,0,14,2,131,Away Win
3635,2016-04-06,Scotland Rugby,England Rugby,"Murrayfield, Edinburgh",Autumn Internationals,4,29,27,4,2,64,36,0,1,0,0,Kieran Taylor,England Rugby,Loosehead Prop,,31,43,3,0,0,0,0,17,4,171,Home Win
3636,2023-02-21,Scotland Rugby,New Zealand All Blacks,"Estadio Jose Amalfitani, Buenos Aires",Rugby Europe Championship,4,22,56,2,8,49,51,0,0,0,1,Antoine Jones,New Zealand All Blacks,Blindside Flanker,New Zealand,27,78,0,0,0,0,0,18,7,35,Away Win
3637,2017-02-02,Spain Rugby,Wales Rugby,"National Stadium, Tokyo",Pacific Nations Cup,6,38,51,5,6,52,48,0,0,0,0,Taulupe Hogg,Spain Rugby,Inside Centre,Argentina,30,100,2,0,0,0,0,3,6,85,Away Win
3638,2019-12-01,Wales Rugby,France XV,"Aviva Stadium, Dublin",Rugby World Cup,6,19,36,3,5,50,50,0,0,0,0,Noah Dupont,Wales Rugby,Scrum-half,Wales,22,22,0,0,0,0,0,14,4,72,Away Win
3639,2019-02-26,Uruguay Rugby,England Rugby,"Stadium Australia, Sydney",Rugby Europe Championship,1,27,36,4,6,38,62,0,1,0,0,Cheslin Lowe,England Rugby,Number 8,England,28,80,0,0,0,0,0,3,1,107,Away Win
3640,2016-11-01,New Zealand All Blacks,Argentina Pumas,"Stadium Australia, Sydney",World Rugby U20 Championship,6,19,26,3,2,56,44,0,0,0,0,Romain Caelan,Argentina Pumas,Openside Flanker,Argentina,34,50,1,0,0,0,0,8,7,68,Away Win
3641,2020-03-14,South Africa Springboks,Scotland Rugby,"Twickenham, London",Rugby World Cup,3,12,32,0,4,43,57,0,0,0,0,Jamie Williams,Scotland Rugby,Tighthead Prop,,26,8,2,0,0,0,0,12,3,114,Away Win
3642,2024-04-04,Scotland Rugby,Australia Wallabies,"Mikheil Meskhi Stadium, Tbilisi",Rugby World Cup,4,53,22,7,1,42,58,0,2,0,0,Romain Russell,Scotland Rugby,Inside Centre,Scotland,23,81,3,0,0,0,0,2,4,32,Home Win
3643,2015-02-27,South Africa Springboks,Japan Brave Blossoms,"Estadio Jose Amalfitani, Buenos Aires",Rugby World Cup,8,35,49,4,8,46,54,0,0,0,0,Malcolm Dupont,Japan Brave Blossoms,Hooker,South Africa,24,,1,0,0,0,0,6,1,57,Away Win
3644,2017-05-13,France XV,Australia Wallabies,"Teufaiva Stadium, Tonga",Six Nations,5,48,40,8,4,51,49,0,0,0,0,Lucas de Klerk,Australia Wallabies,Openside Flanker,Australia,22,68,3,0,0,0,0,6,6,178,Home Win
3645,2020-12-19,Uruguay Rugby,Georgia Rugby,"Ellis Park, Johannesburg",Rugby World Cup,1,46,20,7,2,38,62,1,1,0,0,Cian Carbery,Uruguay Rugby,Number 8,Uruguay,23,60,2,0,0,1,0,13,5,150,Home Win
3646,2017-02-19,Fiji Rugby,Australia Wallabies,"Murrayfield, Edinburgh",Autumn Internationals,7,37,25,4,5,54,46,1,1,0,0,Hugo Porter,Australia Wallabies,Loosehead Prop,New Zealand,25,6,1,0,0,0,0,18,,169,Home Win
3647,2024-12-10,Ireland Rugby,Samoa Rugby,"Estadio Jose Amalfitani, Buenos Aires",Autumn Internationals,8,47,19,6,1,45,55,0,0,0,0,Finn Kolbe,Ireland Rugby,Outside Centre,Ireland,21,61,3,0,0,0,0,11,1,113,Home Win
3648,2024-09-12,Romania Rugby,Uruguay Rugby,"Ellis Park, Johannesburg",Six Nations,5,55,11,6,1,46,54,0,0,1,0,Josh van der Merwe,Romania Rugby,Lock,Romania,27,107,0,0,0,0,0,8,2,95,Home Win
3649,2021-01-14,Argentina Pumas,Canada Rugby,"Ellis Park, Johannesburg",World Rugby U20 Championship,6,12,33,0,4,44,56,1,0,1,0,Taulupe Porter,Argentina Pumas,Fly-half,Argentina,30,14,2,0,4,0,0,8,2,78,Away Win
3650,2016-05-21,South Africa Springboks,Uruguay Rugby,"Ellis Park, Johannesburg",Autumn Internationals,5,51,19,7,1,53,47,1,1,0,0,Romain Curry,South Africa Springboks,Hooker,South Africa,23,93,0,0,0,0,0,15,0,42,Home Win
3651,2016-02-15,Tonga Rugby,England Rugby,"Twickenham, London",The Rugby Championship,8,54,10,8,1,58,42,0,0,0,0,Oliver Smith,Tonga Rugby,Hooker,New Zealand,33,93,1,0,0,0,0,18,5,91,Home Win
3652,2017-10-07,Scotland Rugby,England Rugby,"Aviva Stadium, Dublin",Rugby World Cup,5,46,16,7,2,46,54,0,0,0,0,William Ntamack,England Rugby,Loosehead Prop,South Africa,29,52,1,0,0,0,0,12,3,16,Home Win
3653,2024-07-14,Argentina Pumas,Scotland Rugby,"Teufaiva Stadium, Tonga",World Rugby U20 Championship,1,12,54,0,8,56,44,0,2,0,0,Beauden Doris,Argentina Pumas,Fly-half,Argentina,31,2,1,2,3,0,0,17,1,149,Away Win
3654,2021-03-14,New Zealand All Blacks,Samoa Rugby,"National Stadium, Tokyo",World Rugby U20 Championship,6,39,10,5,1,54,46,1,2,0,0,Sam Henshaw,Samoa Rugby,Loosehead Prop,New Zealand,24,74,2,0,0,0,0,7,1,147,Home Win
3655,2018-10-22,Canada Rugby,England Rugby,"Twickenham, London",Pacific Nations Cup,5,21,53,2,8,45,55,0,0,0,0,Noah Furlong,Canada Rugby,Number 8,Canada,30,84,1,0,0,0,0,11,2,96,Away Win
3656,2016-01-23,Scotland Rugby,Japan Brave Blossoms,"Principality Stadium, Cardiff",Six Nations,7,31,39,4,7,50,50,2,0,0,0,Grégoire Furlong,Scotland Rugby,Right Wing,New Zealand,22,82,1,0,0,0,0,3,5,111,Away Win
3657,2021-02-08,France XV,England Rugby,"Ellis Park, Johannesburg",Rugby Europe Championship,5,48,45,8,7,43,57,0,0,0,0,Henry Hogg,France XV,Right Wing,Senegal,30,77,1,0,0,0,0,13,5,34,Home Win
3658,2021-07-22,Argentina Pumas,Wales Rugby,"Aviva Stadium, Dublin",Rugby Europe Championship,5,47,9,6,0,47,53,0,1,0,0,William Furlong,Argentina Pumas,Scrum-half,Argentina,27,74,1,0,0,0,0,14,2,61,Home Win
3659,2016-05-05,Tonga Rugby,Scotland Rugby,"National Stadium, Tokyo",Rugby World Cup,6,7,50,1,6,61,39,2,0,0,0,Sam Carbery,Tonga Rugby,Number 8,New Zealand,29,83,1,0,0,0,0,20,3,175,Away Win
3660,2017-10-20,Samoa Rugby,USA Eagles,"Estadio Jose Amalfitani, Buenos Aires",Rugby Europe Championship,8,10,48,2,6,50,50,1,0,0,0,Hamish Dupont,USA Eagles,Hooker,USA,22,89,1,0,0,1,1,19,0,144,Away Win
3661,2018-11-26,Fiji Rugby,Canada Rugby,"Teufaiva Stadium, Tonga",The Rugby Championship,4,44,69,5,8,40,60,0,1,0,0,James Caelan,Canada Rugby,Lock,New Zealand,23,106,1,0,0,0,0,15,6,67,Away Win
3662,2023-12-13,Tonga Rugby,Uruguay Rugby,"Apia Park, Samoa",World Rugby U20 Championship,4,42,15,4,0,54,46,1,0,0,0,Richie Henshaw,Uruguay Rugby,Openside Flanker,Uruguay,29,102,1,0,0,0,0,11,4,126,Home Win
3663,2021-12-14,Romania Rugby,Canada Rugby,"ANZ National Stadium, Suva",World Rugby U20 Championship,5,58,0,7,0,57,43,1,0,0,0,Oliver Smith,Canada Rugby,Inside Centre,New Zealand,,23,0,0,0,1,0,10,5,145,Home Win
3664,2022-03-01,Samoa Rugby,USA Eagles,"Estadio Jose Amalfitani, Buenos Aires",Pacific Nations Cup,8,5,61,1,8,44,56,0,0,0,0,Antoine Williams,Samoa Rugby,Hooker,Samoa,28,118,2,0,0,0,0,5,4,34,Away Win
3665,2015-08-27,South Africa Springboks,England Rugby,"Stadium Australia, Sydney",Six Nations,8,14,31,1,4,54,46,1,0,0,0,Sean Kolbe,England Rugby,Right Wing,South Africa,21,117,1,0,0,1,0,16,5,91,Away Win
3666,2017-04-14,Wales Rugby,New Zealand All Blacks,"Eden Park, Auckland",Six Nations,2,48,42,6,5,63,37,0,2,0,0,Siya Williams,Wales Rugby,Left Wing,Wales,30,63,3,0,0,0,0,14,4,152,Home Win
3667,2016-10-04,Uruguay Rugby,Scotland Rugby,"Apia Park, Samoa",World Rugby U20 Championship,8,38,41,5,6,47,53,1,0,0,0,Hamish Watson,Scotland Rugby,Right Wing,Australia,22,54,1,0,0,0,0,12,5,64,Away Win
3668,2023-09-16,Spain Rugby,Scotland Rugby,"Eden Park, Auckland",The Rugby Championship,7,53,32,7,6,41,59,0,1,1,0,Benjamin Taylor,Spain Rugby,Tighthead Prop,Spain,29,57,0,0,0,0,0,17,8,129,Home Win
3669,2018-09-23,Georgia Rugby,USA Eagles,"Stade de France, Paris",Rugby Europe Championship,5,34,25,5,3,53,47,0,0,0,0,Pieter Jones,Georgia Rugby,Blindside Flanker,Georgia,29,,3,0,0,0,0,,6,94,Home Win
3670,2021-11-08,South Africa Springboks,New Zealand All Blacks,"National Stadium, Tokyo",Six Nations,5,27,40,4,8,42,58,0,0,0,0,Kieran Hogg,New Zealand All Blacks,Fullback,New Zealand,24,35,1,0,4,0,0,20,7,92,Away Win
3671,2021-04-13,Fiji Rugby,Argentina Pumas,"Estadio Jose Amalfitani, Buenos Aires",World Rugby U20 Championship,1,38,30,5,2,54,46,1,0,0,0,Alun Curry,Argentina Pumas,Hooker,Argentina,29,50,2,0,0,0,0,5,6,111,Home Win
3672,2021-04-11,Ireland Rugby,Italy Rugby,"Eden Park, Auckland",,8,15,53,0,5,50,50,0,0,0,0,Sean Barrett,Ireland Rugby,Tighthead Prop,,28,27,1,0,0,0,0,6,7,24,Away Win
3673,2015-10-14,Samoa Rugby,Japan Brave Blossoms,"Teufaiva Stadium, Tonga",World Rugby U20 Championship,3,18,6,3,0,52,48,1,0,0,0,Conor Watson,Japan Brave Blossoms,Inside Centre,New Zealand,24,10,2,0,0,0,0,12,3,155,Home Win
3674,2024-07-11,Georgia Rugby,South Africa Springboks,"Eden Park, Auckland",Rugby World Cup,8,52,22,7,2,57,43,0,0,0,0,Cian Brown,Georgia Rugby,Scrum-half,Georgia,22,99,1,0,0,0,0,17,4,39,Home Win
3675,2019-02-18,Italy Rugby,France XV,"Stadio Olimpico, Rome",World Rugby U20 Championship,1,10,25,1,3,64,36,0,0,0,0,Mason Johnson,France XV,Inside Centre,Ivory Coast,19,58,2,0,0,0,0,10,7,80,Away Win
3676,2018-05-17,Argentina Pumas,Japan Brave Blossoms,"Teufaiva Stadium, Tonga",The Rugby Championship,5,14,18,2,0,53,47,0,0,0,0,Richie Johnson,Argentina Pumas,Left Wing,Argentina,28,84,0,0,0,0,0,20,6,40,Away Win
3677,2016-04-11,Uruguay Rugby,Wales Rugby,"Mikheil Meskhi Stadium, Tbilisi",Rugby World Cup,4,32,53,5,7,57,43,0,1,1,0,Josh Watson,Uruguay Rugby,Openside Flanker,Argentina,20,29,0,0,0,1,0,14,4,26,Away Win
3678,2021-11-07,Uruguay Rugby,Japan Brave Blossoms,"Stade de France, Paris",World Rugby U20 Championship,1,28,44,3,4,60,40,0,0,0,0,Charles Russell,Japan Brave Blossoms,Loosehead Prop,Japan,27,34,0,0,0,0,0,6,0,111,Away Win
3679,2024-01-14,Australia Wallabies,South Africa Springboks,"National Stadium, Tokyo",Rugby World Cup,3,17,20,2,1,39,61,0,0,0,0,Hamish Jones,Australia Wallabies,Scrum-half,Fiji,25,88,3,0,0,0,0,12,6,43,Away Win
3680,2022-11-07,Canada Rugby,Wales Rugby,"Apia Park, Samoa",The Rugby Championship,8,64,52,8,7,52,48,0,1,0,0,Mason Brown,Canada Rugby,Fullback,New Zealand,29,100,2,0,3,0,0,18,3,140,Home Win
3681,2017-09-19,Argentina Pumas,Uruguay Rugby,"Stadio Olimpico, Rome",The Rugby Championship,5,25,13,2,1,59,41,2,0,0,0,Hamish Furlong,Argentina Pumas,Hooker,Argentina,25,101,0,0,0,0,0,16,1,136,Home Win
3682,2023-02-01,Wales Rugby,England Rugby,"Eden Park, Auckland",Rugby Europe Championship,8,9,36,0,5,42,58,1,0,0,0,Conor Jones,England Rugby,Fly-half,England,25,83,3,0,4,0,0,5,2,7,Away Win
3683,2021-12-08,Uruguay Rugby,USA Eagles,"Ellis Park, Johannesburg",Rugby Europe Championship,2,45,16,5,1,46,54,0,0,0,0,Sean Hogg,Uruguay Rugby,Lock,Uruguay,29,30,2,0,0,0,0,2,,73,Home Win
3684,2020-11-10,USA Eagles,Spain Rugby,"Eden Park, Auckland",Rugby Europe Championship,5,52,59,7,7,36,64,0,0,0,0,Finn Dupont,Spain Rugby,Scrum-half,Argentina,28,114,2,0,0,0,0,12,8,107,Away Win
3685,2017-11-24,New Zealand All Blacks,Samoa Rugby,"Teufaiva Stadium, Tonga",Rugby World Cup,6,51,17,6,2,37,63,1,0,0,0,Tadhg Russell,New Zealand All Blacks,Openside Flanker,New Zealand,28,84,3,0,0,0,0,7,0,,Home Win
3686,2019-04-21,Georgia Rugby,France XV,"Mikheil Meskhi Stadium, Tbilisi",Rugby Europe Championship,7,17,60,1,7,37,63,1,0,1,0,Mason Russell,France XV,Lock,Senegal,28,9,1,0,0,1,0,15,4,107,Away Win
3687,2017-01-15,Georgia Rugby,Fiji Rugby,"Mikheil Meskhi Stadium, Tbilisi",Six Nations,5,61,30,8,6,42,58,0,0,0,0,Lucas Faletau,Georgia Rugby,Loosehead Prop,Georgia,20,61,3,0,0,0,0,13,4,7,Home Win
3688,2016-03-04,Australia Wallabies,Argentina Pumas,"Eden Park, Auckland",Autumn Internationals,3,35,32,6,4,37,63,0,1,0,0,Benjamin Curry,Argentina Pumas,Fullback,Argentina,,42,1,0,2,0,0,13,4,133,Home Win
3689,2024-08-13,Georgia Rugby,South Africa Springboks,"Stade de France, Paris",Six Nations,3,35,42,3,7,46,54,0,0,0,0,Beauden Porter,South Africa Springboks,Lock,South Africa,29,24,2,0,0,0,0,7,2,132,Away Win
3690,2023-07-22,Uruguay Rugby,New Zealand All Blacks,"Stadio Olimpico, Rome",World Rugby U20 Championship,6,15,17,0,2,48,52,0,0,0,0,Owen de Klerk,Uruguay Rugby,Left Wing,Uruguay,22,87,1,0,0,0,0,16,8,138,Away Win
3691,2020-12-01,Italy Rugby,Australia Wallabies,"Aviva Stadium, Dublin",Rugby World Cup,2,56,40,8,5,48,52,0,0,0,0,Romain Caelan,Italy Rugby,Loosehead Prop,South Africa,26,78,0,0,0,0,0,10,4,91,Home Win
3692,2017-07-17,Romania Rugby,Canada Rugby,"Mikheil Meskhi Stadium, Tbilisi",Rugby World Cup,1,27,43,5,6,47,53,0,0,0,0,Henry Furlong,Canada Rugby,Fullback,New Zealand,26,49,1,0,2,0,0,4,,74,Away Win
3693,2024-03-14,Argentina Pumas,Samoa Rugby,"Estadio Jose Amalfitani, Buenos Aires",Rugby World Cup,8,18,3,3,0,62,38,0,0,0,0,Faf Johnson,Samoa Rugby,Tighthead Prop,Samoa,26,91,2,0,0,0,0,18,6,127,Home Win
3694,2015-11-25,France XV,New Zealand All Blacks,"Eden Park, Auckland",Autumn Internationals,3,23,52,1,8,51,49,0,0,0,0,Conor Porter,France XV,Scrum-half,France,28,104,0,0,0,0,0,10,2,105,Away Win
3695,2019-09-22,Italy Rugby,France XV,"Eden Park, Auckland",The Rugby Championship,1,34,25,5,4,41,59,0,0,0,0,Callum Itoje,France XV,Lock,Ivory Coast,32,118,2,0,0,0,0,13,2,54,Home Win
3696,2021-10-24,Uruguay Rugby,Tonga Rugby,"National Stadium, Tokyo",The Rugby Championship,4,39,57,5,6,63,37,0,1,0,0,Sean de Klerk,Tonga Rugby,Fly-half,New Zealand,31,50,3,3,4,0,0,2,5,46,Away Win
3697,2017-11-15,Uruguay Rugby,Georgia Rugby,"Ellis Park, Johannesburg",Rugby World Cup,4,39,60,5,6,50,50,0,0,0,0,Owen Furlong,Georgia Rugby,Lock,Georgia,21,113,1,0,0,0,0,,7,65,Away Win
3698,2018-01-19,France XV,Wales Rugby,,Pacific Nations Cup,7,17,20,1,2,52,48,0,0,0,0,Faf Barrett,France XV,Fullback,France,29,49,2,0,1,0,0,8,1,179,Away Win
3699,2020-01-20,Tonga Rugby,USA Eagles,"Apia Park, Samoa",Pacific Nations Cup,2,60,35,7,5,57,43,0,0,0,0,Romain Kolbe,USA Eagles,Fly-half,South Africa,32,6,2,5,3,0,0,5,6,49,Home Win
3700,2018-01-08,Tonga Rugby,England Rugby,"Eden Park, Auckland",Rugby Europe Championship,7,9,16,0,1,41,59,0,0,0,0,Justin Lowe,England Rugby,Lock,South Africa,28,8,3,0,0,0,0,19,0,87,Away Win
3701,2023-01-01,Argentina Pumas,Wales Rugby,"Twickenham, London",Rugby Europe Championship,5,25,14,1,2,41,59,0,1,0,0,Taulupe van der Merwe,Wales Rugby,Loosehead Prop,New Zealand,31,106,0,0,0,0,0,9,7,55,Home Win
3702,2018-02-06,Italy Rugby,Samoa Rugby,"Apia Park, Samoa",World Rugby U20 Championship,6,49,32,5,2,54,46,1,0,0,0,James Kolbe,Italy Rugby,Inside Centre,Italy,35,11,3,0,0,0,0,16,7,7,Home Win
3703,2023-02-17,New Zealand All Blacks,Uruguay Rugby,"Eden Park, Auckland",Autumn Internationals,6,47,30,7,3,60,40,0,1,0,0,Rory Itoje,Uruguay Rugby,Fullback,Uruguay,31,94,0,0,0,0,0,4,4,22,Home Win
3704,2017-07-13,Romania Rugby,Ireland Rugby,"Stadium Australia, Sydney",World Rugby U20 Championship,3,21,66,3,8,54,46,0,0,0,0,Cheslin Barrett,Romania Rugby,Inside Centre,Romania,27,27,3,0,0,0,0,10,1,42,Away Win
3705,2016-05-03,Samoa Rugby,Georgia Rugby,"Teufaiva Stadium, Tonga",Rugby Europe Championship,1,40,64,4,8,47,53,0,0,0,0,Finn Watson,Georgia Rugby,Fly-half,Georgia,31,51,1,0,4,0,0,2,6,115,Away Win
3706,2022-04-01,Georgia Rugby,Australia Wallabies,"Teufaiva Stadium, Tonga",World Rugby U20 Championship,2,28,15,4,0,50,50,0,0,0,0,Benjamin Carbery,Australia Wallabies,Left Wing,New Zealand,27,116,3,0,0,0,0,4,7,163,Home Win
3707,2016-01-16,Wales Rugby,Canada Rugby,"Estadio Jose Amalfitani, Buenos Aires",World Rugby U20 Championship,3,64,30,8,3,57,43,0,1,0,0,Stuart Russell,Canada Rugby,Loosehead Prop,New Zealand,27,80,1,0,0,0,0,17,1,172,Home Win
3708,2024-08-06,New Zealand All Blacks,Argentina Pumas,"Apia Park, Samoa",Six Nations,4,26,15,4,2,52,48,0,1,0,0,Charles Itoje,New Zealand All Blacks,Inside Centre,New Zealand,25,116,3,0,0,0,0,3,4,110,Home Win
3709,2019-12-26,Ireland Rugby,Tonga Rugby,"Eden Park, Auckland",Rugby World Cup,5,51,32,8,6,64,36,0,0,0,0,Romain Williams,Tonga Rugby,Number 8,Tonga,33,64,0,0,0,0,0,6,8,167,Home Win
3710,2024-03-28,Tonga Rugby,Ireland Rugby,"Aviva Stadium, Dublin",Rugby World Cup,6,63,18,8,0,46,54,0,0,0,0,Owen Porter,Ireland Rugby,Lock,Ireland,23,79,0,0,0,0,0,11,5,50,Home Win
3711,2022-01-24,Fiji Rugby,New Zealand All Blacks,"Ellis Park, Johannesburg",World Rugby U20 Championship,3,53,0,5,0,61,39,0,1,0,0,Faf Jones,Fiji Rugby,Lock,Fiji,33,81,1,0,0,0,0,1,5,1,Home Win
3712,2021-06-25,Tonga Rugby,Ireland Rugby,"Mikheil Meskhi Stadium, Tbilisi",Six Nations,4,39,38,6,5,53,47,0,0,1,0,Siya Itoje,Ireland Rugby,Tighthead Prop,Ireland,28,32,2,0,0,0,0,7,2,,Home Win
3713,2015-01-16,Fiji Rugby,Georgia Rugby,"Stade de France, Paris",Pacific Nations Cup,6,0,7,0,1,59,41,1,0,0,0,Beauden Dupont,Fiji Rugby,Loosehead Prop,Fiji,21,40,0,0,0,0,0,4,2,,Away Win
3714,2021-01-12,France XV,Tonga Rugby,"Mikheil Meskhi Stadium, Tbilisi",Six Nations,6,49,24,6,2,37,63,0,1,0,0,Justin Hogg,Tonga Rugby,Loosehead Prop,Tonga,28,7,3,0,0,0,0,19,5,83,Home Win
3715,2015-05-11,Argentina Pumas,Japan Brave Blossoms,"ANZ National Stadium, Suva",Autumn Internationals,5,48,56,7,7,54,46,0,0,0,1,Lucas Smith,Argentina Pumas,Openside Flanker,Argentina,18,103,3,0,0,0,0,10,8,63,Away Win
3716,2019-11-11,Wales Rugby,Italy Rugby,"Ellis Park, Johannesburg",World Rugby U20 Championship,2,62,53,8,6,37,63,0,1,0,0,Sam Ntamack,Wales Rugby,Right Wing,New Zealand,29,107,3,0,0,0,0,3,3,15,Home Win
3717,2022-03-22,Tonga Rugby,Argentina Pumas,"Eden Park, Auckland",World Rugby U20 Championship,6,67,35,8,7,57,43,0,0,1,0,Cheslin Watson,Tonga Rugby,Left Wing,Tonga,30,12,2,0,0,0,0,19,3,51,Home Win
3718,2021-09-05,Samoa Rugby,Japan Brave Blossoms,"Apia Park, Samoa",Six Nations,6,43,26,7,3,41,59,0,0,0,0,Kieran Faletau,Samoa Rugby,Blindside Flanker,Samoa,24,78,1,0,0,0,0,0,3,123,Home Win
3719,2016-01-21,Ireland Rugby,New Zealand All Blacks,,Rugby Europe Championship,4,10,42,2,8,65,35,0,0,0,0,Sam Itoje,Ireland Rugby,Openside Flanker,South Africa,27,90,2,0,0,1,0,20,4,125,Away Win
3720,2018-05-19,Australia Wallabies,Canada Rugby,"Principality Stadium, Cardiff",World Rugby U20 Championship,1,51,19,6,1,41,59,0,0,0,0,Josh Brown,Canada Rugby,Left Wing,New Zealand,34,81,0,0,0,0,0,10,2,125,Home Win
3721,2019-06-18,Japan Brave Blossoms,Australia Wallabies,"Principality Stadium, Cardiff",The Rugby Championship,2,31,27,4,5,41,59,1,0,0,0,Sean Barrett,Australia Wallabies,Loosehead Prop,Australia,24,57,3,0,0,1,0,11,3,79,Home Win
3722,2017-02-06,Japan Brave Blossoms,England Rugby,"Aviva Stadium, Dublin",Six Nations,4,31,35,5,4,48,52,0,1,0,0,Sean Curry,Japan Brave Blossoms,Number 8,New Zealand,,55,0,0,0,0,0,14,1,7,Away Win
3723,2017-01-16,New Zealand All Blacks,Italy Rugby,"Mikheil Meskhi Stadium, Tbilisi",Rugby World Cup,7,40,44,7,5,65,35,0,2,1,0,Alun Carbery,Italy Rugby,Number 8,South Africa,32,45,2,0,0,0,0,17,1,161,Away Win
3724,2017-08-20,Romania Rugby,Italy Rugby,"Mikheil Meskhi Stadium, Tbilisi",The Rugby Championship,5,34,9,3,0,58,42,1,0,0,0,Liam de Klerk,Romania Rugby,Fly-half,France,34,27,3,5,2,0,0,20,4,74,Home Win
3725,2015-12-23,France XV,New Zealand All Blacks,"Eden Park, Auckland",Rugby World Cup,3,57,21,8,3,58,42,0,0,0,0,Antoine Taylor,France XV,Left Wing,Senegal,27,7,2,0,0,0,0,20,5,13,Home Win
3726,2015-02-05,South Africa Springboks,Tonga Rugby,"Twickenham, London",World Rugby U20 Championship,4,13,41,2,7,54,46,0,1,0,0,Jamie Curry,South Africa Springboks,Right Wing,South Africa,31,32,0,0,0,0,0,12,7,25,Away Win
3727,2020-11-13,England Rugby,Japan Brave Blossoms,"Murrayfield, Edinburgh",World Rugby U20 Championship,5,44,27,7,5,65,35,0,0,0,0,Cian Ntamack,England Rugby,Fullback,New Zealand,32,58,0,0,3,0,0,6,7,147,Home Win
3728,2018-08-18,Samoa Rugby,USA Eagles,"Principality Stadium, Cardiff",World Rugby U20 Championship,3,40,51,6,5,38,62,0,0,0,0,Finn Henshaw,USA Eagles,Fullback,South Africa,24,28,1,0,2,0,0,20,5,129,Away Win
3729,2022-04-16,New Zealand All Blacks,Canada Rugby,"Murrayfield, Edinburgh",Rugby Europe Championship,5,30,28,2,4,63,37,1,2,0,0,Antoine Taylor,Canada Rugby,Number 8,Canada,25,74,1,0,0,0,0,19,6,79,Home Win
3730,2023-08-25,Argentina Pumas,Ireland Rugby,"Teufaiva Stadium, Tonga",Six Nations,3,35,11,3,1,64,36,1,0,0,0,Charles Lowe,Ireland Rugby,Lock,,31,43,0,0,0,0,0,13,4,12,Home Win
3731,2021-03-13,England Rugby,Argentina Pumas,"Stade de France, Paris",Pacific Nations Cup,4,56,24,8,4,39,61,0,0,0,0,Ethan Faletau,England Rugby,Tighthead Prop,South Africa,33,105,1,0,0,0,0,,0,140,Home Win
3732,2022-10-10,Tonga Rugby,Fiji Rugby,"Ellis Park, Johannesburg",Rugby World Cup,6,15,21,0,3,59,41,0,0,0,0,Ethan Kolbe,Fiji Rugby,Scrum-half,Fiji,29,43,2,0,0,0,0,13,8,66,Away Win
3733,2024-05-10,Georgia Rugby,New Zealand All Blacks,"Aviva Stadium, Dublin",Six Nations,8,35,6,4,0,44,56,0,0,0,0,William Porter,Georgia Rugby,Tighthead Prop,Georgia,23,19,1,0,0,0,0,17,7,175,Home Win
3734,2017-04-19,France XV,Australia Wallabies,"Ellis Park, Johannesburg",Pacific Nations Cup,3,26,50,4,5,36,64,0,1,0,0,Oliver Johnson,France XV,Fly-half,Senegal,34,109,1,3,3,0,0,,6,115,Away Win
3735,2020-05-05,Spain Rugby,Georgia Rugby,"Stade de France, Paris",Pacific Nations Cup,8,25,57,2,8,59,41,0,0,0,0,Sean Carbery,Georgia Rugby,Hooker,Georgia,24,15,2,0,0,0,0,14,1,169,Away Win
3736,2016-11-01,Romania Rugby,USA Eagles,"Apia Park, Samoa",Pacific Nations Cup,7,6,32,0,4,42,58,2,0,0,0,Finn Curry,Romania Rugby,Inside Centre,France,25,73,3,0,0,1,0,6,3,116,Away Win
3737,2016-11-17,Argentina Pumas,England Rugby,"Twickenham, London",World Rugby U20 Championship,6,7,42,1,4,39,61,0,0,0,0,Liam Furlong,Argentina Pumas,Lock,Argentina,28,67,3,0,0,0,0,7,4,48,Away Win
3738,2015-12-16,England Rugby,Romania Rugby,"Ellis Park, Johannesburg",World Rugby U20 Championship,8,74,6,8,0,53,47,0,1,0,0,Callum Ntamack,England Rugby,Left Wing,England,33,21,2,0,0,0,1,16,6,30,Home Win
3739,2017-12-02,Australia Wallabies,Italy Rugby,"ANZ National Stadium, Suva",,7,17,30,1,4,40,60,0,0,0,0,Cheslin Ntamack,Australia Wallabies,Right Wing,Fiji,30,96,0,0,0,0,0,8,7,133,Away Win
3740,2018-06-07,Wales Rugby,Samoa Rugby,"Twickenham, London",The Rugby Championship,5,43,20,4,2,56,44,0,1,0,0,Hamish Doris,Wales Rugby,Openside Flanker,Wales,28,1,0,0,0,0,0,5,2,94,Home Win
3741,2015-04-03,Italy Rugby,Scotland Rugby,"Murrayfield, Edinburgh",World Rugby U20 Championship,3,22,11,1,1,58,42,0,1,0,0,Grégoire Faletau,Scotland Rugby,Loosehead Prop,Scotland,28,1,0,0,0,0,0,17,3,145,Home Win
3742,2023-09-28,Fiji Rugby,Samoa Rugby,"Apia Park, Samoa",Six Nations,8,20,6,1,0,52,48,0,0,0,0,Beauden Brown,Samoa Rugby,Number 8,Samoa,27,40,0,0,0,0,0,11,2,145,Home Win
3743,2018-03-27,New Zealand All Blacks,Japan Brave Blossoms,"Stadio Olimpico, Rome",Rugby World Cup,1,43,54,4,6,54,46,0,1,0,0,Romain Russell,Japan Brave Blossoms,Outside Centre,Australia,29,102,1,0,0,0,0,20,5,150,Away Win
3744,2023-10-11,Italy Rugby,Scotland Rugby,"Eden Park, Auckland",Six Nations,1,6,42,0,5,60,40,2,0,0,0,Romain Brown,Scotland Rugby,Lock,Australia,18,36,3,0,0,0,0,9,,0,Away Win
3745,2023-09-01,Samoa Rugby,Wales Rugby,"Principality Stadium, Cardiff",Autumn Internationals,8,15,22,2,2,35,65,0,0,0,0,Lucas Smith,Samoa Rugby,Outside Centre,Samoa,25,12,1,0,0,1,0,,2,140,Away Win
3746,2024-12-07,Australia Wallabies,Uruguay Rugby,"Ellis Park, Johannesburg",Autumn Internationals,7,31,10,3,2,65,35,0,2,0,0,Pieter Taylor,Uruguay Rugby,Lock,Uruguay,27,46,1,0,0,0,0,6,1,33,Home Win
3747,2022-09-09,New Zealand All Blacks,Australia Wallabies,"National Stadium, Tokyo",Rugby Europe Championship,2,13,39,2,3,60,40,0,0,0,0,Romain Taylor,Australia Wallabies,Outside Centre,,22,,2,0,0,0,0,8,7,105,Away Win
3748,2019-03-15,Romania Rugby,USA Eagles,"Mikheil Meskhi Stadium, Tbilisi",Autumn Internationals,6,38,14,7,1,59,41,0,0,0,0,Alun Hogg,Romania Rugby,Scrum-half,France,28,48,0,0,0,0,0,16,0,157,Home Win
3749,2017-12-26,South Africa Springboks,Georgia Rugby,"Murrayfield, Edinburgh",Six Nations,8,40,22,4,1,51,49,0,0,0,0,Ethan Porter,South Africa Springboks,Lock,South Africa,26,5,3,0,0,0,0,2,2,98,Home Win
3750,2017-03-07,Scotland Rugby,Georgia Rugby,"Mikheil Meskhi Stadium, Tbilisi",Pacific Nations Cup,3,44,3,7,0,54,46,0,1,0,0,Finn Watson,Georgia Rugby,Fly-half,Georgia,34,25,2,5,3,0,0,15,5,39,Home Win
3751,2018-05-15,Scotland Rugby,Spain Rugby,"National Stadium, Tokyo",Autumn Internationals,1,19,20,3,2,59,41,0,1,0,0,Malcolm Furlong,Spain Rugby,Number 8,Spain,33,75,1,0,0,0,0,19,4,91,Away Win
3752,2017-07-14,Canada Rugby,Romania Rugby,"ANZ National Stadium, Suva",Rugby World Cup,8,3,25,0,1,46,54,0,0,0,0,Kieran Doris,Romania Rugby,Fly-half,Romania,25,58,1,4,0,0,0,11,4,130,Away Win
3753,2016-07-14,Canada Rugby,Samoa Rugby,"Stade de France, Paris",Rugby Europe Championship,2,62,22,8,4,41,59,0,1,0,0,Owen Dupont,Canada Rugby,Left Wing,New Zealand,26,89,1,0,0,0,0,9,7,159,Home Win
3754,2017-11-16,Romania Rugby,Samoa Rugby,"Principality Stadium, Cardiff",Rugby World Cup,4,49,3,8,0,43,57,0,2,0,0,Cheslin Caelan,Romania Rugby,Fly-half,Romania,26,61,2,2,2,0,0,9,1,80,Home Win
3755,2024-12-06,Tonga Rugby,Uruguay Rugby,"Mikheil Meskhi Stadium, Tbilisi",The Rugby Championship,5,29,13,3,2,35,65,0,1,0,0,Taulupe Porter,Uruguay Rugby,Fullback,Uruguay,25,74,2,0,0,0,0,6,4,126,Home Win
3756,2017-05-11,USA Eagles,Italy Rugby,"Mikheil Meskhi Stadium, Tbilisi",Rugby Europe Championship,4,5,43,1,4,55,45,0,0,0,0,Callum Caelan,USA Eagles,Blindside Flanker,South Africa,27,35,1,0,0,0,0,4,2,159,Away Win
3757,2020-05-19,Australia Wallabies,Samoa Rugby,"Eden Park, Auckland",The Rugby Championship,2,65,43,8,4,47,53,0,0,0,0,Cian de Klerk,Samoa Rugby,Left Wing,New Zealand,23,,0,0,0,0,0,12,7,18,Home Win
3758,2016-04-07,Spain Rugby,New Zealand All Blacks,"Aviva Stadium, Dublin",World Rugby U20 Championship,4,42,36,6,4,44,56,0,0,0,0,Hugo Itoje,New Zealand All Blacks,Tighthead Prop,New Zealand,22,113,0,0,0,0,0,19,4,175,Home Win
3759,2023-07-27,France XV,New Zealand All Blacks,"Murrayfield, Edinburgh",Six Nations,5,15,34,0,3,55,45,0,0,0,0,Grégoire Faletau,New Zealand All Blacks,Scrum-half,New Zealand,29,41,0,0,0,0,0,4,8,111,Away Win
3760,2018-09-01,Canada Rugby,USA Eagles,"Teufaiva Stadium, Tonga",World Rugby U20 Championship,5,14,51,1,6,54,46,0,0,0,0,Alun Dupont,USA Eagles,Scrum-half,South Africa,29,35,1,0,0,0,0,9,3,98,Away Win
3761,2017-03-18,Uruguay Rugby,Australia Wallabies,"Stade de France, Paris",Rugby World Cup,5,66,45,8,6,63,37,0,0,0,0,Richie Caelan,Uruguay Rugby,Fullback,Uruguay,23,89,3,0,1,0,0,20,0,167,Home Win
3762,2024-09-14,Argentina Pumas,Ireland Rugby,"Twickenham, London",The Rugby Championship,3,17,15,2,2,40,60,0,0,0,1,Rory Furlong,Ireland Rugby,Blindside Flanker,Ireland,30,93,3,0,0,0,0,17,1,140,Home Win
3763,2019-01-09,Spain Rugby,England Rugby,"Ellis Park, Johannesburg",World Rugby U20 Championship,7,12,27,0,5,44,56,0,0,0,0,Siya de Klerk,Spain Rugby,Openside Flanker,Argentina,24,120,0,0,0,0,0,13,8,140,Away Win
3764,2020-12-13,New Zealand All Blacks,Spain Rugby,"Stadio Olimpico, Rome",Autumn Internationals,6,44,18,5,0,47,53,0,1,0,1,Sean Lowe,New Zealand All Blacks,Loosehead Prop,New Zealand,28,1,3,0,0,0,0,16,,146,Home Win
3765,2021-07-07,Uruguay Rugby,USA Eagles,"Mikheil Meskhi Stadium, Tbilisi",Rugby World Cup,7,22,48,1,8,46,54,1,0,0,1,Siya Brown,USA Eagles,Loosehead Prop,USA,30,52,0,0,0,0,0,20,5,36,Away Win
3766,2019-09-24,Australia Wallabies,England Rugby,"Estadio Jose Amalfitani, Buenos Aires",The Rugby Championship,2,38,41,4,5,47,53,0,0,0,0,Henry Watson,England Rugby,Scrum-half,England,26,116,1,0,0,0,0,0,,31,Away Win
3767,2022-12-04,Georgia Rugby,Scotland Rugby,"Mikheil Meskhi Stadium, Tbilisi",The Rugby Championship,5,15,5,2,1,54,46,0,0,0,0,Taulupe Faletau,Georgia Rugby,Lock,Georgia,28,88,2,0,0,0,0,20,7,80,Home Win
3768,2017-02-24,Australia Wallabies,Samoa Rugby,"Ellis Park, Johannesburg",World Rugby U20 Championship,2,58,50,6,7,47,53,0,0,0,0,Conor Barrett,Australia Wallabies,Scrum-half,Australia,24,51,2,0,0,0,0,9,,141,Home Win
3769,2019-09-25,Samoa Rugby,Romania Rugby,"Ellis Park, Johannesburg",Six Nations,7,35,45,5,6,47,53,0,0,0,0,Tadhg Barrett,Samoa Rugby,Number 8,New Zealand,26,27,0,0,0,0,0,19,8,118,Away Win
3770,2020-12-22,Tonga Rugby,Australia Wallabies,"Ellis Park, Johannesburg",Rugby World Cup,5,56,25,8,2,49,51,0,0,0,0,Beauden Hogg,Tonga Rugby,Fly-half,New Zealand,26,82,3,1,0,0,0,2,5,160,Home Win
3771,2024-07-21,Italy Rugby,Argentina Pumas,"Twickenham, London",Rugby World Cup,8,52,42,6,5,56,44,0,0,0,0,Benjamin Barrett,Argentina Pumas,Lock,Argentina,24,80,3,0,0,0,0,1,4,17,Home Win
3772,2020-07-03,Italy Rugby,Scotland Rugby,"Stadio Olimpico, Rome",Rugby Europe Championship,1,43,32,6,2,47,53,0,0,0,0,Sean Brown,Italy Rugby,Lock,Argentina,26,12,1,0,0,0,0,20,2,109,Home Win
3773,2018-04-04,New Zealand All Blacks,Georgia Rugby,"Stadium Australia, Sydney",World Rugby U20 Championship,1,47,45,6,7,63,37,0,0,0,0,Henry Doris,New Zealand All Blacks,Tighthead Prop,New Zealand,20,107,3,0,0,0,0,14,1,163,Home Win
3774,2018-10-15,South Africa Springboks,Romania Rugby,"Mikheil Meskhi Stadium, Tbilisi",The Rugby Championship,8,13,22,1,3,39,61,1,1,0,0,Oliver Furlong,Romania Rugby,Number 8,Romania,25,36,2,0,0,0,0,5,3,160,Away Win
3775,2017-02-21,Georgia Rugby,Wales Rugby,"Stadium Australia, Sydney",The Rugby Championship,5,18,48,0,8,51,49,0,0,0,0,Charles Caelan,Wales Rugby,Right Wing,Wales,25,115,0,0,0,0,0,2,0,105,Away Win
3776,2017-11-13,USA Eagles,Spain Rugby,"Stadio Olimpico, Rome",Rugby Europe Championship,7,30,22,3,1,38,62,0,0,0,0,Charles Watson,USA Eagles,Lock,USA,25,113,2,0,0,0,0,3,6,108,Home Win
3777,2020-04-04,Spain Rugby,Japan Brave Blossoms,"Ellis Park, Johannesburg",Rugby World Cup,3,12,27,0,3,35,65,1,0,0,0,Grégoire Doris,Spain Rugby,Lock,Argentina,26,16,3,0,0,0,0,2,1,26,Away Win
3778,2017-07-03,South Africa Springboks,Georgia Rugby,"Teufaiva Stadium, Tonga",Rugby Europe Championship,3,46,25,6,2,54,46,1,0,1,0,Beauden Lowe,Georgia Rugby,Right Wing,Georgia,26,116,3,0,0,0,0,18,,,Home Win
3779,2024-04-17,France XV,Argentina Pumas,"Stadium Australia, Sydney",Rugby World Cup,4,41,47,7,7,62,38,0,0,0,0,Tadhg Porter,Argentina Pumas,Loosehead Prop,Argentina,28,109,2,0,0,0,0,20,3,125,Away Win
3780,2021-07-12,Wales Rugby,New Zealand All Blacks,"Stadium Australia, Sydney",Autumn Internationals,3,10,19,1,2,37,63,0,0,0,0,Callum Itoje,New Zealand All Blacks,Number 8,New Zealand,30,4,0,0,0,0,0,14,1,24,Away Win
3781,2019-09-15,Italy Rugby,England Rugby,"Apia Park, Samoa",Six Nations,2,20,36,4,6,49,51,0,1,0,0,Benjamin Russell,Italy Rugby,Outside Centre,Italy,24,9,0,0,0,0,0,6,8,89,Away Win
3782,2020-02-24,USA Eagles,Samoa Rugby,"Twickenham, London",World Rugby U20 Championship,3,40,39,4,4,51,49,0,0,0,0,Beauden Henshaw,Samoa Rugby,Inside Centre,New Zealand,22,35,2,0,0,0,0,0,3,166,Home Win
3783,2023-08-15,Australia Wallabies,Uruguay Rugby,"Teufaiva Stadium, Tonga",Rugby World Cup,2,23,37,2,7,41,59,1,0,0,0,Stuart Jones,Australia Wallabies,Outside Centre,Fiji,22,,3,0,0,0,0,12,5,116,Away Win
3784,2017-05-04,Scotland Rugby,Argentina Pumas,"Stadio Olimpico, Rome",Six Nations,6,35,33,4,6,42,58,2,0,0,0,Stuart Doris,Argentina Pumas,Outside Centre,Argentina,25,8,3,0,0,0,0,15,4,145,Home Win
3785,2018-08-02,South Africa Springboks,Spain Rugby,"Teufaiva Stadium, Tonga",Rugby World Cup,2,10,25,1,1,63,37,0,1,0,0,Antoine Brown,Spain Rugby,Openside Flanker,Spain,25,85,1,0,0,0,0,16,3,147,Away Win
3786,2022-11-04,Argentina Pumas,New Zealand All Blacks,"Aviva Stadium, Dublin",Pacific Nations Cup,2,52,11,8,1,63,37,0,0,0,0,Richie Williams,Argentina Pumas,Inside Centre,Argentina,23,1,2,0,0,0,0,3,5,106,Home Win
3787,2020-01-09,Samoa Rugby,Italy Rugby,"ANZ National Stadium, Suva",Autumn Internationals,8,42,35,6,5,61,39,0,0,0,0,Richie Hogg,Italy Rugby,Lock,South Africa,21,1,1,0,0,0,0,13,7,20,Home Win
3788,2017-03-09,USA Eagles,Australia Wallabies,"Stadio Olimpico, Rome",Pacific Nations Cup,5,40,68,5,8,63,37,0,0,0,0,Pieter Brown,USA Eagles,Inside Centre,USA,25,58,3,0,0,0,0,4,3,91,Away Win
3789,2018-09-02,Japan Brave Blossoms,South Africa Springboks,"National Stadium, Tokyo",Rugby Europe Championship,8,56,60,8,7,44,56,0,0,0,0,Taulupe Barrett,South Africa Springboks,Scrum-half,South Africa,27,49,3,0,0,0,0,20,8,105,Away Win
3790,2017-03-08,Tonga Rugby,Argentina Pumas,"Ellis Park, Johannesburg",The Rugby Championship,5,3,57,0,8,60,40,2,0,0,0,Owen Watson,Argentina Pumas,Hooker,Argentina,29,79,3,0,0,0,0,13,4,146,Away Win
3791,2017-03-02,Tonga Rugby,Georgia Rugby,"Teufaiva Stadium, Tonga",Autumn Internationals,4,24,36,3,6,40,60,1,0,0,0,Ethan Itoje,Georgia Rugby,Lock,Georgia,24,94,1,0,0,0,0,15,8,6,Away Win
3792,2022-11-18,Spain Rugby,Fiji Rugby,"Murrayfield, Edinburgh",Six Nations,4,6,58,0,7,56,44,0,0,0,1,Finn Smith,Spain Rugby,Openside Flanker,Spain,25,25,3,0,0,0,0,2,5,153,Away Win
3793,2019-07-28,Samoa Rugby,Uruguay Rugby,"Mikheil Meskhi Stadium, Tbilisi",Rugby Europe Championship,5,19,29,1,5,51,49,0,0,0,0,Cheslin Kolbe,Uruguay Rugby,Openside Flanker,Uruguay,23,16,0,0,0,0,0,17,7,,Away Win
3794,2018-02-14,Fiji Rugby,Wales Rugby,"Aviva Stadium, Dublin",Rugby World Cup,1,57,38,7,6,44,56,0,2,0,0,Owen de Klerk,Fiji Rugby,Fly-half,Fiji,,77,1,4,1,0,0,11,7,174,Home Win
3795,2020-11-05,Japan Brave Blossoms,Ireland Rugby,"Murrayfield, Edinburgh",World Rugby U20 Championship,7,45,41,5,5,55,45,0,0,0,0,Finn Smith,Japan Brave Blossoms,Scrum-half,New Zealand,23,15,2,0,0,0,0,16,4,28,Home Win
3796,2021-12-27,Wales Rugby,Spain Rugby,"Stadio Olimpico, Rome",Six Nations,5,68,55,8,7,40,60,2,0,0,0,Cian van der Merwe,Wales Rugby,Lock,New Zealand,29,21,3,0,0,1,0,6,7,23,Home Win
3797,2024-01-04,Romania Rugby,Australia Wallabies,"Stadium Australia, Sydney",Rugby Europe Championship,5,20,0,4,0,45,55,0,0,0,0,Oliver Carbery,Romania Rugby,Loosehead Prop,Romania,19,93,3,0,0,0,0,12,4,178,Home Win
3798,2022-11-06,Fiji Rugby,Italy Rugby,"Stadio Olimpico, Rome",World Rugby U20 Championship,7,42,11,8,1,37,63,0,0,0,0,Tadhg Doris,Fiji Rugby,Left Wing,Fiji,25,,1,0,0,0,0,2,1,73,Home Win
3799,2018-11-18,Scotland Rugby,England Rugby,"National Stadium, Tokyo",The Rugby Championship,6,52,16,7,1,45,55,0,0,0,0,Sam Brown,Scotland Rugby,Scrum-half,New Zealand,28,2,1,0,0,0,0,4,2,109,Home Win
3800,2017-05-07,France XV,Australia Wallabies,"Eden Park, Auckland",Rugby Europe Championship,5,49,58,6,8,55,45,0,0,0,0,James Russell,France XV,Hooker,Ivory Coast,27,6,2,0,0,0,0,17,2,139,Away Win
3801,2024-12-05,Romania Rugby,Ireland Rugby,"Teufaiva Stadium, Tonga",Six Nations,2,38,18,4,2,57,43,0,1,0,0,Conor Brown,Romania Rugby,Right Wing,Romania,37,8,3,0,0,0,0,12,1,141,Home Win
3802,2015-02-16,Tonga Rugby,Canada Rugby,"Mikheil Meskhi Stadium, Tbilisi",Rugby World Cup,4,54,53,8,7,43,57,0,0,0,0,Hugo Itoje,Canada Rugby,Hooker,New Zealand,28,37,3,0,0,0,0,0,7,103,Home Win
3803,2017-06-03,South Africa Springboks,Australia Wallabies,"Aviva Stadium, Dublin",The Rugby Championship,7,27,60,4,8,58,42,2,0,0,0,Justin Doris,South Africa Springboks,Blindside Flanker,South Africa,22,66,3,0,0,0,0,2,5,114,Away Win
3804,2017-08-10,England Rugby,Australia Wallabies,"Murrayfield, Edinburgh",Six Nations,2,57,38,8,7,38,62,0,0,1,0,Faf Dupont,England Rugby,Openside Flanker,New Zealand,26,73,2,0,0,0,0,3,7,92,Home Win
3805,2015-08-28,Uruguay Rugby,Scotland Rugby,"Twickenham, London",Six Nations,1,51,18,7,0,40,60,0,0,1,0,Jamie Curry,Scotland Rugby,Right Wing,Australia,19,6,3,0,0,0,0,20,5,,Home Win
3806,2023-04-04,Fiji Rugby,Wales Rugby,"Principality Stadium, Cardiff",Rugby World Cup,6,20,18,3,0,40,60,0,2,0,0,Callum Lowe,Wales Rugby,Left Wing,New Zealand,26,81,0,0,0,0,0,20,2,,Home Win
3807,2018-02-20,Romania Rugby,Spain Rugby,"Principality Stadium, Cardiff",Rugby Europe Championship,5,0,41,0,7,56,44,0,1,0,0,Finn Watson,Romania Rugby,Openside Flanker,France,23,75,0,0,0,0,1,4,7,6,Away Win
3808,2015-10-07,France XV,Ireland Rugby,"Estadio Jose Amalfitani, Buenos Aires",Rugby Europe Championship,8,57,56,8,8,64,36,0,1,0,0,Finn Barrett,Ireland Rugby,Left Wing,Ireland,30,10,1,0,0,0,0,13,8,151,Home Win
3809,2019-11-20,Uruguay Rugby,England Rugby,"Aviva Stadium, Dublin",Pacific Nations Cup,8,31,43,4,6,61,39,0,1,0,0,Alun Lowe,Uruguay Rugby,Right Wing,Uruguay,24,,1,0,0,0,0,6,,137,Away Win
3810,2017-09-25,France XV,Australia Wallabies,"Principality Stadium, Cardiff",Pacific Nations Cup,4,42,11,5,1,62,38,0,1,0,0,Callum Doris,Australia Wallabies,Hooker,New Zealand,26,24,0,0,0,0,0,18,0,150,Home Win
3811,2017-09-15,Tonga Rugby,Romania Rugby,"Stadio Olimpico, Rome",Rugby World Cup,1,51,46,7,6,64,36,1,0,0,0,Beauden Johnson,Romania Rugby,Blindside Flanker,Romania,24,9,2,0,0,0,0,15,5,97,Home Win
3812,2018-09-06,Scotland Rugby,Wales Rugby,"Teufaiva Stadium, Tonga",World Rugby U20 Championship,5,45,41,6,6,50,50,1,1,0,0,Henry Dupont,Scotland Rugby,Blindside Flanker,Scotland,33,89,0,0,0,0,0,,0,30,Home Win
3813,2021-10-02,Japan Brave Blossoms,Canada Rugby,"Apia Park, Samoa",Autumn Internationals,6,12,16,2,2,42,58,2,0,0,0,Conor Itoje,Japan Brave Blossoms,Blindside Flanker,Japan,25,54,3,0,0,0,0,11,,171,Away Win
3814,2019-03-17,Canada Rugby,Samoa Rugby,"Stadium Australia, Sydney",Six Nations,4,8,38,1,5,44,56,1,0,0,0,Antoine Williams,Samoa Rugby,Openside Flanker,New Zealand,34,99,0,0,0,0,0,19,4,173,Away Win
3815,2021-02-19,Uruguay Rugby,Samoa Rugby,"Stadio Olimpico, Rome",The Rugby Championship,8,32,19,2,1,59,41,0,2,0,0,Alun Carbery,Samoa Rugby,Openside Flanker,New Zealand,30,41,2,0,0,0,0,6,8,9,Home Win
3816,2016-06-01,USA Eagles,Romania Rugby,"Teufaiva Stadium, Tonga",World Rugby U20 Championship,6,9,9,0,0,48,52,0,0,0,0,Alun Kolbe,Romania Rugby,Blindside Flanker,Romania,28,70,3,0,0,0,0,1,5,133,Draw
3817,2023-04-16,England Rugby,Wales Rugby,"National Stadium, Tokyo",Rugby World Cup,1,15,19,0,2,61,39,0,0,0,0,Benjamin de Klerk,Wales Rugby,Lock,New Zealand,28,60,1,0,0,0,0,18,4,177,Away Win
3818,2022-05-24,South Africa Springboks,Wales Rugby,"Apia Park, Samoa",Pacific Nations Cup,5,9,54,0,6,59,41,0,0,0,0,Hamish Russell,South Africa Springboks,Inside Centre,South Africa,28,54,3,0,0,1,0,,7,57,Away Win
3819,2017-07-27,Uruguay Rugby,South Africa Springboks,"Principality Stadium, Cardiff",Rugby World Cup,8,12,12,0,2,40,60,2,1,0,0,Henry van der Merwe,South Africa Springboks,Scrum-half,South Africa,19,84,1,0,0,1,0,10,0,9,Draw
3820,2016-04-11,Georgia Rugby,France XV,"ANZ National Stadium, Suva",Rugby World Cup,4,49,20,5,2,47,53,0,0,0,0,Benjamin Itoje,Georgia Rugby,Number 8,Georgia,25,101,0,0,0,0,0,12,2,76,Home Win
3821,2024-04-26,Japan Brave Blossoms,Fiji Rugby,"Murrayfield, Edinburgh",Autumn Internationals,4,17,21,1,3,55,45,0,0,1,0,Pieter Ntamack,Fiji Rugby,Left Wing,Fiji,30,83,2,0,0,0,0,11,8,35,Away Win
3822,2023-01-09,England Rugby,Georgia Rugby,"Murrayfield, Edinburgh",Rugby Europe Championship,5,34,51,3,6,65,35,0,0,0,0,Conor van der Merwe,England Rugby,Hooker,South Africa,26,42,1,0,0,0,0,16,6,61,Away Win
3823,2021-10-14,England Rugby,Fiji Rugby,"Estadio Jose Amalfitani, Buenos Aires",The Rugby Championship,2,24,32,2,6,58,42,0,0,0,0,Josh Barrett,Fiji Rugby,Number 8,Fiji,21,33,0,0,0,0,0,10,2,136,Away Win
3824,2019-06-15,Ireland Rugby,Japan Brave Blossoms,"Principality Stadium, Cardiff",Pacific Nations Cup,4,24,31,3,5,50,50,0,0,0,0,Taulupe Hogg,Ireland Rugby,Fullback,New Zealand,26,112,3,0,4,0,0,3,7,26,Away Win
3825,2017-03-16,Uruguay Rugby,USA Eagles,"ANZ National Stadium, Suva",Autumn Internationals,8,28,20,2,3,62,38,0,0,0,0,Henry Hogg,USA Eagles,Right Wing,South Africa,33,72,0,0,0,0,0,15,7,72,Home Win
3826,2024-11-18,England Rugby,New Zealand All Blacks,"Stade de France, Paris",World Rugby U20 Championship,1,12,26,2,4,54,46,0,0,0,0,Lucas Curry,England Rugby,Outside Centre,South Africa,31,115,1,0,0,0,0,20,0,11,Away Win
3827,2021-01-01,Tonga Rugby,Argentina Pumas,"Teufaiva Stadium, Tonga",Rugby World Cup,6,31,16,5,1,40,60,0,0,0,0,James Caelan,Argentina Pumas,Scrum-half,Argentina,26,114,1,0,0,1,0,9,1,106,Home Win
3828,2016-08-03,Georgia Rugby,Samoa Rugby,"Aviva Stadium, Dublin",The Rugby Championship,3,25,39,2,4,53,47,0,0,0,0,Stuart Smith,Samoa Rugby,Lock,Samoa,30,6,0,0,0,0,0,8,1,141,Away Win
3829,2021-06-17,South Africa Springboks,England Rugby,"Principality Stadium, Cardiff",World Rugby U20 Championship,3,21,26,3,3,41,59,0,0,0,0,Sam Jones,England Rugby,Fullback,England,25,8,3,0,2,0,0,17,4,39,Away Win
3830,2023-11-17,Canada Rugby,USA Eagles,"Murrayfield, Edinburgh",Rugby World Cup,6,21,56,2,7,42,58,1,0,0,0,Stuart Brown,USA Eagles,Lock,New Zealand,20,101,1,0,0,0,0,9,2,83,Away Win
3831,2018-11-18,Fiji Rugby,Scotland Rugby,"Mikheil Meskhi Stadium, Tbilisi",Autumn Internationals,7,35,39,5,7,52,48,0,0,0,0,Malcolm Curry,Fiji Rugby,Loosehead Prop,Fiji,23,43,2,0,0,0,0,16,2,146,Away Win
3832,2022-05-05,Samoa Rugby,Japan Brave Blossoms,"National Stadium, Tokyo",Rugby World Cup,6,60,71,7,8,61,39,0,2,0,0,Jamie Faletau,Samoa Rugby,Outside Centre,New Zealand,33,59,1,0,0,0,0,,,45,Away Win
3833,2017-06-17,New Zealand All Blacks,Fiji Rugby,"Teufaiva Stadium, Tonga",World Rugby U20 Championship,6,24,62,3,8,38,62,0,0,0,0,Faf Curry,New Zealand All Blacks,Lock,New Zealand,25,66,2,0,0,1,0,11,3,173,Away Win
3834,2022-11-15,Australia Wallabies,Ireland Rugby,"Estadio Jose Amalfitani, Buenos Aires",Six Nations,4,48,46,6,8,43,57,0,0,0,0,Sam Watson,Australia Wallabies,Right Wing,Fiji,,102,3,0,0,0,0,16,4,156,Home Win
3835,2024-09-20,Spain Rugby,Tonga Rugby,"Stade de France, Paris",Rugby Europe Championship,2,35,38,4,5,45,55,0,0,0,0,Richie Furlong,Spain Rugby,Openside Flanker,Argentina,25,93,2,0,0,0,0,,3,137,Away Win
3836,2020-03-23,Samoa Rugby,England Rugby,"Stadium Australia, Sydney",Autumn Internationals,7,32,53,2,8,46,54,2,1,0,0,Justin Smith,England Rugby,Lock,England,34,114,3,0,0,0,0,15,8,166,Away Win
3837,2016-01-07,Spain Rugby,South Africa Springboks,"ANZ National Stadium, Suva",The Rugby Championship,1,24,12,2,2,58,42,0,1,0,0,Mason Barrett,South Africa Springboks,Left Wing,South Africa,33,81,2,0,0,0,0,7,3,105,Home Win
3838,2016-11-24,USA Eagles,France XV,"Estadio Jose Amalfitani, Buenos Aires",,5,23,16,3,2,49,51,0,0,0,0,Justin Kolbe,USA Eagles,Blindside Flanker,New Zealand,35,33,0,0,0,0,0,13,7,141,Home Win
3839,2019-05-04,Argentina Pumas,Fiji Rugby,"Mikheil Meskhi Stadium, Tbilisi",Rugby World Cup,5,56,47,8,6,42,58,0,0,0,1,Malcolm Dupont,Fiji Rugby,Fly-half,Fiji,26,30,3,4,1,0,0,3,0,85,Home Win
3840,2021-09-14,USA Eagles,Fiji Rugby,"Teufaiva Stadium, Tonga",Autumn Internationals,5,66,33,8,4,58,42,0,1,0,0,Romain Doris,USA Eagles,Blindside Flanker,South Africa,28,63,0,0,0,0,0,9,5,,Home Win
3841,2015-02-12,France XV,Romania Rugby,"ANZ National Stadium, Suva",The Rugby Championship,2,22,18,3,3,58,42,0,0,0,0,Owen Carbery,Romania Rugby,Left Wing,France,20,108,2,0,0,0,0,9,6,,Home Win
3842,2022-11-15,Scotland Rugby,England Rugby,"Mikheil Meskhi Stadium, Tbilisi",Rugby World Cup,3,25,54,2,8,39,61,0,1,0,0,Kieran Lowe,Scotland Rugby,Right Wing,New Zealand,32,92,2,0,0,0,0,10,7,88,Away Win
3843,2019-09-09,Spain Rugby,Wales Rugby,"ANZ National Stadium, Suva",Six Nations,4,27,35,3,3,51,49,2,2,0,0,Stuart Barrett,Spain Rugby,Scrum-half,Spain,22,61,3,0,0,0,0,20,4,118,Away Win
3844,2018-05-04,Romania Rugby,Samoa Rugby,"Eden Park, Auckland",Six Nations,5,41,35,5,5,38,62,0,0,0,0,Noah Johnson,Romania Rugby,Tighthead Prop,Romania,27,108,0,0,0,0,0,7,,168,Home Win
3845,2015-11-07,Australia Wallabies,Wales Rugby,"Principality Stadium, Cardiff",Pacific Nations Cup,6,41,48,7,5,40,60,0,1,0,0,Noah Taylor,Australia Wallabies,Scrum-half,Fiji,,110,0,0,0,0,0,12,4,180,Away Win
3846,2023-02-26,Scotland Rugby,South Africa Springboks,"Teufaiva Stadium, Tonga",World Rugby U20 Championship,6,37,49,5,5,48,52,0,0,0,0,James Brown,South Africa Springboks,Left Wing,South Africa,24,113,3,0,0,0,0,5,0,177,Away Win
3847,2023-06-28,Spain Rugby,New Zealand All Blacks,"Twickenham, London",The Rugby Championship,5,36,30,6,3,53,47,0,1,0,0,Tadhg Lowe,Spain Rugby,Fly-half,Spain,23,78,1,2,2,0,0,18,5,45,Home Win
3848,2023-08-19,New Zealand All Blacks,Wales Rugby,"ANZ National Stadium, Suva",The Rugby Championship,8,32,60,3,6,49,51,0,0,0,0,Hamish Caelan,Wales Rugby,Outside Centre,New Zealand,24,52,3,0,0,0,0,6,6,21,Away Win
3849,2019-12-05,USA Eagles,Georgia Rugby,"National Stadium, Tokyo",Rugby World Cup,3,19,0,3,0,56,44,0,0,1,1,Faf Jones,USA Eagles,Loosehead Prop,New Zealand,24,15,3,0,0,0,0,5,2,83,Home Win
3850,2024-05-23,Argentina Pumas,Ireland Rugby,"Teufaiva Stadium, Tonga",Rugby Europe Championship,1,49,32,6,4,59,41,0,0,0,1,Richie Henshaw,Ireland Rugby,Fly-half,Ireland,24,112,2,4,3,0,0,5,3,38,Home Win
3851,2015-08-21,New Zealand All Blacks,Romania Rugby,"National Stadium, Tokyo",Rugby Europe Championship,5,53,31,8,3,37,63,0,0,0,0,Conor Brown,New Zealand All Blacks,Lock,New Zealand,30,24,0,0,0,0,0,12,3,162,Home Win
3852,2021-01-27,Fiji Rugby,England Rugby,"Stade de France, Paris",Rugby Europe Championship,1,28,18,5,2,58,42,1,1,0,0,Siya Barrett,Fiji Rugby,Outside Centre,Fiji,22,35,3,0,0,0,0,17,7,134,Home Win
3853,2015-01-06,Tonga Rugby,France XV,"Murrayfield, Edinburgh",Rugby Europe Championship,1,34,10,3,1,46,54,1,0,0,0,Sam Doris,Tonga Rugby,Loosehead Prop,Tonga,27,99,0,0,0,0,0,14,0,168,Home Win
3854,2018-03-05,Canada Rugby,USA Eagles,"ANZ National Stadium, Suva",Pacific Nations Cup,4,50,23,7,4,35,65,0,0,0,0,Siya Porter,Canada Rugby,Number 8,New Zealand,31,51,1,0,0,0,0,12,7,92,Home Win
3855,2022-03-25,Fiji Rugby,Argentina Pumas,"Apia Park, Samoa",The Rugby Championship,1,17,65,1,8,54,46,0,2,0,0,Cheslin Itoje,Argentina Pumas,Blindside Flanker,Argentina,24,102,1,0,0,0,0,7,5,173,Away Win
3856,2023-05-05,Romania Rugby,Italy Rugby,"Teufaiva Stadium, Tonga",Autumn Internationals,6,67,29,8,4,41,59,0,0,0,0,Justin Russell,Romania Rugby,Openside Flanker,France,,110,0,0,0,0,0,0,5,122,Home Win
3857,2018-02-05,Italy Rugby,Japan Brave Blossoms,"Ellis Park, Johannesburg",Pacific Nations Cup,6,20,57,1,8,47,53,0,0,0,0,Justin Watson,Italy Rugby,Left Wing,Argentina,26,87,3,0,0,0,0,17,0,156,Away Win
3858,2018-01-09,Scotland Rugby,Tonga Rugby,"Estadio Jose Amalfitani, Buenos Aires",The Rugby Championship,8,54,50,6,7,38,62,1,0,0,0,Alun Ntamack,Scotland Rugby,Tighthead Prop,Australia,31,90,1,0,0,0,0,5,1,49,Home Win
3859,2021-08-08,Japan Brave Blossoms,Spain Rugby,"Mikheil Meskhi Stadium, Tbilisi",Six Nations,2,18,42,0,6,60,40,1,0,0,1,Siya Watson,Spain Rugby,Openside Flanker,Spain,27,102,0,0,0,0,0,12,3,146,Away Win
3860,2024-02-06,Canada Rugby,Tonga Rugby,"National Stadium, Tokyo",Rugby World Cup,7,30,56,5,8,38,62,1,0,0,0,Antoine Doris,Canada Rugby,Blindside Flanker,Canada,24,63,0,0,0,1,0,9,8,43,Away Win
3861,2018-11-14,Scotland Rugby,Argentina Pumas,"Ellis Park, Johannesburg",The Rugby Championship,1,62,27,7,2,57,43,2,0,0,0,Ethan Curry,Argentina Pumas,Right Wing,Argentina,28,56,2,0,0,0,0,3,6,94,Home Win
3862,2016-01-03,South Africa Springboks,Australia Wallabies,"Mikheil Meskhi Stadium, Tbilisi",Pacific Nations Cup,3,24,48,3,7,53,47,0,1,1,0,Kieran Curry,Australia Wallabies,Blindside Flanker,New Zealand,22,21,0,0,0,0,0,5,4,53,Away Win
3863,2021-12-26,New Zealand All Blacks,England Rugby,"Teufaiva Stadium, Tonga",The Rugby Championship,7,13,39,1,5,61,39,0,0,0,1,Beauden Barrett,New Zealand All Blacks,Fullback,New Zealand,29,56,3,0,2,0,0,1,0,99,Away Win
3864,2016-01-11,Scotland Rugby,Ireland Rugby,"Principality Stadium, Cardiff",Pacific Nations Cup,1,23,53,1,7,46,54,0,0,0,1,Grégoire Barrett,Ireland Rugby,Outside Centre,Ireland,28,120,2,0,0,0,0,0,2,36,Away Win
3865,2024-03-21,Spain Rugby,Wales Rugby,"Twickenham, London",Rugby World Cup,1,34,10,3,2,49,51,0,2,0,0,Beauden Henshaw,Wales Rugby,Tighthead Prop,New Zealand,25,62,0,0,0,0,0,9,5,87,Home Win
3866,2021-09-05,Scotland Rugby,France XV,"Eden Park, Auckland",Autumn Internationals,8,50,34,8,5,39,61,0,0,0,0,Kieran Porter,Scotland Rugby,Number 8,Australia,23,14,1,0,0,0,0,8,5,8,Home Win
3867,2019-04-20,Italy Rugby,Georgia Rugby,"Ellis Park, Johannesburg",Six Nations,3,40,7,6,1,54,46,0,0,1,0,Pieter Williams,Italy Rugby,Tighthead Prop,South Africa,23,73,0,0,0,0,1,17,7,11,Home Win
3868,2021-04-11,Wales Rugby,Spain Rugby,"Eden Park, Auckland",Six Nations,4,46,37,5,5,63,37,0,1,0,0,Josh Curry,Spain Rugby,Scrum-half,,29,27,2,0,0,0,0,15,6,23,Home Win
3869,2019-07-27,Argentina Pumas,Fiji Rugby,"Estadio Jose Amalfitani, Buenos Aires",World Rugby U20 Championship,8,19,50,1,7,45,55,1,0,1,0,Alun Lowe,Fiji Rugby,Openside Flanker,Fiji,31,91,2,0,0,0,0,20,0,150,Away Win
3870,2021-12-11,Tonga Rugby,Japan Brave Blossoms,"Estadio Jose Amalfitani, Buenos Aires",World Rugby U20 Championship,5,23,13,2,1,52,48,0,0,0,0,Stuart Doris,Japan Brave Blossoms,Fly-half,Japan,24,86,1,3,2,0,0,19,0,32,Home Win
3871,2020-05-01,Ireland Rugby,Spain Rugby,"Ellis Park, Johannesburg",Autumn Internationals,6,38,62,5,8,41,59,0,0,0,0,Cian Itoje,Ireland Rugby,Fly-half,South Africa,28,53,1,1,0,0,0,14,4,30,Away Win
3872,2017-12-28,Tonga Rugby,New Zealand All Blacks,"Teufaiva Stadium, Tonga",,2,40,56,5,8,60,40,0,0,1,0,Noah Porter,Tonga Rugby,Loosehead Prop,Tonga,18,109,1,0,0,0,0,20,3,101,Away Win
3873,2022-02-23,Spain Rugby,Scotland Rugby,"Apia Park, Samoa",World Rugby U20 Championship,3,23,65,1,8,59,41,0,0,0,0,Charles Furlong,Spain Rugby,Lock,Spain,24,72,0,0,0,0,0,0,4,150,Away Win
3874,2015-01-22,Australia Wallabies,France XV,"Teufaiva Stadium, Tonga",The Rugby Championship,1,55,23,8,2,48,52,1,0,0,0,Pieter Smith,Australia Wallabies,Lock,Fiji,26,69,2,0,0,0,0,15,1,116,Home Win
3875,2015-11-27,England Rugby,Canada Rugby,"Aviva Stadium, Dublin",World Rugby U20 Championship,8,8,55,1,8,57,43,0,0,0,0,Alun Jones,Canada Rugby,Left Wing,New Zealand,23,41,2,0,0,0,0,16,5,161,Away Win
3876,2021-02-18,Uruguay Rugby,Georgia Rugby,"Stadium Australia, Sydney",Autumn Internationals,5,24,58,3,8,36,64,0,1,0,0,Cian Watson,Uruguay Rugby,Hooker,Argentina,23,,1,0,0,0,0,6,1,26,Away Win
3877,2021-06-23,England Rugby,USA Eagles,"Stade de France, Paris",Rugby Europe Championship,1,37,57,4,8,37,63,0,0,0,0,William Faletau,England Rugby,Scrum-half,England,24,19,0,0,0,0,0,8,0,99,Away Win
3878,2017-11-21,Ireland Rugby,South Africa Springboks,"Twickenham, London",Pacific Nations Cup,5,35,27,4,5,65,35,0,0,0,0,Oliver Porter,South Africa Springboks,Number 8,South Africa,28,,3,0,0,0,0,5,1,91,Home Win
3879,2019-06-15,Spain Rugby,USA Eagles,"Principality Stadium, Cardiff",Six Nations,2,9,37,0,5,38,62,1,1,0,0,Callum Hogg,USA Eagles,Right Wing,,26,57,1,0,0,0,0,9,3,82,Away Win
3880,2022-12-02,Japan Brave Blossoms,Uruguay Rugby,"Aviva Stadium, Dublin",Autumn Internationals,3,12,32,0,2,65,35,0,0,1,0,Hamish Russell,Japan Brave Blossoms,Openside Flanker,Japan,18,32,1,0,0,0,0,20,1,12,Away Win
3881,2024-11-09,New Zealand All Blacks,Georgia Rugby,"Estadio Jose Amalfitani, Buenos Aires",Six Nations,8,21,10,2,1,44,56,0,0,0,0,Richie Doris,New Zealand All Blacks,Openside Flanker,New Zealand,18,88,1,0,0,0,0,15,3,16,Home Win
3882,2021-02-09,Spain Rugby,Samoa Rugby,"Twickenham, London",World Rugby U20 Championship,7,37,15,6,0,53,47,0,0,0,1,Finn Curry,Spain Rugby,Outside Centre,Spain,24,15,2,0,0,0,0,8,2,141,Home Win
3883,2023-12-24,Australia Wallabies,Spain Rugby,"ANZ National Stadium, Suva",Six Nations,1,10,15,1,0,52,48,0,0,0,0,Sean Henshaw,Spain Rugby,Number 8,Spain,28,30,1,0,0,0,0,6,5,59,Away Win
3884,2015-08-09,Fiji Rugby,Georgia Rugby,"Ellis Park, Johannesburg",Autumn Internationals,2,19,33,1,3,43,57,0,2,0,0,Callum Watson,Georgia Rugby,Fly-half,Georgia,18,30,0,5,3,0,0,20,0,148,Away Win
3885,2019-10-08,Argentina Pumas,Wales Rugby,"Estadio Jose Amalfitani, Buenos Aires",World Rugby U20 Championship,8,10,31,1,3,38,62,0,1,0,0,Sean Itoje,Wales Rugby,Fly-half,New Zealand,25,34,3,2,2,0,0,13,2,30,Away Win
3886,2017-01-10,Tonga Rugby,New Zealand All Blacks,"Ellis Park, Johannesburg",The Rugby Championship,6,55,27,8,3,62,38,0,1,0,0,Henry Johnson,New Zealand All Blacks,Hooker,New Zealand,24,95,1,0,0,0,0,,1,0,Home Win
3887,2024-03-21,Argentina Pumas,New Zealand All Blacks,"ANZ National Stadium, Suva",Rugby World Cup,1,18,3,0,0,46,54,2,0,0,0,Hugo Porter,Argentina Pumas,Tighthead Prop,Argentina,32,114,3,0,0,0,0,20,1,,Home Win
3888,2023-06-12,Tonga Rugby,Fiji Rugby,"Stadium Australia, Sydney",World Rugby U20 Championship,1,10,32,2,4,38,62,0,0,0,0,James van der Merwe,Tonga Rugby,Outside Centre,New Zealand,25,111,0,0,0,0,0,3,2,99,Away Win
3889,2016-01-19,Uruguay Rugby,Tonga Rugby,"Teufaiva Stadium, Tonga",Six Nations,6,36,40,4,4,49,51,1,0,0,0,Richie van der Merwe,Uruguay Rugby,Hooker,Uruguay,28,48,3,0,0,0,0,4,1,44,Away Win
3890,2024-03-25,Samoa Rugby,England Rugby,"Stadio Olimpico, Rome",World Rugby U20 Championship,2,60,18,8,0,53,47,0,0,0,0,Callum de Klerk,England Rugby,Lock,New Zealand,27,15,3,0,0,0,0,1,3,94,Home Win
3891,2022-04-25,Scotland Rugby,Tonga Rugby,"Aviva Stadium, Dublin",Rugby Europe Championship,7,19,27,2,3,65,35,1,0,0,0,Rory Taylor,Tonga Rugby,Scrum-half,Tonga,18,101,2,0,0,0,0,,4,36,Away Win
3892,2017-04-01,France XV,Italy Rugby,"Mikheil Meskhi Stadium, Tbilisi",Pacific Nations Cup,3,61,12,7,0,37,63,0,0,0,0,Mason Caelan,France XV,Fly-half,Senegal,30,75,0,3,1,0,0,13,7,115,Home Win
3893,2023-11-07,Australia Wallabies,Georgia Rugby,"Stade de France, Paris",Rugby Europe Championship,2,41,29,7,4,37,63,1,1,0,0,Siya Williams,Australia Wallabies,Inside Centre,New Zealand,27,90,3,0,0,0,0,17,0,157,Home Win
3894,2024-04-04,Fiji Rugby,Tonga Rugby,"National Stadium, Tokyo",The Rugby Championship,3,40,12,6,0,38,62,0,0,0,0,Oliver Carbery,Tonga Rugby,Hooker,Tonga,29,54,3,0,0,0,0,14,3,155,Home Win
3895,2019-01-04,Uruguay Rugby,Romania Rugby,,Rugby Europe Championship,8,21,45,2,7,42,58,0,0,0,0,Justin Watson,Romania Rugby,Openside Flanker,France,40,101,1,0,0,0,0,16,2,19,Away Win
3896,2015-03-11,Ireland Rugby,Italy Rugby,"Stade de France, Paris",Six Nations,5,52,42,8,4,53,47,1,0,0,0,Antoine Itoje,Ireland Rugby,Loosehead Prop,South Africa,18,49,2,0,0,0,0,4,3,172,Home Win
3897,2017-10-10,Canada Rugby,Wales Rugby,"Ellis Park, Johannesburg",Rugby World Cup,2,51,70,6,8,54,46,2,0,1,1,William Faletau,Wales Rugby,Scrum-half,New Zealand,33,94,0,0,0,0,0,11,0,180,Away Win
3898,2018-01-01,Japan Brave Blossoms,Tonga Rugby,"Stadio Olimpico, Rome",The Rugby Championship,8,15,19,0,3,47,53,0,0,0,0,Finn Ntamack,Tonga Rugby,Openside Flanker,New Zealand,25,57,0,0,0,0,0,8,5,3,Away Win
3899,2016-01-23,Canada Rugby,England Rugby,"Aviva Stadium, Dublin",Autumn Internationals,5,58,28,8,5,44,56,0,1,0,0,Hamish Brown,England Rugby,Lock,New Zealand,28,117,2,0,0,0,0,2,,18,Home Win
3900,2021-10-25,Samoa Rugby,Uruguay Rugby,"Ellis Park, Johannesburg",Rugby Europe Championship,3,12,10,0,1,44,56,0,2,0,0,Lucas Caelan,Uruguay Rugby,Left Wing,Argentina,26,42,1,0,0,0,0,16,7,35,Home Win
3901,2019-02-07,South Africa Springboks,Samoa Rugby,"Mikheil Meskhi Stadium, Tbilisi",Six Nations,2,50,40,7,4,51,49,0,0,0,0,Liam Russell,South Africa Springboks,Lock,South Africa,25,9,2,0,0,0,0,0,4,112,Home Win
3902,2021-01-07,Ireland Rugby,England Rugby,"Mikheil Meskhi Stadium, Tbilisi",Pacific Nations Cup,1,72,9,8,0,55,45,0,0,0,0,Hugo de Klerk,Ireland Rugby,Lock,Ireland,24,78,3,0,0,0,0,9,8,47,Home Win
3903,2018-08-08,England Rugby,Japan Brave Blossoms,"Apia Park, Samoa",Rugby Europe Championship,6,50,20,7,4,64,36,0,0,1,0,William Lowe,England Rugby,Outside Centre,England,28,119,1,0,0,0,0,17,8,10,Home Win
3904,2024-02-17,Samoa Rugby,Italy Rugby,"Murrayfield, Edinburgh",Rugby Europe Championship,6,22,39,4,6,40,60,0,0,0,0,Finn Brown,Samoa Rugby,Number 8,New Zealand,20,31,0,0,0,0,0,7,4,111,Away Win
3905,2017-07-17,France XV,New Zealand All Blacks,"Eden Park, Auckland",Six Nations,4,0,45,0,7,63,37,0,0,0,0,Owen Hogg,New Zealand All Blacks,Inside Centre,New Zealand,30,83,0,0,0,0,0,6,1,44,Away Win
3906,2020-09-05,Japan Brave Blossoms,Ireland Rugby,"Principality Stadium, Cardiff",Six Nations,5,38,61,4,8,65,35,0,0,0,0,Henry Jones,Ireland Rugby,Outside Centre,,25,108,0,0,0,0,0,0,3,80,Away Win
3907,2017-08-28,Scotland Rugby,Tonga Rugby,"Stadium Australia, Sydney",Autumn Internationals,2,56,19,7,1,57,43,0,0,0,0,Finn Dupont,Tonga Rugby,Openside Flanker,Tonga,22,20,2,0,0,0,0,14,8,18,Home Win
3908,2015-09-05,Uruguay Rugby,New Zealand All Blacks,"Stadium Australia, Sydney",Rugby World Cup,3,18,70,3,8,48,52,0,0,0,0,Alun Watson,Uruguay Rugby,Number 8,Argentina,25,31,1,0,0,0,0,6,4,45,Away Win
3909,2017-06-22,Fiji Rugby,Wales Rugby,"Stadium Australia, Sydney",Rugby Europe Championship,8,17,66,3,8,49,51,0,0,0,0,Oliver Itoje,Wales Rugby,Outside Centre,New Zealand,32,75,1,0,0,0,0,6,3,124,Away Win
3910,2024-09-16,Fiji Rugby,USA Eagles,"Stade de France, Paris",World Rugby U20 Championship,3,17,45,1,6,41,59,0,0,0,0,Faf Lowe,Fiji Rugby,Scrum-half,Fiji,24,72,3,0,0,0,0,5,1,157,Away Win
3911,2024-05-11,Samoa Rugby,Romania Rugby,"Stade de France, Paris",Rugby Europe Championship,3,55,42,8,4,62,38,0,1,0,0,Conor Brown,Samoa Rugby,Blindside Flanker,New Zealand,28,78,3,0,0,0,0,8,1,56,Home Win
3912,2020-08-25,Italy Rugby,Georgia Rugby,"Stadio Olimpico, Rome",Six Nations,7,21,45,2,5,46,54,0,0,0,0,Oliver Watson,Georgia Rugby,Hooker,Georgia,24,1,2,0,0,0,0,16,0,2,Away Win
3913,2019-05-08,Georgia Rugby,Italy Rugby,"Twickenham, London",Pacific Nations Cup,1,48,44,7,6,63,37,0,0,0,0,Conor Caelan,Italy Rugby,Fullback,Argentina,30,72,2,0,2,0,0,12,7,171,Home Win
3914,2024-03-09,Samoa Rugby,Spain Rugby,"Estadio Jose Amalfitani, Buenos Aires",World Rugby U20 Championship,6,13,15,1,0,42,58,1,0,1,0,Hamish Furlong,Samoa Rugby,Inside Centre,Samoa,29,68,0,0,0,1,0,14,1,4,Away Win
3915,2017-03-12,Tonga Rugby,Samoa Rugby,"Principality Stadium, Cardiff",Autumn Internationals,3,53,10,5,2,57,43,0,0,0,0,Alun Smith,Tonga Rugby,Scrum-half,Tonga,34,63,1,0,0,0,0,12,6,39,Home Win
3916,2022-02-07,Fiji Rugby,South Africa Springboks,"Stade de France, Paris",Six Nations,6,57,33,7,5,59,41,0,0,0,0,James Watson,Fiji Rugby,Number 8,Fiji,26,46,3,0,0,0,0,7,6,0,Home Win
3917,2019-01-14,Wales Rugby,Italy Rugby,"Apia Park, Samoa",Rugby Europe Championship,4,46,42,8,6,50,50,0,1,0,0,Cian Williams,Italy Rugby,Loosehead Prop,Italy,29,6,2,0,0,0,0,5,7,116,Home Win
3918,2023-07-11,Wales Rugby,Tonga Rugby,"Stadium Australia, Sydney",Pacific Nations Cup,2,27,62,2,8,57,43,0,1,0,0,Charles Watson,Wales Rugby,Scrum-half,Wales,27,57,1,0,0,0,0,0,7,51,Away Win
3919,2024-04-18,France XV,Argentina Pumas,,Six Nations,1,71,45,8,5,46,54,0,0,0,0,Josh Williams,France XV,Openside Flanker,,32,95,0,0,0,0,0,6,3,42,Home Win
3920,2023-02-11,Fiji Rugby,France XV,"Apia Park, Samoa",Autumn Internationals,8,29,12,5,0,35,65,0,0,0,0,Callum Caelan,Fiji Rugby,Fullback,Fiji,24,55,3,0,4,1,0,18,3,104,Home Win
3921,2017-11-07,USA Eagles,Romania Rugby,"Stadio Olimpico, Rome",Pacific Nations Cup,1,3,39,0,5,53,47,0,0,0,0,Callum Watson,Romania Rugby,Lock,France,29,62,3,0,0,0,0,2,8,76,Away Win
3922,2016-07-03,Georgia Rugby,England Rugby,"Murrayfield, Edinburgh",The Rugby Championship,2,17,49,3,5,35,65,2,1,0,0,Beauden Smith,Georgia Rugby,Left Wing,Georgia,26,100,3,0,0,0,0,5,8,,Away Win
3923,2021-08-06,England Rugby,Japan Brave Blossoms,"Principality Stadium, Cardiff",Rugby World Cup,7,9,8,0,1,40,60,0,1,0,0,Oliver Henshaw,Japan Brave Blossoms,Fullback,New Zealand,26,87,0,0,0,0,0,19,0,164,Home Win
3924,2021-02-18,Italy Rugby,Uruguay Rugby,"Ellis Park, Johannesburg",Pacific Nations Cup,3,57,18,8,3,38,62,0,0,0,0,Cian Dupont,Italy Rugby,Number 8,Argentina,27,40,0,0,0,0,0,,7,0,Home Win
3925,2018-02-24,Ireland Rugby,England Rugby,"Eden Park, Auckland",Six Nations,2,45,19,6,3,51,49,0,0,0,0,Beauden Carbery,Ireland Rugby,Blindside Flanker,New Zealand,28,72,2,0,0,0,0,8,0,112,Home Win
3926,2018-02-19,Ireland Rugby,Spain Rugby,"Stadio Olimpico, Rome",World Rugby U20 Championship,3,36,29,6,3,65,35,0,0,0,0,Sean Faletau,Ireland Rugby,Hooker,Ireland,26,104,3,0,0,0,0,7,7,172,Home Win
3927,2020-04-21,Fiji Rugby,Georgia Rugby,"Ellis Park, Johannesburg",Six Nations,4,33,13,4,1,62,38,0,0,0,0,Charles Caelan,Georgia Rugby,Right Wing,Georgia,27,89,1,0,0,0,1,14,7,178,Home Win
3928,2019-09-16,Ireland Rugby,Japan Brave Blossoms,"ANZ National Stadium, Suva",World Rugby U20 Championship,4,48,27,7,2,36,64,0,1,0,0,Siya Barrett,Ireland Rugby,Outside Centre,Ireland,33,63,3,0,0,0,0,17,1,111,Home Win
3929,2019-10-06,Spain Rugby,Tonga Rugby,"ANZ National Stadium, Suva",Autumn Internationals,2,44,47,6,7,42,58,1,0,0,0,Sam Johnson,Spain Rugby,Lock,Argentina,30,1,3,0,0,0,0,14,3,51,Away Win
3930,2018-04-24,Italy Rugby,France XV,"National Stadium, Tokyo",Six Nations,7,29,57,2,8,51,49,0,0,0,0,Malcolm de Klerk,France XV,Fly-half,France,30,18,2,5,2,0,0,11,2,65,Away Win
3931,2022-12-09,Samoa Rugby,England Rugby,"Stadium Australia, Sydney",World Rugby U20 Championship,2,59,23,8,4,58,42,0,0,0,0,Henry Faletau,England Rugby,Scrum-half,South Africa,25,27,3,0,0,0,0,18,2,101,Home Win
3932,2015-11-07,Wales Rugby,Australia Wallabies,"Ellis Park, Johannesburg",Six Nations,4,14,3,1,0,58,42,0,1,0,0,Sean Brown,Wales Rugby,Openside Flanker,New Zealand,23,119,0,0,0,0,0,6,8,136,Home Win
3933,2018-09-05,Uruguay Rugby,Tonga Rugby,"Stadium Australia, Sydney",,1,47,38,7,7,40,60,1,0,0,0,Charles van der Merwe,Tonga Rugby,Loosehead Prop,Tonga,30,,3,0,0,0,0,7,2,49,Home Win
3934,2016-12-07,France XV,Tonga Rugby,"Aviva Stadium, Dublin",Pacific Nations Cup,1,45,27,7,2,37,63,0,0,0,0,Cheslin Carbery,Tonga Rugby,Outside Centre,Tonga,30,118,1,0,0,1,0,19,6,29,Home Win
3935,2017-11-07,South Africa Springboks,Australia Wallabies,"Stade de France, Paris",Six Nations,5,52,29,8,4,36,64,1,0,1,0,Tadhg Caelan,South Africa Springboks,Left Wing,South Africa,32,79,1,0,0,0,0,4,8,174,Home Win
3936,2019-03-01,Canada Rugby,Argentina Pumas,"Principality Stadium, Cardiff",Pacific Nations Cup,3,41,32,5,6,53,47,0,0,0,0,Hugo Johnson,Canada Rugby,Outside Centre,New Zealand,24,,3,0,0,0,0,8,4,43,Home Win
3937,2018-02-15,New Zealand All Blacks,Scotland Rugby,"Apia Park, Samoa",Rugby World Cup,1,21,49,3,5,46,54,0,1,1,0,Noah Barrett,New Zealand All Blacks,Right Wing,New Zealand,26,60,1,0,0,0,0,5,5,168,Away Win
3938,2019-10-26,England Rugby,Wales Rugby,"Twickenham, London",Rugby World Cup,6,41,35,5,5,35,65,0,0,0,0,Conor van der Merwe,Wales Rugby,Lock,New Zealand,20,69,3,0,0,0,0,16,3,,Home Win
3939,2018-09-22,South Africa Springboks,Argentina Pumas,"Stade de France, Paris",Autumn Internationals,2,21,17,3,2,57,43,0,0,0,0,Richie Lowe,South Africa Springboks,Hooker,,25,5,0,0,0,0,0,3,4,170,Home Win
3940,2019-12-23,New Zealand All Blacks,Italy Rugby,"Twickenham, London",Autumn Internationals,8,23,32,2,5,37,63,0,0,0,0,Stuart Carbery,New Zealand All Blacks,Blindside Flanker,New Zealand,30,85,3,0,0,1,0,4,8,96,Away Win
3941,2020-09-02,Italy Rugby,Canada Rugby,"Estadio Jose Amalfitani, Buenos Aires",The Rugby Championship,2,65,18,7,2,46,54,0,0,0,0,Cian Johnson,Italy Rugby,Outside Centre,Italy,25,71,1,0,0,0,0,20,1,160,Home Win
3942,2024-09-03,France XV,Argentina Pumas,"Murrayfield, Edinburgh",Rugby World Cup,5,47,23,6,4,54,46,0,0,0,0,Grégoire Furlong,France XV,Left Wing,France,29,8,3,0,0,0,0,7,2,,Home Win
3943,2022-03-11,Georgia Rugby,Tonga Rugby,"Aviva Stadium, Dublin",World Rugby U20 Championship,5,17,39,1,7,41,59,0,0,0,0,Beauden Watson,Tonga Rugby,Right Wing,Tonga,26,42,3,0,0,0,0,13,1,106,Away Win
3944,2022-12-06,Ireland Rugby,New Zealand All Blacks,"Stadium Australia, Sydney",Rugby World Cup,1,36,27,4,3,46,54,0,1,0,0,Mason Watson,Ireland Rugby,Lock,New Zealand,28,80,3,0,0,0,0,14,0,,Home Win
3945,2021-04-06,Uruguay Rugby,Scotland Rugby,"Stadio Olimpico, Rome",World Rugby U20 Championship,5,19,9,2,0,38,62,0,0,0,0,Cheslin Russell,Scotland Rugby,Openside Flanker,Australia,22,23,2,0,0,1,0,15,7,180,Home Win
3946,2022-02-20,Italy Rugby,Samoa Rugby,"Stade de France, Paris",World Rugby U20 Championship,3,60,25,8,4,49,51,0,0,0,1,Owen de Klerk,Italy Rugby,Scrum-half,Italy,27,21,3,0,0,0,0,3,0,,Home Win
3947,2021-06-04,Spain Rugby,Fiji Rugby,"Teufaiva Stadium, Tonga",Rugby Europe Championship,6,22,45,1,6,60,40,0,0,0,0,Alun Doris,Fiji Rugby,Loosehead Prop,Fiji,18,113,2,0,0,0,0,6,0,20,Away Win
3948,2024-04-03,Ireland Rugby,New Zealand All Blacks,"Apia Park, Samoa",World Rugby U20 Championship,8,30,47,3,8,39,61,1,0,0,0,Oliver Jones,Ireland Rugby,Lock,Ireland,26,88,0,0,0,0,0,5,6,166,Away Win
3949,2017-10-11,Argentina Pumas,USA Eagles,"Stade de France, Paris",Pacific Nations Cup,4,50,26,8,4,36,64,0,1,0,0,Finn Smith,USA Eagles,Number 8,New Zealand,20,47,1,0,0,0,0,7,6,50,Home Win
3950,2024-11-26,South Africa Springboks,Spain Rugby,"Mikheil Meskhi Stadium, Tbilisi",Autumn Internationals,7,23,13,2,2,56,44,0,0,0,0,Sean Doris,South Africa Springboks,Blindside Flanker,South Africa,31,21,3,0,0,0,0,13,4,47,Home Win
3951,2018-12-24,Uruguay Rugby,Fiji Rugby,"Stade de France, Paris",The Rugby Championship,8,21,48,3,6,62,38,1,0,0,0,Josh Ntamack,Uruguay Rugby,Lock,Argentina,30,27,2,0,0,0,0,17,3,170,Away Win
3952,2024-06-18,England Rugby,Samoa Rugby,"National Stadium, Tokyo",Six Nations,7,47,3,6,0,46,54,0,0,0,0,Charles Faletau,Samoa Rugby,Lock,New Zealand,28,62,1,0,0,0,0,1,5,168,Home Win
3953,2019-04-09,USA Eagles,Scotland Rugby,"Estadio Jose Amalfitani, Buenos Aires",Six Nations,4,25,49,4,8,38,62,0,1,0,0,Beauden Furlong,Scotland Rugby,Lock,Australia,33,10,1,0,0,0,0,5,0,32,Away Win
3954,2018-09-08,Canada Rugby,Japan Brave Blossoms,"Twickenham, London",World Rugby U20 Championship,2,30,10,3,2,53,47,1,0,0,1,Finn Porter,Japan Brave Blossoms,Fullback,Australia,23,62,3,0,1,0,0,15,8,174,Home Win
3955,2017-07-23,England Rugby,USA Eagles,"ANZ National Stadium, Suva",Rugby World Cup,3,10,33,1,3,64,36,0,1,0,0,Liam Watson,England Rugby,Right Wing,England,33,65,2,0,0,0,0,20,5,97,Away Win
3956,2024-08-24,Ireland Rugby,USA Eagles,"Teufaiva Stadium, Tonga",Rugby Europe Championship,5,25,17,1,3,55,45,1,0,0,0,Lucas Ntamack,USA Eagles,Fly-half,New Zealand,30,87,0,2,4,0,0,4,1,17,Home Win
3957,2023-09-03,Uruguay Rugby,Argentina Pumas,"National Stadium, Tokyo",Rugby World Cup,7,15,41,0,7,61,39,0,0,0,0,Cian Williams,Argentina Pumas,Fly-half,Argentina,26,81,3,4,2,0,0,3,4,175,Away Win
3958,2017-07-26,USA Eagles,Samoa Rugby,"Stade de France, Paris",World Rugby U20 Championship,6,37,18,3,2,52,48,1,0,0,0,Rory van der Merwe,USA Eagles,Loosehead Prop,New Zealand,31,76,0,0,0,0,0,2,3,77,Home Win
3959,2015-03-14,Ireland Rugby,Georgia Rugby,"Murrayfield, Edinburgh",Autumn Internationals,2,45,8,5,1,42,58,0,0,0,0,Malcolm Dupont,Georgia Rugby,Fly-half,Georgia,22,12,1,0,3,0,0,2,2,140,Home Win
3960,2020-05-12,Spain Rugby,USA Eagles,"Murrayfield, Edinburgh",Rugby Europe Championship,5,66,40,8,4,51,49,0,1,0,0,Jamie Lowe,Spain Rugby,Hooker,Argentina,23,116,3,0,0,0,0,11,5,170,Home Win
3961,2024-06-19,Romania Rugby,New Zealand All Blacks,"Aviva Stadium, Dublin",World Rugby U20 Championship,5,29,30,4,4,46,54,0,1,0,0,Lucas Hogg,Romania Rugby,Fullback,France,24,98,1,0,1,1,0,0,0,125,Away Win
3962,2017-07-21,South Africa Springboks,Wales Rugby,"Apia Park, Samoa",World Rugby U20 Championship,6,31,3,4,0,42,58,1,0,0,0,Ethan Brown,South Africa Springboks,Scrum-half,South Africa,24,10,1,0,0,1,0,0,7,126,Home Win
3963,2019-10-26,Spain Rugby,Fiji Rugby,"Apia Park, Samoa",World Rugby U20 Championship,7,59,17,7,1,35,65,0,0,0,0,Mason Porter,Fiji Rugby,Inside Centre,Fiji,22,11,1,0,0,0,0,10,5,,Home Win
3964,2024-02-27,New Zealand All Blacks,Japan Brave Blossoms,"Principality Stadium, Cardiff",Pacific Nations Cup,5,10,46,2,6,56,44,0,0,0,0,Charles Itoje,New Zealand All Blacks,Fly-half,New Zealand,31,72,3,2,1,0,0,9,0,17,Away Win
3965,2018-10-27,South Africa Springboks,Georgia Rugby,"Twickenham, London",World Rugby U20 Championship,3,26,70,3,8,62,38,0,0,0,0,Siya Jones,Georgia Rugby,Number 8,Georgia,25,96,2,0,0,0,0,19,0,34,Away Win
3966,2015-03-17,Wales Rugby,South Africa Springboks,"Apia Park, Samoa",Rugby Europe Championship,4,12,49,0,6,57,43,0,1,0,0,Pieter Hogg,South Africa Springboks,Lock,South Africa,28,28,0,0,0,1,0,5,4,28,Away Win
3967,2019-07-10,Argentina Pumas,Tonga Rugby,"Stadio Olimpico, Rome",Six Nations,8,24,58,3,8,50,50,0,0,0,0,Richie van der Merwe,Tonga Rugby,Openside Flanker,Tonga,24,,0,0,0,0,0,9,4,101,Away Win
3968,2021-05-05,Fiji Rugby,Australia Wallabies,"Mikheil Meskhi Stadium, Tbilisi",The Rugby Championship,2,39,31,5,4,43,57,1,0,0,0,Liam Porter,Australia Wallabies,Loosehead Prop,New Zealand,19,52,0,0,0,0,0,7,4,86,Home Win
3969,2023-12-17,Romania Rugby,England Rugby,"Aviva Stadium, Dublin",The Rugby Championship,4,50,51,7,6,49,51,0,0,0,0,Ethan Johnson,Romania Rugby,Lock,Romania,28,40,1,0,0,0,0,3,3,36,Away Win
3970,2020-07-26,Ireland Rugby,Italy Rugby,"Twickenham, London",Pacific Nations Cup,5,15,58,0,8,50,50,0,0,0,0,Rory Jones,Italy Rugby,Loosehead Prop,Argentina,19,56,2,0,0,0,0,14,1,54,Away Win
3971,2015-09-04,Fiji Rugby,Samoa Rugby,"Mikheil Meskhi Stadium, Tbilisi",The Rugby Championship,4,37,5,4,1,47,53,0,0,0,1,William Porter,Fiji Rugby,Scrum-half,Fiji,26,102,1,0,0,0,0,11,,37,Home Win
3972,2019-12-19,Australia Wallabies,Wales Rugby,"Apia Park, Samoa",The Rugby Championship,8,20,70,2,8,35,65,0,0,0,0,Conor Itoje,Australia Wallabies,Tighthead Prop,New Zealand,21,47,2,0,0,0,0,5,8,7,Away Win
3973,2020-05-06,Uruguay Rugby,Australia Wallabies,"National Stadium, Tokyo",Rugby World Cup,8,40,26,4,3,45,55,0,0,0,0,William Dupont,Uruguay Rugby,Inside Centre,Uruguay,,93,0,0,0,0,0,4,1,86,Home Win
3974,2024-12-12,France XV,Fiji Rugby,"Ellis Park, Johannesburg",Rugby Europe Championship,3,31,30,4,2,53,47,0,0,0,0,Liam Dupont,Fiji Rugby,Left Wing,Fiji,30,87,1,0,0,0,0,10,0,168,Home Win
3975,2015-08-28,Tonga Rugby,USA Eagles,"ANZ National Stadium, Suva",Six Nations,8,12,61,2,7,37,63,0,2,0,0,Romain Dupont,USA Eagles,Blindside Flanker,,27,69,2,0,0,1,0,12,4,39,Away Win
3976,2016-03-07,USA Eagles,Canada Rugby,"ANZ National Stadium, Suva",Rugby Europe Championship,7,21,40,2,4,58,42,1,0,0,0,Josh Russell,USA Eagles,Tighthead Prop,South Africa,32,67,0,0,0,0,0,16,3,151,Away Win
3977,2024-03-07,Australia Wallabies,Spain Rugby,,Rugby Europe Championship,6,31,50,3,6,48,52,0,0,0,1,Charles Doris,Australia Wallabies,Lock,New Zealand,23,67,1,0,0,0,0,15,1,176,Away Win
3978,2022-11-25,France XV,Uruguay Rugby,"Mikheil Meskhi Stadium, Tbilisi",The Rugby Championship,8,35,18,5,2,48,52,0,0,0,0,Alun Kolbe,France XV,Lock,France,29,55,3,0,0,0,0,19,1,34,Home Win
3979,2016-12-16,South Africa Springboks,USA Eagles,"National Stadium, Tokyo",Rugby World Cup,8,15,50,0,7,52,48,0,2,0,0,Owen Lowe,USA Eagles,Number 8,New Zealand,27,82,3,0,0,0,0,10,6,126,Away Win
3980,2017-05-07,Fiji Rugby,Wales Rugby,"Estadio Jose Amalfitani, Buenos Aires",The Rugby Championship,6,55,10,7,1,50,50,0,0,0,0,Tadhg Watson,Fiji Rugby,Lock,Fiji,28,23,2,0,0,0,0,13,7,146,Home Win
3981,2017-08-14,Japan Brave Blossoms,Italy Rugby,"Eden Park, Auckland",Six Nations,1,35,30,4,3,65,35,1,0,0,0,Noah van der Merwe,Japan Brave Blossoms,Lock,South Africa,32,88,0,0,0,0,0,2,8,163,Home Win
3982,2021-03-26,Ireland Rugby,Tonga Rugby,"National Stadium, Tokyo",Six Nations,3,24,35,3,7,42,58,0,1,1,0,Hamish Barrett,Ireland Rugby,Outside Centre,New Zealand,29,105,0,0,0,0,0,4,0,153,Away Win
3983,2021-01-14,Japan Brave Blossoms,Georgia Rugby,"Ellis Park, Johannesburg",Rugby Europe Championship,3,36,9,4,0,47,53,0,0,0,0,Pieter de Klerk,Japan Brave Blossoms,Right Wing,South Africa,28,112,3,0,0,0,0,12,0,175,Home Win
3984,2020-02-05,Georgia Rugby,Canada Rugby,"Stadium Australia, Sydney",Pacific Nations Cup,1,12,50,0,7,50,50,0,1,0,0,Cheslin Barrett,Georgia Rugby,Left Wing,Georgia,20,116,1,0,0,0,0,1,4,103,Away Win
3985,2015-05-08,Italy Rugby,Uruguay Rugby,"National Stadium, Tokyo",World Rugby U20 Championship,2,34,32,3,2,48,52,0,0,0,0,Taulupe Caelan,Uruguay Rugby,Fly-half,Argentina,23,41,2,2,2,0,0,19,2,84,Home Win
3986,2024-06-17,Georgia Rugby,Argentina Pumas,"Principality Stadium, Cardiff",Autumn Internationals,3,21,37,3,7,56,44,1,0,0,0,Rory Dupont,Georgia Rugby,Outside Centre,Georgia,26,90,0,0,0,0,0,13,8,112,Away Win
3987,2018-10-07,Fiji Rugby,Scotland Rugby,,Pacific Nations Cup,4,45,47,6,7,62,38,1,0,0,0,Callum Curry,Scotland Rugby,Left Wing,Scotland,27,91,1,0,0,0,0,,1,104,Away Win
3988,2022-02-09,Spain Rugby,Tonga Rugby,"Stadium Australia, Sydney",Six Nations,8,33,16,3,2,37,63,0,0,0,0,Siya van der Merwe,Spain Rugby,Tighthead Prop,Argentina,22,62,0,0,0,0,0,4,4,175,Home Win
3989,2020-11-03,Australia Wallabies,Italy Rugby,"Aviva Stadium, Dublin",Autumn Internationals,3,23,24,1,3,38,62,1,1,0,0,Antoine Kolbe,Italy Rugby,Fly-half,,36,98,0,5,1,0,0,16,2,,Away Win
3990,2018-12-22,Samoa Rugby,USA Eagles,"Murrayfield, Edinburgh",Pacific Nations Cup,6,22,55,2,7,37,63,1,0,0,0,Josh Smith,Samoa Rugby,Number 8,Samoa,33,119,3,0,0,0,0,13,7,,Away Win
3991,2017-11-21,Uruguay Rugby,Romania Rugby,"Stadio Olimpico, Rome",Autumn Internationals,6,11,47,1,5,54,46,1,0,0,0,Lucas Brown,Uruguay Rugby,Fullback,Argentina,29,101,2,0,3,0,0,20,6,132,Away Win
3992,2019-05-26,England Rugby,Japan Brave Blossoms,"Mikheil Meskhi Stadium, Tbilisi",World Rugby U20 Championship,4,54,64,8,7,55,45,0,0,1,0,Ethan Caelan,Japan Brave Blossoms,Outside Centre,Japan,27,80,1,0,0,0,0,18,8,165,Away Win
3993,2022-07-17,Japan Brave Blossoms,France XV,"Apia Park, Samoa",The Rugby Championship,2,31,5,5,1,48,52,0,0,0,0,Taulupe Doris,France XV,Lock,France,26,40,0,0,0,0,0,13,7,42,Home Win
3994,2021-06-26,Tonga Rugby,Argentina Pumas,"Estadio Jose Amalfitani, Buenos Aires",Rugby World Cup,6,48,50,6,6,40,60,0,1,0,0,Siya Ntamack,Tonga Rugby,Number 8,Tonga,23,5,3,0,0,0,0,11,8,,Away Win
3995,2023-03-27,Romania Rugby,Fiji Rugby,"ANZ National Stadium, Suva",Rugby World Cup,5,33,3,3,0,44,56,0,0,0,0,Pieter Brown,Fiji Rugby,Fly-half,Fiji,27,71,3,5,1,1,0,13,2,150,Home Win
3996,2022-04-16,Japan Brave Blossoms,Samoa Rugby,"Aviva Stadium, Dublin",The Rugby Championship,3,37,45,7,5,59,41,0,1,1,0,Liam Russell,Japan Brave Blossoms,Outside Centre,Japan,28,15,3,0,0,0,0,2,1,50,Away Win
3997,2019-03-18,Ireland Rugby,South Africa Springboks,"Murrayfield, Edinburgh",Rugby World Cup,4,35,41,6,6,48,52,0,0,0,0,Benjamin Dupont,South Africa Springboks,Fullback,South Africa,22,31,3,0,1,0,0,2,5,146,Away Win
3998,2024-05-02,South Africa Springboks,Wales Rugby,"Principality Stadium, Cardiff",Six Nations,3,30,15,4,0,63,37,2,0,0,0,Siya Kolbe,Wales Rugby,Blindside Flanker,New Zealand,28,32,3,0,0,0,1,4,,47,Home Win
3999,2022-07-07,England Rugby,Ireland Rugby,"Teufaiva Stadium, Tonga",Six Nations,7,44,5,6,1,45,55,0,0,0,0,Stuart Dupont,England Rugby,Fullback,England,26,67,2,0,2,0,0,0,0,18,Home Win
4000,2020-06-25,Spain Rugby,Japan Brave Blossoms,"Ellis Park, Johannesburg",Autumn Internationals,1,19,22,1,1,41,59,2,0,0,0,Sam Furlong,Spain Rugby,Inside Centre,Argentina,19,45,2,0,0,0,0,10,8,77,Away Win
4001,2019-04-08,Spain Rugby,New Zealand All Blacks,"Murrayfield, Edinburgh",Rugby World Cup,7,19,54,1,7,40,60,0,0,0,0,Antoine Watson,Spain Rugby,Outside Centre,Spain,23,56,0,0,0,0,0,13,1,104,Away Win
4002,2016-09-26,USA Eagles,Georgia Rugby,"Twickenham, London",Rugby World Cup,2,47,66,7,8,50,50,0,0,1,0,Kieran Russell,USA Eagles,Fullback,USA,25,77,1,0,2,0,0,9,8,177,Away Win
4003,2024-07-20,Wales Rugby,USA Eagles,"Stade de France, Paris",Rugby World Cup,2,47,51,7,7,60,40,0,0,0,0,James Porter,USA Eagles,Lock,New Zealand,34,27,1,0,0,0,0,5,6,26,Away Win
4004,2022-12-06,England Rugby,New Zealand All Blacks,"Stadio Olimpico, Rome",Pacific Nations Cup,8,18,20,0,1,42,58,2,1,0,0,Callum Curry,England Rugby,Hooker,South Africa,29,,0,0,0,0,0,13,2,39,Away Win
4005,2016-09-14,Canada Rugby,Samoa Rugby,"Teufaiva Stadium, Tonga",Autumn Internationals,7,34,48,6,7,43,57,0,0,0,0,Sean Taylor,Canada Rugby,Lock,New Zealand,21,59,3,0,0,0,0,7,2,176,Away Win
4006,2021-12-26,England Rugby,New Zealand All Blacks,"Stadium Australia, Sydney",Rugby World Cup,3,39,56,5,7,49,51,1,0,0,0,Cian van der Merwe,New Zealand All Blacks,Fullback,New Zealand,28,95,1,0,2,0,0,8,8,55,Away Win
4007,2019-06-01,England Rugby,Uruguay Rugby,"Mikheil Meskhi Stadium, Tbilisi",Six Nations,4,44,46,5,7,39,61,2,1,1,0,Finn Johnson,Uruguay Rugby,Fullback,Argentina,20,105,0,0,2,0,0,3,5,155,Away Win
4008,2024-04-25,South Africa Springboks,Argentina Pumas,"Ellis Park, Johannesburg",Rugby World Cup,1,17,34,2,6,50,50,0,0,0,0,Finn Johnson,Argentina Pumas,Outside Centre,Argentina,31,78,0,0,0,1,0,17,4,13,Away Win
4009,2023-07-24,Canada Rugby,France XV,"Estadio Jose Amalfitani, Buenos Aires",The Rugby Championship,3,42,48,5,6,53,47,0,1,0,0,Kieran Hogg,Canada Rugby,Blindside Flanker,New Zealand,25,112,0,0,0,0,0,13,,101,Away Win
4010,2018-09-18,Scotland Rugby,Australia Wallabies,"Stadio Olimpico, Rome",Autumn Internationals,8,47,27,6,3,39,61,0,0,0,0,Stuart Brown,Australia Wallabies,Blindside Flanker,Australia,26,74,1,0,0,0,0,,3,118,Home Win
4011,2020-08-06,Argentina Pumas,England Rugby,"Mikheil Meskhi Stadium, Tbilisi",Six Nations,2,53,15,6,3,65,35,0,0,0,0,Owen Lowe,Argentina Pumas,Hooker,Argentina,32,71,2,0,0,0,0,14,8,69,Home Win
4012,2022-06-08,Fiji Rugby,South Africa Springboks,"Twickenham, London",Rugby World Cup,2,38,27,5,3,36,64,0,1,0,0,Charles Dupont,South Africa Springboks,Lock,South Africa,21,104,3,0,0,0,0,,,87,Home Win
4013,2023-10-07,Australia Wallabies,Romania Rugby,"Eden Park, Auckland",The Rugby Championship,8,51,44,5,5,37,63,0,1,0,0,Oliver Johnson,Australia Wallabies,Blindside Flanker,Fiji,21,38,1,0,0,0,0,10,0,126,Home Win
4014,2023-05-17,Wales Rugby,England Rugby,"ANZ National Stadium, Suva",Rugby World Cup,4,25,48,2,8,60,40,1,0,1,0,Justin de Klerk,England Rugby,Left Wing,South Africa,24,19,2,0,0,0,0,6,1,4,Away Win
4015,2020-05-03,Samoa Rugby,Argentina Pumas,"Apia Park, Samoa",Rugby Europe Championship,2,34,35,3,5,40,60,0,0,0,0,Hamish Caelan,Samoa Rugby,Fullback,New Zealand,31,109,1,0,2,0,0,11,1,15,Away Win
4016,2022-03-23,Uruguay Rugby,Wales Rugby,"Apia Park, Samoa",Rugby World Cup,8,60,19,7,3,51,49,0,1,0,0,Romain Curry,Wales Rugby,Fly-half,New Zealand,20,52,0,0,3,0,0,12,6,108,Home Win
4017,2015-10-24,Argentina Pumas,Wales Rugby,"Ellis Park, Johannesburg",Autumn Internationals,8,52,52,8,8,41,59,0,0,0,0,Oliver Faletau,Wales Rugby,Inside Centre,Wales,18,33,2,0,0,0,0,18,2,51,Draw
4018,2023-01-04,Japan Brave Blossoms,South Africa Springboks,"Murrayfield, Edinburgh",The Rugby Championship,4,55,30,8,3,51,49,2,0,0,0,Rory Furlong,Japan Brave Blossoms,Left Wing,,25,1,2,0,0,0,0,15,4,117,Home Win
4019,2015-04-12,England Rugby,Tonga Rugby,"Stade de France, Paris",Pacific Nations Cup,5,37,27,3,3,44,56,0,0,0,0,Beauden van der Merwe,England Rugby,Blindside Flanker,South Africa,29,9,2,0,0,0,0,12,5,168,Home Win
4020,2016-03-06,Italy Rugby,Ireland Rugby,"Estadio Jose Amalfitani, Buenos Aires",Autumn Internationals,7,40,14,5,1,36,64,0,0,0,0,Antoine Smith,Ireland Rugby,Lock,Ireland,31,7,2,0,0,0,0,0,2,56,Home Win
4021,2022-10-01,Uruguay Rugby,Samoa Rugby,"ANZ National Stadium, Suva",Rugby Europe Championship,7,12,27,0,3,37,63,2,1,0,0,Tadhg Curry,Samoa Rugby,Loosehead Prop,New Zealand,25,107,1,0,0,0,0,6,2,138,Away Win
4022,2024-12-09,Canada Rugby,Wales Rugby,"Principality Stadium, Cardiff",Autumn Internationals,6,12,48,0,8,55,45,1,1,0,0,Hamish Jones,Wales Rugby,Fly-half,Wales,25,25,1,3,2,0,0,6,,5,Away Win
4023,2024-12-11,Spain Rugby,Canada Rugby,"Stadio Olimpico, Rome",Autumn Internationals,3,39,66,5,8,44,56,0,1,0,0,Pieter Lowe,Spain Rugby,Left Wing,Argentina,31,109,0,0,0,0,0,7,4,65,Away Win
4024,2020-10-03,Argentina Pumas,Spain Rugby,"Principality Stadium, Cardiff",Pacific Nations Cup,7,0,42,0,8,59,41,2,0,0,0,Cheslin Johnson,Spain Rugby,Fullback,Spain,19,,2,0,3,0,0,2,3,4,Away Win
4025,2020-09-05,Japan Brave Blossoms,Samoa Rugby,"Murrayfield, Edinburgh",The Rugby Championship,4,25,47,2,6,49,51,0,0,0,0,Jamie Itoje,Japan Brave Blossoms,Scrum-half,South Africa,25,89,2,0,0,1,0,6,5,147,Away Win
4026,2023-05-28,Ireland Rugby,Australia Wallabies,"Estadio Jose Amalfitani, Buenos Aires",Autumn Internationals,4,9,56,0,7,59,41,0,0,0,0,Owen Williams,Ireland Rugby,Number 8,New Zealand,27,29,2,0,0,0,0,1,8,141,Away Win
4027,2018-05-16,Georgia Rugby,Uruguay Rugby,"Stadium Australia, Sydney",Pacific Nations Cup,2,43,10,6,1,63,37,0,1,0,0,Josh Smith,Uruguay Rugby,Fly-half,Uruguay,28,69,3,3,4,0,0,8,7,2,Home Win
4028,2015-04-23,Australia Wallabies,Ireland Rugby,"National Stadium, Tokyo",Six Nations,2,6,17,0,1,59,41,1,2,0,0,Kieran Russell,Ireland Rugby,Openside Flanker,New Zealand,24,85,1,0,0,0,0,11,0,9,Away Win
4029,2023-03-05,Spain Rugby,Georgia Rugby,"National Stadium, Tokyo",The Rugby Championship,2,44,3,4,0,57,43,0,0,0,0,Noah Kolbe,Spain Rugby,Scrum-half,Spain,,75,3,0,0,0,0,5,6,89,Home Win
4030,2016-02-19,Samoa Rugby,Fiji Rugby,"Murrayfield, Edinburgh",Six Nations,7,36,14,3,1,65,35,0,0,0,0,Finn Russell,Samoa Rugby,Lock,New Zealand,18,65,3,0,0,0,0,1,2,110,Home Win
4031,2016-12-18,Canada Rugby,Wales Rugby,"Murrayfield, Edinburgh",Rugby Europe Championship,1,23,53,4,5,61,39,0,1,0,0,Tadhg Russell,Canada Rugby,Openside Flanker,,24,29,1,0,0,0,0,11,4,180,Away Win
4032,2017-08-27,New Zealand All Blacks,Samoa Rugby,"Eden Park, Auckland",Rugby World Cup,1,69,42,8,6,42,58,1,0,0,0,Stuart Itoje,New Zealand All Blacks,Hooker,New Zealand,28,112,0,0,0,0,0,17,1,29,Home Win
4033,2017-10-17,France XV,Italy Rugby,"Estadio Jose Amalfitani, Buenos Aires",The Rugby Championship,8,58,31,7,4,35,65,1,0,0,0,Taulupe Doris,Italy Rugby,Blindside Flanker,Argentina,23,73,1,0,0,0,0,17,7,4,Home Win
4034,2022-03-22,Georgia Rugby,Canada Rugby,"Twickenham, London",Six Nations,6,60,8,8,1,58,42,0,1,0,0,Richie Itoje,Georgia Rugby,Lock,Georgia,27,119,0,0,0,0,0,14,0,48,Home Win
4035,2024-08-12,Uruguay Rugby,Romania Rugby,"Aviva Stadium, Dublin",Autumn Internationals,5,9,35,0,3,57,43,0,0,0,0,Cian Johnson,Romania Rugby,Left Wing,France,28,83,0,0,0,0,0,9,7,152,Away Win
4036,2024-02-06,Japan Brave Blossoms,Samoa Rugby,"Eden Park, Auckland",World Rugby U20 Championship,3,17,0,1,0,63,37,0,0,0,0,Finn Johnson,Samoa Rugby,Tighthead Prop,New Zealand,25,17,0,0,0,0,0,8,4,24,Home Win
4037,2024-02-25,Uruguay Rugby,Australia Wallabies,"Stadium Australia, Sydney",The Rugby Championship,5,62,45,8,7,56,44,0,0,0,0,Sam Doris,Australia Wallabies,Scrum-half,New Zealand,27,35,3,0,0,1,0,16,8,34,Home Win
4038,2018-03-16,England Rugby,Romania Rugby,"Twickenham, London",Six Nations,4,25,60,1,7,57,43,1,0,0,0,Stuart Henshaw,Romania Rugby,Fly-half,France,23,120,2,0,3,1,0,1,6,55,Away Win
4039,2016-04-21,Tonga Rugby,Uruguay Rugby,"Aviva Stadium, Dublin",Rugby World Cup,6,15,12,0,2,63,37,1,0,0,0,Josh Faletau,Uruguay Rugby,Hooker,Argentina,26,45,1,0,0,1,0,9,2,49,Home Win
4040,2019-11-17,New Zealand All Blacks,Georgia Rugby,"Principality Stadium, Cardiff",Rugby World Cup,4,23,22,3,2,59,41,0,0,0,1,Tadhg Carbery,New Zealand All Blacks,Outside Centre,New Zealand,29,63,0,0,0,1,0,9,2,156,Home Win
4041,2020-12-13,Wales Rugby,South Africa Springboks,"Estadio Jose Amalfitani, Buenos Aires",World Rugby U20 Championship,3,8,5,1,1,36,64,1,0,0,0,Sam Barrett,South Africa Springboks,Openside Flanker,South Africa,27,37,0,0,0,0,0,12,4,12,Home Win
4042,2017-12-08,Australia Wallabies,Georgia Rugby,"Teufaiva Stadium, Tonga",Rugby Europe Championship,2,27,60,2,6,45,55,0,0,0,0,Taulupe Itoje,Georgia Rugby,Openside Flanker,Georgia,24,16,1,0,0,0,0,18,1,120,Away Win
4043,2023-10-20,Uruguay Rugby,Wales Rugby,"Twickenham, London",Rugby World Cup,5,42,23,6,1,51,49,0,0,0,0,Henry Dupont,Uruguay Rugby,Lock,Uruguay,27,5,3,0,0,0,0,20,3,40,Home Win
4044,2019-05-27,Scotland Rugby,Tonga Rugby,"Principality Stadium, Cardiff",Six Nations,6,50,26,7,4,38,62,0,0,0,0,Kieran Itoje,Scotland Rugby,Right Wing,Australia,29,9,2,0,0,0,0,7,5,110,Home Win
4045,2022-05-14,Uruguay Rugby,Italy Rugby,"Estadio Jose Amalfitani, Buenos Aires",The Rugby Championship,8,15,52,0,6,37,63,0,0,0,0,Justin Watson,Uruguay Rugby,Tighthead Prop,Argentina,18,33,1,0,0,0,0,15,0,34,Away Win
4046,2024-06-01,Fiji Rugby,Argentina Pumas,"Teufaiva Stadium, Tonga",Pacific Nations Cup,3,38,34,4,3,52,48,0,0,0,0,Finn Itoje,Fiji Rugby,Hooker,Fiji,31,4,2,0,0,0,0,15,4,24,Home Win
4047,2017-12-04,France XV,Spain Rugby,"Stadium Australia, Sydney",Six Nations,1,6,18,0,0,48,52,0,0,0,0,Conor Russell,France XV,Scrum-half,Senegal,25,95,3,0,0,0,1,15,,164,Away Win
4048,2018-07-25,Italy Rugby,Romania Rugby,"Ellis Park, Johannesburg",Autumn Internationals,5,41,25,6,2,48,52,0,0,1,0,Ethan Furlong,Romania Rugby,Loosehead Prop,France,28,76,3,0,0,0,0,10,8,115,Home Win
4049,2016-01-19,Ireland Rugby,Fiji Rugby,"Eden Park, Auckland",Six Nations,2,7,21,1,3,57,43,2,0,0,0,Ethan Watson,Fiji Rugby,Lock,Fiji,31,85,0,0,0,0,0,0,8,124,Away Win
4050,2020-01-14,Canada Rugby,Australia Wallabies,"Principality Stadium, Cardiff",Rugby World Cup,7,44,53,4,6,39,61,0,0,0,0,Grégoire Doris,Australia Wallabies,Lock,Australia,21,106,2,0,0,0,0,8,5,128,Away Win
4051,2017-03-14,USA Eagles,France XV,"Aviva Stadium, Dublin",Autumn Internationals,8,29,70,4,8,39,61,1,0,0,1,Richie van der Merwe,France XV,Outside Centre,Senegal,24,,1,0,0,0,0,14,6,49,Away Win
4052,2020-10-05,Spain Rugby,Samoa Rugby,"Principality Stadium, Cardiff",World Rugby U20 Championship,5,39,31,6,4,60,40,0,0,0,0,Cian Dupont,Samoa Rugby,Scrum-half,Samoa,25,71,0,0,0,1,0,,8,22,Home Win
4053,2022-05-07,Argentina Pumas,South Africa Springboks,"Stadio Olimpico, Rome",Rugby Europe Championship,5,54,50,8,6,41,59,0,0,0,0,Antoine Taylor,South Africa Springboks,Right Wing,South Africa,23,58,3,0,0,0,0,18,1,27,Home Win
4054,2022-11-09,England Rugby,France XV,"Ellis Park, Johannesburg",Rugby World Cup,5,17,33,3,3,48,52,0,0,0,0,Stuart Smith,France XV,Hooker,France,,92,0,0,0,0,0,12,3,109,Away Win
4055,2018-09-06,South Africa Springboks,New Zealand All Blacks,"Ellis Park, Johannesburg",The Rugby Championship,7,28,25,2,5,64,36,1,0,0,0,Owen van der Merwe,New Zealand All Blacks,Left Wing,New Zealand,23,26,1,0,0,0,0,1,7,13,Home Win
4056,2018-10-01,Uruguay Rugby,South Africa Springboks,,The Rugby Championship,1,72,15,8,0,35,65,0,2,0,0,Stuart Russell,Uruguay Rugby,Loosehead Prop,Argentina,24,92,1,0,0,0,0,20,4,2,Home Win
4057,2024-12-24,Japan Brave Blossoms,France XV,"Stade de France, Paris",Six Nations,8,33,31,5,5,36,64,1,2,0,0,Jamie Henshaw,Japan Brave Blossoms,Left Wing,South Africa,27,62,0,0,0,0,0,8,,18,Home Win
4058,2024-12-13,Wales Rugby,Scotland Rugby,"ANZ National Stadium, Suva",Six Nations,1,32,26,4,4,55,45,0,0,0,0,Siya Kolbe,Wales Rugby,Scrum-half,Wales,22,118,0,0,0,0,0,18,7,108,Home Win
4059,2018-07-02,Fiji Rugby,New Zealand All Blacks,,Pacific Nations Cup,4,32,23,6,1,37,63,1,0,0,0,Hugo Carbery,Fiji Rugby,Inside Centre,Fiji,25,59,1,0,0,0,0,4,7,111,Home Win
4060,2016-03-05,France XV,Scotland Rugby,"Apia Park, Samoa",The Rugby Championship,7,22,59,1,7,63,37,0,0,0,0,Cheslin Faletau,France XV,Fly-half,France,28,54,3,0,2,0,0,16,8,86,Away Win
4061,2020-08-04,Samoa Rugby,Italy Rugby,"Stadio Olimpico, Rome",Rugby World Cup,6,43,40,8,7,55,45,0,0,0,0,Finn Barrett,Italy Rugby,Outside Centre,Argentina,25,110,2,0,0,0,0,11,6,113,Home Win
4062,2020-08-09,Uruguay Rugby,England Rugby,"Twickenham, London",Autumn Internationals,7,34,27,3,4,47,53,0,2,0,0,Lucas Dupont,Uruguay Rugby,Inside Centre,Uruguay,26,45,0,0,0,0,0,2,5,88,Home Win
4063,2024-03-04,Australia Wallabies,Romania Rugby,"Principality Stadium, Cardiff",The Rugby Championship,2,42,9,6,0,61,39,0,0,0,0,Finn Dupont,Australia Wallabies,Fullback,Fiji,24,38,1,0,4,0,0,4,3,4,Home Win
4064,2018-02-09,England Rugby,New Zealand All Blacks,,Rugby World Cup,1,32,36,6,5,54,46,0,2,0,0,Cian Doris,England Rugby,Scrum-half,New Zealand,20,37,2,0,0,0,0,10,5,135,Away Win
4065,2016-07-13,Samoa Rugby,Georgia Rugby,"Aviva Stadium, Dublin",Pacific Nations Cup,8,32,40,3,4,44,56,0,0,0,0,Liam Furlong,Samoa Rugby,Loosehead Prop,New Zealand,28,90,0,0,0,0,0,6,6,176,Away Win
4066,2022-08-04,South Africa Springboks,Georgia Rugby,"Stadium Australia, Sydney",Rugby World Cup,5,17,39,1,6,64,36,0,0,0,0,Pieter Smith,South Africa Springboks,Loosehead Prop,South Africa,34,61,3,0,0,0,0,12,3,25,Away Win
4067,2019-07-20,Tonga Rugby,Canada Rugby,"Mikheil Meskhi Stadium, Tbilisi",Autumn Internationals,3,35,17,5,1,55,45,1,0,0,0,Kieran Carbery,Tonga Rugby,Lock,New Zealand,27,113,1,0,0,0,0,3,5,155,Home Win
4068,2023-12-22,South Africa Springboks,Australia Wallabies,"Murrayfield, Edinburgh",Pacific Nations Cup,1,22,31,2,3,63,37,0,0,0,1,Owen Porter,Australia Wallabies,Loosehead Prop,New Zealand,27,17,1,0,0,0,0,7,2,159,Away Win
4069,2016-02-19,South Africa Springboks,Romania Rugby,"Murrayfield, Edinburgh",Pacific Nations Cup,8,43,18,5,0,35,65,0,0,0,1,Hamish Watson,South Africa Springboks,Right Wing,South Africa,29,116,1,0,0,0,0,20,1,111,Home Win
4070,2020-08-06,Fiji Rugby,Scotland Rugby,"Twickenham, London",The Rugby Championship,8,31,18,4,2,60,40,1,1,1,0,Siya Johnson,Fiji Rugby,Loosehead Prop,Fiji,21,84,2,0,0,0,0,18,7,,Home Win
4071,2017-09-03,USA Eagles,Samoa Rugby,"National Stadium, Tokyo",World Rugby U20 Championship,5,38,32,6,5,58,42,0,0,0,0,Owen van der Merwe,USA Eagles,Loosehead Prop,South Africa,33,74,0,0,0,1,0,18,5,37,Home Win
4072,2018-02-11,Argentina Pumas,Canada Rugby,"Murrayfield, Edinburgh",Rugby Europe Championship,2,49,19,5,2,44,56,0,0,0,0,Grégoire Lowe,Argentina Pumas,Outside Centre,Argentina,27,106,2,0,0,0,0,11,6,20,Home Win
4073,2017-04-08,Romania Rugby,New Zealand All Blacks,"Eden Park, Auckland",The Rugby Championship,3,22,44,1,7,39,61,0,0,0,0,William Carbery,New Zealand All Blacks,Tighthead Prop,New Zealand,,48,3,0,0,0,0,12,5,143,Away Win
4074,2015-07-15,Wales Rugby,Romania Rugby,"Mikheil Meskhi Stadium, Tbilisi",Rugby Europe Championship,3,29,64,4,8,44,56,0,0,0,0,Kieran Barrett,Wales Rugby,Blindside Flanker,Wales,24,52,1,0,0,0,0,11,5,152,Away Win
4075,2016-02-27,Wales Rugby,Spain Rugby,"National Stadium, Tokyo",Pacific Nations Cup,4,34,32,3,2,51,49,0,0,0,0,Ethan Watson,Wales Rugby,Scrum-half,Wales,34,23,1,0,0,0,0,8,0,132,Home Win
4076,2024-03-19,Canada Rugby,Scotland Rugby,"Teufaiva Stadium, Tonga",Six Nations,7,59,19,7,1,52,48,0,0,0,0,Finn van der Merwe,Scotland Rugby,Lock,,30,34,1,0,0,1,0,6,,151,Home Win
4077,2015-06-16,South Africa Springboks,Samoa Rugby,"Twickenham, London",The Rugby Championship,2,52,57,6,8,56,44,0,2,0,0,Alun Doris,South Africa Springboks,Left Wing,South Africa,29,7,3,0,0,0,0,0,0,55,Away Win
4078,2023-02-12,Romania Rugby,South Africa Springboks,"Estadio Jose Amalfitani, Buenos Aires",Rugby Europe Championship,4,17,15,2,0,58,42,0,0,0,0,Cian Itoje,Romania Rugby,Right Wing,Romania,27,107,1,0,0,0,0,12,,13,Home Win
4079,2020-11-02,Wales Rugby,Canada Rugby,"National Stadium, Tokyo",Pacific Nations Cup,3,12,25,0,1,65,35,0,0,0,1,Romain Taylor,Canada Rugby,Fullback,Canada,26,41,1,0,4,0,0,,3,67,Away Win
4080,2021-08-23,New Zealand All Blacks,USA Eagles,"Murrayfield, Edinburgh",The Rugby Championship,6,47,58,7,7,42,58,1,0,0,0,Cian Carbery,New Zealand All Blacks,Fly-half,New Zealand,31,9,1,5,3,0,0,20,0,123,Away Win
4081,2019-11-25,Japan Brave Blossoms,Argentina Pumas,"Aviva Stadium, Dublin",World Rugby U20 Championship,5,53,29,5,2,61,39,0,0,0,0,Hamish Kolbe,Argentina Pumas,Hooker,Argentina,27,72,3,0,0,0,0,3,6,95,Home Win
4082,2016-04-06,Wales Rugby,New Zealand All Blacks,"Apia Park, Samoa",World Rugby U20 Championship,8,18,58,0,8,61,39,0,0,0,0,Lucas Watson,New Zealand All Blacks,Right Wing,New Zealand,19,60,0,0,0,0,0,13,5,159,Away Win
4083,2019-09-06,Wales Rugby,New Zealand All Blacks,"Ellis Park, Johannesburg",Six Nations,4,29,49,4,7,64,36,0,0,0,0,Grégoire de Klerk,New Zealand All Blacks,Outside Centre,New Zealand,22,60,2,0,0,0,0,,1,164,Away Win
4084,2016-12-17,Samoa Rugby,USA Eagles,"Teufaiva Stadium, Tonga",Six Nations,5,10,38,2,4,59,41,0,0,1,0,Tadhg Hogg,USA Eagles,Loosehead Prop,,26,106,3,0,0,0,0,12,,124,Away Win
4085,2016-12-17,Italy Rugby,New Zealand All Blacks,"Stade de France, Paris",The Rugby Championship,5,0,25,0,3,46,54,0,0,0,0,Finn de Klerk,New Zealand All Blacks,Lock,New Zealand,28,15,0,0,0,0,0,8,1,33,Away Win
4086,2015-04-26,Tonga Rugby,Australia Wallabies,"Twickenham, London",Autumn Internationals,4,18,40,0,6,42,58,0,0,0,1,Henry Brown,Australia Wallabies,Left Wing,Fiji,26,11,1,0,0,1,0,,4,1,Away Win
4087,2016-10-09,Fiji Rugby,Japan Brave Blossoms,"Mikheil Meskhi Stadium, Tbilisi",The Rugby Championship,7,60,46,8,8,38,62,0,1,0,1,Cian Faletau,Japan Brave Blossoms,Lock,Japan,31,82,3,0,0,0,0,13,1,110,Home Win
4088,2022-05-01,Spain Rugby,Canada Rugby,"ANZ National Stadium, Suva",Pacific Nations Cup,1,29,3,2,0,46,54,0,1,0,0,Kieran Watson,Spain Rugby,Fullback,Argentina,19,92,0,0,1,0,0,5,4,19,Home Win
4089,2019-03-03,Uruguay Rugby,Scotland Rugby,"Aviva Stadium, Dublin",Six Nations,7,43,67,7,7,65,35,1,0,0,0,Hamish Johnson,Uruguay Rugby,Lock,Argentina,27,102,1,0,0,0,0,16,1,132,Away Win
4090,2021-03-13,Uruguay Rugby,Samoa Rugby,"National Stadium, Tokyo",Six Nations,3,45,48,6,8,54,46,1,0,1,0,Cheslin Russell,Samoa Rugby,Left Wing,Samoa,19,79,3,0,0,0,0,1,2,59,Away Win
4091,2022-07-08,New Zealand All Blacks,Japan Brave Blossoms,"National Stadium, Tokyo",The Rugby Championship,5,36,39,5,7,51,49,0,0,0,0,Stuart Caelan,New Zealand All Blacks,Right Wing,New Zealand,30,65,2,0,0,0,0,2,7,121,Away Win
4092,2019-11-28,Italy Rugby,USA Eagles,"Ellis Park, Johannesburg",Pacific Nations Cup,1,41,12,5,0,38,62,0,0,0,1,Owen Caelan,USA Eagles,Blindside Flanker,USA,26,64,2,0,0,0,0,17,6,56,Home Win
4093,2018-03-24,France XV,Uruguay Rugby,"ANZ National Stadium, Suva",Autumn Internationals,2,31,47,4,5,61,39,0,1,0,0,William de Klerk,France XV,Blindside Flanker,Senegal,28,115,2,0,0,0,0,1,7,110,Away Win
4094,2019-10-20,Spain Rugby,Japan Brave Blossoms,"Murrayfield, Edinburgh",Rugby World Cup,8,12,42,0,4,60,40,0,0,0,0,Stuart Porter,Japan Brave Blossoms,Fly-half,Australia,23,106,1,2,1,0,0,13,1,44,Away Win
4095,2018-11-25,Japan Brave Blossoms,Italy Rugby,"Apia Park, Samoa",Six Nations,8,45,13,8,1,55,45,1,1,0,0,Pieter Jones,Japan Brave Blossoms,Scrum-half,New Zealand,32,110,1,0,0,0,0,4,3,172,Home Win
4096,2019-04-20,Tonga Rugby,Japan Brave Blossoms,"Teufaiva Stadium, Tonga",Pacific Nations Cup,3,0,42,0,6,43,57,2,0,0,0,Hugo Hogg,Tonga Rugby,Fullback,New Zealand,31,108,3,0,3,0,0,3,8,19,Away Win
4097,2022-03-16,Argentina Pumas,Spain Rugby,"Stadio Olimpico, Rome",The Rugby Championship,6,46,57,5,6,36,64,0,0,0,0,Oliver van der Merwe,Argentina Pumas,Scrum-half,Argentina,29,104,2,0,0,1,0,13,0,,Away Win
4098,2016-04-07,Wales Rugby,New Zealand All Blacks,"National Stadium, Tokyo",Rugby Europe Championship,6,18,58,0,7,58,42,0,1,0,0,Mason Doris,Wales Rugby,Lock,Wales,26,55,2,0,0,0,0,19,8,,Away Win
4099,2019-02-07,Ireland Rugby,Fiji Rugby,"Principality Stadium, Cardiff",World Rugby U20 Championship,2,44,62,6,7,64,36,0,1,0,0,Mason Ntamack,Fiji Rugby,Fullback,Fiji,29,70,1,0,2,0,0,12,1,115,Away Win
4100,2018-04-06,Georgia Rugby,Romania Rugby,"Principality Stadium, Cardiff",Pacific Nations Cup,8,39,21,6,3,47,53,0,0,1,0,Liam Carbery,Georgia Rugby,Fullback,Georgia,24,40,3,0,3,0,0,4,7,89,Home Win
4101,2020-09-02,Romania Rugby,New Zealand All Blacks,,Pacific Nations Cup,8,18,52,0,7,46,54,0,0,0,0,Siya de Klerk,Romania Rugby,Openside Flanker,France,30,60,3,0,0,0,0,0,8,46,Away Win
4102,2022-02-27,Canada Rugby,Italy Rugby,"National Stadium, Tokyo",Rugby World Cup,2,56,3,6,0,47,53,0,0,0,0,Mason Johnson,Italy Rugby,Number 8,Italy,33,4,3,0,0,0,0,14,1,53,Home Win
4103,2024-10-14,France XV,Spain Rugby,"Apia Park, Samoa",The Rugby Championship,2,19,31,1,5,64,36,0,0,0,0,Hugo Itoje,Spain Rugby,Outside Centre,Spain,31,6,3,0,0,0,0,16,2,133,Away Win
4104,2021-04-19,Canada Rugby,USA Eagles,"Stade de France, Paris",Rugby World Cup,3,41,52,4,8,65,35,0,0,0,0,Hugo Lowe,Canada Rugby,Right Wing,New Zealand,24,120,2,0,0,0,0,3,2,101,Away Win
4105,2023-02-05,USA Eagles,New Zealand All Blacks,,World Rugby U20 Championship,2,72,0,8,0,49,51,0,0,0,0,Grégoire Carbery,USA Eagles,Fullback,USA,28,42,0,0,3,0,0,17,3,75,Home Win
4106,2015-02-09,England Rugby,France XV,"Ellis Park, Johannesburg",The Rugby Championship,3,9,23,0,3,49,51,1,1,0,0,Beauden Jones,England Rugby,Lock,South Africa,21,66,3,0,0,1,0,13,1,1,Away Win
4107,2023-12-14,Fiji Rugby,Uruguay Rugby,"Stadium Australia, Sydney",The Rugby Championship,3,3,42,0,5,60,40,1,0,0,0,Richie Russell,Fiji Rugby,Outside Centre,Fiji,,53,2,0,0,0,0,20,4,67,Away Win
4108,2015-11-13,Ireland Rugby,Georgia Rugby,"Teufaiva Stadium, Tonga",The Rugby Championship,5,5,35,1,6,43,57,0,0,0,0,Alun Watson,Georgia Rugby,Inside Centre,Georgia,28,10,3,0,0,1,0,8,8,7,Away Win
4109,2021-02-22,Ireland Rugby,Fiji Rugby,"Teufaiva Stadium, Tonga",Rugby Europe Championship,6,42,12,7,0,35,65,0,0,0,0,Faf Itoje,Ireland Rugby,Outside Centre,Ireland,19,,0,0,0,0,0,7,0,147,Home Win
4110,2019-10-26,Japan Brave Blossoms,Argentina Pumas,"Mikheil Meskhi Stadium, Tbilisi",Rugby Europe Championship,5,47,46,7,6,40,60,0,0,0,1,James Caelan,Argentina Pumas,Number 8,Argentina,22,45,0,0,0,1,0,20,7,,Home Win
4111,2023-06-01,Australia Wallabies,Ireland Rugby,"Apia Park, Samoa",World Rugby U20 Championship,3,23,54,4,7,64,36,1,0,0,0,Finn Hogg,Ireland Rugby,Fly-half,Ireland,25,2,2,2,0,0,0,19,4,120,Away Win
4112,2017-03-17,Spain Rugby,Ireland Rugby,"National Stadium, Tokyo",World Rugby U20 Championship,8,56,30,8,3,36,64,0,0,0,0,Faf Johnson,Spain Rugby,Right Wing,Spain,25,71,2,0,0,0,0,13,5,152,Home Win
4113,2015-05-16,Spain Rugby,Uruguay Rugby,"Mikheil Meskhi Stadium, Tbilisi",Rugby World Cup,4,39,12,4,0,60,40,0,0,0,1,Jamie Watson,Uruguay Rugby,Loosehead Prop,Uruguay,22,83,1,0,0,0,0,13,8,8,Home Win
4114,2015-08-03,France XV,Argentina Pumas,"Apia Park, Samoa",Autumn Internationals,6,27,7,2,1,63,37,1,0,0,0,Stuart Jones,France XV,Fly-half,Senegal,28,112,0,0,2,0,1,15,5,75,Home Win
4115,2022-10-08,Scotland Rugby,Canada Rugby,"Stadio Olimpico, Rome",Six Nations,3,33,51,3,5,38,62,0,0,0,0,Faf Curry,Canada Rugby,Tighthead Prop,New Zealand,28,77,1,0,0,0,0,4,2,20,Away Win
4116,2021-05-17,South Africa Springboks,Japan Brave Blossoms,"Murrayfield, Edinburgh",Pacific Nations Cup,3,55,64,7,8,60,40,0,0,1,0,Malcolm Barrett,South Africa Springboks,Right Wing,South Africa,26,118,0,0,0,1,0,14,7,116,Away Win
4117,2018-02-24,Tonga Rugby,Ireland Rugby,"Ellis Park, Johannesburg",Autumn Internationals,6,33,45,6,5,48,52,0,0,0,0,Stuart Williams,Tonga Rugby,Outside Centre,New Zealand,23,50,2,0,0,1,0,9,8,124,Away Win
4118,2022-07-11,Wales Rugby,Tonga Rugby,"National Stadium, Tokyo",Six Nations,7,20,17,2,1,64,36,1,0,0,0,Benjamin Porter,Wales Rugby,Tighthead Prop,New Zealand,31,105,3,0,0,0,0,4,3,156,Home Win
4119,2021-08-20,Australia Wallabies,South Africa Springboks,"Stadio Olimpico, Rome",,4,60,45,8,5,54,46,0,0,0,0,Pieter Dupont,South Africa Springboks,Hooker,South Africa,33,111,0,0,0,1,0,13,3,143,Home Win
4120,2024-04-15,Australia Wallabies,Fiji Rugby,"Apia Park, Samoa",Six Nations,7,14,28,1,2,45,55,0,0,0,0,Finn Jones,Fiji Rugby,Outside Centre,Fiji,25,42,3,0,0,0,0,14,6,76,Away Win
4121,2021-04-01,Japan Brave Blossoms,Italy Rugby,"Estadio Jose Amalfitani, Buenos Aires",The Rugby Championship,4,0,11,0,1,39,61,0,0,0,0,Faf Smith,Japan Brave Blossoms,Tighthead Prop,South Africa,24,92,0,0,0,0,0,4,4,64,Away Win
4122,2018-04-16,Uruguay Rugby,Romania Rugby,"National Stadium, Tokyo",Six Nations,8,12,61,0,8,39,61,0,0,1,0,Hugo Furlong,Romania Rugby,Tighthead Prop,France,28,12,0,0,0,0,0,0,8,,Away Win
4123,2021-09-16,USA Eagles,Japan Brave Blossoms,"Stade de France, Paris",Autumn Internationals,6,42,20,6,1,41,59,0,0,0,0,Henry Porter,Japan Brave Blossoms,Lock,Japan,25,7,2,0,0,0,0,10,4,56,Home Win
4124,2023-01-26,Scotland Rugby,Italy Rugby,"Murrayfield, Edinburgh",Autumn Internationals,7,26,0,3,0,51,49,0,0,0,0,Liam Carbery,Italy Rugby,Number 8,South Africa,26,84,0,0,0,0,0,9,4,42,Home Win
4125,2020-11-14,Wales Rugby,Tonga Rugby,"Mikheil Meskhi Stadium, Tbilisi",Six Nations,2,38,33,5,5,44,56,0,0,0,0,Hugo Johnson,Tonga Rugby,Scrum-half,New Zealand,29,8,2,0,0,0,0,17,3,115,Home Win
4126,2018-10-09,England Rugby,Fiji Rugby,"Twickenham, London",The Rugby Championship,8,49,42,7,5,57,43,0,0,0,0,Sean de Klerk,England Rugby,Outside Centre,New Zealand,19,105,2,0,0,0,0,13,,95,Home Win
4127,2017-01-11,Scotland Rugby,South Africa Springboks,"Stadium Australia, Sydney",Pacific Nations Cup,5,12,14,2,1,50,50,0,0,1,0,Henry Henshaw,Scotland Rugby,Loosehead Prop,Scotland,32,100,0,0,0,0,0,10,2,49,Away Win
4128,2016-08-04,Argentina Pumas,Spain Rugby,"Murrayfield, Edinburgh",Pacific Nations Cup,3,32,35,3,3,46,54,0,1,0,0,Noah van der Merwe,Argentina Pumas,Lock,Argentina,27,54,2,0,0,0,0,1,7,91,Away Win
4129,2016-11-08,France XV,USA Eagles,"Twickenham, London",Rugby Europe Championship,3,27,33,3,3,51,49,0,0,0,0,Richie Carbery,France XV,Fly-half,Senegal,25,18,3,3,2,0,0,6,5,7,Away Win
4130,2015-04-17,Wales Rugby,Ireland Rugby,"Aviva Stadium, Dublin",Six Nations,6,34,18,4,0,42,58,0,0,1,0,Alun Williams,Wales Rugby,Fullback,Wales,26,118,1,0,0,0,0,3,4,159,Home Win
4131,2015-02-24,Argentina Pumas,Ireland Rugby,"National Stadium, Tokyo",Rugby World Cup,1,49,47,6,5,60,40,1,0,0,0,Richie Watson,Argentina Pumas,Hooker,Argentina,26,108,3,0,0,0,0,15,7,169,Home Win
4132,2022-06-20,Tonga Rugby,Japan Brave Blossoms,"Stade de France, Paris",World Rugby U20 Championship,8,48,49,7,7,46,54,0,1,0,1,Owen Russell,Tonga Rugby,Hooker,New Zealand,20,55,3,0,0,0,1,7,3,35,Away Win
4133,2017-07-23,South Africa Springboks,Canada Rugby,"Eden Park, Auckland",Rugby World Cup,6,31,40,5,5,60,40,2,1,0,0,Henry Henshaw,Canada Rugby,Fly-half,Canada,32,25,2,4,3,0,0,15,6,158,Away Win
4134,2015-01-18,Georgia Rugby,Australia Wallabies,"Stadio Olimpico, Rome",Autumn Internationals,8,24,45,2,6,43,57,0,0,0,0,Benjamin Doris,Georgia Rugby,Tighthead Prop,Georgia,27,10,1,0,0,1,0,11,1,156,Away Win
4135,2016-12-11,England Rugby,Wales Rugby,"ANZ National Stadium, Suva",Autumn Internationals,2,15,42,0,8,54,46,1,2,1,0,Owen Brown,Wales Rugby,Right Wing,New Zealand,28,97,0,0,0,0,0,1,0,77,Away Win
4136,2017-09-24,France XV,Samoa Rugby,"Stade de France, Paris",World Rugby U20 Championship,3,49,40,6,4,54,46,0,0,0,0,Lucas Russell,France XV,Openside Flanker,Senegal,30,23,2,0,0,0,0,,0,23,Home Win
4137,2024-07-13,Romania Rugby,Ireland Rugby,,Rugby World Cup,5,47,33,6,3,65,35,0,0,0,0,Pieter Brown,Romania Rugby,Left Wing,Romania,22,59,1,0,0,0,0,2,7,143,Home Win
4138,2017-07-24,South Africa Springboks,New Zealand All Blacks,"Teufaiva Stadium, Tonga",The Rugby Championship,1,11,55,1,8,45,55,0,1,0,0,Pieter van der Merwe,New Zealand All Blacks,Blindside Flanker,New Zealand,28,103,1,0,0,0,0,3,,116,Away Win
4139,2024-01-01,Italy Rugby,Wales Rugby,"Eden Park, Auckland",Six Nations,7,45,36,6,4,40,60,0,1,0,0,Siya Doris,Wales Rugby,Inside Centre,New Zealand,25,27,0,0,0,0,0,1,3,68,Home Win
4140,2020-07-04,South Africa Springboks,Wales Rugby,"Stade de France, Paris",Six Nations,4,28,51,3,6,37,63,0,1,0,0,Cheslin Henshaw,Wales Rugby,Hooker,Wales,30,97,1,0,0,0,0,9,1,131,Away Win
4141,2019-02-14,Fiji Rugby,Italy Rugby,"Teufaiva Stadium, Tonga",World Rugby U20 Championship,6,15,31,0,5,42,58,1,0,0,0,Cheslin Kolbe,Italy Rugby,Scrum-half,South Africa,18,,0,0,0,0,0,,6,103,Away Win
4142,2021-06-17,USA Eagles,Ireland Rugby,"National Stadium, Tokyo",The Rugby Championship,2,60,10,7,2,40,60,0,0,0,0,Romain Faletau,USA Eagles,Fly-half,South Africa,26,108,1,3,2,0,0,1,2,53,Home Win
4143,2017-03-08,Argentina Pumas,Uruguay Rugby,"Stadium Australia, Sydney",Six Nations,4,25,68,2,8,41,59,0,0,0,0,Mason Lowe,Argentina Pumas,Fly-half,Argentina,24,14,2,4,4,0,0,8,2,173,Away Win
4144,2016-04-05,Samoa Rugby,Canada Rugby,"Aviva Stadium, Dublin",Rugby Europe Championship,4,19,45,3,6,57,43,0,0,0,0,Hugo Hogg,Samoa Rugby,Inside Centre,Samoa,28,37,0,0,0,0,0,5,6,4,Away Win
4145,2023-10-20,Wales Rugby,Canada Rugby,"Principality Stadium, Cardiff",The Rugby Championship,6,49,38,7,6,47,53,1,0,0,0,Oliver Jones,Canada Rugby,Fullback,New Zealand,28,116,3,0,3,0,0,11,6,69,Home Win
4146,2015-04-19,USA Eagles,Italy Rugby,"Apia Park, Samoa",Rugby Europe Championship,8,6,55,0,6,58,42,0,0,0,0,Josh de Klerk,Italy Rugby,Right Wing,South Africa,24,62,2,0,0,0,0,11,6,106,Away Win
4147,2018-08-21,Uruguay Rugby,Fiji Rugby,"Stade de France, Paris",Pacific Nations Cup,4,53,9,5,0,52,48,0,0,0,0,Sean Furlong,Fiji Rugby,Scrum-half,Fiji,24,49,0,0,0,0,0,14,6,75,Home Win
4148,2021-10-23,Italy Rugby,Georgia Rugby,"Apia Park, Samoa",Pacific Nations Cup,2,38,42,6,7,54,46,0,0,0,0,William Brown,Italy Rugby,Blindside Flanker,Italy,26,3,1,0,0,0,0,16,4,74,Away Win
4149,2017-11-18,France XV,Ireland Rugby,"Stadium Australia, Sydney",Rugby World Cup,8,43,7,6,1,62,38,0,1,0,0,William Russell,Ireland Rugby,Scrum-half,New Zealand,23,91,0,0,0,1,0,7,3,121,Home Win
4150,2019-05-11,Romania Rugby,Fiji Rugby,"Aviva Stadium, Dublin",Pacific Nations Cup,6,23,39,2,5,58,42,2,0,0,0,Mason Doris,Romania Rugby,Right Wing,Romania,30,75,1,0,0,0,0,8,6,105,Away Win
4151,2019-01-26,Japan Brave Blossoms,France XV,"Stadium Australia, Sydney",Autumn Internationals,6,39,31,5,5,41,59,0,1,0,0,Henry Brown,France XV,Blindside Flanker,Ivory Coast,25,27,2,0,0,0,0,6,8,75,Home Win
4152,2024-05-03,Tonga Rugby,Samoa Rugby,"Stadium Australia, Sydney",Rugby World Cup,2,17,17,2,2,57,43,0,0,0,0,William Lowe,Tonga Rugby,Outside Centre,New Zealand,18,63,2,0,0,0,0,0,3,49,Draw
4153,2017-09-09,Georgia Rugby,England Rugby,"Eden Park, Auckland",The Rugby Championship,6,30,37,5,4,58,42,0,1,0,0,Finn Brown,England Rugby,Lock,South Africa,25,85,1,0,0,1,0,12,1,73,Away Win
4154,2024-10-25,Fiji Rugby,Canada Rugby,"Twickenham, London",Rugby Europe Championship,6,28,15,4,0,39,61,0,0,0,0,Faf Kolbe,Fiji Rugby,Outside Centre,Fiji,22,63,1,0,0,0,0,1,2,8,Home Win
4155,2023-09-17,Tonga Rugby,Argentina Pumas,"Murrayfield, Edinburgh",Rugby World Cup,2,35,5,4,1,59,41,0,0,0,0,Oliver Russell,Tonga Rugby,Tighthead Prop,New Zealand,20,91,0,0,0,0,0,20,6,27,Home Win
4156,2015-10-19,Argentina Pumas,France XV,"Stade de France, Paris",The Rugby Championship,6,30,30,2,2,38,62,1,0,0,0,Mason Porter,Argentina Pumas,Scrum-half,Argentina,22,,2,0,0,0,0,,3,19,Draw
4157,2018-06-25,Uruguay Rugby,New Zealand All Blacks,"Ellis Park, Johannesburg",The Rugby Championship,6,59,44,7,5,43,57,0,1,0,0,Siya Curry,Uruguay Rugby,Fly-half,Uruguay,27,78,3,0,2,1,0,17,4,8,Home Win
4158,2019-07-22,Scotland Rugby,Uruguay Rugby,"Teufaiva Stadium, Tonga",The Rugby Championship,4,61,9,8,0,55,45,0,0,0,0,Malcolm Carbery,Uruguay Rugby,Outside Centre,Argentina,32,2,3,0,0,0,0,9,,40,Home Win
4159,2019-09-28,Uruguay Rugby,Canada Rugby,"National Stadium, Tokyo",World Rugby U20 Championship,1,9,57,0,8,46,54,0,0,0,0,Richie Johnson,Uruguay Rugby,Outside Centre,Uruguay,28,75,3,0,0,0,0,10,7,162,Away Win
4160,2019-01-12,Scotland Rugby,France XV,"Stadio Olimpico, Rome",The Rugby Championship,6,45,62,6,8,45,55,0,0,0,0,Rory Watson,Scotland Rugby,Left Wing,New Zealand,24,93,1,0,0,0,0,6,6,20,Away Win
4161,2022-11-20,Japan Brave Blossoms,England Rugby,"ANZ National Stadium, Suva",Rugby Europe Championship,5,32,33,3,3,36,64,0,1,0,0,Faf Smith,Japan Brave Blossoms,Inside Centre,Australia,28,88,3,0,0,0,0,,4,31,Away Win
4162,2017-01-25,South Africa Springboks,Australia Wallabies,"National Stadium, Tokyo",World Rugby U20 Championship,3,38,45,4,6,40,60,1,0,0,0,Malcolm Brown,South Africa Springboks,Tighthead Prop,South Africa,25,69,2,0,0,0,1,6,,25,Away Win
4163,2022-07-20,France XV,New Zealand All Blacks,"Stade de France, Paris",Pacific Nations Cup,2,18,52,3,6,38,62,1,1,1,0,Lucas Watson,France XV,Blindside Flanker,Senegal,24,60,3,0,0,0,0,4,7,177,Away Win
4164,2023-06-26,Fiji Rugby,Japan Brave Blossoms,"Teufaiva Stadium, Tonga",Rugby World Cup,1,24,20,3,1,49,51,0,0,0,0,Faf Curry,Japan Brave Blossoms,Lock,Australia,22,39,0,0,0,0,0,6,4,4,Home Win
4165,2024-08-17,Scotland Rugby,England Rugby,"Estadio Jose Amalfitani, Buenos Aires",Rugby Europe Championship,8,58,33,8,5,48,52,1,0,0,0,Owen Curry,England Rugby,Lock,South Africa,19,83,2,0,0,0,0,2,1,80,Home Win
4166,2023-10-11,Spain Rugby,Romania Rugby,"National Stadium, Tokyo",World Rugby U20 Championship,6,44,12,6,2,43,57,0,0,0,0,Henry Smith,Spain Rugby,Outside Centre,Spain,25,23,2,0,0,0,0,6,,84,Home Win
4167,2020-08-27,Spain Rugby,USA Eagles,"Eden Park, Auckland",The Rugby Championship,4,6,20,0,2,45,55,0,0,0,0,Stuart Taylor,USA Eagles,Left Wing,New Zealand,27,17,0,0,0,0,0,20,0,144,Away Win
4168,2016-03-12,England Rugby,Japan Brave Blossoms,"ANZ National Stadium, Suva",Six Nations,4,53,40,7,4,48,52,0,0,0,0,Oliver de Klerk,England Rugby,Lock,England,26,40,1,0,0,0,0,0,,75,Home Win
4169,2022-10-26,Scotland Rugby,Japan Brave Blossoms,"Ellis Park, Johannesburg",Pacific Nations Cup,1,30,32,2,2,52,48,0,1,0,0,Conor Taylor,Japan Brave Blossoms,Left Wing,Australia,25,116,0,0,0,0,0,8,0,168,Away Win
4170,2017-09-05,Georgia Rugby,England Rugby,"Ellis Park, Johannesburg",Autumn Internationals,4,47,31,5,3,62,38,0,1,0,0,Jamie Johnson,England Rugby,Number 8,South Africa,23,7,0,0,0,0,0,7,5,157,Home Win
4171,2024-11-10,South Africa Springboks,Italy Rugby,"Stadium Australia, Sydney",Autumn Internationals,6,63,16,7,1,35,65,1,1,0,0,Lucas Watson,South Africa Springboks,Lock,South Africa,29,95,0,0,0,0,0,7,1,130,Home Win
4172,2018-02-18,Wales Rugby,Tonga Rugby,"Stadium Australia, Sydney",The Rugby Championship,8,55,41,7,5,44,56,0,0,0,0,Pieter Watson,Tonga Rugby,Left Wing,Tonga,,5,3,0,0,0,0,2,7,88,Home Win
4173,2018-11-27,Uruguay Rugby,Spain Rugby,"Mikheil Meskhi Stadium, Tbilisi",World Rugby U20 Championship,5,27,9,2,0,49,51,0,0,0,0,Ethan Kolbe,Uruguay Rugby,Blindside Flanker,,30,44,1,0,0,0,0,2,5,127,Home Win
4174,2018-04-16,France XV,Ireland Rugby,"Stade de France, Paris",Pacific Nations Cup,3,0,11,0,1,59,41,0,1,0,0,Mason Barrett,Ireland Rugby,Inside Centre,New Zealand,22,90,1,0,0,0,0,12,0,154,Away Win
4175,2020-05-18,South Africa Springboks,Australia Wallabies,"Twickenham, London",Rugby Europe Championship,8,26,52,4,6,55,45,0,0,0,0,Lucas Carbery,South Africa Springboks,Lock,South Africa,23,41,1,0,0,0,0,2,5,155,Away Win
4176,2017-05-02,Scotland Rugby,Italy Rugby,"Estadio Jose Amalfitani, Buenos Aires",Pacific Nations Cup,7,28,26,2,3,59,41,1,2,0,1,Oliver Watson,Scotland Rugby,Tighthead Prop,Scotland,21,102,1,0,0,0,0,10,1,46,Home Win
4177,2023-06-14,France XV,Romania Rugby,"Ellis Park, Johannesburg",Autumn Internationals,8,13,15,1,2,42,58,0,0,0,0,Antoine Johnson,France XV,Number 8,Ivory Coast,24,10,2,0,0,0,0,19,6,29,Away Win
4178,2019-05-25,South Africa Springboks,Tonga Rugby,"Stadium Australia, Sydney",World Rugby U20 Championship,5,0,37,0,6,45,55,0,0,0,0,Cian Ntamack,South Africa Springboks,Fullback,South Africa,30,3,2,0,0,0,0,9,7,100,Away Win
4179,2020-05-01,France XV,New Zealand All Blacks,"Mikheil Meskhi Stadium, Tbilisi",The Rugby Championship,8,49,40,8,4,41,59,1,0,0,0,Owen Smith,France XV,Lock,Ivory Coast,29,64,2,0,0,0,0,14,7,164,Home Win
4180,2017-11-13,Georgia Rugby,Tonga Rugby,"ANZ National Stadium, Suva",Six Nations,8,40,25,8,2,35,65,1,0,0,0,Taulupe Dupont,Georgia Rugby,Hooker,Georgia,30,31,2,0,0,0,0,6,4,152,Home Win
4181,2024-12-23,Argentina Pumas,Fiji Rugby,"National Stadium, Tokyo",,8,66,0,8,0,54,46,1,1,0,0,Charles de Klerk,Fiji Rugby,Hooker,Fiji,29,112,3,0,0,0,0,11,5,164,Home Win
4182,2015-02-17,Uruguay Rugby,Georgia Rugby,"Ellis Park, Johannesburg",World Rugby U20 Championship,3,28,32,3,4,52,48,0,0,0,0,Finn Watson,Uruguay Rugby,Openside Flanker,Argentina,22,102,3,0,0,0,0,8,1,170,Away Win
4183,2019-07-08,Argentina Pumas,Romania Rugby,"Teufaiva Stadium, Tonga",Autumn Internationals,1,6,44,0,4,60,40,1,0,0,0,Faf Curry,Argentina Pumas,Right Wing,Argentina,25,40,1,0,0,0,0,3,1,150,Away Win
4184,2023-12-02,Argentina Pumas,Italy Rugby,"Stade de France, Paris",Rugby Europe Championship,1,47,28,7,5,51,49,0,0,0,0,James Faletau,Italy Rugby,Tighthead Prop,Argentina,23,54,3,0,0,0,0,2,7,71,Home Win
4185,2017-06-17,Tonga Rugby,Georgia Rugby,"Principality Stadium, Cardiff",Autumn Internationals,7,37,15,3,0,64,36,0,0,0,0,Ethan Smith,Tonga Rugby,Right Wing,Tonga,32,46,1,0,0,0,0,9,0,128,Home Win
4186,2019-09-23,New Zealand All Blacks,Australia Wallabies,"Mikheil Meskhi Stadium, Tbilisi",Pacific Nations Cup,8,42,26,6,4,42,58,0,0,0,0,Charles Watson,Australia Wallabies,Inside Centre,Australia,22,76,0,0,0,0,0,20,1,,Home Win
4187,2019-03-22,USA Eagles,Wales Rugby,"National Stadium, Tokyo",Rugby World Cup,4,70,0,8,0,41,59,0,0,0,0,Lucas Brown,Wales Rugby,Loosehead Prop,Wales,30,29,0,0,0,0,0,5,,121,Home Win
4188,2021-02-07,Romania Rugby,Uruguay Rugby,"Estadio Jose Amalfitani, Buenos Aires",Autumn Internationals,1,48,18,6,0,59,41,0,0,0,0,Tadhg Dupont,Romania Rugby,Hooker,Romania,30,6,2,0,0,0,0,11,4,,Home Win
4189,2019-01-17,New Zealand All Blacks,Ireland Rugby,"Eden Park, Auckland",Pacific Nations Cup,2,19,33,2,5,44,56,0,0,0,0,Faf Carbery,New Zealand All Blacks,Blindside Flanker,New Zealand,34,44,0,0,0,0,0,6,4,125,Away Win
4190,2022-05-11,Ireland Rugby,Australia Wallabies,"Teufaiva Stadium, Tonga",Rugby Europe Championship,2,47,47,7,7,54,46,0,2,0,0,Mason Henshaw,Australia Wallabies,Lock,Australia,25,116,1,0,0,0,0,17,3,101,Draw
4191,2018-11-24,England Rugby,Samoa Rugby,"Eden Park, Auckland",Rugby Europe Championship,7,24,39,3,3,38,62,0,1,0,0,Benjamin Henshaw,England Rugby,Lock,New Zealand,29,65,2,0,0,1,0,17,3,108,Away Win
4192,2022-08-27,Georgia Rugby,Fiji Rugby,"Stadio Olimpico, Rome",Rugby Europe Championship,8,46,41,7,4,35,65,0,0,0,0,Justin Doris,Georgia Rugby,Blindside Flanker,Georgia,36,1,0,0,0,0,0,6,,180,Home Win
4193,2015-05-15,USA Eagles,South Africa Springboks,"Twickenham, London",World Rugby U20 Championship,5,40,48,5,7,50,50,0,0,0,0,James Lowe,USA Eagles,Loosehead Prop,USA,24,9,2,0,0,1,0,17,0,124,Away Win
4194,2023-05-27,England Rugby,Italy Rugby,"Stadio Olimpico, Rome",Autumn Internationals,1,27,6,4,0,59,41,1,0,0,0,Antoine Henshaw,England Rugby,Lock,New Zealand,20,43,1,0,0,0,0,,4,34,Home Win
4195,2018-10-18,New Zealand All Blacks,Tonga Rugby,"Ellis Park, Johannesburg",World Rugby U20 Championship,4,61,22,7,1,53,47,0,0,0,0,Grégoire Doris,New Zealand All Blacks,Outside Centre,New Zealand,19,99,1,0,0,0,0,6,6,105,Home Win
4196,2023-10-25,England Rugby,Uruguay Rugby,"Principality Stadium, Cardiff",Rugby Europe Championship,2,34,16,4,1,60,40,1,0,0,0,Alun Itoje,Uruguay Rugby,Tighthead Prop,Uruguay,29,18,0,0,0,0,0,7,2,5,Home Win
4197,2024-10-17,England Rugby,Japan Brave Blossoms,"ANZ National Stadium, Suva",Rugby World Cup,3,20,56,1,7,54,46,0,0,0,0,Finn Russell,Japan Brave Blossoms,Loosehead Prop,South Africa,19,118,3,0,0,1,0,18,8,114,Away Win
4198,2016-12-09,New Zealand All Blacks,Tonga Rugby,"Stadio Olimpico, Rome",Pacific Nations Cup,3,14,50,2,8,37,63,0,0,0,0,Lucas Carbery,Tonga Rugby,Number 8,,25,35,3,0,0,0,0,18,0,131,Away Win
4199,2022-06-03,Canada Rugby,Argentina Pumas,"Aviva Stadium, Dublin",Six Nations,3,15,22,0,2,53,47,0,1,0,0,Kieran Faletau,Canada Rugby,Blindside Flanker,New Zealand,28,,3,0,0,0,0,5,0,120,Away Win
4200,2018-09-11,Scotland Rugby,Australia Wallabies,"Mikheil Meskhi Stadium, Tbilisi",Rugby World Cup,7,3,8,0,1,57,43,0,1,0,0,Conor Williams,Australia Wallabies,Openside Flanker,New Zealand,27,27,2,0,0,0,0,20,7,133,Away Win
4201,2018-12-13,Canada Rugby,Uruguay Rugby,"Ellis Park, Johannesburg",Six Nations,7,19,22,1,2,41,59,0,0,0,0,Grégoire Watson,Uruguay Rugby,Openside Flanker,Argentina,28,28,2,0,0,0,0,13,2,104,Away Win
4202,2017-10-23,Romania Rugby,Italy Rugby,"Apia Park, Samoa",Pacific Nations Cup,3,44,36,8,4,60,40,0,0,0,0,Oliver Kolbe,Romania Rugby,Right Wing,Romania,27,29,1,0,0,0,0,19,,71,Home Win
4203,2024-10-04,Fiji Rugby,England Rugby,"Murrayfield, Edinburgh",Six Nations,4,22,46,1,6,56,44,0,0,0,0,Jamie Jones,England Rugby,Right Wing,South Africa,32,74,0,0,0,0,0,9,0,98,Away Win
4204,2020-08-06,Spain Rugby,Italy Rugby,"Aviva Stadium, Dublin",Rugby Europe Championship,7,65,40,7,4,46,54,0,0,0,0,Taulupe Brown,Spain Rugby,Blindside Flanker,Argentina,23,18,0,0,0,0,0,1,2,45,Home Win
4205,2022-05-26,New Zealand All Blacks,Samoa Rugby,"Aviva Stadium, Dublin",The Rugby Championship,6,18,18,0,0,54,46,1,2,0,0,Conor Smith,New Zealand All Blacks,Blindside Flanker,New Zealand,24,59,3,0,0,1,0,,0,83,Draw
4206,2020-09-18,Uruguay Rugby,South Africa Springboks,"Stadio Olimpico, Rome",Autumn Internationals,5,32,28,3,3,45,55,0,0,0,0,Pieter Dupont,South Africa Springboks,Blindside Flanker,South Africa,23,96,2,0,0,0,0,5,6,4,Home Win
4207,2016-12-21,Fiji Rugby,Italy Rugby,"Apia Park, Samoa",Rugby Europe Championship,2,40,19,5,2,41,59,0,1,0,0,Hugo Faletau,Italy Rugby,Right Wing,,30,46,2,0,0,0,0,7,8,84,Home Win
4208,2019-04-05,Japan Brave Blossoms,England Rugby,"Stade de France, Paris",The Rugby Championship,4,41,37,5,5,38,62,1,0,0,0,Sean Russell,Japan Brave Blossoms,Fly-half,New Zealand,30,2,2,3,0,0,0,7,6,180,Home Win
4209,2019-02-27,Italy Rugby,Spain Rugby,"Stadio Olimpico, Rome",The Rugby Championship,7,45,45,7,6,37,63,0,0,0,0,Malcolm Lowe,Spain Rugby,Lock,Spain,28,47,2,0,0,0,0,17,1,34,Draw
4210,2022-11-12,USA Eagles,Uruguay Rugby,"Aviva Stadium, Dublin",,3,51,22,6,3,37,63,1,0,0,0,Pieter Williams,USA Eagles,Loosehead Prop,New Zealand,,99,0,0,0,0,0,6,5,45,Home Win
4211,2024-01-03,South Africa Springboks,USA Eagles,"Teufaiva Stadium, Tonga",Six Nations,2,46,32,8,5,60,40,0,0,0,0,Beauden Williams,USA Eagles,Scrum-half,South Africa,22,46,0,0,0,0,0,15,4,98,Home Win
4212,2022-11-21,Spain Rugby,USA Eagles,"Ellis Park, Johannesburg",Rugby World Cup,5,17,59,2,8,40,60,0,0,0,0,Ethan Jones,USA Eagles,Inside Centre,South Africa,33,30,1,0,0,0,0,16,1,24,Away Win
4213,2015-02-22,Argentina Pumas,Georgia Rugby,"National Stadium, Tokyo",Six Nations,1,63,26,8,4,53,47,0,0,0,0,Conor Russell,Georgia Rugby,Openside Flanker,Georgia,33,106,2,0,0,0,0,17,8,140,Home Win
4214,2017-12-19,Argentina Pumas,Samoa Rugby,"Twickenham, London",Autumn Internationals,7,33,28,3,2,51,49,1,0,0,0,Stuart Hogg,Argentina Pumas,Lock,Argentina,29,34,1,0,0,0,0,8,5,63,Home Win
4215,2021-02-20,Spain Rugby,Romania Rugby,"Aviva Stadium, Dublin",World Rugby U20 Championship,1,21,64,3,8,49,51,2,0,0,0,Liam Curry,Romania Rugby,Number 8,France,34,48,2,0,0,0,0,14,6,138,Away Win
4216,2017-06-26,Ireland Rugby,Wales Rugby,"National Stadium, Tokyo",Rugby Europe Championship,7,18,34,2,5,47,53,1,0,0,0,Alun Russell,Ireland Rugby,Blindside Flanker,New Zealand,20,27,1,0,0,0,0,0,3,172,Away Win
4217,2021-05-15,Ireland Rugby,Japan Brave Blossoms,"ANZ National Stadium, Suva",The Rugby Championship,1,0,9,0,0,38,62,0,0,0,0,Hugo Hogg,Japan Brave Blossoms,Scrum-half,Japan,24,74,3,0,0,0,0,5,2,57,Away Win
4218,2021-03-07,New Zealand All Blacks,Japan Brave Blossoms,"Estadio Jose Amalfitani, Buenos Aires",Pacific Nations Cup,6,0,54,0,6,44,56,0,0,0,0,Justin Curry,New Zealand All Blacks,Fly-half,New Zealand,24,25,2,3,1,0,0,18,,,Away Win
4219,2016-02-07,Romania Rugby,Spain Rugby,"Stadio Olimpico, Rome",Autumn Internationals,7,36,26,6,2,41,59,0,0,0,0,Alun Watson,Romania Rugby,Scrum-half,Romania,29,64,2,0,0,0,0,20,8,126,Home Win
4220,2023-12-06,Australia Wallabies,Argentina Pumas,"Stade de France, Paris",Autumn Internationals,6,58,51,6,7,42,58,0,0,0,0,Faf Brown,Argentina Pumas,Tighthead Prop,Argentina,22,113,3,0,0,0,0,7,0,52,Home Win
4221,2019-01-07,Spain Rugby,England Rugby,,Six Nations,3,7,32,1,4,48,52,0,0,0,0,Antoine Lowe,Spain Rugby,Fullback,Argentina,30,32,1,0,4,0,0,5,8,31,Away Win
4222,2015-02-16,Samoa Rugby,Japan Brave Blossoms,"Twickenham, London",Autumn Internationals,4,54,3,7,0,62,38,0,1,0,0,Stuart Dupont,Japan Brave Blossoms,Fly-half,Australia,32,52,3,5,1,0,0,8,4,159,Home Win
4223,2015-04-26,England Rugby,Tonga Rugby,"Ellis Park, Johannesburg",World Rugby U20 Championship,6,17,13,2,1,65,35,1,1,0,0,Hamish Brown,England Rugby,Blindside Flanker,South Africa,29,8,1,0,0,0,0,19,0,113,Home Win
4224,2019-07-03,Japan Brave Blossoms,USA Eagles,"Teufaiva Stadium, Tonga",Rugby Europe Championship,1,74,14,8,2,51,49,0,0,0,0,Charles Lowe,USA Eagles,Fly-half,South Africa,28,19,2,0,1,0,0,4,0,2,Home Win
4225,2017-05-08,France XV,Scotland Rugby,"National Stadium, Tokyo",Six Nations,7,28,54,3,6,53,47,0,0,0,0,Mason Henshaw,Scotland Rugby,Blindside Flanker,Australia,23,50,0,0,0,0,0,15,,117,Away Win
4226,2017-04-16,Japan Brave Blossoms,South Africa Springboks,"Twickenham, London",World Rugby U20 Championship,4,54,22,7,2,35,65,0,1,0,0,Romain Kolbe,South Africa Springboks,Scrum-half,South Africa,23,15,2,0,0,0,0,16,8,41,Home Win
4227,2021-06-22,USA Eagles,Argentina Pumas,"ANZ National Stadium, Suva",World Rugby U20 Championship,5,10,9,1,0,47,53,1,0,0,0,Stuart Jones,USA Eagles,Scrum-half,USA,31,57,0,0,0,0,0,3,6,3,Home Win
4228,2021-11-03,USA Eagles,Wales Rugby,"Stadio Olimpico, Rome",Pacific Nations Cup,6,35,45,5,7,61,39,0,0,0,0,Conor Hogg,Wales Rugby,Outside Centre,Wales,30,113,1,0,0,0,0,1,4,68,Away Win
4229,2022-01-08,England Rugby,USA Eagles,"Ellis Park, Johannesburg",Six Nations,8,28,44,2,7,65,35,0,1,0,0,Ethan Itoje,USA Eagles,Scrum-half,USA,26,117,0,0,0,0,0,18,1,76,Away Win
4230,2020-10-12,France XV,Ireland Rugby,"ANZ National Stadium, Suva",Autumn Internationals,7,37,10,7,2,53,47,0,0,1,0,Ethan Carbery,Ireland Rugby,Right Wing,Ireland,25,65,2,0,0,0,0,10,4,49,Home Win
4231,2016-11-14,Uruguay Rugby,Wales Rugby,"Stade de France, Paris",Rugby World Cup,7,15,59,2,7,54,46,0,0,0,0,Rory Faletau,Wales Rugby,Right Wing,New Zealand,18,34,2,0,0,0,0,4,5,77,Away Win
4232,2022-09-12,Ireland Rugby,Fiji Rugby,"Stade de France, Paris",Rugby World Cup,3,6,24,0,2,49,51,0,0,0,0,Alun van der Merwe,Fiji Rugby,Tighthead Prop,Fiji,22,94,0,0,0,0,0,10,5,158,Away Win
4233,2020-03-02,France XV,Italy Rugby,"Eden Park, Auckland",World Rugby U20 Championship,1,41,9,4,0,50,50,0,0,0,0,Romain Watson,France XV,Loosehead Prop,Senegal,34,50,3,0,0,0,0,5,1,175,Home Win
4234,2017-03-13,Samoa Rugby,Argentina Pumas,"Stadium Australia, Sydney",World Rugby U20 Championship,1,36,19,6,3,64,36,0,1,0,0,Cheslin Barrett,Argentina Pumas,Outside Centre,Argentina,21,47,1,0,0,0,0,3,0,59,Home Win
4235,2023-07-28,Samoa Rugby,South Africa Springboks,"Stadium Australia, Sydney",World Rugby U20 Championship,1,44,29,6,2,61,39,0,0,0,0,Liam van der Merwe,South Africa Springboks,Tighthead Prop,South Africa,27,76,0,0,0,0,0,8,3,104,Home Win
4236,2019-01-28,Wales Rugby,Ireland Rugby,"Estadio Jose Amalfitani, Buenos Aires",Six Nations,2,52,5,8,1,46,54,0,1,0,0,Oliver Porter,Wales Rugby,Loosehead Prop,Wales,31,114,3,0,0,0,0,19,2,12,Home Win
4237,2022-06-25,England Rugby,Tonga Rugby,"National Stadium, Tokyo",The Rugby Championship,6,23,10,1,1,47,53,1,0,0,0,Rory Williams,Tonga Rugby,Lock,Tonga,21,11,2,0,0,0,0,6,2,85,Home Win
4238,2021-07-15,Spain Rugby,Australia Wallabies,"Stadium Australia, Sydney",Rugby World Cup,4,8,25,1,5,62,38,0,0,0,0,Hugo Barrett,Spain Rugby,Tighthead Prop,Spain,27,64,1,0,0,0,0,0,3,2,Away Win
4239,2021-06-21,Argentina Pumas,Scotland Rugby,"Aviva Stadium, Dublin",Six Nations,7,62,38,8,4,41,59,0,0,0,0,Noah Caelan,Scotland Rugby,Fullback,New Zealand,30,,2,0,3,0,0,0,0,70,Home Win
4240,2024-03-28,Wales Rugby,Samoa Rugby,"National Stadium, Tokyo",Autumn Internationals,6,24,46,3,7,56,44,0,0,0,0,Henry Brown,Wales Rugby,Outside Centre,New Zealand,27,56,0,0,0,0,0,9,3,52,Away Win
4241,2023-09-11,USA Eagles,Wales Rugby,"Stade de France, Paris",Rugby Europe Championship,5,10,36,2,6,49,51,1,0,0,0,Stuart Furlong,USA Eagles,Right Wing,New Zealand,38,53,0,0,0,0,0,14,1,54,Away Win
4242,2016-04-14,France XV,England Rugby,"National Stadium, Tokyo",World Rugby U20 Championship,8,30,52,3,8,61,39,0,0,0,0,Charles Ntamack,France XV,Fly-half,Senegal,20,70,3,3,3,0,0,16,8,91,Away Win
4243,2021-05-12,Scotland Rugby,Italy Rugby,"Murrayfield, Edinburgh",Autumn Internationals,7,10,22,2,3,36,64,0,2,0,0,Kieran Dupont,Scotland Rugby,Lock,Scotland,31,23,2,0,0,0,0,13,3,174,Away Win
4244,2023-04-24,Japan Brave Blossoms,Italy Rugby,"Estadio Jose Amalfitani, Buenos Aires",World Rugby U20 Championship,2,6,30,0,2,59,41,0,0,0,0,Cian Carbery,Japan Brave Blossoms,Fly-half,South Africa,26,94,1,5,1,0,0,11,1,122,Away Win
4245,2019-09-14,Scotland Rugby,Canada Rugby,"ANZ National Stadium, Suva",Pacific Nations Cup,2,64,28,7,4,43,57,2,1,0,0,Cian Brown,Scotland Rugby,Fly-half,Australia,30,30,2,5,0,0,0,16,,136,Home Win
4246,2019-01-11,Georgia Rugby,Japan Brave Blossoms,"National Stadium, Tokyo",World Rugby U20 Championship,2,32,61,4,8,45,55,1,0,0,0,Mason Itoje,Japan Brave Blossoms,Lock,Australia,28,113,1,0,0,0,0,7,2,12,Away Win
4247,2018-11-01,South Africa Springboks,New Zealand All Blacks,"Ellis Park, Johannesburg",Pacific Nations Cup,7,10,12,2,0,61,39,0,0,0,0,Charles Lowe,New Zealand All Blacks,Fly-half,New Zealand,24,22,3,3,3,0,0,9,0,132,Away Win
4248,2024-06-14,England Rugby,Canada Rugby,"Stadium Australia, Sydney",Pacific Nations Cup,4,15,15,0,0,41,59,0,0,0,0,Rory de Klerk,Canada Rugby,Outside Centre,Canada,27,111,0,0,0,0,0,,6,125,Draw
4249,2019-08-04,Georgia Rugby,Uruguay Rugby,"ANZ National Stadium, Suva",World Rugby U20 Championship,5,15,20,2,2,43,57,1,0,0,0,Noah Watson,Georgia Rugby,Hooker,Georgia,19,111,1,0,0,0,0,19,4,106,Away Win
4250,2017-08-28,South Africa Springboks,Spain Rugby,"Stadio Olimpico, Rome",Rugby World Cup,6,23,26,1,4,48,52,1,1,0,0,Richie Lowe,South Africa Springboks,Right Wing,South Africa,29,88,0,0,0,0,0,1,0,32,Away Win
4251,2021-04-04,Fiji Rugby,New Zealand All Blacks,"ANZ National Stadium, Suva",The Rugby Championship,7,15,61,2,8,42,58,0,1,0,0,Beauden Porter,Fiji Rugby,Lock,Fiji,28,56,3,0,0,0,0,,8,44,Away Win
4252,2017-09-11,Ireland Rugby,South Africa Springboks,"Stade de France, Paris",Six Nations,4,52,15,8,0,44,56,0,1,0,1,Ethan Doris,South Africa Springboks,Fly-half,South Africa,29,75,3,4,4,0,0,12,6,161,Home Win
4253,2022-08-18,USA Eagles,Fiji Rugby,"Teufaiva Stadium, Tonga",The Rugby Championship,1,54,46,8,8,62,38,0,0,0,0,Antoine Doris,Fiji Rugby,Number 8,Fiji,31,94,1,0,0,0,0,,0,140,Home Win
4254,2017-08-19,Georgia Rugby,Italy Rugby,"Principality Stadium, Cardiff",World Rugby U20 Championship,2,10,17,1,2,40,60,0,0,0,0,Owen Hogg,Italy Rugby,Fly-half,South Africa,28,70,1,5,3,0,0,1,7,72,Away Win
4255,2019-06-28,Fiji Rugby,Ireland Rugby,"Twickenham, London",The Rugby Championship,2,29,22,4,1,55,45,0,1,0,0,Justin Dupont,Ireland Rugby,Openside Flanker,Ireland,27,90,1,0,0,0,0,13,1,24,Home Win
4256,2016-07-07,Spain Rugby,Tonga Rugby,"Stadium Australia, Sydney",Rugby World Cup,3,23,13,3,2,39,61,0,0,0,0,Jamie Curry,Spain Rugby,Loosehead Prop,Argentina,23,76,0,0,0,0,0,16,5,55,Home Win
4257,2018-05-18,Ireland Rugby,Romania Rugby,"Aviva Stadium, Dublin",Rugby World Cup,1,33,56,3,6,44,56,0,0,0,0,Cheslin Doris,Romania Rugby,Right Wing,France,24,33,2,0,0,0,0,13,,166,Away Win
4258,2017-05-10,Ireland Rugby,Romania Rugby,"Principality Stadium, Cardiff",Autumn Internationals,4,20,13,1,2,64,36,0,0,0,0,Owen Barrett,Ireland Rugby,Left Wing,New Zealand,31,38,0,0,0,0,0,7,4,47,Home Win
4259,2021-09-03,Wales Rugby,Fiji Rugby,"Aviva Stadium, Dublin",World Rugby U20 Championship,6,18,8,3,1,54,46,0,0,0,0,Cheslin Furlong,Wales Rugby,Right Wing,New Zealand,32,16,0,0,0,0,0,5,4,70,Home Win
4260,2021-04-28,USA Eagles,Argentina Pumas,"Principality Stadium, Cardiff",Six Nations,8,45,51,5,6,55,45,0,0,0,0,William Williams,Argentina Pumas,Fullback,Argentina,26,63,3,0,2,0,0,8,7,116,Away Win
4261,2022-04-28,Ireland Rugby,Romania Rugby,"Principality Stadium, Cardiff",Six Nations,8,13,33,2,3,49,51,0,0,0,0,Sean Ntamack,Ireland Rugby,Tighthead Prop,New Zealand,27,26,3,0,0,0,0,13,0,165,Away Win
4262,2020-02-05,England Rugby,Scotland Rugby,"Aviva Stadium, Dublin",Pacific Nations Cup,6,3,29,0,2,48,52,0,1,0,0,Richie Johnson,Scotland Rugby,Loosehead Prop,Australia,,50,0,0,0,0,0,16,7,23,Away Win
4263,2016-07-22,England Rugby,Wales Rugby,"National Stadium, Tokyo",Rugby World Cup,4,53,64,8,8,35,65,0,0,1,0,James Curry,Wales Rugby,Number 8,New Zealand,31,1,2,0,0,0,0,12,,114,Away Win
4264,2021-08-21,England Rugby,Argentina Pumas,"National Stadium, Tokyo",World Rugby U20 Championship,8,28,24,5,4,54,46,0,0,0,0,Antoine Watson,Argentina Pumas,Inside Centre,Argentina,29,19,2,0,0,1,0,9,3,26,Home Win
4265,2021-11-13,Fiji Rugby,Georgia Rugby,"Apia Park, Samoa",Six Nations,2,55,37,7,4,48,52,0,1,0,0,Stuart Doris,Georgia Rugby,Blindside Flanker,Georgia,34,76,0,0,0,0,0,18,6,22,Home Win
4266,2020-04-08,Italy Rugby,Tonga Rugby,"Stadium Australia, Sydney",Autumn Internationals,8,24,28,2,2,41,59,0,1,0,1,Henry Brown,Italy Rugby,Hooker,Argentina,,96,3,0,0,0,0,9,5,53,Away Win
4267,2022-07-20,Fiji Rugby,USA Eagles,"Estadio Jose Amalfitani, Buenos Aires",The Rugby Championship,1,6,15,0,0,63,37,1,0,0,0,Sean Faletau,Fiji Rugby,Openside Flanker,Fiji,25,114,3,0,0,1,0,18,,116,Away Win
4268,2023-08-28,Uruguay Rugby,England Rugby,"Estadio Jose Amalfitani, Buenos Aires",Pacific Nations Cup,5,44,33,6,5,44,56,1,2,0,0,Antoine Williams,Uruguay Rugby,Number 8,Uruguay,27,108,2,0,0,0,0,16,7,134,Home Win
4269,2019-11-11,Wales Rugby,Fiji Rugby,"Stade de France, Paris",Rugby Europe Championship,8,42,6,6,0,60,40,0,0,0,0,Kieran Watson,Fiji Rugby,Number 8,Fiji,29,79,3,0,0,0,0,10,8,132,Home Win
4270,2022-12-23,Ireland Rugby,Argentina Pumas,"Stadio Olimpico, Rome",The Rugby Championship,6,61,49,8,7,38,62,2,1,0,0,Stuart Watson,Ireland Rugby,Lock,Ireland,26,79,3,0,0,0,0,2,6,87,Home Win
4271,2022-06-15,Wales Rugby,Argentina Pumas,"Apia Park, Samoa",Autumn Internationals,2,20,60,1,8,64,36,0,0,1,1,Sean Watson,Wales Rugby,Inside Centre,New Zealand,23,97,1,0,0,0,0,10,3,65,Away Win
4272,2017-01-10,Australia Wallabies,Samoa Rugby,"Stadium Australia, Sydney",Autumn Internationals,5,40,35,7,4,38,62,0,2,0,0,Pieter Henshaw,Samoa Rugby,Fullback,New Zealand,30,112,2,0,4,0,0,9,4,79,Home Win
4273,2024-01-28,Ireland Rugby,Argentina Pumas,"Apia Park, Samoa",Six Nations,8,59,40,8,5,65,35,1,0,0,0,Stuart Watson,Argentina Pumas,Fly-half,Argentina,29,103,3,0,1,0,0,7,3,89,Home Win
4274,2016-09-09,Samoa Rugby,Uruguay Rugby,"Stadio Olimpico, Rome",Pacific Nations Cup,7,16,12,2,0,52,48,0,0,0,0,Benjamin Furlong,Uruguay Rugby,Lock,Argentina,23,,1,0,0,0,0,5,7,44,Home Win
4275,2024-02-14,Romania Rugby,Canada Rugby,"Ellis Park, Johannesburg",Pacific Nations Cup,1,28,45,5,8,50,50,2,0,0,0,Tadhg Kolbe,Romania Rugby,Hooker,Romania,32,66,0,0,0,0,0,0,0,137,Away Win
4276,2022-02-15,Samoa Rugby,Wales Rugby,"Murrayfield, Edinburgh",The Rugby Championship,1,22,26,1,3,58,42,0,1,0,0,James Carbery,Wales Rugby,Number 8,New Zealand,31,29,3,0,0,0,0,8,0,117,Away Win
4277,2021-10-20,Argentina Pumas,England Rugby,"Stadium Australia, Sydney",Rugby World Cup,6,32,39,3,5,44,56,1,0,0,0,Owen Henshaw,England Rugby,Right Wing,England,27,62,2,0,0,0,0,8,2,173,Away Win
4278,2015-10-26,Wales Rugby,Australia Wallabies,"Teufaiva Stadium, Tonga",Rugby World Cup,1,64,11,7,1,50,50,0,0,0,0,Grégoire Barrett,Wales Rugby,Lock,New Zealand,27,76,0,0,0,0,0,13,2,126,Home Win
4279,2020-04-15,Argentina Pumas,Tonga Rugby,"Stade de France, Paris",Rugby World Cup,4,29,20,3,2,37,63,2,0,0,0,Cian Dupont,Tonga Rugby,Lock,New Zealand,29,64,2,0,0,0,0,14,0,169,Home Win
4280,2023-02-22,England Rugby,Tonga Rugby,"Ellis Park, Johannesburg",World Rugby U20 Championship,2,12,46,2,7,36,64,0,0,0,0,Taulupe Brown,Tonga Rugby,Left Wing,Tonga,23,86,0,0,0,0,0,17,7,173,Away Win
4281,2016-01-06,Fiji Rugby,New Zealand All Blacks,"ANZ National Stadium, Suva",World Rugby U20 Championship,7,34,24,4,3,63,37,2,0,0,0,Hugo Caelan,New Zealand All Blacks,Inside Centre,New Zealand,27,63,3,0,0,0,0,10,4,87,Home Win
4282,2024-05-28,Wales Rugby,Fiji Rugby,"ANZ National Stadium, Suva",Autumn Internationals,3,53,51,7,7,65,35,0,1,0,0,Pieter Brown,Wales Rugby,Right Wing,New Zealand,18,24,3,0,0,0,0,19,4,133,Home Win
4283,2021-06-12,Wales Rugby,Tonga Rugby,"Estadio Jose Amalfitani, Buenos Aires",Six Nations,5,37,0,3,0,63,37,0,0,0,0,Callum Watson,Tonga Rugby,Scrum-half,Tonga,30,50,1,0,0,0,0,11,6,154,Home Win
4284,2018-01-11,Wales Rugby,USA Eagles,"Twickenham, London",Six Nations,3,39,12,5,2,42,58,0,0,0,0,Callum Taylor,Wales Rugby,Scrum-half,New Zealand,20,,0,0,0,1,0,14,2,12,Home Win
4285,2023-04-16,Spain Rugby,Japan Brave Blossoms,"Eden Park, Auckland",World Rugby U20 Championship,3,28,25,5,2,38,62,1,0,0,0,Josh Johnson,Japan Brave Blossoms,Openside Flanker,Australia,33,53,1,0,0,0,0,14,0,56,Home Win
4286,2024-09-11,Argentina Pumas,New Zealand All Blacks,"Apia Park, Samoa",Rugby World Cup,5,39,19,3,1,37,63,0,1,0,0,Tadhg Brown,New Zealand All Blacks,Inside Centre,New Zealand,25,65,3,0,0,0,0,13,7,110,Home Win
4287,2022-07-17,Australia Wallabies,Fiji Rugby,"Murrayfield, Edinburgh",Rugby World Cup,4,20,50,1,5,60,40,0,2,0,0,Cian Faletau,Fiji Rugby,Number 8,Fiji,26,61,1,0,0,0,0,19,2,105,Away Win
4288,2015-07-15,USA Eagles,Samoa Rugby,"Twickenham, London",World Rugby U20 Championship,1,3,20,0,1,41,59,0,0,0,0,Liam Johnson,Samoa Rugby,Inside Centre,Samoa,24,84,0,0,0,0,0,14,0,72,Away Win
4289,2022-05-14,Wales Rugby,Romania Rugby,"National Stadium, Tokyo",Rugby Europe Championship,2,23,12,3,0,44,56,1,0,0,0,Sam Kolbe,Romania Rugby,Scrum-half,Romania,25,30,0,0,0,0,0,19,2,,Home Win
4290,2022-09-25,Fiji Rugby,Japan Brave Blossoms,"National Stadium, Tokyo",The Rugby Championship,2,18,51,0,7,59,41,0,0,0,0,Hugo Porter,Japan Brave Blossoms,Fly-half,South Africa,32,97,0,1,3,0,0,19,8,138,Away Win
4291,2021-09-14,Georgia Rugby,Uruguay Rugby,"Stadio Olimpico, Rome",The Rugby Championship,5,64,44,8,6,51,49,1,0,0,1,Sam Taylor,Georgia Rugby,Lock,Georgia,18,28,1,0,0,0,0,1,0,134,Home Win
4292,2021-09-08,Scotland Rugby,Spain Rugby,"Teufaiva Stadium, Tonga",Six Nations,1,22,29,3,3,55,45,0,1,1,0,Rory Barrett,Spain Rugby,Outside Centre,Argentina,32,63,1,0,0,0,0,18,3,1,Away Win
4293,2022-12-12,England Rugby,Samoa Rugby,"National Stadium, Tokyo",Six Nations,1,47,34,8,5,54,46,0,0,0,0,Benjamin Jones,England Rugby,Lock,South Africa,28,10,3,0,0,0,0,13,1,133,Home Win
4294,2016-06-25,Italy Rugby,Georgia Rugby,"Teufaiva Stadium, Tonga",World Rugby U20 Championship,5,37,35,5,5,45,55,1,0,0,0,Finn Caelan,Georgia Rugby,Number 8,Georgia,22,75,1,0,0,1,0,15,2,130,Home Win
4295,2023-10-09,Uruguay Rugby,England Rugby,"Eden Park, Auckland",The Rugby Championship,7,61,60,7,6,64,36,0,0,0,0,William Kolbe,Uruguay Rugby,Fullback,Argentina,22,99,1,0,2,0,0,12,7,95,Home Win
4296,2022-09-16,Australia Wallabies,Canada Rugby,"Aviva Stadium, Dublin",Rugby Europe Championship,8,24,18,3,2,42,58,0,0,0,0,Siya Brown,Australia Wallabies,Left Wing,Fiji,33,13,1,0,0,0,0,7,1,64,Home Win
4297,2015-01-04,Uruguay Rugby,Romania Rugby,"Stade de France, Paris",Six Nations,2,34,19,5,1,44,56,0,1,0,0,Mason Jones,Uruguay Rugby,Tighthead Prop,Argentina,23,76,1,0,0,1,0,20,5,148,Home Win
4298,2022-12-17,Australia Wallabies,South Africa Springboks,"Mikheil Meskhi Stadium, Tbilisi",Rugby World Cup,3,38,31,6,4,36,64,0,0,0,0,Henry Furlong,Australia Wallabies,Fly-half,Australia,,,3,5,1,0,0,11,8,19,Home Win
4299,2017-01-06,Scotland Rugby,Wales Rugby,"Stade de France, Paris",,7,18,15,3,0,37,63,0,1,0,0,Conor Smith,Wales Rugby,Fly-half,New Zealand,31,66,0,3,0,0,0,0,5,12,Home Win
4300,2021-09-26,Ireland Rugby,New Zealand All Blacks,"Principality Stadium, Cardiff",Rugby World Cup,8,46,27,5,2,47,53,0,0,0,0,Justin Carbery,New Zealand All Blacks,Fullback,New Zealand,28,7,1,0,3,0,0,12,4,74,Home Win
4301,2023-05-09,Canada Rugby,Wales Rugby,"Apia Park, Samoa",Autumn Internationals,4,59,56,7,6,62,38,1,1,0,0,Beauden Watson,Canada Rugby,Number 8,New Zealand,23,48,1,0,0,0,0,9,7,13,Home Win
4302,2019-08-14,Romania Rugby,Tonga Rugby,"Stadio Olimpico, Rome",Pacific Nations Cup,4,36,30,6,2,59,41,0,0,0,0,Cian Itoje,Tonga Rugby,Scrum-half,New Zealand,27,76,1,0,0,0,1,0,2,95,Home Win
4303,2015-08-13,Japan Brave Blossoms,Australia Wallabies,"Eden Park, Auckland",The Rugby Championship,8,61,26,8,3,43,57,0,1,0,0,Henry Watson,Australia Wallabies,Tighthead Prop,Australia,22,87,2,0,0,0,0,11,8,168,Home Win
4304,2020-03-22,Australia Wallabies,Samoa Rugby,"National Stadium, Tokyo",Rugby World Cup,7,15,55,0,6,39,61,0,2,0,0,Oliver van der Merwe,Samoa Rugby,Fly-half,Samoa,,48,2,0,2,0,0,3,8,,Away Win
4305,2021-10-12,Ireland Rugby,Wales Rugby,"Murrayfield, Edinburgh",The Rugby Championship,7,35,59,5,7,45,55,0,0,0,0,Josh Russell,Ireland Rugby,Lock,South Africa,31,62,3,0,0,0,0,10,8,117,Away Win
4306,2023-04-13,Spain Rugby,New Zealand All Blacks,"Twickenham, London",Rugby Europe Championship,8,45,30,5,4,42,58,0,1,0,0,Cian Carbery,New Zealand All Blacks,Fullback,New Zealand,29,117,3,0,1,0,0,8,6,150,Home Win
4307,2018-02-12,South Africa Springboks,Uruguay Rugby,"Eden Park, Auckland",Autumn Internationals,2,40,26,8,2,53,47,0,1,0,0,Hugo Barrett,South Africa Springboks,Outside Centre,South Africa,28,89,3,0,0,0,1,5,,136,Home Win
4308,2020-12-21,Romania Rugby,South Africa Springboks,"Eden Park, Auckland",The Rugby Championship,4,43,47,6,6,50,50,0,0,0,0,Finn Caelan,Romania Rugby,Blindside Flanker,Romania,34,59,1,0,0,0,0,2,8,15,Away Win
4309,2015-11-04,Italy Rugby,Wales Rugby,"Teufaiva Stadium, Tonga",Pacific Nations Cup,7,36,17,4,2,60,40,1,0,0,0,Owen Dupont,Wales Rugby,Lock,Wales,26,6,3,0,0,0,0,7,4,95,Home Win
4310,2018-04-24,USA Eagles,Samoa Rugby,"Aviva Stadium, Dublin",The Rugby Championship,2,24,31,2,5,38,62,0,0,0,0,James Johnson,Samoa Rugby,Inside Centre,New Zealand,22,97,2,0,0,0,0,1,6,86,Away Win
4311,2016-09-03,Spain Rugby,Japan Brave Blossoms,"Aviva Stadium, Dublin",World Rugby U20 Championship,6,22,40,2,7,57,43,0,0,1,0,Tadhg Taylor,Japan Brave Blossoms,Hooker,Australia,28,11,3,0,0,0,0,3,6,44,Away Win
4312,2017-05-01,Wales Rugby,France XV,"Ellis Park, Johannesburg",Rugby World Cup,2,46,19,7,1,39,61,1,0,0,0,Siya van der Merwe,France XV,Fly-half,Senegal,35,65,3,2,1,0,0,19,3,105,Home Win
4313,2019-01-04,Romania Rugby,France XV,"Mikheil Meskhi Stadium, Tbilisi",Six Nations,8,57,26,8,4,63,37,0,0,0,1,Rory Williams,France XV,Right Wing,Senegal,22,28,2,0,0,0,0,,3,97,Home Win
4314,2024-08-13,Tonga Rugby,Argentina Pumas,"Mikheil Meskhi Stadium, Tbilisi",The Rugby Championship,8,46,33,7,3,62,38,0,0,0,0,Sam Caelan,Tonga Rugby,Scrum-half,Tonga,25,66,3,0,0,0,0,19,1,139,Home Win
4315,2022-02-11,Tonga Rugby,USA Eagles,"Apia Park, Samoa",Rugby World Cup,1,10,17,2,1,41,59,0,0,0,0,Owen Brown,Tonga Rugby,Right Wing,New Zealand,28,33,1,0,0,1,0,9,7,13,Away Win
4316,2015-08-08,France XV,England Rugby,"Murrayfield, Edinburgh",World Rugby U20 Championship,7,28,22,4,1,54,46,0,0,0,0,Justin Watson,England Rugby,Right Wing,England,26,76,2,0,0,0,0,4,3,145,Home Win
4317,2017-10-24,Australia Wallabies,Japan Brave Blossoms,"National Stadium, Tokyo",Pacific Nations Cup,2,10,35,1,4,61,39,2,0,0,0,Beauden Carbery,Australia Wallabies,Tighthead Prop,Australia,23,120,2,0,0,0,0,8,4,178,Away Win
4318,2024-06-11,USA Eagles,Romania Rugby,"Stade de France, Paris",World Rugby U20 Championship,4,23,25,3,4,40,60,0,1,0,0,Faf Furlong,USA Eagles,Tighthead Prop,USA,31,39,0,0,0,0,0,18,4,123,Away Win
4319,2023-12-16,Samoa Rugby,USA Eagles,"Teufaiva Stadium, Tonga",The Rugby Championship,3,60,12,8,0,59,41,0,0,0,0,Owen Taylor,Samoa Rugby,Hooker,Samoa,36,27,3,0,0,0,0,1,3,31,Home Win
4320,2023-01-24,Samoa Rugby,England Rugby,"Mikheil Meskhi Stadium, Tbilisi",The Rugby Championship,5,66,49,8,7,59,41,2,0,0,0,Hamish Furlong,Samoa Rugby,Hooker,New Zealand,27,85,1,0,0,0,0,17,8,,Home Win
4321,2017-04-10,Tonga Rugby,Argentina Pumas,"ANZ National Stadium, Suva",Pacific Nations Cup,3,28,36,3,3,48,52,0,0,0,1,Hamish Lowe,Tonga Rugby,Openside Flanker,New Zealand,23,50,3,0,0,0,0,8,1,58,Away Win
4322,2017-05-02,Scotland Rugby,USA Eagles,"ANZ National Stadium, Suva",Rugby Europe Championship,7,51,46,5,5,50,50,0,0,0,0,Sam Itoje,Scotland Rugby,Lock,Australia,20,23,0,0,0,0,0,7,7,,Home Win
4323,2021-01-10,Tonga Rugby,Scotland Rugby,"Ellis Park, Johannesburg",Rugby Europe Championship,5,38,28,4,2,44,56,0,0,0,0,Romain Henshaw,Scotland Rugby,Left Wing,Scotland,28,28,1,0,0,0,0,17,8,82,Home Win
4324,2021-05-21,Romania Rugby,Italy Rugby,"Ellis Park, Johannesburg",The Rugby Championship,7,49,20,7,4,59,41,0,0,1,0,Rory Ntamack,Romania Rugby,Left Wing,France,31,33,0,0,0,0,0,7,7,32,Home Win
4325,2019-02-23,Uruguay Rugby,England Rugby,"Apia Park, Samoa",World Rugby U20 Championship,8,12,52,0,7,39,61,0,0,0,0,Richie Jones,England Rugby,Openside Flanker,England,28,9,0,0,0,0,0,17,2,17,Away Win
4326,2024-08-01,Uruguay Rugby,Wales Rugby,"Teufaiva Stadium, Tonga",Autumn Internationals,4,44,40,5,6,48,52,0,2,1,0,Romain Itoje,Wales Rugby,Fullback,Wales,26,82,0,0,2,0,0,19,1,93,Home Win
4327,2022-10-05,Georgia Rugby,Uruguay Rugby,"National Stadium, Tokyo",Pacific Nations Cup,7,14,17,1,3,36,64,1,1,0,0,Ethan de Klerk,Uruguay Rugby,Tighthead Prop,Argentina,,,2,0,0,0,0,18,8,123,Away Win
4328,2019-02-05,Fiji Rugby,Georgia Rugby,"Mikheil Meskhi Stadium, Tbilisi",Six Nations,2,41,30,6,5,36,64,0,0,0,0,Josh Watson,Fiji Rugby,Number 8,Fiji,22,5,1,0,0,0,0,7,3,59,Home Win
4329,2019-01-08,Japan Brave Blossoms,Spain Rugby,"Twickenham, London",World Rugby U20 Championship,5,49,15,8,0,40,60,0,0,0,0,Callum Johnson,Spain Rugby,Outside Centre,Spain,30,89,0,0,0,0,0,0,6,87,Home Win
4330,2020-05-17,Georgia Rugby,France XV,"Aviva Stadium, Dublin",Rugby World Cup,2,20,3,3,0,54,46,0,0,0,0,Henry Dupont,Georgia Rugby,Blindside Flanker,Georgia,30,14,1,0,0,1,0,18,1,125,Home Win
4331,2015-01-20,Wales Rugby,France XV,"Stadium Australia, Sydney",The Rugby Championship,1,27,22,3,4,54,46,0,0,0,0,Lucas Russell,Wales Rugby,Hooker,New Zealand,20,,1,0,0,0,0,3,6,160,Home Win
4332,2022-12-10,Georgia Rugby,Australia Wallabies,"Stade de France, Paris",The Rugby Championship,2,20,24,1,3,39,61,0,0,0,0,Justin Brown,Australia Wallabies,Number 8,Australia,33,83,1,0,0,0,0,20,0,73,Away Win
4333,2024-01-23,New Zealand All Blacks,Romania Rugby,"Apia Park, Samoa",Autumn Internationals,7,9,57,0,6,35,65,0,1,0,0,James Itoje,Romania Rugby,Fly-half,Romania,29,114,0,1,4,0,0,1,1,149,Away Win
4334,2022-12-18,Italy Rugby,Wales Rugby,"National Stadium, Tokyo",The Rugby Championship,3,43,21,5,2,40,60,1,1,0,0,Romain Johnson,Wales Rugby,Outside Centre,Wales,32,37,3,0,0,0,0,0,4,30,Home Win
4335,2016-10-15,Samoa Rugby,Tonga Rugby,"Principality Stadium, Cardiff",Pacific Nations Cup,8,21,45,3,5,51,49,1,0,0,0,Taulupe Watson,Tonga Rugby,Number 8,New Zealand,21,11,0,0,0,0,0,14,8,85,Away Win
4336,2024-12-26,South Africa Springboks,Romania Rugby,"ANZ National Stadium, Suva",Autumn Internationals,7,12,7,0,1,65,35,0,0,0,0,Hugo de Klerk,Romania Rugby,Openside Flanker,France,21,41,2,0,0,0,0,17,6,116,Home Win
4337,2024-08-27,Australia Wallabies,South Africa Springboks,"Estadio Jose Amalfitani, Buenos Aires",,5,12,27,0,4,45,55,1,0,0,0,Benjamin Watson,South Africa Springboks,Openside Flanker,South Africa,26,31,3,0,0,0,0,14,3,89,Away Win
4338,2017-05-04,Japan Brave Blossoms,France XV,"Twickenham, London",World Rugby U20 Championship,1,37,62,4,8,59,41,0,0,0,0,Cian Smith,Japan Brave Blossoms,Outside Centre,New Zealand,29,64,2,0,0,0,0,16,2,34,Away Win
4339,2017-02-09,Italy Rugby,Ireland Rugby,"National Stadium, Tokyo",Rugby Europe Championship,5,3,34,0,6,35,65,0,0,0,0,Sean Johnson,Italy Rugby,Fullback,Italy,34,106,0,0,2,0,0,20,5,87,Away Win
4340,2020-01-07,Wales Rugby,Ireland Rugby,"Twickenham, London",The Rugby Championship,1,61,10,7,2,59,41,0,0,0,0,Callum Lowe,Ireland Rugby,Scrum-half,South Africa,29,99,1,0,0,0,0,1,2,84,Home Win
4341,2023-02-16,Fiji Rugby,Samoa Rugby,"Aviva Stadium, Dublin",World Rugby U20 Championship,3,26,38,4,4,47,53,0,0,0,0,Antoine Carbery,Fiji Rugby,Tighthead Prop,Fiji,26,34,0,0,0,0,0,1,1,78,Away Win
4342,2015-06-16,Scotland Rugby,Spain Rugby,"Aviva Stadium, Dublin",World Rugby U20 Championship,5,30,17,5,2,48,52,0,0,0,0,Liam Kolbe,Scotland Rugby,Loosehead Prop,New Zealand,22,45,0,0,0,0,0,12,1,25,Home Win
4343,2021-05-15,Italy Rugby,Canada Rugby,"Twickenham, London",Rugby World Cup,2,42,17,7,2,37,63,0,0,0,0,Justin Brown,Italy Rugby,Tighthead Prop,Italy,31,67,1,0,0,0,0,8,4,80,Home Win
4344,2021-05-20,Australia Wallabies,Ireland Rugby,"Murrayfield, Edinburgh",Rugby Europe Championship,2,3,43,0,7,49,51,0,1,0,0,Sam Ntamack,Australia Wallabies,Hooker,Australia,23,104,0,0,0,0,0,13,2,27,Away Win
4345,2020-12-18,Wales Rugby,Georgia Rugby,"Estadio Jose Amalfitani, Buenos Aires",Rugby Europe Championship,7,30,14,6,2,38,62,0,0,0,0,Alun Curry,Georgia Rugby,Inside Centre,Georgia,33,1,1,0,0,0,0,4,8,37,Home Win
4346,2021-01-17,England Rugby,Tonga Rugby,"Murrayfield, Edinburgh",Six Nations,6,51,31,7,5,60,40,1,0,0,0,Richie Taylor,Tonga Rugby,Number 8,Tonga,25,68,2,0,0,0,0,16,5,166,Home Win
4347,2022-08-19,Romania Rugby,Ireland Rugby,"National Stadium, Tokyo",The Rugby Championship,5,28,12,2,0,43,57,0,0,0,0,Liam Henshaw,Ireland Rugby,Fly-half,New Zealand,33,102,3,2,1,0,0,5,4,,Home Win
4348,2020-03-09,Uruguay Rugby,Scotland Rugby,"Stadio Olimpico, Rome",Rugby World Cup,4,16,40,1,5,43,57,0,0,0,0,Alun Kolbe,Scotland Rugby,Tighthead Prop,Scotland,29,66,3,0,0,0,0,4,0,45,Away Win
4349,2019-05-01,Georgia Rugby,Ireland Rugby,"Ellis Park, Johannesburg",The Rugby Championship,8,25,16,2,2,62,38,0,0,0,0,Faf Jones,Georgia Rugby,Outside Centre,Georgia,26,96,2,0,0,0,0,17,1,62,Home Win
4350,2020-08-21,Scotland Rugby,Romania Rugby,,Pacific Nations Cup,5,13,0,2,0,46,54,0,1,0,0,Pieter Kolbe,Scotland Rugby,Left Wing,New Zealand,24,69,0,0,0,0,0,11,2,139,Home Win
4351,2016-07-25,Japan Brave Blossoms,Uruguay Rugby,"Aviva Stadium, Dublin",Autumn Internationals,1,18,39,3,4,44,56,0,0,0,0,Charles Brown,Japan Brave Blossoms,Fly-half,Australia,25,51,3,3,2,0,0,,5,139,Away Win
4352,2022-01-06,Wales Rugby,Samoa Rugby,"Twickenham, London",Autumn Internationals,8,54,17,8,2,44,56,0,0,0,0,Romain Lowe,Samoa Rugby,Blindside Flanker,Samoa,28,112,3,0,0,1,0,,0,24,Home Win
4353,2018-10-18,Italy Rugby,Uruguay Rugby,"Stadium Australia, Sydney",Six Nations,7,0,61,0,8,36,64,0,0,0,0,Liam Porter,Uruguay Rugby,Openside Flanker,Argentina,27,14,2,0,0,0,0,8,2,29,Away Win
4354,2017-07-03,Ireland Rugby,Wales Rugby,"Stadium Australia, Sydney",World Rugby U20 Championship,8,45,52,6,6,53,47,1,0,0,0,Noah Caelan,Ireland Rugby,Outside Centre,New Zealand,24,86,2,0,0,0,0,6,2,62,Away Win
4355,2016-10-22,Fiji Rugby,Wales Rugby,"Twickenham, London",Rugby Europe Championship,2,15,41,0,6,45,55,0,0,0,0,Sam Hogg,Wales Rugby,Loosehead Prop,New Zealand,26,47,1,0,0,0,0,7,0,6,Away Win
4356,2019-10-16,Italy Rugby,Uruguay Rugby,"Mikheil Meskhi Stadium, Tbilisi",Autumn Internationals,1,24,41,3,4,49,51,0,0,0,0,Henry van der Merwe,Uruguay Rugby,Inside Centre,Uruguay,27,57,1,0,0,0,0,5,8,88,Away Win
4357,2016-07-23,France XV,Fiji Rugby,"Apia Park, Samoa",World Rugby U20 Championship,7,45,50,7,7,59,41,0,1,0,0,Siya Curry,Fiji Rugby,Fullback,Fiji,18,13,0,0,3,0,0,13,3,3,Away Win
4358,2023-10-01,Fiji Rugby,Argentina Pumas,"ANZ National Stadium, Suva",World Rugby U20 Championship,2,31,33,5,5,41,59,0,0,0,1,Faf Porter,Argentina Pumas,Scrum-half,Argentina,28,99,3,0,0,1,0,0,4,15,Away Win
4359,2017-07-16,Ireland Rugby,Samoa Rugby,,Six Nations,5,0,43,0,8,60,40,0,1,1,0,Benjamin Watson,Ireland Rugby,Fly-half,Ireland,23,75,3,0,4,0,0,13,1,70,Away Win
4360,2016-09-15,Australia Wallabies,Canada Rugby,"Mikheil Meskhi Stadium, Tbilisi",The Rugby Championship,2,46,23,7,3,42,58,0,1,0,0,James Furlong,Australia Wallabies,Lock,Fiji,22,8,2,0,0,0,0,3,0,17,Home Win
4361,2024-04-07,South Africa Springboks,Scotland Rugby,"Mikheil Meskhi Stadium, Tbilisi",The Rugby Championship,4,37,20,4,1,50,50,0,1,0,0,Kieran Carbery,South Africa Springboks,Inside Centre,South Africa,20,70,3,0,0,0,0,0,5,32,Home Win
4362,2023-02-07,Scotland Rugby,Japan Brave Blossoms,"Apia Park, Samoa",The Rugby Championship,1,39,54,4,8,46,54,1,0,0,0,Owen Furlong,Japan Brave Blossoms,Openside Flanker,Japan,19,94,0,0,0,0,0,12,2,16,Away Win
4363,2015-05-19,England Rugby,Fiji Rugby,"Teufaiva Stadium, Tonga",World Rugby U20 Championship,3,66,46,8,6,65,35,0,0,0,0,William Johnson,Fiji Rugby,Hooker,Fiji,21,70,1,0,0,0,0,20,6,65,Home Win
4364,2020-05-12,South Africa Springboks,Fiji Rugby,"Teufaiva Stadium, Tonga",Pacific Nations Cup,3,18,62,0,8,47,53,0,0,0,0,Henry Smith,Fiji Rugby,Number 8,Fiji,24,51,3,0,0,0,0,13,8,14,Away Win
4365,2021-10-25,Romania Rugby,Samoa Rugby,,Rugby World Cup,7,34,24,5,2,41,59,0,0,0,0,Malcolm Doris,Romania Rugby,Inside Centre,France,,86,3,0,0,1,0,12,1,2,Home Win
4366,2022-06-10,Uruguay Rugby,Fiji Rugby,"ANZ National Stadium, Suva",Pacific Nations Cup,4,12,31,0,4,65,35,1,1,0,0,Mason Dupont,Uruguay Rugby,Right Wing,Argentina,24,51,1,0,0,0,0,19,3,73,Away Win
4367,2017-08-13,Canada Rugby,USA Eagles,"Apia Park, Samoa",World Rugby U20 Championship,2,21,22,3,1,53,47,0,1,0,0,Antoine Jones,Canada Rugby,Loosehead Prop,Canada,27,43,0,0,0,0,0,13,4,52,Away Win
4368,2024-12-10,Samoa Rugby,South Africa Springboks,"Stadio Olimpico, Rome",World Rugby U20 Championship,1,34,59,4,8,54,46,0,1,0,0,James Barrett,Samoa Rugby,Lock,Samoa,28,51,0,0,0,0,0,19,2,89,Away Win
4369,2023-03-07,Ireland Rugby,Japan Brave Blossoms,"Mikheil Meskhi Stadium, Tbilisi",Pacific Nations Cup,3,29,35,4,3,60,40,1,0,0,0,Cian Lowe,Ireland Rugby,Fly-half,South Africa,27,118,1,2,4,0,0,10,8,,Away Win
4370,2024-12-28,USA Eagles,New Zealand All Blacks,"Murrayfield, Edinburgh",Rugby Europe Championship,2,30,22,3,1,53,47,0,0,0,0,William Caelan,USA Eagles,Lock,New Zealand,26,53,0,0,0,0,0,12,8,113,Home Win
4371,2015-11-10,Australia Wallabies,Italy Rugby,"Aviva Stadium, Dublin",Six Nations,3,39,46,5,6,64,36,0,1,0,0,Taulupe Smith,Italy Rugby,Loosehead Prop,Argentina,22,13,2,0,0,0,0,14,6,42,Away Win
4372,2016-10-17,USA Eagles,South Africa Springboks,"Stadium Australia, Sydney",Pacific Nations Cup,5,43,6,4,0,53,47,0,0,0,0,Malcolm Henshaw,South Africa Springboks,Fullback,South Africa,32,28,3,0,1,0,0,5,7,58,Home Win
4373,2017-01-18,Scotland Rugby,New Zealand All Blacks,"Eden Park, Auckland",The Rugby Championship,7,47,6,8,0,50,50,2,0,0,0,Taulupe Itoje,Scotland Rugby,Loosehead Prop,Scotland,34,37,0,0,0,0,0,2,8,135,Home Win
4374,2017-12-11,Argentina Pumas,Japan Brave Blossoms,"Apia Park, Samoa",The Rugby Championship,1,49,18,6,0,50,50,0,0,0,0,Benjamin Russell,Argentina Pumas,Inside Centre,Argentina,20,21,0,0,0,0,0,11,0,103,Home Win
4375,2022-04-10,Tonga Rugby,Georgia Rugby,"Stadio Olimpico, Rome",Pacific Nations Cup,1,9,12,0,0,44,56,0,0,0,1,Charles Watson,Georgia Rugby,Scrum-half,Georgia,22,16,3,0,0,0,0,19,7,108,Away Win
4376,2021-04-07,Georgia Rugby,Scotland Rugby,"Stade de France, Paris",Six Nations,5,17,40,1,8,44,56,0,1,0,0,Benjamin Watson,Scotland Rugby,Outside Centre,Scotland,25,39,0,0,0,0,0,10,4,,Away Win
4377,2017-09-13,Italy Rugby,Samoa Rugby,"Stadium Australia, Sydney",Rugby World Cup,6,48,34,8,4,37,63,2,1,0,0,Benjamin van der Merwe,Italy Rugby,Lock,Italy,23,,1,0,0,0,0,14,1,63,Home Win
4378,2017-01-05,New Zealand All Blacks,Ireland Rugby,"Estadio Jose Amalfitani, Buenos Aires",Rugby Europe Championship,3,40,15,5,0,35,65,0,0,1,0,Owen Doris,Ireland Rugby,Lock,Ireland,29,97,1,0,0,0,0,7,5,21,Home Win
4379,2020-06-14,Japan Brave Blossoms,South Africa Springboks,"Estadio Jose Amalfitani, Buenos Aires",The Rugby Championship,3,44,28,6,2,46,54,0,0,0,0,Alun Johnson,South Africa Springboks,Right Wing,South Africa,24,32,1,0,0,0,0,2,8,171,Home Win
4380,2018-10-09,Ireland Rugby,Samoa Rugby,"Stadio Olimpico, Rome",World Rugby U20 Championship,7,67,40,8,5,64,36,1,2,0,0,Grégoire van der Merwe,Ireland Rugby,Number 8,South Africa,35,22,1,0,0,0,0,16,4,7,Home Win
4381,2017-06-17,South Africa Springboks,Uruguay Rugby,"Stadio Olimpico, Rome",Pacific Nations Cup,8,50,27,7,4,53,47,0,1,0,1,Benjamin Williams,South Africa Springboks,Scrum-half,South Africa,31,13,1,0,0,1,0,3,8,70,Home Win
4382,2024-03-25,USA Eagles,Tonga Rugby,"Estadio Jose Amalfitani, Buenos Aires",Autumn Internationals,7,13,34,1,4,36,64,1,1,0,0,Ethan de Klerk,USA Eagles,Fullback,New Zealand,27,90,3,0,0,0,0,,2,103,Away Win
4383,2018-08-09,Georgia Rugby,Ireland Rugby,"Murrayfield, Edinburgh",World Rugby U20 Championship,5,30,19,3,2,35,65,1,2,0,0,Liam Furlong,Georgia Rugby,Hooker,Georgia,31,26,3,0,0,0,0,17,8,48,Home Win
4384,2022-02-07,Georgia Rugby,Romania Rugby,"Teufaiva Stadium, Tonga",World Rugby U20 Championship,6,0,36,0,5,36,64,0,0,0,0,Hamish Doris,Romania Rugby,Lock,France,31,90,0,0,0,0,0,1,5,36,Away Win
4385,2016-01-04,Tonga Rugby,USA Eagles,"National Stadium, Tokyo",Rugby Europe Championship,6,23,34,1,4,51,49,2,1,0,0,Grégoire Dupont,Tonga Rugby,Inside Centre,Tonga,24,47,3,0,0,0,0,18,3,112,Away Win
4386,2024-11-18,Canada Rugby,Georgia Rugby,"Murrayfield, Edinburgh",World Rugby U20 Championship,5,25,31,3,3,57,43,0,1,0,0,Sam Faletau,Georgia Rugby,Blindside Flanker,Georgia,23,,0,0,0,0,0,13,8,9,Away Win
4387,2018-09-07,Romania Rugby,Scotland Rugby,"Ellis Park, Johannesburg",World Rugby U20 Championship,4,40,57,4,8,47,53,0,1,0,0,Liam Barrett,Romania Rugby,Number 8,France,27,98,2,0,0,0,0,15,3,135,Away Win
4388,2017-08-09,Japan Brave Blossoms,Ireland Rugby,"Ellis Park, Johannesburg",Rugby Europe Championship,8,30,26,6,2,57,43,1,2,0,0,Ethan Johnson,Ireland Rugby,Tighthead Prop,New Zealand,30,37,1,0,0,0,0,20,3,78,Home Win
4389,2016-04-28,South Africa Springboks,Fiji Rugby,"Teufaiva Stadium, Tonga",Rugby Europe Championship,8,50,27,7,5,63,37,2,0,0,1,Oliver Caelan,South Africa Springboks,Lock,South Africa,27,102,3,0,0,0,0,9,0,36,Home Win
4390,2015-05-04,Scotland Rugby,Australia Wallabies,"Aviva Stadium, Dublin",The Rugby Championship,2,12,27,0,2,56,44,0,0,0,0,Malcolm Lowe,Australia Wallabies,Openside Flanker,Australia,20,56,1,0,0,0,0,0,6,152,Away Win
4391,2022-12-20,Italy Rugby,Ireland Rugby,"Twickenham, London",Six Nations,2,18,3,3,0,50,50,0,1,0,0,Kieran Jones,Italy Rugby,Openside Flanker,Italy,23,115,1,0,0,0,0,11,2,129,Home Win
4392,2019-05-22,Fiji Rugby,Samoa Rugby,"Teufaiva Stadium, Tonga",Pacific Nations Cup,2,34,19,4,1,42,58,0,0,0,0,Siya Kolbe,Fiji Rugby,Fullback,Fiji,26,8,1,0,1,0,0,13,0,139,Home Win
4393,2018-10-02,Fiji Rugby,Romania Rugby,"Aviva Stadium, Dublin",The Rugby Championship,3,44,56,7,8,59,41,0,0,0,1,Conor Williams,Romania Rugby,Right Wing,France,26,10,0,0,0,0,0,12,5,43,Away Win
4394,2019-01-28,Italy Rugby,Uruguay Rugby,"Ellis Park, Johannesburg",Six Nations,5,27,47,2,8,38,62,0,0,0,0,Charles Lowe,Uruguay Rugby,Fly-half,Argentina,34,88,0,0,1,0,0,18,3,44,Away Win
4395,2022-04-24,Spain Rugby,Georgia Rugby,"Aviva Stadium, Dublin",Autumn Internationals,5,21,43,2,8,48,52,0,0,0,0,Cheslin Barrett,Spain Rugby,Tighthead Prop,Spain,21,,3,0,0,0,0,14,7,103,Away Win
4396,2019-10-06,Wales Rugby,Scotland Rugby,"National Stadium, Tokyo",Rugby World Cup,4,54,34,8,4,39,61,0,0,0,0,Cheslin Itoje,Scotland Rugby,Number 8,Australia,29,6,0,0,0,0,0,20,,16,Home Win
4397,2024-03-23,USA Eagles,Canada Rugby,"Eden Park, Auckland",Autumn Internationals,2,16,27,2,5,49,51,0,0,0,0,Romain Ntamack,Canada Rugby,Openside Flanker,New Zealand,32,28,3,0,0,0,0,15,2,,Away Win
4398,2015-04-26,South Africa Springboks,USA Eagles,"Apia Park, Samoa",Pacific Nations Cup,4,15,47,0,6,49,51,0,0,0,0,Benjamin Henshaw,USA Eagles,Hooker,New Zealand,36,112,0,0,0,1,0,5,0,142,Away Win
4399,2018-01-07,Samoa Rugby,South Africa Springboks,"ANZ National Stadium, Suva",World Rugby U20 Championship,4,57,27,7,2,62,38,1,0,0,0,Liam Brown,Samoa Rugby,Left Wing,Samoa,25,84,0,0,0,0,0,1,7,147,Home Win
4400,2018-02-14,Ireland Rugby,Japan Brave Blossoms,"Stade de France, Paris",The Rugby Championship,1,60,19,8,1,62,38,0,0,0,0,Benjamin de Klerk,Japan Brave Blossoms,Number 8,New Zealand,28,35,2,0,0,0,0,0,4,,Home Win
4401,2018-07-04,Ireland Rugby,Australia Wallabies,"Principality Stadium, Cardiff",Rugby Europe Championship,4,48,22,6,4,46,54,0,0,0,0,Siya van der Merwe,Ireland Rugby,Tighthead Prop,Ireland,29,109,0,0,0,0,0,5,7,75,Home Win
4402,2016-10-17,Japan Brave Blossoms,Tonga Rugby,"Aviva Stadium, Dublin",The Rugby Championship,3,47,53,5,8,65,35,0,0,0,0,Siya Caelan,Tonga Rugby,Left Wing,Tonga,27,75,1,0,0,0,0,8,6,101,Away Win
4403,2023-08-28,Ireland Rugby,England Rugby,"ANZ National Stadium, Suva",Six Nations,8,49,18,6,3,42,58,0,0,0,0,Grégoire Ntamack,Ireland Rugby,Blindside Flanker,Ireland,26,27,1,0,0,0,0,7,2,22,Home Win
4404,2023-05-06,Tonga Rugby,USA Eagles,"Principality Stadium, Cardiff",Rugby World Cup,1,48,28,6,2,42,58,0,1,0,0,Antoine Ntamack,Tonga Rugby,Fullback,Tonga,28,109,1,0,3,0,0,5,6,139,Home Win
4405,2017-09-02,Scotland Rugby,England Rugby,"Murrayfield, Edinburgh",Six Nations,8,5,37,1,6,54,46,1,0,0,0,Tadhg Ntamack,England Rugby,Left Wing,New Zealand,18,81,2,0,0,0,0,11,,175,Away Win
4406,2021-09-21,Argentina Pumas,New Zealand All Blacks,"Twickenham, London",Pacific Nations Cup,7,38,9,7,0,57,43,2,1,0,0,Stuart Furlong,Argentina Pumas,Inside Centre,Argentina,29,56,2,0,0,1,0,16,7,74,Home Win
4407,2023-02-04,Romania Rugby,Georgia Rugby,"Estadio Jose Amalfitani, Buenos Aires",Autumn Internationals,6,9,61,0,8,60,40,1,0,0,0,Tadhg van der Merwe,Romania Rugby,Blindside Flanker,Romania,27,120,1,0,0,0,0,10,3,55,Away Win
4408,2023-06-05,England Rugby,Argentina Pumas,"Stadium Australia, Sydney",The Rugby Championship,2,23,51,1,6,48,52,0,0,0,0,Taulupe Itoje,England Rugby,Hooker,South Africa,26,93,2,0,0,0,0,19,2,0,Away Win
4409,2018-09-11,Tonga Rugby,Romania Rugby,"Apia Park, Samoa",Pacific Nations Cup,1,36,18,5,0,59,41,1,0,0,0,Henry Watson,Tonga Rugby,Hooker,New Zealand,35,26,2,0,0,0,0,15,5,75,Home Win
4410,2021-06-04,Japan Brave Blossoms,Wales Rugby,"Ellis Park, Johannesburg",World Rugby U20 Championship,3,21,46,3,8,57,43,0,0,0,0,Jamie Doris,Wales Rugby,Left Wing,New Zealand,24,111,0,0,0,0,0,7,8,,Away Win
4411,2016-12-18,England Rugby,Japan Brave Blossoms,"National Stadium, Tokyo",Autumn Internationals,6,15,21,2,3,55,45,0,0,0,0,Tadhg Smith,Japan Brave Blossoms,Number 8,New Zealand,25,43,3,0,0,0,0,7,1,48,Away Win
4412,2016-05-19,Canada Rugby,Tonga Rugby,"Twickenham, London",Pacific Nations Cup,2,51,45,7,5,48,52,0,0,0,1,Finn Watson,Tonga Rugby,Outside Centre,Tonga,34,71,3,0,0,0,0,15,3,107,Home Win
4413,2018-04-26,Italy Rugby,South Africa Springboks,"Ellis Park, Johannesburg",Rugby Europe Championship,5,3,29,0,4,55,45,1,0,0,0,Justin Itoje,South Africa Springboks,Openside Flanker,South Africa,23,85,1,0,0,0,0,,7,84,Away Win
4414,2018-07-14,New Zealand All Blacks,Argentina Pumas,"Principality Stadium, Cardiff",The Rugby Championship,4,63,31,8,4,55,45,0,0,0,1,Sean Jones,New Zealand All Blacks,Lock,New Zealand,24,16,3,0,0,0,0,14,0,44,Home Win
4415,2015-08-10,South Africa Springboks,Argentina Pumas,,Six Nations,8,14,26,2,2,55,45,0,0,0,0,Josh van der Merwe,Argentina Pumas,Lock,Argentina,26,79,1,0,0,0,0,10,0,172,Away Win
4416,2015-04-10,Spain Rugby,USA Eagles,"National Stadium, Tokyo",Pacific Nations Cup,6,15,9,2,0,43,57,2,0,0,0,Kieran Taylor,USA Eagles,Tighthead Prop,USA,30,34,1,0,0,0,0,9,5,143,Home Win
4417,2024-05-16,Fiji Rugby,Scotland Rugby,"Mikheil Meskhi Stadium, Tbilisi",Pacific Nations Cup,2,60,43,8,4,53,47,0,1,0,0,Romain Johnson,Fiji Rugby,Right Wing,Fiji,27,55,2,0,0,1,0,15,6,67,Home Win
4418,2015-10-23,Australia Wallabies,USA Eagles,"Aviva Stadium, Dublin",Pacific Nations Cup,6,30,37,4,5,38,62,0,0,0,0,Tadhg Smith,Australia Wallabies,Lock,Australia,21,82,2,0,0,0,0,17,3,30,Away Win
4419,2024-04-02,Canada Rugby,Japan Brave Blossoms,"Apia Park, Samoa",Pacific Nations Cup,5,20,19,2,1,41,59,0,1,0,0,Noah Henshaw,Canada Rugby,Left Wing,Canada,24,71,0,0,0,0,0,15,7,98,Home Win
4420,2017-10-05,Romania Rugby,Argentina Pumas,"Ellis Park, Johannesburg",Rugby Europe Championship,8,27,3,5,0,64,36,0,1,0,0,Siya Furlong,Romania Rugby,Lock,France,24,91,3,0,0,0,0,6,7,126,Home Win
4421,2022-06-23,Wales Rugby,USA Eagles,"Stadio Olimpico, Rome",World Rugby U20 Championship,6,35,27,4,3,59,41,0,1,0,0,Romain Furlong,USA Eagles,Hooker,South Africa,,,2,0,0,0,0,19,5,2,Home Win
4422,2018-03-18,Italy Rugby,New Zealand All Blacks,"Murrayfield, Edinburgh",Autumn Internationals,1,50,40,5,6,39,61,0,0,0,0,Jamie van der Merwe,Italy Rugby,Outside Centre,South Africa,28,101,2,0,0,0,0,17,1,101,Home Win
4423,2020-07-05,New Zealand All Blacks,Australia Wallabies,"Principality Stadium, Cardiff",Rugby Europe Championship,1,65,29,8,3,54,46,0,0,0,0,Tadhg Faletau,Australia Wallabies,Fullback,Fiji,,101,2,0,4,0,0,1,0,82,Home Win
4424,2022-08-11,Uruguay Rugby,USA Eagles,"Murrayfield, Edinburgh",Autumn Internationals,4,48,3,6,0,57,43,1,0,0,0,Cian Porter,USA Eagles,Blindside Flanker,USA,19,60,3,0,0,0,0,0,6,60,Home Win
4425,2016-03-14,Romania Rugby,Spain Rugby,"Ellis Park, Johannesburg",Rugby World Cup,3,39,37,5,4,60,40,0,1,0,0,Lucas Caelan,Romania Rugby,Blindside Flanker,France,31,109,3,0,0,1,0,8,1,78,Home Win
4426,2016-06-27,Ireland Rugby,Australia Wallabies,"Ellis Park, Johannesburg",Autumn Internationals,6,22,23,1,3,47,53,1,0,0,1,Noah Dupont,Australia Wallabies,Fly-half,Australia,28,88,0,5,3,0,0,17,4,128,Away Win
4427,2018-10-22,Tonga Rugby,France XV,"Teufaiva Stadium, Tonga",Rugby Europe Championship,2,16,34,1,5,35,65,0,1,0,0,Stuart Watson,France XV,Fly-half,France,32,6,3,3,1,0,0,12,6,148,Away Win
4428,2016-03-23,Ireland Rugby,Romania Rugby,"Teufaiva Stadium, Tonga",The Rugby Championship,5,30,3,4,0,56,44,0,0,0,0,Charles Russell,Romania Rugby,Fullback,France,28,32,2,0,1,0,0,12,4,67,Home Win
4429,2020-06-15,France XV,Uruguay Rugby,"ANZ National Stadium, Suva",World Rugby U20 Championship,5,27,5,2,1,59,41,0,0,0,0,Charles Porter,France XV,Left Wing,Senegal,31,27,0,0,0,0,0,6,2,78,Home Win
4430,2015-07-07,Italy Rugby,Wales Rugby,"Teufaiva Stadium, Tonga",Rugby World Cup,6,33,10,3,2,54,46,0,0,0,0,Hugo van der Merwe,Italy Rugby,Lock,South Africa,28,104,1,0,0,0,0,,6,52,Home Win
4431,2016-04-27,USA Eagles,Fiji Rugby,"Twickenham, London",,5,24,33,3,3,50,50,0,0,0,0,Callum Taylor,Fiji Rugby,Outside Centre,Fiji,32,94,1,0,0,0,0,15,8,125,Away Win
4432,2019-02-10,Argentina Pumas,Samoa Rugby,"Stade de France, Paris",Pacific Nations Cup,6,10,62,1,7,50,50,0,0,0,0,Benjamin Curry,Argentina Pumas,Blindside Flanker,Argentina,29,65,1,0,0,0,0,0,5,176,Away Win
4433,2023-05-21,Georgia Rugby,Samoa Rugby,"ANZ National Stadium, Suva",Rugby World Cup,7,8,62,1,8,64,36,0,0,0,0,Henry Dupont,Georgia Rugby,Hooker,Georgia,26,101,1,0,0,1,0,1,4,79,Away Win
4434,2024-01-25,Uruguay Rugby,Fiji Rugby,"Stade de France, Paris",World Rugby U20 Championship,5,26,47,4,6,40,60,1,0,0,0,Alun van der Merwe,Uruguay Rugby,Hooker,Uruguay,36,38,1,0,0,0,0,2,5,131,Away Win
4435,2024-12-18,Wales Rugby,England Rugby,"Eden Park, Auckland",Rugby Europe Championship,4,48,32,7,5,64,36,1,1,0,0,Henry Henshaw,Wales Rugby,Scrum-half,New Zealand,30,7,1,0,0,0,1,4,0,54,Home Win
4436,2024-06-12,Wales Rugby,Spain Rugby,"Twickenham, London",World Rugby U20 Championship,7,29,24,5,2,49,51,0,0,0,0,Taulupe Furlong,Wales Rugby,Number 8,New Zealand,29,27,0,0,0,0,0,4,2,44,Home Win
4437,2023-04-18,Romania Rugby,Georgia Rugby,"Stadium Australia, Sydney",The Rugby Championship,6,9,64,0,8,47,53,0,0,0,0,Sam van der Merwe,Romania Rugby,Lock,Romania,21,,1,0,0,0,0,16,0,47,Away Win
4438,2020-04-22,South Africa Springboks,New Zealand All Blacks,"Stadium Australia, Sydney",Rugby World Cup,5,56,34,8,4,37,63,0,0,0,0,Owen Doris,South Africa Springboks,Fly-half,South Africa,21,8,3,4,1,0,0,13,4,105,Home Win
4439,2015-03-21,Georgia Rugby,Argentina Pumas,"Twickenham, London",The Rugby Championship,7,31,17,5,2,61,39,0,0,0,0,Pieter de Klerk,Argentina Pumas,Fly-half,Argentina,28,65,1,4,2,0,0,0,2,90,Home Win
4440,2016-06-05,Ireland Rugby,Uruguay Rugby,"Stade de France, Paris",World Rugby U20 Championship,4,47,17,6,1,62,38,2,0,0,0,Callum de Klerk,Ireland Rugby,Lock,Ireland,27,32,2,0,0,0,0,18,6,19,Home Win
4441,2019-09-05,Japan Brave Blossoms,New Zealand All Blacks,"Twickenham, London",Rugby Europe Championship,7,19,43,1,5,57,43,0,0,0,0,Alun Kolbe,New Zealand All Blacks,Tighthead Prop,New Zealand,24,15,2,0,0,0,0,4,1,109,Away Win
4442,2016-08-23,Argentina Pumas,Scotland Rugby,"Eden Park, Auckland",Six Nations,5,37,40,6,6,40,60,0,0,0,0,Hugo Brown,Scotland Rugby,Inside Centre,Scotland,27,88,1,0,0,0,0,19,1,177,Away Win
4443,2019-07-21,USA Eagles,Fiji Rugby,"Estadio Jose Amalfitani, Buenos Aires",Six Nations,8,38,14,5,1,49,51,0,0,0,0,Alun Porter,Fiji Rugby,Right Wing,Fiji,33,36,2,0,0,0,0,4,7,1,Home Win
4444,2016-04-08,South Africa Springboks,Italy Rugby,"Principality Stadium, Cardiff",Rugby Europe Championship,6,49,0,5,0,56,44,0,1,0,0,Ethan Dupont,South Africa Springboks,Lock,South Africa,29,102,1,0,0,0,0,14,0,36,Home Win
4445,2017-10-26,Italy Rugby,Uruguay Rugby,"National Stadium, Tokyo",Pacific Nations Cup,6,59,30,7,5,50,50,0,0,0,0,Kieran Curry,Italy Rugby,Lock,South Africa,22,36,0,0,0,0,0,3,3,69,Home Win
4446,2024-02-22,Spain Rugby,Canada Rugby,"ANZ National Stadium, Suva",Rugby Europe Championship,7,20,44,4,8,35,65,1,0,0,0,Oliver Watson,Spain Rugby,Right Wing,Argentina,26,61,2,0,0,0,0,3,4,11,Away Win
4447,2020-05-17,Tonga Rugby,Italy Rugby,"Ellis Park, Johannesburg",,8,48,34,5,3,64,36,1,0,0,0,Lucas Williams,Tonga Rugby,Outside Centre,New Zealand,23,19,1,0,0,0,0,10,5,140,Home Win
4448,2022-06-05,Tonga Rugby,Samoa Rugby,"Ellis Park, Johannesburg",World Rugby U20 Championship,8,22,42,3,8,53,47,0,0,0,0,Henry Watson,Samoa Rugby,Hooker,Samoa,,117,3,0,0,0,0,18,5,50,Away Win
4449,2020-09-20,Tonga Rugby,Samoa Rugby,"Stadium Australia, Sydney",Rugby World Cup,8,15,29,2,4,51,49,0,1,0,0,Conor Barrett,Tonga Rugby,Fullback,New Zealand,25,72,2,0,2,0,0,17,3,141,Away Win
4450,2018-05-25,Fiji Rugby,Japan Brave Blossoms,"Eden Park, Auckland",Rugby World Cup,1,47,63,6,8,36,64,0,0,0,0,Owen Furlong,Fiji Rugby,Loosehead Prop,Fiji,25,52,1,0,0,0,0,5,4,64,Away Win
4451,2016-06-07,France XV,Wales Rugby,"Aviva Stadium, Dublin",Six Nations,2,36,22,5,1,44,56,0,0,0,0,Hamish de Klerk,Wales Rugby,Lock,,21,115,2,0,0,0,1,19,1,44,Home Win
4452,2021-08-19,USA Eagles,New Zealand All Blacks,"Stade de France, Paris",Rugby Europe Championship,3,58,22,8,1,41,59,1,0,0,0,Beauden Hogg,USA Eagles,Lock,New Zealand,26,105,3,0,0,0,0,12,,34,Home Win
4453,2019-07-17,Georgia Rugby,Spain Rugby,"Stadio Olimpico, Rome",Pacific Nations Cup,7,9,29,0,4,62,38,0,2,0,0,Taulupe Lowe,Spain Rugby,Fly-half,Argentina,24,46,1,2,4,0,0,2,5,31,Away Win
4454,2015-08-13,Argentina Pumas,South Africa Springboks,"Stadio Olimpico, Rome",Rugby Europe Championship,1,11,26,1,3,56,44,1,1,0,0,Cheslin Hogg,Argentina Pumas,Tighthead Prop,Argentina,18,117,3,0,0,0,0,4,2,154,Away Win
4455,2020-07-23,Fiji Rugby,Japan Brave Blossoms,"National Stadium, Tokyo",Autumn Internationals,6,14,13,1,2,59,41,0,0,0,0,Tadhg Dupont,Japan Brave Blossoms,Fullback,New Zealand,,66,0,0,1,0,0,,,18,Home Win
4456,2023-03-18,South Africa Springboks,Fiji Rugby,"Stadium Australia, Sydney",World Rugby U20 Championship,8,0,31,0,4,35,65,1,2,0,0,Antoine Jones,Fiji Rugby,Right Wing,Fiji,31,48,1,0,0,0,0,1,3,8,Away Win
4457,2016-12-10,Japan Brave Blossoms,Fiji Rugby,"Twickenham, London",The Rugby Championship,6,14,39,1,5,50,50,1,0,0,0,Antoine Faletau,Fiji Rugby,Openside Flanker,Fiji,25,4,0,0,0,0,0,12,8,,Away Win
4458,2016-08-16,England Rugby,Italy Rugby,"Twickenham, London",Autumn Internationals,3,15,40,0,7,62,38,1,0,0,0,Sam Watson,England Rugby,Inside Centre,South Africa,27,58,0,0,0,0,0,2,,118,Away Win
4459,2023-10-28,USA Eagles,Samoa Rugby,"ANZ National Stadium, Suva",Pacific Nations Cup,3,14,56,1,7,50,50,1,0,0,0,Mason Jones,USA Eagles,Tighthead Prop,New Zealand,22,77,1,0,0,0,0,10,8,29,Away Win
4460,2021-08-04,Canada Rugby,Ireland Rugby,"Stadium Australia, Sydney",Six Nations,6,38,28,5,2,55,45,0,1,0,0,Tadhg Williams,Canada Rugby,Right Wing,New Zealand,33,72,2,0,0,0,0,17,8,44,Home Win
4461,2019-06-12,Japan Brave Blossoms,England Rugby,"Stadio Olimpico, Rome",World Rugby U20 Championship,5,12,30,0,5,55,45,1,0,0,0,Jamie Furlong,Japan Brave Blossoms,Blindside Flanker,South Africa,34,109,0,0,0,0,0,1,4,129,Away Win
4462,2017-10-11,Fiji Rugby,Uruguay Rugby,"Apia Park, Samoa",Six Nations,8,42,22,8,2,52,48,0,0,0,0,Hamish Henshaw,Uruguay Rugby,Tighthead Prop,Argentina,27,47,0,0,0,0,0,11,0,142,Home Win
4463,2022-08-01,Uruguay Rugby,England Rugby,"Murrayfield, Edinburgh",The Rugby Championship,2,35,30,7,2,53,47,0,1,0,0,Ethan Hogg,Uruguay Rugby,Blindside Flanker,Uruguay,,104,3,0,0,0,0,6,5,5,Home Win
4464,2024-10-15,Canada Rugby,Argentina Pumas,"Stade de France, Paris",The Rugby Championship,7,18,68,3,8,49,51,0,1,0,0,Faf Doris,Canada Rugby,Lock,Canada,27,33,0,0,0,0,0,12,6,,Away Win
4465,2017-01-21,New Zealand All Blacks,Wales Rugby,"Stadio Olimpico, Rome",Six Nations,6,40,71,5,8,45,55,0,0,0,0,Hugo Johnson,Wales Rugby,Openside Flanker,New Zealand,21,65,3,0,0,0,0,15,6,38,Away Win
4466,2017-09-17,USA Eagles,Japan Brave Blossoms,"Eden Park, Auckland",Six Nations,6,46,13,7,2,63,37,0,0,0,0,Richie Kolbe,Japan Brave Blossoms,Openside Flanker,Japan,25,88,1,0,0,0,0,17,5,,Home Win
4467,2019-12-07,England Rugby,New Zealand All Blacks,"Principality Stadium, Cardiff",Pacific Nations Cup,6,22,22,2,1,52,48,0,1,0,1,Romain Watson,England Rugby,Inside Centre,New Zealand,27,81,3,0,0,0,0,13,3,102,Draw
4468,2017-11-19,Italy Rugby,Argentina Pumas,"Mikheil Meskhi Stadium, Tbilisi",Six Nations,8,26,13,3,2,56,44,0,1,0,0,Jamie Itoje,Argentina Pumas,Right Wing,Argentina,25,22,0,0,0,0,0,3,3,74,Home Win
4469,2018-11-19,USA Eagles,Georgia Rugby,,World Rugby U20 Championship,5,55,3,7,0,52,48,0,0,0,0,Stuart Jones,USA Eagles,Right Wing,South Africa,26,14,2,0,0,0,0,6,2,,Home Win
4470,2020-07-23,New Zealand All Blacks,England Rugby,"Apia Park, Samoa",World Rugby U20 Championship,5,32,22,3,3,62,38,0,0,0,0,Liam Ntamack,New Zealand All Blacks,Hooker,New Zealand,26,1,1,0,0,0,0,2,3,167,Home Win
4471,2018-09-24,South Africa Springboks,Samoa Rugby,"Twickenham, London",Rugby Europe Championship,1,33,20,3,2,58,42,1,0,0,0,Callum Porter,Samoa Rugby,Right Wing,Samoa,26,100,1,0,0,0,0,7,8,28,Home Win
4472,2024-05-06,Australia Wallabies,South Africa Springboks,"Stadium Australia, Sydney",Rugby Europe Championship,5,50,44,8,7,63,37,0,0,0,0,Justin Faletau,South Africa Springboks,Tighthead Prop,South Africa,27,95,0,0,0,0,0,7,8,163,Home Win
4473,2022-10-14,Romania Rugby,Argentina Pumas,"Mikheil Meskhi Stadium, Tbilisi",Autumn Internationals,5,7,26,1,4,59,41,0,0,0,1,Oliver Johnson,Argentina Pumas,Fly-half,Argentina,,68,0,4,2,0,0,8,7,,Away Win
4474,2016-11-05,Georgia Rugby,Scotland Rugby,"Estadio Jose Amalfitani, Buenos Aires",World Rugby U20 Championship,6,18,16,0,1,37,63,1,0,0,0,Richie de Klerk,Scotland Rugby,Inside Centre,Scotland,24,20,0,0,0,0,0,4,3,,Home Win
4475,2022-09-20,USA Eagles,Scotland Rugby,"Ellis Park, Johannesburg",Rugby Europe Championship,7,44,31,5,5,60,40,1,1,0,0,Stuart de Klerk,Scotland Rugby,Inside Centre,New Zealand,21,107,0,0,0,0,0,7,8,74,Home Win
4476,2023-09-10,Australia Wallabies,Japan Brave Blossoms,"Ellis Park, Johannesburg",The Rugby Championship,7,37,47,4,6,43,57,0,0,0,0,Finn Henshaw,Australia Wallabies,Outside Centre,Fiji,30,33,1,0,0,0,0,7,2,180,Away Win
4477,2024-03-15,Spain Rugby,Japan Brave Blossoms,"Twickenham, London",Six Nations,7,52,12,7,2,36,64,0,0,0,0,Hugo Smith,Japan Brave Blossoms,Fly-half,Australia,18,71,0,3,0,0,0,,1,180,Home Win
4478,2016-08-12,Tonga Rugby,France XV,"Teufaiva Stadium, Tonga",Rugby World Cup,7,18,27,3,3,63,37,2,0,0,0,Noah van der Merwe,France XV,Number 8,,31,26,3,0,0,0,0,10,6,107,Away Win
4479,2021-09-22,England Rugby,Canada Rugby,"Eden Park, Auckland",The Rugby Championship,7,32,40,6,6,49,51,1,0,0,0,Richie Kolbe,Canada Rugby,Blindside Flanker,New Zealand,32,45,2,0,0,0,0,8,,165,Away Win
4480,2019-04-04,England Rugby,Argentina Pumas,"Ellis Park, Johannesburg",The Rugby Championship,1,18,23,0,1,55,45,0,0,0,0,Ethan Kolbe,Argentina Pumas,Right Wing,Argentina,25,61,2,0,0,0,0,9,3,136,Away Win
4481,2018-09-17,England Rugby,New Zealand All Blacks,"National Stadium, Tokyo",Rugby World Cup,1,32,16,2,1,45,55,1,0,0,0,James Kolbe,England Rugby,Loosehead Prop,New Zealand,18,96,0,0,0,0,0,10,2,157,Home Win
4482,2019-12-27,Australia Wallabies,New Zealand All Blacks,"National Stadium, Tokyo",Six Nations,2,23,46,4,7,45,55,0,1,0,0,Kieran Henshaw,Australia Wallabies,Outside Centre,Australia,25,14,3,0,0,0,0,2,6,148,Away Win
4483,2024-06-07,Tonga Rugby,France XV,"Apia Park, Samoa",Rugby World Cup,8,18,24,2,3,45,55,0,0,0,0,Hamish Carbery,Tonga Rugby,Lock,Tonga,26,52,0,0,0,0,0,16,1,,Away Win
4484,2024-08-12,Georgia Rugby,Samoa Rugby,"Twickenham, London",Autumn Internationals,7,36,38,3,4,59,41,0,2,0,0,Owen Itoje,Samoa Rugby,Inside Centre,New Zealand,22,19,3,0,0,0,1,6,0,51,Away Win
4485,2023-08-10,Romania Rugby,South Africa Springboks,"Ellis Park, Johannesburg",Rugby World Cup,7,16,37,1,3,56,44,0,0,0,0,Liam Johnson,South Africa Springboks,Tighthead Prop,South Africa,24,13,1,0,0,0,0,0,5,98,Away Win
4486,2018-08-27,Samoa Rugby,Fiji Rugby,"Estadio Jose Amalfitani, Buenos Aires",Rugby Europe Championship,4,23,15,1,0,58,42,0,2,0,0,Rory Doris,Fiji Rugby,Blindside Flanker,Fiji,33,92,1,0,0,0,0,9,6,,Home Win
4487,2022-06-21,Japan Brave Blossoms,Wales Rugby,"ANZ National Stadium, Suva",Autumn Internationals,3,59,67,8,8,41,59,0,1,0,0,Lucas Watson,Wales Rugby,Number 8,New Zealand,29,85,2,0,0,0,0,3,3,149,Away Win
4488,2020-06-04,Canada Rugby,Scotland Rugby,"Eden Park, Auckland",Pacific Nations Cup,4,30,30,2,2,39,61,0,1,0,0,Charles Barrett,Canada Rugby,Right Wing,New Zealand,23,9,2,0,0,0,0,7,6,127,Draw
4489,2024-01-17,Tonga Rugby,South Africa Springboks,"Estadio Jose Amalfitani, Buenos Aires",Pacific Nations Cup,8,43,24,4,2,44,56,0,0,0,0,Antoine Ntamack,South Africa Springboks,Number 8,South Africa,20,13,0,0,0,0,0,5,4,160,Home Win
4490,2021-08-26,Romania Rugby,France XV,"ANZ National Stadium, Suva",Six Nations,3,36,37,4,4,45,55,1,0,0,0,Noah Hogg,France XV,Lock,Ivory Coast,,55,3,0,0,0,0,,6,22,Away Win
4491,2017-11-28,Samoa Rugby,France XV,"Aviva Stadium, Dublin",Autumn Internationals,5,64,21,7,3,61,39,0,1,0,0,Charles Carbery,Samoa Rugby,Loosehead Prop,Samoa,26,,1,0,0,0,0,19,0,18,Home Win
4492,2016-10-17,France XV,Wales Rugby,"Twickenham, London",Rugby World Cup,2,51,33,6,3,35,65,0,1,0,0,Owen Caelan,Wales Rugby,Inside Centre,Wales,28,5,2,0,0,0,0,14,7,11,Home Win
4493,2022-02-16,Ireland Rugby,South Africa Springboks,,World Rugby U20 Championship,6,52,36,6,3,64,36,0,0,0,0,Alun Lowe,South Africa Springboks,Left Wing,South Africa,24,4,1,0,0,0,0,2,0,8,Home Win
4494,2015-02-25,Italy Rugby,Uruguay Rugby,"Apia Park, Samoa",World Rugby U20 Championship,7,46,52,6,6,58,42,0,1,0,0,Sam Watson,Italy Rugby,Openside Flanker,Italy,29,104,2,0,0,0,0,18,7,175,Away Win
4495,2017-01-15,Australia Wallabies,USA Eagles,"Twickenham, London",Rugby World Cup,8,35,45,5,7,53,47,0,1,0,0,Rory Kolbe,Australia Wallabies,Lock,Australia,34,41,1,0,0,0,0,4,8,175,Away Win
4496,2022-11-09,France XV,Wales Rugby,"Estadio Jose Amalfitani, Buenos Aires",World Rugby U20 Championship,7,25,8,1,1,59,41,0,0,0,0,Cian Doris,France XV,Hooker,France,30,105,2,0,0,0,0,9,1,73,Home Win
4497,2022-07-25,Samoa Rugby,France XV,"National Stadium, Tokyo",Rugby Europe Championship,5,66,34,8,5,62,38,0,0,0,0,James Barrett,Samoa Rugby,Loosehead Prop,New Zealand,26,,2,0,0,0,0,18,7,96,Home Win
4498,2018-12-07,Italy Rugby,Tonga Rugby,"Aviva Stadium, Dublin",Autumn Internationals,4,25,38,3,5,41,59,0,0,0,0,Josh Watson,Tonga Rugby,Lock,New Zealand,26,31,3,0,0,0,0,16,2,173,Away Win
4499,2018-05-03,Georgia Rugby,Uruguay Rugby,"Eden Park, Auckland",Pacific Nations Cup,5,40,36,6,5,42,58,0,0,0,0,Sean Furlong,Uruguay Rugby,Blindside Flanker,Argentina,25,53,3,0,0,1,0,17,0,54,Home Win
4500,2019-02-13,Canada Rugby,New Zealand All Blacks,"Aviva Stadium, Dublin",World Rugby U20 Championship,2,18,13,0,1,43,57,0,0,0,0,James Furlong,New Zealand All Blacks,Tighthead Prop,New Zealand,31,13,0,0,0,1,0,10,6,96,Home Win
4501,2023-09-02,South Africa Springboks,France XV,"Twickenham, London",Six Nations,3,36,59,5,7,50,50,0,0,0,0,Sam Johnson,South Africa Springboks,Number 8,South Africa,24,29,1,0,0,1,0,1,4,43,Away Win
4502,2019-07-08,Georgia Rugby,Uruguay Rugby,"Estadio Jose Amalfitani, Buenos Aires",World Rugby U20 Championship,2,49,11,8,1,61,39,1,0,0,0,Rory Carbery,Uruguay Rugby,Fullback,,27,21,2,0,4,1,0,5,0,175,Home Win
4503,2018-06-28,Fiji Rugby,Argentina Pumas,"Twickenham, London",Autumn Internationals,3,33,33,6,5,44,56,0,0,0,0,Cian Smith,Fiji Rugby,Fly-half,Fiji,27,89,0,4,1,0,0,6,2,,Draw
4504,2023-08-24,Romania Rugby,Scotland Rugby,"Eden Park, Auckland",Six Nations,5,5,43,1,6,60,40,2,1,0,0,Oliver Itoje,Scotland Rugby,Lock,Scotland,24,15,0,0,0,0,0,19,2,133,Away Win
4505,2019-07-20,Spain Rugby,South Africa Springboks,"National Stadium, Tokyo",Rugby Europe Championship,6,15,50,3,6,59,41,2,1,0,0,Sean Ntamack,Spain Rugby,Right Wing,Spain,,54,0,0,0,0,0,11,4,,Away Win
4506,2015-10-04,Samoa Rugby,Italy Rugby,"Stadio Olimpico, Rome",World Rugby U20 Championship,4,20,56,1,8,37,63,0,0,0,0,Finn Brown,Italy Rugby,Inside Centre,Italy,28,19,0,0,0,0,0,12,0,129,Away Win
4507,2017-05-12,New Zealand All Blacks,Argentina Pumas,"Twickenham, London",Autumn Internationals,3,10,38,1,5,49,51,0,0,0,0,Faf Curry,New Zealand All Blacks,Blindside Flanker,New Zealand,26,25,0,0,0,0,0,20,2,117,Away Win
4508,2020-03-08,South Africa Springboks,Fiji Rugby,"ANZ National Stadium, Suva",Autumn Internationals,6,48,55,6,7,43,57,0,0,0,0,Cheslin Henshaw,Fiji Rugby,Number 8,Fiji,29,101,1,0,0,0,0,9,4,145,Away Win
4509,2016-02-08,Tonga Rugby,France XV,"Murrayfield, Edinburgh",Autumn Internationals,3,29,15,3,0,36,64,1,0,0,0,Mason Curry,Tonga Rugby,Lock,Tonga,24,18,0,0,0,0,0,17,5,81,Home Win
4510,2016-08-14,Fiji Rugby,Samoa Rugby,"Principality Stadium, Cardiff",Six Nations,3,35,51,4,7,45,55,0,1,0,0,Ethan Doris,Samoa Rugby,Fly-half,New Zealand,31,30,3,4,0,0,0,18,0,139,Away Win
4511,2021-02-10,Fiji Rugby,Samoa Rugby,"Teufaiva Stadium, Tonga",Six Nations,1,27,31,5,3,60,40,1,2,0,0,Sam Furlong,Fiji Rugby,Scrum-half,Fiji,23,91,1,0,0,0,0,10,5,2,Away Win
4512,2024-07-18,Spain Rugby,Argentina Pumas,"Stadium Australia, Sydney",The Rugby Championship,8,13,17,1,2,36,64,1,0,0,0,Conor Kolbe,Spain Rugby,Hooker,Spain,33,40,1,0,0,0,0,11,6,30,Away Win
4513,2021-12-07,France XV,South Africa Springboks,"Ellis Park, Johannesburg",Autumn Internationals,2,33,42,4,5,62,38,0,1,0,0,Josh Carbery,South Africa Springboks,Number 8,South Africa,20,100,2,0,0,0,0,15,,104,Away Win
4514,2022-04-16,Argentina Pumas,Spain Rugby,"Estadio Jose Amalfitani, Buenos Aires",Rugby World Cup,5,0,32,0,3,53,47,0,2,0,0,Tadhg Doris,Spain Rugby,Inside Centre,Argentina,28,107,3,0,0,0,0,2,3,112,Away Win
4515,2021-11-14,South Africa Springboks,Japan Brave Blossoms,"Eden Park, Auckland",Rugby Europe Championship,5,37,29,5,5,46,54,0,1,0,0,Owen Porter,Japan Brave Blossoms,Openside Flanker,South Africa,28,72,1,0,0,0,0,11,5,49,Home Win
4516,2021-04-28,Japan Brave Blossoms,Scotland Rugby,"Estadio Jose Amalfitani, Buenos Aires",The Rugby Championship,7,38,24,4,3,63,37,1,0,0,0,Callum Porter,Scotland Rugby,Blindside Flanker,Australia,23,83,0,0,0,0,0,9,0,109,Home Win
4517,2015-06-06,Argentina Pumas,Samoa Rugby,"Twickenham, London",Pacific Nations Cup,2,35,46,5,7,37,63,1,1,0,0,Richie de Klerk,Argentina Pumas,Right Wing,Argentina,28,67,1,0,0,0,0,8,7,32,Away Win
4518,2021-12-17,Argentina Pumas,Romania Rugby,"Principality Stadium, Cardiff",Rugby World Cup,5,12,44,0,6,62,38,0,0,0,0,William Jones,Romania Rugby,Left Wing,France,32,86,1,0,0,0,0,13,2,84,Away Win
4519,2023-11-11,Spain Rugby,Uruguay Rugby,"National Stadium, Tokyo",Autumn Internationals,4,9,39,0,6,50,50,0,1,0,0,Ethan Hogg,Uruguay Rugby,Lock,Argentina,18,28,0,0,0,0,0,3,2,61,Away Win
4520,2023-02-28,Spain Rugby,Fiji Rugby,"ANZ National Stadium, Suva",Six Nations,1,41,35,7,5,57,43,0,0,0,0,Henry Furlong,Fiji Rugby,Lock,Fiji,29,116,3,0,0,0,0,,2,180,Home Win
4521,2023-06-15,Uruguay Rugby,Wales Rugby,"Estadio Jose Amalfitani, Buenos Aires",World Rugby U20 Championship,1,13,60,2,8,52,48,2,0,0,0,Justin Russell,Uruguay Rugby,Left Wing,Argentina,18,110,1,0,0,0,0,5,3,126,Away Win
4522,2016-06-21,England Rugby,France XV,"Principality Stadium, Cardiff",Autumn Internationals,5,31,15,3,0,59,41,0,1,0,0,Rory Curry,France XV,Blindside Flanker,Senegal,23,15,0,0,0,0,0,12,6,120,Home Win
4523,2019-08-01,Tonga Rugby,Australia Wallabies,"Twickenham, London",Autumn Internationals,7,40,23,8,1,58,42,0,0,0,0,Charles Watson,Australia Wallabies,Outside Centre,New Zealand,33,109,0,0,0,0,0,4,2,95,Home Win
4524,2022-12-18,Australia Wallabies,England Rugby,"Stade de France, Paris",Rugby World Cup,6,43,55,5,8,37,63,0,0,0,0,Alun Barrett,England Rugby,Lock,South Africa,24,20,1,0,0,0,0,13,3,66,Away Win
4525,2015-09-28,South Africa Springboks,Australia Wallabies,"Stadium Australia, Sydney",Autumn Internationals,3,60,31,8,3,57,43,0,1,0,0,Romain Russell,Australia Wallabies,Number 8,New Zealand,22,81,3,0,0,0,0,15,2,137,Home Win
4526,2019-11-18,France XV,Australia Wallabies,"Stadio Olimpico, Rome",Six Nations,5,22,37,4,5,46,54,0,1,0,0,Oliver Faletau,France XV,Scrum-half,Ivory Coast,26,19,1,0,0,0,0,16,4,73,Away Win
4527,2017-05-19,Argentina Pumas,Tonga Rugby,"National Stadium, Tokyo",,7,28,15,3,0,37,63,1,1,0,0,Sam Doris,Tonga Rugby,Left Wing,Tonga,35,37,3,0,0,0,0,10,0,93,Home Win
4528,2020-02-25,Argentina Pumas,Spain Rugby,"Twickenham, London",Six Nations,6,46,41,4,4,58,42,0,0,0,0,Justin Doris,Argentina Pumas,Tighthead Prop,Argentina,19,101,0,0,0,1,0,16,2,151,Home Win
4529,2020-01-28,South Africa Springboks,Argentina Pumas,"Aviva Stadium, Dublin",World Rugby U20 Championship,7,25,42,2,5,48,52,0,0,0,0,Tadhg Watson,Argentina Pumas,Openside Flanker,Argentina,22,104,0,0,0,0,0,0,4,85,Away Win
4530,2020-04-21,Australia Wallabies,Romania Rugby,"Twickenham, London",Rugby World Cup,2,28,11,2,1,65,35,0,0,0,0,Faf Williams,Australia Wallabies,Tighthead Prop,New Zealand,32,,0,0,0,0,0,2,6,117,Home Win
4531,2024-08-07,New Zealand All Blacks,Tonga Rugby,"Apia Park, Samoa",Autumn Internationals,2,28,33,2,3,55,45,0,0,0,0,Charles Henshaw,Tonga Rugby,Fullback,Tonga,34,15,0,0,2,0,0,8,1,98,Away Win
4532,2022-02-18,Ireland Rugby,Argentina Pumas,"Stadium Australia, Sydney",Autumn Internationals,7,23,40,2,6,46,54,0,0,0,0,Rory Hogg,Ireland Rugby,Blindside Flanker,Ireland,26,3,3,0,0,0,0,16,0,137,Away Win
4533,2018-09-03,Scotland Rugby,Argentina Pumas,,Rugby Europe Championship,7,62,6,8,0,57,43,0,0,0,0,Hamish Itoje,Argentina Pumas,Tighthead Prop,Argentina,22,2,1,0,0,0,0,15,,84,Home Win
4534,2018-11-19,Canada Rugby,Scotland Rugby,"Teufaiva Stadium, Tonga",Autumn Internationals,8,34,45,5,7,38,62,0,0,0,0,Romain de Klerk,Scotland Rugby,Scrum-half,New Zealand,35,78,3,0,0,0,0,15,0,,Away Win
4535,2016-11-15,New Zealand All Blacks,Australia Wallabies,"Apia Park, Samoa",The Rugby Championship,5,61,50,7,5,58,42,0,0,0,0,Siya Furlong,New Zealand All Blacks,Tighthead Prop,New Zealand,,41,0,0,0,0,0,9,5,83,Home Win
4536,2019-02-18,New Zealand All Blacks,France XV,"Teufaiva Stadium, Tonga",World Rugby U20 Championship,6,51,45,8,7,55,45,0,0,0,0,Henry Lowe,New Zealand All Blacks,Fly-half,New Zealand,29,68,1,0,4,0,0,14,7,33,Home Win
4537,2021-10-24,Australia Wallabies,Fiji Rugby,"Principality Stadium, Cardiff",Rugby Europe Championship,6,47,37,7,5,36,64,1,0,0,1,Owen Jones,Fiji Rugby,Hooker,Fiji,23,1,0,0,0,0,0,1,3,91,Home Win
4538,2021-08-06,USA Eagles,Argentina Pumas,"Murrayfield, Edinburgh",World Rugby U20 Championship,7,0,12,0,0,58,42,0,0,0,0,Faf van der Merwe,Argentina Pumas,Left Wing,Argentina,26,93,3,0,0,0,0,14,8,117,Away Win
4539,2022-01-10,Italy Rugby,England Rugby,"Estadio Jose Amalfitani, Buenos Aires",Rugby Europe Championship,6,24,30,4,3,61,39,0,0,0,0,Owen Dupont,England Rugby,Fullback,England,26,21,0,0,2,0,0,11,8,70,Away Win
4540,2021-02-20,Wales Rugby,Ireland Rugby,"National Stadium, Tokyo",Autumn Internationals,1,25,19,1,3,60,40,1,0,1,0,Lucas de Klerk,Wales Rugby,Outside Centre,Wales,28,71,0,0,0,0,0,1,1,141,Home Win
4541,2023-09-08,Georgia Rugby,Samoa Rugby,"Stadio Olimpico, Rome",Autumn Internationals,7,19,15,3,0,50,50,1,0,1,0,Cheslin Ntamack,Georgia Rugby,Fly-half,Georgia,32,39,2,5,2,0,0,4,5,118,Home Win
4542,2018-07-15,Georgia Rugby,Italy Rugby,"ANZ National Stadium, Suva",Rugby World Cup,4,50,37,7,6,50,50,0,0,0,0,Noah Faletau,Italy Rugby,Openside Flanker,Argentina,30,49,0,0,0,0,0,17,8,78,Home Win
4543,2018-05-04,Samoa Rugby,Romania Rugby,"Stade de France, Paris",World Rugby U20 Championship,7,15,34,3,4,52,48,1,0,0,0,Beauden Brown,Samoa Rugby,Blindside Flanker,New Zealand,22,12,2,0,0,1,0,19,1,73,Away Win
4544,2023-07-07,USA Eagles,Italy Rugby,"Stade de France, Paris",Rugby World Cup,4,51,13,7,2,35,65,0,0,0,0,Richie Taylor,Italy Rugby,Right Wing,Italy,32,70,3,0,0,0,0,,8,17,Home Win
4545,2019-02-05,USA Eagles,Samoa Rugby,"ANZ National Stadium, Suva",Rugby World Cup,1,17,51,1,6,50,50,0,1,0,0,William Watson,USA Eagles,Lock,South Africa,28,80,2,0,0,0,0,18,8,135,Away Win
4546,2016-09-21,Scotland Rugby,Ireland Rugby,"Principality Stadium, Cardiff",Rugby World Cup,5,25,29,3,2,52,48,2,1,0,0,Conor Carbery,Scotland Rugby,Lock,New Zealand,29,46,0,0,0,0,0,3,3,42,Away Win
4547,2020-08-18,Wales Rugby,Argentina Pumas,"Teufaiva Stadium, Tonga",Rugby Europe Championship,5,32,26,2,4,46,54,1,0,1,0,William Ntamack,Wales Rugby,Outside Centre,New Zealand,32,71,1,0,0,0,0,5,3,138,Home Win
4548,2023-02-08,Scotland Rugby,Spain Rugby,"Principality Stadium, Cardiff",The Rugby Championship,1,36,65,4,8,50,50,0,0,0,0,Benjamin Doris,Spain Rugby,Right Wing,Argentina,22,69,0,0,0,0,0,14,2,79,Away Win
4549,2017-11-06,South Africa Springboks,Romania Rugby,"Eden Park, Auckland",Rugby World Cup,4,48,12,7,0,65,35,1,0,0,0,Grégoire Taylor,Romania Rugby,Loosehead Prop,France,26,37,1,0,0,0,0,15,0,50,Home Win
4550,2023-07-15,Tonga Rugby,South Africa Springboks,"Stadium Australia, Sydney",Six Nations,7,10,13,2,1,59,41,0,0,0,0,Richie Carbery,South Africa Springboks,Number 8,South Africa,24,101,3,0,0,0,0,18,5,176,Away Win
4551,2023-05-07,France XV,Italy Rugby,"Aviva Stadium, Dublin",World Rugby U20 Championship,8,50,53,6,6,52,48,0,0,0,0,Charles Carbery,France XV,Fullback,Ivory Coast,20,49,0,0,3,0,0,13,4,50,Away Win
4552,2018-08-20,Georgia Rugby,Samoa Rugby,"Murrayfield, Edinburgh",Rugby World Cup,6,32,54,3,6,36,64,1,0,0,0,Kieran Williams,Samoa Rugby,Openside Flanker,Samoa,28,100,2,0,0,0,0,14,7,145,Away Win
4553,2022-10-25,Ireland Rugby,Scotland Rugby,"Twickenham, London",The Rugby Championship,6,46,28,7,4,39,61,0,1,0,0,William Porter,Ireland Rugby,Inside Centre,New Zealand,37,79,0,0,0,0,0,11,4,,Home Win
4554,2019-11-28,Italy Rugby,Australia Wallabies,"Stade de France, Paris",Pacific Nations Cup,3,64,66,7,8,41,59,0,0,0,0,Sean Curry,Italy Rugby,Hooker,Argentina,19,41,3,0,0,0,0,19,7,143,Away Win
4555,2021-02-06,Ireland Rugby,Samoa Rugby,"Estadio Jose Amalfitani, Buenos Aires",Six Nations,6,25,42,5,5,62,38,0,1,0,0,Cian Watson,Samoa Rugby,Hooker,New Zealand,26,78,3,0,0,0,0,11,6,157,Away Win
4556,2023-03-12,Georgia Rugby,France XV,"Stade de France, Paris",The Rugby Championship,6,63,40,8,4,57,43,0,0,0,1,Liam Smith,France XV,Left Wing,Senegal,29,115,3,0,0,0,0,2,0,68,Home Win
4557,2020-05-04,Samoa Rugby,New Zealand All Blacks,"Principality Stadium, Cardiff",Rugby World Cup,7,45,23,8,4,50,50,2,1,0,0,Alun Curry,Samoa Rugby,Left Wing,New Zealand,27,113,2,0,0,0,0,5,,87,Home Win
4558,2023-08-24,Fiji Rugby,Canada Rugby,"Mikheil Meskhi Stadium, Tbilisi",Six Nations,2,15,9,2,0,61,39,2,2,0,0,Finn Faletau,Fiji Rugby,Hooker,Fiji,,102,0,0,0,0,0,18,3,113,Home Win
4559,2022-01-14,Canada Rugby,England Rugby,"Murrayfield, Edinburgh",The Rugby Championship,6,32,57,3,8,54,46,2,0,0,0,Liam Jones,England Rugby,Right Wing,South Africa,21,104,1,0,0,0,0,14,7,180,Away Win
4560,2020-05-28,England Rugby,Italy Rugby,"Principality Stadium, Cardiff",Six Nations,5,30,15,5,0,45,55,0,0,0,0,Hugo Hogg,Italy Rugby,Inside Centre,Italy,27,15,1,0,0,1,0,15,7,93,Home Win
4561,2019-12-13,South Africa Springboks,Georgia Rugby,"Principality Stadium, Cardiff",Six Nations,7,50,54,8,6,48,52,1,0,0,0,Henry Barrett,South Africa Springboks,Scrum-half,South Africa,23,52,0,0,0,0,0,20,4,68,Away Win
4562,2020-01-22,Spain Rugby,Tonga Rugby,"Aviva Stadium, Dublin",Pacific Nations Cup,6,65,49,8,6,39,61,0,0,0,0,Pieter de Klerk,Spain Rugby,Lock,Argentina,18,45,2,0,0,0,0,0,8,169,Home Win
4563,2021-05-19,France XV,England Rugby,"Stade de France, Paris",The Rugby Championship,1,19,33,2,4,41,59,0,0,0,0,Josh Johnson,France XV,Outside Centre,Senegal,31,99,0,0,0,0,0,4,0,175,Away Win
4564,2015-11-09,France XV,South Africa Springboks,"Stade de France, Paris",World Rugby U20 Championship,4,20,57,2,8,38,62,0,2,0,0,William Henshaw,South Africa Springboks,Inside Centre,South Africa,30,46,2,0,0,0,0,6,5,105,Away Win
4565,2018-03-09,France XV,Tonga Rugby,"Aviva Stadium, Dublin",Six Nations,5,57,30,7,2,61,39,1,0,1,0,Benjamin Smith,Tonga Rugby,Scrum-half,Tonga,27,,0,0,0,0,0,1,3,162,Home Win
4566,2021-08-11,Samoa Rugby,Wales Rugby,"Estadio Jose Amalfitani, Buenos Aires",Rugby Europe Championship,3,26,63,3,7,58,42,0,0,0,0,Justin Johnson,Samoa Rugby,Blindside Flanker,New Zealand,27,112,0,0,0,0,0,,1,59,Away Win
4567,2018-01-17,South Africa Springboks,Canada Rugby,"ANZ National Stadium, Suva",Rugby World Cup,2,20,37,1,3,63,37,0,0,0,0,Grégoire Doris,South Africa Springboks,Blindside Flanker,South Africa,31,44,2,0,0,0,0,2,1,,Away Win
4568,2016-12-17,Samoa Rugby,Italy Rugby,"Mikheil Meskhi Stadium, Tbilisi",Autumn Internationals,2,17,60,1,8,39,61,1,0,0,0,Romain Ntamack,Italy Rugby,Fullback,Argentina,27,108,2,0,0,0,0,2,4,96,Away Win
4569,2019-02-07,USA Eagles,New Zealand All Blacks,"Murrayfield, Edinburgh",The Rugby Championship,5,22,25,4,2,61,39,1,0,0,0,Rory Smith,USA Eagles,Number 8,New Zealand,30,26,2,0,0,0,0,2,4,16,Away Win
4570,2018-02-27,South Africa Springboks,New Zealand All Blacks,"Stadio Olimpico, Rome",The Rugby Championship,8,5,15,1,0,52,48,0,1,0,0,Callum Smith,New Zealand All Blacks,Fullback,New Zealand,25,109,2,0,3,0,0,4,3,158,Away Win
4571,2024-11-26,Uruguay Rugby,Argentina Pumas,"Aviva Stadium, Dublin",Rugby World Cup,8,51,11,6,1,61,39,0,0,0,0,Sean Smith,Argentina Pumas,Lock,Argentina,32,75,1,0,0,0,0,2,7,94,Home Win
4572,2021-01-25,Ireland Rugby,Uruguay Rugby,"National Stadium, Tokyo",World Rugby U20 Championship,6,26,15,4,0,49,51,0,1,0,0,Richie Doris,Uruguay Rugby,Fullback,Uruguay,28,99,2,0,3,0,0,4,6,41,Home Win
4573,2016-03-19,Uruguay Rugby,Ireland Rugby,"Stadium Australia, Sydney",Pacific Nations Cup,1,22,25,2,1,61,39,1,0,0,0,Malcolm Dupont,Ireland Rugby,Tighthead Prop,South Africa,27,1,1,0,0,0,0,14,5,80,Away Win
4574,2018-08-14,Canada Rugby,South Africa Springboks,"Ellis Park, Johannesburg",,8,57,13,8,1,47,53,0,0,0,0,William Williams,Canada Rugby,Lock,Canada,21,67,0,0,0,0,0,19,2,96,Home Win
4575,2024-02-16,USA Eagles,Scotland Rugby,"Stadio Olimpico, Rome",Pacific Nations Cup,4,15,59,2,7,40,60,0,0,0,0,Oliver Porter,Scotland Rugby,Left Wing,Scotland,28,54,2,0,0,0,0,6,,76,Away Win
4576,2018-01-08,Scotland Rugby,Spain Rugby,"Stadio Olimpico, Rome",Autumn Internationals,6,25,33,3,5,49,51,0,1,0,0,Jamie Carbery,Scotland Rugby,Fullback,New Zealand,23,35,0,0,4,0,0,17,1,39,Away Win
4577,2016-06-24,South Africa Springboks,Spain Rugby,"Murrayfield, Edinburgh",Rugby World Cup,1,33,18,3,0,36,64,0,0,0,0,Oliver Furlong,South Africa Springboks,Scrum-half,South Africa,24,82,0,0,0,0,0,3,,8,Home Win
4578,2020-12-12,New Zealand All Blacks,Tonga Rugby,"ANZ National Stadium, Suva",,1,10,47,1,8,39,61,0,1,0,0,Richie Caelan,Tonga Rugby,Openside Flanker,New Zealand,23,100,0,0,0,1,0,0,5,126,Away Win
4579,2018-04-09,USA Eagles,New Zealand All Blacks,"Estadio Jose Amalfitani, Buenos Aires",World Rugby U20 Championship,4,26,33,3,3,50,50,0,0,0,0,James Porter,New Zealand All Blacks,Openside Flanker,New Zealand,22,,2,0,0,1,0,6,8,68,Away Win
4580,2019-12-27,Wales Rugby,New Zealand All Blacks,"Estadio Jose Amalfitani, Buenos Aires",Rugby Europe Championship,8,40,18,4,3,50,50,1,0,0,0,Hamish Williams,New Zealand All Blacks,Lock,New Zealand,35,72,0,0,0,0,0,,8,26,Home Win
4581,2021-03-23,Japan Brave Blossoms,Tonga Rugby,"ANZ National Stadium, Suva",Rugby Europe Championship,2,57,18,8,2,65,35,0,0,0,0,Richie Faletau,Japan Brave Blossoms,Inside Centre,Australia,32,14,0,0,0,1,0,15,8,145,Home Win
4582,2023-01-18,France XV,Australia Wallabies,"Teufaiva Stadium, Tonga",Rugby World Cup,7,9,6,0,0,63,37,1,0,0,0,Cheslin Jones,France XV,Blindside Flanker,France,34,75,3,0,0,0,0,8,8,7,Home Win
4583,2024-01-07,Uruguay Rugby,Fiji Rugby,"Apia Park, Samoa",Six Nations,1,22,37,2,4,37,63,0,0,0,0,Josh Russell,Fiji Rugby,Inside Centre,Fiji,22,14,0,0,0,1,0,16,5,104,Away Win
4584,2016-09-18,Uruguay Rugby,Wales Rugby,"Ellis Park, Johannesburg",Pacific Nations Cup,2,32,35,2,6,35,65,1,0,0,0,Conor Ntamack,Uruguay Rugby,Hooker,Argentina,27,80,0,0,0,0,0,20,6,82,Away Win
4585,2023-01-28,Japan Brave Blossoms,Scotland Rugby,"Principality Stadium, Cardiff",Rugby World Cup,2,54,29,8,4,36,64,1,0,0,0,Grégoire Carbery,Japan Brave Blossoms,Outside Centre,New Zealand,21,35,1,0,0,0,0,10,3,24,Home Win
4586,2017-08-01,Uruguay Rugby,Japan Brave Blossoms,"ANZ National Stadium, Suva",Autumn Internationals,6,50,17,5,1,47,53,0,0,0,0,Ethan Faletau,Uruguay Rugby,Lock,Argentina,24,73,1,0,0,0,0,12,1,124,Home Win
4587,2017-04-21,Ireland Rugby,France XV,"Stade de France, Paris",Autumn Internationals,7,22,0,2,0,62,38,2,0,0,0,Cian Dupont,Ireland Rugby,Right Wing,South Africa,23,10,3,0,0,0,0,4,7,,Home Win
4588,2021-03-01,Georgia Rugby,Canada Rugby,,Rugby Europe Championship,7,25,32,1,2,38,62,1,1,0,0,Henry Carbery,Canada Rugby,Number 8,Canada,31,82,1,0,0,0,0,20,5,9,Away Win
4589,2020-03-04,Canada Rugby,Japan Brave Blossoms,"Principality Stadium, Cardiff",Autumn Internationals,2,19,22,2,2,58,42,1,0,0,0,Romain Brown,Canada Rugby,Lock,Canada,,9,1,0,0,1,0,9,2,42,Away Win
4590,2024-07-08,New Zealand All Blacks,USA Eagles,"Estadio Jose Amalfitani, Buenos Aires",The Rugby Championship,4,49,52,8,8,38,62,0,1,0,0,Owen Brown,New Zealand All Blacks,Lock,New Zealand,,1,0,0,0,0,0,0,7,54,Away Win
4591,2015-02-13,Argentina Pumas,Fiji Rugby,"ANZ National Stadium, Suva",Autumn Internationals,5,20,24,1,2,48,52,0,0,0,0,Beauden Kolbe,Argentina Pumas,Tighthead Prop,Argentina,29,7,2,0,0,0,0,11,5,119,Away Win
4592,2023-10-14,Samoa Rugby,Georgia Rugby,"Teufaiva Stadium, Tonga",Autumn Internationals,8,14,37,2,4,59,41,2,0,0,0,Antoine Henshaw,Georgia Rugby,Lock,Georgia,36,99,0,0,0,0,0,7,8,150,Away Win
4593,2018-08-03,Japan Brave Blossoms,Canada Rugby,"Ellis Park, Johannesburg",Rugby Europe Championship,7,40,25,5,4,62,38,0,0,0,0,Richie Russell,Japan Brave Blossoms,Fly-half,,21,91,2,5,2,0,0,19,4,8,Home Win
4594,2021-01-16,France XV,Wales Rugby,"Stade de France, Paris",The Rugby Championship,5,17,11,3,1,60,40,1,0,0,0,Sam Doris,Wales Rugby,Hooker,Wales,32,46,0,0,0,0,0,13,0,113,Home Win
4595,2015-05-12,Tonga Rugby,USA Eagles,"Aviva Stadium, Dublin",World Rugby U20 Championship,5,40,6,4,0,61,39,0,0,0,0,Sean Williams,Tonga Rugby,Fullback,New Zealand,31,50,1,0,2,0,0,7,5,103,Home Win
4596,2018-09-14,Spain Rugby,Georgia Rugby,"Estadio Jose Amalfitani, Buenos Aires",Six Nations,5,42,25,5,4,37,63,0,0,0,0,Oliver Williams,Spain Rugby,Inside Centre,Spain,,52,1,0,0,0,0,6,5,53,Home Win
4597,2017-03-11,Ireland Rugby,Fiji Rugby,"Estadio Jose Amalfitani, Buenos Aires",Pacific Nations Cup,8,18,12,2,2,64,36,1,0,0,0,Henry Dupont,Ireland Rugby,Scrum-half,New Zealand,31,114,0,0,0,0,0,4,3,138,Home Win
4598,2020-12-14,Australia Wallabies,Uruguay Rugby,"Teufaiva Stadium, Tonga",World Rugby U20 Championship,2,33,33,3,5,47,53,0,0,0,0,Pieter Watson,Australia Wallabies,Loosehead Prop,Fiji,28,16,1,0,0,0,0,16,1,126,Draw
4599,2015-02-12,South Africa Springboks,Uruguay Rugby,"Stadio Olimpico, Rome",World Rugby U20 Championship,1,20,61,2,8,49,51,0,0,0,0,Hugo Johnson,South Africa Springboks,Scrum-half,South Africa,26,78,3,0,0,0,0,11,1,149,Away Win
4600,2018-03-07,Australia Wallabies,USA Eagles,"Apia Park, Samoa",World Rugby U20 Championship,3,36,37,3,4,35,65,1,0,0,0,Kieran Lowe,Australia Wallabies,Loosehead Prop,New Zealand,23,8,0,0,0,0,0,16,6,,Away Win
4601,2023-02-15,Romania Rugby,Fiji Rugby,"Stadium Australia, Sydney",Pacific Nations Cup,8,36,45,4,5,42,58,1,0,0,0,Callum Brown,Fiji Rugby,Lock,Fiji,24,16,1,0,0,0,0,1,4,33,Away Win
4602,2020-06-20,Georgia Rugby,France XV,"Teufaiva Stadium, Tonga",Pacific Nations Cup,5,23,71,3,8,53,47,2,2,0,0,Siya Williams,Georgia Rugby,Openside Flanker,Georgia,35,38,2,0,0,0,0,10,0,134,Away Win
4603,2016-01-20,Australia Wallabies,England Rugby,"Stadio Olimpico, Rome",Rugby World Cup,4,15,18,2,2,35,65,1,1,0,0,Charles Barrett,England Rugby,Right Wing,England,27,90,1,0,0,0,0,17,0,157,Away Win
4604,2017-08-02,Georgia Rugby,Italy Rugby,"ANZ National Stadium, Suva",Autumn Internationals,7,52,51,7,7,43,57,1,0,0,0,Beauden Doris,Georgia Rugby,Scrum-half,Georgia,30,70,2,0,0,0,0,3,4,8,Home Win
4605,2019-11-15,Romania Rugby,New Zealand All Blacks,"Stadio Olimpico, Rome",World Rugby U20 Championship,4,30,53,3,7,57,43,2,0,0,0,James Watson,New Zealand All Blacks,Right Wing,New Zealand,23,107,0,0,0,0,0,,5,42,Away Win
4606,2021-06-24,England Rugby,Fiji Rugby,"Stadio Olimpico, Rome",Six Nations,2,29,23,2,1,48,52,1,0,0,0,Hamish Faletau,England Rugby,Fly-half,South Africa,23,96,0,5,3,0,0,10,5,160,Home Win
4607,2021-06-08,Scotland Rugby,France XV,"Murrayfield, Edinburgh",Rugby World Cup,4,6,70,0,8,55,45,0,0,0,0,James Williams,France XV,Blindside Flanker,France,31,90,1,0,0,0,0,10,,73,Away Win
4608,2016-06-02,Spain Rugby,Fiji Rugby,"Aviva Stadium, Dublin",The Rugby Championship,3,55,40,8,8,50,50,0,0,1,0,Lucas Kolbe,Spain Rugby,Inside Centre,Spain,21,,2,0,0,0,0,,6,9,Home Win
4609,2015-06-13,USA Eagles,Uruguay Rugby,"Aviva Stadium, Dublin",The Rugby Championship,7,50,12,6,2,60,40,0,0,0,0,Pieter Kolbe,Uruguay Rugby,Scrum-half,Argentina,25,99,0,0,0,0,0,4,6,35,Home Win
4610,2023-05-27,Tonga Rugby,Uruguay Rugby,"National Stadium, Tokyo",Rugby World Cup,3,44,12,6,0,47,53,0,0,0,0,Malcolm Carbery,Tonga Rugby,Lock,Tonga,27,23,0,0,0,0,0,8,7,61,Home Win
4611,2016-05-21,England Rugby,Tonga Rugby,"Mikheil Meskhi Stadium, Tbilisi",Rugby World Cup,7,39,56,4,8,48,52,0,0,0,0,Conor Watson,Tonga Rugby,Fullback,New Zealand,27,57,1,0,1,0,0,4,7,0,Away Win
4612,2020-07-12,Canada Rugby,England Rugby,"Aviva Stadium, Dublin",World Rugby U20 Championship,1,31,44,3,7,46,54,0,0,0,0,Finn Russell,England Rugby,Left Wing,England,26,35,1,0,0,0,0,3,8,95,Away Win
4613,2023-03-01,Tonga Rugby,France XV,"Principality Stadium, Cardiff",Rugby World Cup,1,56,46,7,4,36,64,2,0,0,0,Malcolm Jones,Tonga Rugby,Outside Centre,New Zealand,28,80,0,0,0,0,0,2,0,135,Home Win
4614,2022-11-12,New Zealand All Blacks,Georgia Rugby,"Apia Park, Samoa",Autumn Internationals,8,37,40,3,6,60,40,0,1,0,0,Hamish Barrett,New Zealand All Blacks,Tighthead Prop,New Zealand,29,33,3,0,0,0,0,17,2,170,Away Win
4615,2015-03-18,Georgia Rugby,Australia Wallabies,"Stadium Australia, Sydney",Six Nations,3,40,58,5,8,44,56,0,0,0,0,William Watson,Georgia Rugby,Number 8,Georgia,29,6,0,0,0,1,0,16,2,118,Away Win
4616,2016-03-01,Ireland Rugby,USA Eagles,"Stade de France, Paris",Rugby World Cup,3,34,24,3,3,49,51,0,0,0,0,Rory Smith,Ireland Rugby,Lock,Ireland,23,60,3,0,0,1,0,13,7,100,Home Win
4617,2023-04-02,Canada Rugby,Ireland Rugby,"Teufaiva Stadium, Tonga",The Rugby Championship,2,37,11,5,1,52,48,0,0,0,0,Tadhg Kolbe,Canada Rugby,Loosehead Prop,Canada,25,51,3,0,0,0,0,6,5,43,Home Win
4618,2021-03-17,Samoa Rugby,Georgia Rugby,"Stade de France, Paris",Autumn Internationals,5,0,9,0,0,57,43,0,1,1,0,Kieran Ntamack,Georgia Rugby,Tighthead Prop,,31,35,1,0,0,0,0,12,,111,Away Win
4619,2022-02-06,Canada Rugby,Italy Rugby,"ANZ National Stadium, Suva",Autumn Internationals,8,20,38,2,7,54,46,0,0,1,0,Cian Williams,Italy Rugby,Loosehead Prop,South Africa,30,,1,0,0,0,0,20,5,38,Away Win
4620,2022-06-19,England Rugby,Italy Rugby,"Eden Park, Auckland",Six Nations,7,74,60,8,7,47,53,0,0,0,0,Pieter Caelan,England Rugby,Scrum-half,England,21,39,1,0,0,0,0,17,6,150,Home Win
4621,2024-03-01,Australia Wallabies,Uruguay Rugby,"Teufaiva Stadium, Tonga",The Rugby Championship,5,36,0,5,0,61,39,0,0,0,0,Cian Lowe,Australia Wallabies,Fly-half,New Zealand,28,43,2,4,1,0,0,18,0,105,Home Win
4622,2015-12-07,Scotland Rugby,France XV,"Stadium Australia, Sydney",The Rugby Championship,6,42,5,5,1,35,65,0,0,0,0,Rory van der Merwe,Scotland Rugby,Scrum-half,Scotland,19,77,1,0,0,0,0,5,3,112,Home Win
4623,2017-05-11,Scotland Rugby,Italy Rugby,"National Stadium, Tokyo",Rugby Europe Championship,1,20,0,1,0,60,40,0,0,0,0,Malcolm Brown,Italy Rugby,Scrum-half,Italy,27,23,3,0,0,0,0,20,5,126,Home Win
4624,2023-02-05,Fiji Rugby,Wales Rugby,"Teufaiva Stadium, Tonga",World Rugby U20 Championship,1,43,56,5,8,47,53,0,0,0,0,Rory Williams,Wales Rugby,Loosehead Prop,Wales,34,72,0,0,0,0,0,9,5,134,Away Win
4625,2021-11-23,Samoa Rugby,Tonga Rugby,"ANZ National Stadium, Suva",Six Nations,5,38,15,4,0,44,56,0,0,0,0,Sean Lowe,Tonga Rugby,Tighthead Prop,Tonga,23,4,1,0,0,0,0,5,1,,Home Win
4626,2021-09-10,Tonga Rugby,Scotland Rugby,"Ellis Park, Johannesburg",The Rugby Championship,2,14,41,1,5,64,36,0,0,0,0,Siya Henshaw,Scotland Rugby,Fullback,New Zealand,23,117,1,0,2,0,0,6,6,61,Away Win
4627,2023-10-16,Georgia Rugby,Scotland Rugby,"Estadio Jose Amalfitani, Buenos Aires",World Rugby U20 Championship,2,39,44,6,5,55,45,0,0,0,0,Taulupe Watson,Scotland Rugby,Number 8,New Zealand,30,73,2,0,0,0,0,7,5,100,Away Win
4628,2016-07-05,France XV,Romania Rugby,"Stadium Australia, Sydney",Rugby World Cup,5,21,18,3,0,51,49,0,1,0,0,Finn Curry,Romania Rugby,Blindside Flanker,Romania,20,14,3,0,0,0,0,10,3,32,Home Win
4629,2018-09-14,Georgia Rugby,Ireland Rugby,"Apia Park, Samoa",World Rugby U20 Championship,7,27,32,2,5,40,60,1,0,0,0,Siya Porter,Georgia Rugby,Scrum-half,Georgia,24,71,1,0,0,0,0,19,2,176,Away Win
4630,2018-06-05,Canada Rugby,Ireland Rugby,"Principality Stadium, Cardiff",Rugby Europe Championship,1,32,9,4,0,55,45,1,0,0,0,Justin van der Merwe,Ireland Rugby,Lock,South Africa,29,38,0,0,0,0,0,13,0,120,Home Win
4631,2020-05-16,Wales Rugby,USA Eagles,"Stade de France, Paris",Rugby World Cup,8,27,22,4,2,45,55,0,0,0,0,Tadhg Williams,Wales Rugby,Lock,Wales,24,92,2,0,0,0,0,,,21,Home Win
4632,2016-03-26,Ireland Rugby,New Zealand All Blacks,"Apia Park, Samoa",Six Nations,8,57,60,7,8,64,36,1,0,0,0,Finn van der Merwe,Ireland Rugby,Loosehead Prop,South Africa,26,94,1,0,0,0,0,0,4,4,Away Win
4633,2024-02-25,Ireland Rugby,New Zealand All Blacks,"Twickenham, London",The Rugby Championship,7,48,23,5,1,42,58,0,0,0,0,Owen Itoje,Ireland Rugby,Hooker,South Africa,29,116,0,0,0,0,0,17,0,106,Home Win
4634,2020-04-04,Scotland Rugby,Australia Wallabies,"Estadio Jose Amalfitani, Buenos Aires",Rugby Europe Championship,4,50,57,7,8,39,61,0,0,0,0,Mason Johnson,Scotland Rugby,Left Wing,Australia,28,6,2,0,0,0,0,17,4,130,Away Win
4635,2023-08-04,Australia Wallabies,Wales Rugby,"Stadio Olimpico, Rome",Rugby World Cup,6,19,42,2,6,36,64,0,0,0,0,Rory van der Merwe,Wales Rugby,Outside Centre,Wales,28,26,1,0,0,0,0,11,6,103,Away Win
4636,2023-12-03,Wales Rugby,Spain Rugby,"Aviva Stadium, Dublin",World Rugby U20 Championship,7,49,32,6,3,48,52,2,0,0,0,Grégoire Lowe,Wales Rugby,Openside Flanker,Wales,25,77,1,0,0,0,0,3,5,72,Home Win
4637,2015-11-13,USA Eagles,Romania Rugby,"National Stadium, Tokyo",Pacific Nations Cup,5,40,53,8,7,54,46,0,0,1,0,Callum van der Merwe,USA Eagles,Lock,New Zealand,28,7,3,0,0,1,0,15,6,163,Away Win
4638,2021-10-20,Spain Rugby,Tonga Rugby,"Apia Park, Samoa",Pacific Nations Cup,8,18,56,0,6,35,65,0,0,0,0,Callum Faletau,Tonga Rugby,Right Wing,New Zealand,26,38,0,0,0,0,0,16,,109,Away Win
4639,2018-11-15,Japan Brave Blossoms,Scotland Rugby,"ANZ National Stadium, Suva",Rugby World Cup,2,36,57,5,7,58,42,1,0,0,0,Sam Ntamack,Japan Brave Blossoms,Blindside Flanker,Australia,28,17,0,0,0,0,0,,1,145,Away Win
4640,2022-05-08,New Zealand All Blacks,Fiji Rugby,"ANZ National Stadium, Suva",World Rugby U20 Championship,8,48,32,6,2,46,54,1,0,0,0,Mason Faletau,New Zealand All Blacks,Fly-half,New Zealand,25,114,0,5,1,0,0,16,4,156,Home Win
4641,2019-11-02,Romania Rugby,Fiji Rugby,"Stadium Australia, Sydney",The Rugby Championship,7,19,48,1,7,38,62,0,0,0,0,Justin Doris,Fiji Rugby,Scrum-half,,26,40,3,0,0,0,0,3,1,7,Away Win
4642,2018-08-23,Japan Brave Blossoms,Ireland Rugby,"Aviva Stadium, Dublin",,3,22,30,2,3,50,50,1,0,0,0,Charles Furlong,Ireland Rugby,Inside Centre,Ireland,23,13,3,0,0,0,0,12,5,52,Away Win
4643,2016-04-21,Italy Rugby,Georgia Rugby,"Principality Stadium, Cardiff",Rugby Europe Championship,3,65,53,8,7,60,40,0,0,1,0,Sam Kolbe,Georgia Rugby,Hooker,Georgia,26,77,1,0,0,0,0,1,5,6,Home Win
4644,2020-12-15,Uruguay Rugby,Tonga Rugby,"Eden Park, Auckland",World Rugby U20 Championship,3,23,27,4,3,65,35,0,0,0,0,Pieter Smith,Uruguay Rugby,Fly-half,Argentina,23,40,1,2,3,0,0,14,6,55,Away Win
4645,2019-03-14,Wales Rugby,South Africa Springboks,"Teufaiva Stadium, Tonga",Rugby World Cup,8,32,51,3,5,43,57,0,0,0,0,Kieran Itoje,South Africa Springboks,Inside Centre,,22,5,1,0,0,0,0,7,1,4,Away Win
4646,2023-02-12,Ireland Rugby,South Africa Springboks,"Apia Park, Samoa",Rugby World Cup,6,57,25,7,3,43,57,1,0,0,0,Rory Watson,Ireland Rugby,Fullback,South Africa,28,87,3,0,4,0,0,14,8,96,Home Win
4647,2017-12-20,France XV,Georgia Rugby,"Aviva Stadium, Dublin",Rugby World Cup,6,30,27,3,3,52,48,0,0,0,0,Richie Jones,France XV,Hooker,Senegal,27,49,0,0,0,0,0,0,2,26,Home Win
4648,2016-08-11,Argentina Pumas,Uruguay Rugby,"Teufaiva Stadium, Tonga",The Rugby Championship,1,30,10,6,1,56,44,0,1,0,0,Hamish Doris,Uruguay Rugby,Hooker,Uruguay,30,9,0,0,0,0,0,11,1,27,Home Win
4649,2020-09-17,Uruguay Rugby,Spain Rugby,"Mikheil Meskhi Stadium, Tbilisi",The Rugby Championship,4,0,58,0,6,53,47,1,0,0,0,Oliver Dupont,Spain Rugby,Right Wing,Spain,25,21,3,0,0,0,0,6,8,1,Away Win
4650,2016-03-12,Italy Rugby,Wales Rugby,"Stadio Olimpico, Rome",Pacific Nations Cup,7,61,33,8,3,48,52,0,1,0,0,Owen Johnson,Italy Rugby,Outside Centre,Argentina,28,116,2,0,0,0,0,9,4,39,Home Win
4651,2017-08-27,Australia Wallabies,Wales Rugby,"Stade de France, Paris",Rugby Europe Championship,2,32,43,2,7,62,38,0,0,0,1,Benjamin Porter,Wales Rugby,Fly-half,Wales,29,3,3,0,1,1,0,7,6,48,Away Win
4652,2018-08-17,Canada Rugby,Italy Rugby,"Aviva Stadium, Dublin",Six Nations,6,41,55,4,8,62,38,0,0,0,0,Jamie Jones,Canada Rugby,Inside Centre,New Zealand,28,80,2,0,0,0,0,15,0,125,Away Win
4653,2019-11-02,Scotland Rugby,Uruguay Rugby,"Ellis Park, Johannesburg",Pacific Nations Cup,4,47,57,7,8,39,61,0,0,0,0,Kieran Watson,Scotland Rugby,Lock,Scotland,23,3,3,0,0,0,0,14,1,135,Away Win
4654,2019-02-04,Georgia Rugby,Uruguay Rugby,"Aviva Stadium, Dublin",Six Nations,8,38,53,4,8,42,58,0,1,0,0,Hugo Caelan,Georgia Rugby,Right Wing,Georgia,27,117,3,0,0,0,0,18,8,,Away Win
4655,2020-03-04,New Zealand All Blacks,Australia Wallabies,"Eden Park, Auckland",Rugby Europe Championship,3,14,22,2,4,43,57,2,0,0,0,Pieter Jones,New Zealand All Blacks,Right Wing,New Zealand,28,32,2,0,0,0,0,16,7,14,Away Win
4656,2021-02-08,Romania Rugby,USA Eagles,"Eden Park, Auckland",Rugby Europe Championship,8,22,52,4,7,63,37,0,0,0,0,Antoine Lowe,USA Eagles,Blindside Flanker,South Africa,27,81,1,0,0,0,0,3,2,48,Away Win
4657,2020-09-19,Italy Rugby,Spain Rugby,,Rugby Europe Championship,3,34,39,4,6,42,58,0,0,1,0,Henry de Klerk,Italy Rugby,Fullback,South Africa,18,81,1,0,2,0,0,,3,56,Away Win
4658,2018-06-15,South Africa Springboks,Tonga Rugby,"Stade de France, Paris",World Rugby U20 Championship,7,57,57,6,8,50,50,0,0,1,1,Charles Williams,Tonga Rugby,Hooker,New Zealand,27,20,3,0,0,0,0,,5,80,Draw
4659,2018-09-16,Argentina Pumas,Canada Rugby,"Teufaiva Stadium, Tonga",Rugby World Cup,8,44,15,6,0,53,47,0,0,0,0,Hugo Carbery,Argentina Pumas,Hooker,Argentina,35,111,0,0,0,0,0,10,1,75,Home Win
4660,2020-12-26,New Zealand All Blacks,Samoa Rugby,"ANZ National Stadium, Suva",Autumn Internationals,3,44,24,6,2,52,48,0,0,0,0,Finn Brown,Samoa Rugby,Lock,New Zealand,25,118,3,0,0,0,0,18,2,90,Home Win
4661,2021-08-07,Samoa Rugby,Spain Rugby,"National Stadium, Tokyo",Rugby Europe Championship,6,15,52,2,6,37,63,0,0,0,0,Faf Hogg,Samoa Rugby,Lock,New Zealand,24,37,2,0,0,0,0,17,5,148,Away Win
4662,2018-12-08,USA Eagles,England Rugby,"Teufaiva Stadium, Tonga",Six Nations,5,17,23,3,2,35,65,0,0,0,0,Conor Faletau,England Rugby,Inside Centre,New Zealand,28,90,1,0,0,0,0,3,3,105,Away Win
4663,2024-10-20,France XV,Fiji Rugby,"Teufaiva Stadium, Tonga",Rugby World Cup,8,65,43,7,8,65,35,1,0,0,0,Cian Faletau,Fiji Rugby,Number 8,Fiji,28,78,0,0,0,0,0,,1,72,Home Win
4664,2023-08-12,Georgia Rugby,Argentina Pumas,"Stadium Australia, Sydney",World Rugby U20 Championship,6,62,32,8,2,51,49,0,0,0,0,Ethan Jones,Argentina Pumas,Outside Centre,Argentina,31,118,1,0,0,0,0,16,6,173,Home Win
4665,2015-12-02,Australia Wallabies,Romania Rugby,"National Stadium, Tokyo",World Rugby U20 Championship,6,49,41,6,7,39,61,0,0,0,0,Hugo Caelan,Australia Wallabies,Outside Centre,New Zealand,,47,2,0,0,0,0,2,2,31,Home Win
4666,2022-12-13,South Africa Springboks,Uruguay Rugby,"Mikheil Meskhi Stadium, Tbilisi",Six Nations,2,54,36,7,6,49,51,0,0,0,0,Cian Itoje,Uruguay Rugby,Tighthead Prop,Argentina,29,84,1,0,0,0,0,18,1,,Home Win
4667,2017-08-08,Argentina Pumas,France XV,"Stade de France, Paris",Rugby Europe Championship,4,46,38,4,6,63,37,1,0,0,0,Antoine Itoje,Argentina Pumas,Blindside Flanker,Argentina,29,58,0,0,0,0,0,13,1,88,Home Win
4668,2020-03-14,Japan Brave Blossoms,South Africa Springboks,"Aviva Stadium, Dublin",Rugby World Cup,1,33,51,5,5,36,64,0,1,0,0,Mason Dupont,Japan Brave Blossoms,Left Wing,South Africa,26,59,1,0,0,0,0,18,4,151,Away Win
4669,2022-04-16,Scotland Rugby,Japan Brave Blossoms,"Stadium Australia, Sydney",Pacific Nations Cup,4,35,54,6,8,61,39,0,0,0,0,Stuart Williams,Scotland Rugby,Loosehead Prop,Australia,28,41,3,0,0,0,0,2,8,113,Away Win
4670,2023-12-07,Japan Brave Blossoms,Fiji Rugby,"Stadium Australia, Sydney",Rugby World Cup,4,40,47,4,7,35,65,0,0,0,0,Charles de Klerk,Fiji Rugby,Right Wing,Fiji,31,116,3,0,0,0,0,9,2,175,Away Win
4671,2020-07-18,France XV,Uruguay Rugby,"Murrayfield, Edinburgh",Pacific Nations Cup,8,41,7,7,1,60,40,0,0,0,0,Ethan Lowe,France XV,Right Wing,France,30,61,2,0,0,0,0,18,1,53,Home Win
4672,2018-04-15,USA Eagles,Wales Rugby,"ANZ National Stadium, Suva",Autumn Internationals,5,45,18,7,2,63,37,0,1,0,1,Lucas Doris,Wales Rugby,Lock,Wales,22,35,2,0,0,0,0,16,0,127,Home Win
4673,2020-07-08,Fiji Rugby,Scotland Rugby,"Apia Park, Samoa",Six Nations,6,22,34,2,5,37,63,1,0,0,0,Siya de Klerk,Fiji Rugby,Loosehead Prop,Fiji,30,1,3,0,0,0,0,6,0,50,Away Win
4674,2017-10-16,Canada Rugby,France XV,"Estadio Jose Amalfitani, Buenos Aires",Pacific Nations Cup,6,50,55,8,7,45,55,0,0,0,0,James Brown,France XV,Right Wing,Ivory Coast,26,103,2,0,0,0,0,2,1,166,Away Win
4675,2015-11-01,Fiji Rugby,South Africa Springboks,"Eden Park, Auckland",Autumn Internationals,5,52,43,6,5,42,58,1,0,0,1,Pieter Russell,Fiji Rugby,Blindside Flanker,Fiji,27,1,3,0,0,0,0,16,5,99,Home Win
4676,2015-02-14,Spain Rugby,Tonga Rugby,"Twickenham, London",World Rugby U20 Championship,2,62,20,7,3,49,51,1,0,0,1,Malcolm Faletau,Spain Rugby,Loosehead Prop,Spain,27,69,1,0,0,0,0,12,6,33,Home Win
4677,2024-07-16,Romania Rugby,Spain Rugby,"ANZ National Stadium, Suva",Autumn Internationals,3,19,43,2,6,58,42,1,0,0,0,Jamie Watson,Spain Rugby,Blindside Flanker,Argentina,26,7,0,0,0,0,0,11,8,24,Away Win
4678,2017-10-12,Tonga Rugby,New Zealand All Blacks,,Pacific Nations Cup,5,36,34,6,5,61,39,1,0,0,0,Alun Dupont,New Zealand All Blacks,Blindside Flanker,New Zealand,31,96,3,0,0,0,0,11,0,104,Home Win
4679,2017-10-27,Canada Rugby,USA Eagles,,Rugby World Cup,8,42,10,6,2,37,63,0,0,0,0,Liam Doris,USA Eagles,Lock,New Zealand,26,64,1,0,0,0,0,14,2,63,Home Win
4680,2015-10-07,Italy Rugby,New Zealand All Blacks,"Stadium Australia, Sydney",The Rugby Championship,7,48,55,7,7,62,38,1,0,0,0,James Hogg,Italy Rugby,Blindside Flanker,Italy,,,0,0,0,0,0,3,7,142,Away Win
4681,2018-11-04,Spain Rugby,Scotland Rugby,"Principality Stadium, Cardiff",World Rugby U20 Championship,8,45,33,6,4,36,64,0,0,0,0,Tadhg Dupont,Scotland Rugby,Inside Centre,Australia,25,63,3,0,0,0,0,18,1,109,Home Win
4682,2019-12-09,Georgia Rugby,Scotland Rugby,"Murrayfield, Edinburgh",Six Nations,4,30,60,2,6,36,64,1,0,0,0,Ethan Furlong,Scotland Rugby,Loosehead Prop,Scotland,27,96,2,0,0,1,0,,7,9,Away Win
4683,2021-05-23,Samoa Rugby,USA Eagles,"Aviva Stadium, Dublin",Rugby World Cup,4,22,45,1,5,64,36,0,1,0,0,Rory Brown,Samoa Rugby,Inside Centre,New Zealand,,118,3,0,0,1,0,9,2,82,Away Win
4684,2018-03-16,Italy Rugby,USA Eagles,,The Rugby Championship,6,12,25,0,1,40,60,0,1,0,1,Hugo Lowe,Italy Rugby,Loosehead Prop,Argentina,29,5,3,0,0,0,0,5,8,153,Away Win
4685,2017-07-03,England Rugby,Uruguay Rugby,"National Stadium, Tokyo",The Rugby Championship,1,55,3,6,0,46,54,1,0,0,0,Owen Ntamack,Uruguay Rugby,Openside Flanker,Uruguay,23,51,3,0,0,0,0,13,3,25,Home Win
4686,2019-08-08,Uruguay Rugby,Fiji Rugby,"Stade de France, Paris",Rugby Europe Championship,1,37,43,3,7,61,39,0,0,0,0,Ethan Williams,Fiji Rugby,Scrum-half,Fiji,36,109,2,0,0,0,0,18,7,4,Away Win
4687,2024-05-20,Samoa Rugby,Australia Wallabies,"Murrayfield, Edinburgh",The Rugby Championship,4,3,12,0,0,36,64,0,0,0,0,Liam Jones,Australia Wallabies,Tighthead Prop,Australia,28,119,3,0,0,0,0,19,7,97,Away Win
4688,2015-09-15,Georgia Rugby,France XV,"Aviva Stadium, Dublin",Rugby Europe Championship,3,37,30,4,4,57,43,0,1,0,0,Ethan Watson,France XV,Scrum-half,Senegal,32,19,0,0,0,0,0,10,3,148,Home Win
4689,2020-12-17,Ireland Rugby,Wales Rugby,"Principality Stadium, Cardiff",The Rugby Championship,1,48,45,6,8,53,47,0,0,0,0,Henry Watson,Ireland Rugby,Blindside Flanker,South Africa,26,67,2,0,0,0,0,18,7,3,Home Win
4690,2022-02-18,Romania Rugby,Ireland Rugby,"Mikheil Meskhi Stadium, Tbilisi",,5,32,3,4,0,49,51,2,1,0,0,Conor Williams,Ireland Rugby,Number 8,Ireland,29,62,0,0,0,0,0,6,8,91,Home Win
4691,2017-10-04,Georgia Rugby,Japan Brave Blossoms,"National Stadium, Tokyo",Rugby Europe Championship,3,19,43,3,6,37,63,0,1,0,0,Romain Carbery,Georgia Rugby,Fly-half,Georgia,30,77,0,3,0,0,0,17,2,30,Away Win
4692,2023-11-23,Fiji Rugby,New Zealand All Blacks,"National Stadium, Tokyo",Six Nations,7,62,64,8,8,60,40,0,0,0,0,Siya Lowe,Fiji Rugby,Scrum-half,Fiji,31,71,3,0,0,0,0,9,,177,Away Win
4693,2024-04-18,Australia Wallabies,Romania Rugby,"Eden Park, Auckland",World Rugby U20 Championship,5,29,9,3,0,44,56,0,0,0,0,Cheslin Brown,Australia Wallabies,Fullback,Fiji,31,117,3,0,2,1,0,20,0,36,Home Win
4694,2019-02-22,Samoa Rugby,France XV,"Teufaiva Stadium, Tonga",The Rugby Championship,2,3,64,0,8,63,37,0,0,0,0,Owen Lowe,Samoa Rugby,Openside Flanker,,30,70,2,0,0,0,0,18,4,74,Away Win
4695,2019-07-04,Samoa Rugby,England Rugby,"National Stadium, Tokyo",Pacific Nations Cup,4,55,0,8,0,52,48,0,0,0,0,Jamie Watson,Samoa Rugby,Number 8,New Zealand,25,41,0,0,0,0,0,11,6,142,Home Win
4696,2019-04-20,Ireland Rugby,Argentina Pumas,"National Stadium, Tokyo",Six Nations,6,28,31,4,4,45,55,0,0,0,0,Noah Lowe,Ireland Rugby,Number 8,Ireland,24,50,0,0,0,0,0,8,2,113,Away Win
4697,2023-02-28,Canada Rugby,Australia Wallabies,"Stadium Australia, Sydney",The Rugby Championship,6,50,15,7,2,52,48,0,1,0,0,Ethan Williams,Canada Rugby,Blindside Flanker,New Zealand,28,22,2,0,0,0,0,11,1,39,Home Win
4698,2022-02-10,Japan Brave Blossoms,Georgia Rugby,"Stadio Olimpico, Rome",Rugby Europe Championship,5,35,33,3,4,36,64,0,0,0,0,Justin Williams,Georgia Rugby,Fly-half,Georgia,30,109,1,1,1,0,0,15,3,162,Home Win
4699,2020-04-14,USA Eagles,Wales Rugby,"Aviva Stadium, Dublin",Pacific Nations Cup,8,38,30,6,3,55,45,0,0,0,0,Hugo Caelan,USA Eagles,Hooker,New Zealand,26,31,0,0,0,1,0,11,6,77,Home Win
4700,2015-05-03,Ireland Rugby,Wales Rugby,"Stadium Australia, Sydney",Pacific Nations Cup,2,59,25,7,5,51,49,0,0,0,0,Antoine Furlong,Wales Rugby,Fullback,Wales,31,113,1,0,2,0,0,4,2,145,Home Win
4701,2021-06-09,Australia Wallabies,Georgia Rugby,"National Stadium, Tokyo",Rugby Europe Championship,1,30,63,4,8,52,48,0,0,0,0,Grégoire Brown,Georgia Rugby,Inside Centre,Georgia,32,28,1,0,0,0,0,2,7,99,Away Win
4702,2023-02-12,Fiji Rugby,Canada Rugby,"Mikheil Meskhi Stadium, Tbilisi",Autumn Internationals,8,43,0,6,0,62,38,0,0,0,0,Justin van der Merwe,Canada Rugby,Outside Centre,New Zealand,23,36,1,0,0,0,0,2,8,148,Home Win
4703,2018-12-27,Canada Rugby,Wales Rugby,"Murrayfield, Edinburgh",Rugby World Cup,7,36,7,6,1,39,61,0,0,0,0,Owen Smith,Wales Rugby,Fly-half,New Zealand,23,89,0,1,4,0,0,14,8,122,Home Win
4704,2016-06-09,Georgia Rugby,Uruguay Rugby,"Ellis Park, Johannesburg",Rugby Europe Championship,2,9,46,0,5,50,50,0,0,1,0,Rory Carbery,Georgia Rugby,Left Wing,Georgia,26,94,3,0,0,0,0,6,5,45,Away Win
4705,2018-03-23,Georgia Rugby,Romania Rugby,"National Stadium, Tokyo",Pacific Nations Cup,8,58,12,6,0,40,60,1,0,0,0,Finn Faletau,Romania Rugby,Left Wing,France,28,57,3,0,0,0,0,10,7,8,Home Win
4706,2023-10-01,Argentina Pumas,England Rugby,"Principality Stadium, Cardiff",The Rugby Championship,5,11,57,1,8,55,45,2,1,0,0,Beauden Itoje,Argentina Pumas,Lock,Argentina,24,,2,0,0,1,0,15,1,156,Away Win
4707,2015-07-28,France XV,Ireland Rugby,"Stadio Olimpico, Rome",World Rugby U20 Championship,2,47,18,7,0,41,59,1,0,0,0,William Russell,Ireland Rugby,Fly-half,Ireland,32,110,2,5,2,0,0,,1,129,Home Win
4708,2016-12-08,Uruguay Rugby,Samoa Rugby,"ANZ National Stadium, Suva",The Rugby Championship,4,45,34,6,5,48,52,0,0,0,0,Callum Hogg,Samoa Rugby,Blindside Flanker,Samoa,28,54,0,0,0,0,0,11,0,31,Home Win
4709,2023-04-17,USA Eagles,Scotland Rugby,"Apia Park, Samoa",Six Nations,3,56,25,7,4,58,42,0,1,0,0,Finn Jones,USA Eagles,Lock,New Zealand,27,89,3,0,0,0,0,13,3,177,Home Win
4710,2016-12-23,Japan Brave Blossoms,Scotland Rugby,"Aviva Stadium, Dublin",Pacific Nations Cup,1,70,17,8,3,50,50,0,0,0,0,Sean Lowe,Scotland Rugby,Tighthead Prop,Australia,21,57,0,0,0,0,0,14,2,92,Home Win
4711,2015-06-24,Scotland Rugby,Spain Rugby,"Stadio Olimpico, Rome",,1,45,9,6,0,55,45,0,1,0,0,Finn Henshaw,Spain Rugby,Right Wing,Argentina,21,25,3,0,0,0,0,2,7,152,Home Win
4712,2018-05-12,Japan Brave Blossoms,South Africa Springboks,"National Stadium, Tokyo",Pacific Nations Cup,7,35,52,5,6,53,47,0,1,0,0,Sam Watson,Japan Brave Blossoms,Fullback,Australia,28,120,3,0,4,0,0,1,2,59,Away Win
4713,2022-01-27,Spain Rugby,Fiji Rugby,"Ellis Park, Johannesburg",Rugby World Cup,2,25,55,1,6,43,57,1,0,0,0,Romain Barrett,Spain Rugby,Number 8,Spain,18,87,3,0,0,0,1,5,5,98,Away Win
4714,2021-07-11,New Zealand All Blacks,USA Eagles,"Estadio Jose Amalfitani, Buenos Aires",Pacific Nations Cup,5,27,51,5,6,44,56,0,2,0,0,Pieter Henshaw,USA Eagles,Openside Flanker,USA,31,51,3,0,0,1,0,2,2,125,Away Win
4715,2024-07-28,Uruguay Rugby,Georgia Rugby,"Mikheil Meskhi Stadium, Tbilisi",Rugby World Cup,8,51,11,8,1,50,50,0,0,0,1,Josh Watson,Uruguay Rugby,Fly-half,Argentina,26,97,3,0,3,0,0,13,,115,Home Win
4716,2024-07-25,England Rugby,Japan Brave Blossoms,"Eden Park, Auckland",Autumn Internationals,7,0,37,0,3,36,64,0,0,0,0,Rory Barrett,England Rugby,Blindside Flanker,South Africa,39,63,3,0,0,0,0,7,1,101,Away Win
4717,2024-06-12,Romania Rugby,Wales Rugby,"Stade de France, Paris",Six Nations,3,31,20,5,1,60,40,0,0,0,0,Cheslin Jones,Romania Rugby,Openside Flanker,,36,66,1,0,0,0,0,13,1,,Home Win
4718,2015-01-26,Uruguay Rugby,Ireland Rugby,"Twickenham, London",Pacific Nations Cup,8,24,33,3,3,53,47,0,1,0,0,Lucas Furlong,Ireland Rugby,Scrum-half,New Zealand,26,34,2,0,0,1,0,9,,59,Away Win
4719,2017-07-02,Fiji Rugby,France XV,"Stade de France, Paris",Rugby Europe Championship,1,62,12,7,0,42,58,0,1,0,0,Kieran Lowe,France XV,Lock,Senegal,26,100,1,0,0,0,0,7,3,136,Home Win
4720,2023-08-15,Canada Rugby,Samoa Rugby,"Aviva Stadium, Dublin",Six Nations,7,3,18,0,0,52,48,0,0,0,0,Faf de Klerk,Canada Rugby,Outside Centre,New Zealand,30,44,3,0,0,0,0,15,7,105,Away Win
4721,2022-10-19,Samoa Rugby,Georgia Rugby,"Murrayfield, Edinburgh",Rugby World Cup,5,14,15,1,0,60,40,1,1,0,0,Rory Ntamack,Georgia Rugby,Scrum-half,Georgia,33,49,3,0,0,0,0,7,8,17,Away Win
4722,2023-10-02,Wales Rugby,Spain Rugby,"Estadio Jose Amalfitani, Buenos Aires",The Rugby Championship,8,18,47,2,5,63,37,1,0,0,0,Mason Hogg,Spain Rugby,Lock,Spain,20,15,1,0,0,0,0,4,0,29,Away Win
4723,2021-02-22,Japan Brave Blossoms,Georgia Rugby,"Estadio Jose Amalfitani, Buenos Aires",Six Nations,2,39,67,4,7,63,37,0,0,0,0,William Kolbe,Japan Brave Blossoms,Outside Centre,Japan,19,75,2,0,0,0,0,3,1,145,Away Win
4724,2015-02-05,France XV,Australia Wallabies,"Aviva Stadium, Dublin",World Rugby U20 Championship,1,25,31,5,5,55,45,1,0,0,0,Taulupe Doris,France XV,Lock,Senegal,24,14,2,0,0,0,0,9,8,179,Away Win
4725,2019-01-11,Romania Rugby,Canada Rugby,"Eden Park, Auckland",The Rugby Championship,7,37,39,4,4,49,51,0,0,0,0,Hamish Caelan,Romania Rugby,Blindside Flanker,France,29,50,3,0,0,0,0,17,8,35,Away Win
4726,2021-06-14,Canada Rugby,USA Eagles,"Teufaiva Stadium, Tonga",Six Nations,8,54,35,6,7,45,55,0,2,0,0,Cian Taylor,Canada Rugby,Fullback,New Zealand,28,38,3,0,2,0,0,11,,161,Home Win
4727,2020-08-27,Tonga Rugby,Romania Rugby,"Stadium Australia, Sydney",Pacific Nations Cup,5,49,0,7,0,57,43,1,1,0,0,Owen de Klerk,Romania Rugby,Inside Centre,France,31,43,3,0,0,0,0,17,5,52,Home Win
4728,2024-06-19,USA Eagles,Spain Rugby,"Estadio Jose Amalfitani, Buenos Aires",The Rugby Championship,8,22,33,2,3,62,38,0,0,0,0,Jamie Brown,Spain Rugby,Loosehead Prop,Argentina,22,20,3,0,0,0,0,12,5,7,Away Win
4729,2022-02-10,England Rugby,Argentina Pumas,"Aviva Stadium, Dublin",Six Nations,7,49,34,8,4,48,52,0,0,0,0,Antoine Faletau,Argentina Pumas,Loosehead Prop,Argentina,18,32,0,0,0,0,0,7,4,40,Home Win
4730,2023-06-25,England Rugby,Wales Rugby,"Aviva Stadium, Dublin",Rugby Europe Championship,6,43,26,5,2,61,39,0,0,0,0,Mason Barrett,England Rugby,Hooker,South Africa,30,108,2,0,0,1,0,18,,148,Home Win
4731,2022-10-09,Romania Rugby,Spain Rugby,"National Stadium, Tokyo",Pacific Nations Cup,1,12,3,0,0,58,42,1,0,0,0,Callum Johnson,Romania Rugby,Lock,France,23,38,2,0,0,0,0,15,0,141,Home Win
4732,2021-12-25,South Africa Springboks,Spain Rugby,"Stade de France, Paris",The Rugby Championship,3,57,31,8,5,40,60,1,0,0,0,Finn Watson,Spain Rugby,Number 8,Spain,18,55,3,0,0,0,1,14,5,49,Home Win
4733,2020-09-11,Scotland Rugby,England Rugby,"Teufaiva Stadium, Tonga",Six Nations,6,29,6,2,0,57,43,2,0,0,1,Jamie Williams,Scotland Rugby,Tighthead Prop,,27,13,1,0,0,0,0,11,0,161,Home Win
4734,2022-01-06,Samoa Rugby,Georgia Rugby,"Stade de France, Paris",World Rugby U20 Championship,6,46,31,7,5,58,42,0,2,0,0,Richie Carbery,Georgia Rugby,Loosehead Prop,Georgia,30,93,2,0,0,0,0,1,2,53,Home Win
4735,2022-09-26,New Zealand All Blacks,Samoa Rugby,"Murrayfield, Edinburgh",Autumn Internationals,8,54,22,6,1,53,47,0,0,0,0,Siya Carbery,New Zealand All Blacks,Blindside Flanker,New Zealand,26,115,2,0,0,1,0,18,,98,Home Win
4736,2015-08-21,Ireland Rugby,South Africa Springboks,"Estadio Jose Amalfitani, Buenos Aires",Autumn Internationals,6,33,6,5,0,41,59,0,0,0,0,Cheslin Curry,South Africa Springboks,Tighthead Prop,South Africa,25,43,0,0,0,1,0,14,7,114,Home Win
4737,2023-02-09,Canada Rugby,Spain Rugby,"Twickenham, London",World Rugby U20 Championship,1,24,48,4,6,65,35,0,0,0,0,Richie Dupont,Spain Rugby,Right Wing,Spain,26,75,3,0,0,0,0,,1,23,Away Win
4738,2019-12-23,Scotland Rugby,USA Eagles,"Ellis Park, Johannesburg",Rugby Europe Championship,5,0,33,0,6,48,52,0,0,0,0,Grégoire Smith,USA Eagles,Fly-half,USA,25,12,3,1,3,0,0,15,2,78,Away Win
4739,2023-10-27,Tonga Rugby,New Zealand All Blacks,"Ellis Park, Johannesburg",Six Nations,2,60,17,8,3,58,42,0,1,0,0,Lucas Henshaw,New Zealand All Blacks,Number 8,New Zealand,21,84,0,0,0,0,0,19,6,160,Home Win
4740,2019-03-24,Argentina Pumas,Uruguay Rugby,"Stade de France, Paris",Autumn Internationals,8,45,50,6,7,50,50,0,0,0,0,Alun Kolbe,Argentina Pumas,Lock,Argentina,24,57,2,0,0,0,0,5,6,47,Away Win
4741,2020-01-02,Canada Rugby,Argentina Pumas,"Murrayfield, Edinburgh",Rugby World Cup,4,49,50,5,7,60,40,0,0,0,0,Oliver Taylor,Canada Rugby,Lock,Canada,29,52,0,0,0,0,0,17,6,33,Away Win
4742,2017-05-03,Fiji Rugby,Georgia Rugby,"ANZ National Stadium, Suva",,1,0,40,0,5,60,40,0,0,0,0,Cheslin Hogg,Georgia Rugby,Right Wing,Georgia,28,108,1,0,0,0,0,8,5,122,Away Win
4743,2015-01-26,Japan Brave Blossoms,France XV,"ANZ National Stadium, Suva",Autumn Internationals,4,41,15,5,2,58,42,2,0,0,0,Liam Itoje,France XV,Outside Centre,France,27,92,1,0,0,0,0,9,7,95,Home Win
4744,2020-06-23,England Rugby,Italy Rugby,"Aviva Stadium, Dublin",Autumn Internationals,4,27,47,4,5,63,37,0,2,0,0,Callum van der Merwe,Italy Rugby,Left Wing,Argentina,23,33,0,0,0,0,0,0,6,105,Away Win
4745,2022-12-25,Georgia Rugby,South Africa Springboks,"Teufaiva Stadium, Tonga",Rugby Europe Championship,4,35,35,6,5,62,38,0,0,0,0,Finn Lowe,Georgia Rugby,Fly-half,Georgia,26,71,1,3,1,1,0,0,6,120,Draw
4746,2016-09-07,Argentina Pumas,Canada Rugby,"Apia Park, Samoa",Rugby Europe Championship,6,29,48,2,6,59,41,1,0,0,0,Mason Caelan,Canada Rugby,Loosehead Prop,Canada,18,104,0,0,0,0,0,4,0,58,Away Win
4747,2016-03-26,England Rugby,Tonga Rugby,,Rugby Europe Championship,8,13,35,2,5,55,45,0,0,0,0,Finn Smith,Tonga Rugby,Blindside Flanker,New Zealand,27,65,1,0,0,0,0,15,6,163,Away Win
4748,2018-02-12,USA Eagles,Italy Rugby,"Eden Park, Auckland",Autumn Internationals,3,39,52,6,6,63,37,1,0,0,0,Mason Williams,USA Eagles,Number 8,South Africa,32,71,3,0,0,0,0,7,1,28,Away Win
4749,2023-08-24,Tonga Rugby,Wales Rugby,"Apia Park, Samoa",World Rugby U20 Championship,4,44,27,7,2,44,56,0,0,0,0,William Smith,Tonga Rugby,Left Wing,New Zealand,21,59,3,0,0,1,0,17,0,23,Home Win
4750,2015-02-11,Georgia Rugby,Uruguay Rugby,"Murrayfield, Edinburgh",Autumn Internationals,3,54,10,8,2,58,42,1,1,1,0,Cheslin Lowe,Uruguay Rugby,Blindside Flanker,Uruguay,24,105,0,0,0,0,0,14,1,173,Home Win
4751,2020-11-26,France XV,USA Eagles,"Estadio Jose Amalfitani, Buenos Aires",Rugby World Cup,3,55,38,7,4,39,61,0,1,0,0,Finn Henshaw,France XV,Fly-half,Ivory Coast,28,73,2,1,2,0,0,10,1,85,Home Win
4752,2022-09-24,Argentina Pumas,Uruguay Rugby,"Murrayfield, Edinburgh",Autumn Internationals,2,15,19,0,3,63,37,1,0,0,0,Stuart Kolbe,Uruguay Rugby,Outside Centre,Uruguay,32,101,0,0,0,0,0,8,6,163,Away Win
4753,2024-03-26,USA Eagles,New Zealand All Blacks,"National Stadium, Tokyo",Rugby World Cup,7,32,32,4,5,63,37,0,0,0,0,Lucas Hogg,USA Eagles,Openside Flanker,USA,25,31,0,0,0,0,0,0,6,92,Draw
4754,2024-07-11,Uruguay Rugby,New Zealand All Blacks,"ANZ National Stadium, Suva",Pacific Nations Cup,8,39,59,5,8,50,50,0,1,0,0,Beauden de Klerk,Uruguay Rugby,Fly-half,Argentina,24,14,3,0,2,0,0,2,8,82,Away Win
4755,2018-11-27,USA Eagles,Romania Rugby,"Teufaiva Stadium, Tonga",Six Nations,4,55,35,7,5,36,64,0,0,0,0,Rory Johnson,Romania Rugby,Number 8,France,19,,2,0,0,0,0,11,7,157,Home Win
4756,2022-06-19,Argentina Pumas,Canada Rugby,"Estadio Jose Amalfitani, Buenos Aires",Pacific Nations Cup,5,41,30,4,2,60,40,1,0,0,0,Conor Williams,Canada Rugby,Lock,New Zealand,27,107,2,0,0,0,0,16,,38,Home Win
4757,2023-07-08,Uruguay Rugby,Scotland Rugby,"Estadio Jose Amalfitani, Buenos Aires",Six Nations,6,67,22,8,2,48,52,0,1,1,0,Grégoire Furlong,Scotland Rugby,Fullback,New Zealand,35,118,1,0,0,0,0,17,4,174,Home Win
4758,2015-02-21,Australia Wallabies,England Rugby,"Stadium Australia, Sydney",Pacific Nations Cup,8,41,26,6,3,65,35,0,2,0,0,Hamish Watson,England Rugby,Tighthead Prop,South Africa,28,42,2,0,0,1,0,19,0,95,Home Win
4759,2022-06-01,Fiji Rugby,Ireland Rugby,"Stadio Olimpico, Rome",Six Nations,1,5,58,1,6,47,53,0,0,0,0,William Johnson,Ireland Rugby,Scrum-half,New Zealand,26,79,2,0,0,0,0,15,2,178,Away Win
4760,2017-12-09,France XV,Italy Rugby,"Stade de France, Paris",Autumn Internationals,7,15,33,0,5,44,56,0,1,0,0,Conor Itoje,Italy Rugby,Inside Centre,Argentina,28,61,2,0,0,0,0,9,0,108,Away Win
4761,2018-07-03,Fiji Rugby,Tonga Rugby,"Twickenham, London",Six Nations,2,55,23,8,2,48,52,0,0,0,0,Alun Hogg,Tonga Rugby,Lock,Tonga,26,29,1,0,0,0,0,9,8,140,Home Win
4762,2019-08-24,Tonga Rugby,Fiji Rugby,"ANZ National Stadium, Suva",Rugby World Cup,2,58,32,7,6,41,59,0,0,0,0,James Ntamack,Fiji Rugby,Tighthead Prop,Fiji,23,114,0,0,0,1,0,12,2,153,Home Win
4763,2018-10-16,Samoa Rugby,France XV,"Aviva Stadium, Dublin",Rugby World Cup,6,16,57,1,7,56,44,0,0,0,0,Rory Watson,France XV,Inside Centre,France,30,18,0,0,0,0,0,7,7,97,Away Win
4764,2015-10-06,Argentina Pumas,Wales Rugby,"Stadio Olimpico, Rome",Autumn Internationals,5,41,36,7,3,60,40,0,1,0,0,Jamie Kolbe,Wales Rugby,Fullback,New Zealand,27,106,1,0,3,0,0,16,7,15,Home Win
4765,2024-03-09,Samoa Rugby,England Rugby,"Teufaiva Stadium, Tonga",The Rugby Championship,6,43,45,5,6,39,61,1,0,0,0,Lucas Faletau,England Rugby,Loosehead Prop,New Zealand,27,93,3,0,0,0,0,5,7,,Away Win
4766,2022-01-13,Spain Rugby,Fiji Rugby,"Estadio Jose Amalfitani, Buenos Aires",Rugby World Cup,5,36,18,4,0,37,63,0,0,0,0,Ethan Brown,Spain Rugby,Fly-half,Argentina,23,10,2,3,2,0,0,20,1,64,Home Win
4767,2022-04-14,Fiji Rugby,Argentina Pumas,"Teufaiva Stadium, Tonga",The Rugby Championship,4,15,47,0,5,40,60,1,1,0,0,Charles Curry,Argentina Pumas,Inside Centre,Argentina,32,12,2,0,0,0,0,9,6,25,Away Win
4768,2019-05-10,Tonga Rugby,Spain Rugby,"Twickenham, London",World Rugby U20 Championship,4,42,40,5,5,56,44,0,0,0,0,Cheslin Dupont,Spain Rugby,Outside Centre,Spain,29,,2,0,0,0,0,11,,171,Home Win
4769,2021-08-04,USA Eagles,Romania Rugby,"Apia Park, Samoa",World Rugby U20 Championship,4,68,3,8,0,42,58,0,0,1,0,Josh Furlong,USA Eagles,Number 8,South Africa,24,51,0,0,0,0,0,7,3,13,Home Win
4770,2023-02-12,Wales Rugby,Tonga Rugby,"Murrayfield, Edinburgh",Autumn Internationals,5,42,48,5,5,38,62,0,2,1,0,Stuart Porter,Tonga Rugby,Hooker,New Zealand,31,110,0,0,0,0,0,19,6,38,Away Win
4771,2017-05-22,USA Eagles,Italy Rugby,"Stadium Australia, Sydney",Pacific Nations Cup,3,69,37,8,4,38,62,0,0,0,0,Conor Smith,Italy Rugby,Number 8,Italy,,69,3,0,0,0,0,5,6,123,Home Win
4772,2016-11-26,Samoa Rugby,Japan Brave Blossoms,"Ellis Park, Johannesburg",World Rugby U20 Championship,1,31,15,4,0,36,64,0,0,0,0,Lucas Taylor,Samoa Rugby,Fullback,Samoa,23,104,2,0,2,0,0,11,5,1,Home Win
4773,2018-08-11,Georgia Rugby,Argentina Pumas,"Mikheil Meskhi Stadium, Tbilisi",Six Nations,1,18,49,0,5,49,51,1,0,0,0,Finn Itoje,Argentina Pumas,Lock,Argentina,23,111,0,0,0,1,0,13,6,13,Away Win
4774,2015-12-01,France XV,New Zealand All Blacks,"Stadio Olimpico, Rome",Six Nations,4,43,31,5,4,53,47,0,0,0,0,Ethan de Klerk,France XV,Scrum-half,France,19,62,3,0,0,0,0,15,0,,Home Win
4775,2021-12-13,Georgia Rugby,England Rugby,"Principality Stadium, Cardiff",Six Nations,6,3,51,0,7,57,43,0,0,0,0,William Johnson,England Rugby,Hooker,South Africa,28,62,3,0,0,0,0,17,5,64,Away Win
4776,2016-12-06,Samoa Rugby,USA Eagles,"Eden Park, Auckland",World Rugby U20 Championship,2,6,12,0,0,42,58,1,0,0,0,Josh Caelan,USA Eagles,Blindside Flanker,USA,19,100,2,0,0,0,0,17,1,17,Away Win
4777,2020-03-11,Scotland Rugby,Tonga Rugby,"Stadium Australia, Sydney",Six Nations,1,39,30,6,3,57,43,1,0,0,0,Hugo van der Merwe,Scotland Rugby,Outside Centre,Scotland,22,20,2,0,0,0,0,0,8,75,Home Win
4778,2020-10-18,Japan Brave Blossoms,Australia Wallabies,"Principality Stadium, Cardiff",The Rugby Championship,5,22,47,1,7,43,57,0,0,0,0,Callum Watson,Japan Brave Blossoms,Blindside Flanker,Japan,18,79,1,0,0,0,0,7,8,87,Away Win
4779,2021-06-07,France XV,USA Eagles,"Stadio Olimpico, Rome",Six Nations,4,28,17,5,3,65,35,0,0,0,0,Liam Doris,France XV,Fullback,France,26,76,0,0,0,1,0,10,0,50,Home Win
4780,2021-01-21,France XV,South Africa Springboks,"Aviva Stadium, Dublin",Six Nations,7,54,46,6,7,37,63,0,1,0,0,Jamie Porter,France XV,Fullback,Ivory Coast,26,24,1,0,2,0,0,7,2,41,Home Win
4781,2022-01-03,Japan Brave Blossoms,Tonga Rugby,"Stadium Australia, Sydney",Pacific Nations Cup,3,28,30,5,3,44,56,0,0,0,0,Benjamin Barrett,Tonga Rugby,Hooker,New Zealand,25,5,0,0,0,1,1,14,6,92,Away Win
4782,2015-06-04,Spain Rugby,France XV,"Stade de France, Paris",Six Nations,8,42,50,4,8,50,50,0,0,0,0,Alun Faletau,France XV,Openside Flanker,Ivory Coast,22,9,0,0,0,0,0,10,7,106,Away Win
4783,2020-11-08,Romania Rugby,Uruguay Rugby,"ANZ National Stadium, Suva",Rugby World Cup,5,21,41,2,6,45,55,0,0,1,0,Malcolm van der Merwe,Uruguay Rugby,Outside Centre,Uruguay,22,61,0,0,0,0,0,20,4,49,Away Win
4784,2020-07-01,Italy Rugby,Georgia Rugby,"Eden Park, Auckland",Rugby Europe Championship,7,25,12,1,0,40,60,0,1,0,0,Hugo Carbery,Georgia Rugby,Fullback,Georgia,28,105,1,0,3,0,0,4,5,20,Home Win
4785,2017-01-09,Georgia Rugby,Scotland Rugby,"ANZ National Stadium, Suva",Pacific Nations Cup,3,22,68,2,8,63,37,0,0,0,0,Noah van der Merwe,Georgia Rugby,Scrum-half,Georgia,24,28,2,0,0,0,0,17,1,126,Away Win
4786,2017-08-12,Australia Wallabies,South Africa Springboks,,The Rugby Championship,8,18,45,2,6,52,48,0,0,0,0,Liam Barrett,South Africa Springboks,Lock,South Africa,28,8,2,0,0,1,0,19,3,120,Away Win
4787,2019-05-14,England Rugby,New Zealand All Blacks,"Apia Park, Samoa",Rugby Europe Championship,5,25,16,1,2,43,57,0,0,0,0,Cian Jones,England Rugby,Left Wing,South Africa,23,96,3,0,0,0,0,19,2,17,Home Win
4788,2021-07-14,Italy Rugby,Argentina Pumas,"Twickenham, London",Pacific Nations Cup,3,6,23,0,4,60,40,0,0,0,0,Mason Williams,Italy Rugby,Tighthead Prop,Argentina,27,45,1,0,0,0,0,20,7,148,Away Win
4789,2018-08-08,Tonga Rugby,New Zealand All Blacks,"Ellis Park, Johannesburg",The Rugby Championship,1,9,52,0,7,65,35,2,0,0,0,Cheslin Curry,New Zealand All Blacks,Blindside Flanker,New Zealand,32,78,3,0,0,0,0,12,7,111,Away Win
4790,2023-11-28,Romania Rugby,Italy Rugby,"Murrayfield, Edinburgh",Six Nations,8,47,52,7,8,65,35,0,0,0,0,Antoine Itoje,Romania Rugby,Number 8,Romania,29,92,3,0,0,0,0,15,2,160,Away Win
4791,2022-01-15,USA Eagles,Fiji Rugby,"Estadio Jose Amalfitani, Buenos Aires",The Rugby Championship,3,28,18,4,3,58,42,0,0,0,0,Siya Lowe,USA Eagles,Hooker,USA,25,97,2,0,0,0,0,20,4,41,Home Win
4792,2020-01-16,Georgia Rugby,Wales Rugby,"Estadio Jose Amalfitani, Buenos Aires",World Rugby U20 Championship,8,29,18,3,0,54,46,1,1,0,0,Kieran Hogg,Wales Rugby,Inside Centre,Wales,28,32,1,0,0,0,0,13,6,43,Home Win
4793,2018-03-15,Samoa Rugby,Georgia Rugby,"Stade de France, Paris",World Rugby U20 Championship,4,54,30,6,2,38,62,0,0,0,0,Stuart Watson,Georgia Rugby,Number 8,Georgia,26,73,2,0,0,0,0,,1,107,Home Win
4794,2022-02-04,South Africa Springboks,England Rugby,"Twickenham, London",The Rugby Championship,6,17,30,1,2,55,45,0,0,0,1,Oliver Russell,South Africa Springboks,Outside Centre,South Africa,27,86,0,0,0,0,0,1,2,36,Away Win
4795,2023-07-08,Argentina Pumas,France XV,"Stadio Olimpico, Rome",Six Nations,2,26,31,2,3,56,44,0,0,0,0,Jamie Curry,Argentina Pumas,Outside Centre,Argentina,25,119,0,0,0,0,0,2,5,150,Away Win
4796,2021-02-22,Canada Rugby,New Zealand All Blacks,"Stadio Olimpico, Rome",Rugby Europe Championship,8,30,24,3,3,36,64,0,0,1,0,William Taylor,New Zealand All Blacks,Inside Centre,New Zealand,26,23,1,0,0,1,0,9,6,13,Home Win
4797,2015-02-04,Georgia Rugby,Ireland Rugby,"Stade de France, Paris",Rugby World Cup,6,21,35,2,4,63,37,0,0,0,0,William Henshaw,Georgia Rugby,Blindside Flanker,Georgia,27,43,3,0,0,0,0,20,7,82,Away Win
4798,2024-11-21,USA Eagles,Ireland Rugby,"Eden Park, Auckland",Pacific Nations Cup,7,24,52,4,8,42,58,0,0,0,1,Henry Curry,USA Eagles,Left Wing,New Zealand,23,14,2,0,0,0,0,13,4,56,Away Win
4799,2015-04-08,Wales Rugby,Japan Brave Blossoms,"ANZ National Stadium, Suva",Six Nations,3,32,27,4,2,63,37,0,1,0,0,Jamie Carbery,Japan Brave Blossoms,Outside Centre,South Africa,22,46,1,0,0,0,0,10,1,127,Home Win
4800,2020-07-13,Ireland Rugby,England Rugby,"National Stadium, Tokyo",Autumn Internationals,8,25,0,5,0,41,59,0,0,0,0,Lucas Itoje,England Rugby,Left Wing,England,21,6,0,0,0,0,0,1,4,67,Home Win
4801,2016-03-12,Australia Wallabies,USA Eagles,"Teufaiva Stadium, Tonga",Pacific Nations Cup,8,20,45,2,6,37,63,0,1,0,0,Antoine van der Merwe,Australia Wallabies,Right Wing,Australia,20,6,2,0,0,1,0,,5,29,Away Win
4802,2017-09-20,Canada Rugby,Italy Rugby,"Eden Park, Auckland",World Rugby U20 Championship,1,38,55,6,7,48,52,2,0,0,0,Stuart Lowe,Canada Rugby,Inside Centre,Canada,22,31,3,0,0,0,0,19,4,64,Away Win
4803,2024-03-22,Wales Rugby,Spain Rugby,"Mikheil Meskhi Stadium, Tbilisi",Autumn Internationals,7,19,25,1,1,36,64,1,0,0,0,Charles Watson,Wales Rugby,Lock,New Zealand,27,,1,0,0,0,0,8,8,95,Away Win
4804,2016-05-07,USA Eagles,Fiji Rugby,"Stade de France, Paris",The Rugby Championship,6,10,15,2,3,42,58,0,0,0,0,Sean Watson,Fiji Rugby,Right Wing,Fiji,23,4,1,0,0,0,0,5,8,60,Away Win
4805,2021-05-26,Japan Brave Blossoms,New Zealand All Blacks,"Teufaiva Stadium, Tonga",Pacific Nations Cup,4,52,23,8,2,35,65,1,0,0,0,Siya Watson,Japan Brave Blossoms,Outside Centre,New Zealand,29,17,2,0,0,0,0,17,3,17,Home Win
4806,2021-05-26,Argentina Pumas,Spain Rugby,"Stadium Australia, Sydney",The Rugby Championship,4,43,27,7,3,60,40,0,0,0,0,Beauden Russell,Spain Rugby,Fullback,Argentina,27,93,2,0,2,0,0,7,4,46,Home Win
4807,2021-03-19,Scotland Rugby,Spain Rugby,"Ellis Park, Johannesburg",World Rugby U20 Championship,7,41,17,6,1,54,46,0,0,0,0,Taulupe Williams,Scotland Rugby,Fly-half,Australia,19,112,1,4,3,0,0,2,4,3,Home Win
4808,2017-11-16,New Zealand All Blacks,Argentina Pumas,"Murrayfield, Edinburgh",Pacific Nations Cup,1,40,62,4,8,38,62,0,1,0,0,Owen Watson,Argentina Pumas,Fly-half,Argentina,29,21,0,0,3,0,0,17,5,46,Away Win
4809,2023-05-11,Georgia Rugby,South Africa Springboks,"Ellis Park, Johannesburg",Rugby Europe Championship,7,23,35,1,3,61,39,0,2,0,0,Cheslin Barrett,Georgia Rugby,Blindside Flanker,Georgia,30,92,0,0,0,0,0,12,1,9,Away Win
4810,2019-09-05,Spain Rugby,USA Eagles,"National Stadium, Tokyo",The Rugby Championship,7,34,55,3,7,45,55,0,0,0,0,Hugo de Klerk,USA Eagles,Left Wing,New Zealand,23,11,2,0,0,0,0,19,1,18,Away Win
4811,2024-09-22,Argentina Pumas,Romania Rugby,"Teufaiva Stadium, Tonga",Rugby Europe Championship,1,7,13,1,2,44,56,0,2,0,0,Kieran Furlong,Argentina Pumas,Left Wing,Argentina,28,31,3,0,0,0,0,7,7,162,Away Win
4812,2024-03-06,Uruguay Rugby,Japan Brave Blossoms,"Mikheil Meskhi Stadium, Tbilisi",Six Nations,2,19,8,3,1,57,43,0,0,0,0,Henry Barrett,Japan Brave Blossoms,Number 8,New Zealand,23,31,1,0,0,0,0,2,7,135,Home Win
4813,2023-05-03,Japan Brave Blossoms,Tonga Rugby,"Twickenham, London",Autumn Internationals,4,52,44,6,5,44,56,0,0,0,1,Justin van der Merwe,Japan Brave Blossoms,Tighthead Prop,South Africa,27,8,2,0,0,0,0,4,0,93,Home Win
4814,2018-01-01,USA Eagles,Italy Rugby,"Principality Stadium, Cardiff",The Rugby Championship,2,30,34,2,4,42,58,0,1,0,0,Pieter Williams,USA Eagles,Hooker,South Africa,21,14,3,0,0,0,0,20,1,46,Away Win
4815,2023-03-28,Italy Rugby,France XV,"Ellis Park, Johannesburg",The Rugby Championship,6,18,46,0,4,46,54,0,0,0,0,Finn de Klerk,Italy Rugby,Number 8,Italy,19,101,3,0,0,0,0,8,5,85,Away Win
4816,2018-03-17,Uruguay Rugby,Tonga Rugby,"Teufaiva Stadium, Tonga",Autumn Internationals,6,14,27,2,3,55,45,0,0,0,0,Grégoire Smith,Tonga Rugby,Tighthead Prop,New Zealand,25,9,2,0,0,0,0,4,5,175,Away Win
4817,2022-06-08,New Zealand All Blacks,Uruguay Rugby,"Stade de France, Paris",Six Nations,2,25,43,1,5,44,56,0,0,0,0,Henry Barrett,New Zealand All Blacks,Blindside Flanker,,26,74,1,0,0,0,0,11,6,106,Away Win
4818,2022-02-27,South Africa Springboks,Samoa Rugby,"National Stadium, Tokyo",Six Nations,6,61,20,7,4,35,65,0,0,0,1,Antoine Smith,Samoa Rugby,Loosehead Prop,Samoa,,101,2,0,0,0,0,0,0,162,Home Win
4819,2016-01-07,Scotland Rugby,Japan Brave Blossoms,"Mikheil Meskhi Stadium, Tbilisi",Pacific Nations Cup,3,44,23,8,2,57,43,0,0,0,0,Antoine Smith,Japan Brave Blossoms,Inside Centre,South Africa,22,24,2,0,0,0,0,5,3,8,Home Win
4820,2018-02-06,Scotland Rugby,Spain Rugby,"Mikheil Meskhi Stadium, Tbilisi",Rugby World Cup,8,36,39,3,3,52,48,0,0,1,0,Liam Dupont,Spain Rugby,Hooker,Argentina,25,75,2,0,0,1,0,2,1,37,Away Win
4821,2020-04-20,South Africa Springboks,Argentina Pumas,"Estadio Jose Amalfitani, Buenos Aires",Rugby World Cup,6,16,60,1,6,47,53,2,0,0,0,Liam Kolbe,Argentina Pumas,Lock,Argentina,28,61,0,0,0,0,0,14,1,54,Away Win
4822,2017-05-08,Italy Rugby,Fiji Rugby,"Aviva Stadium, Dublin",World Rugby U20 Championship,3,24,27,3,2,60,40,1,0,0,0,Grégoire Furlong,Fiji Rugby,Fullback,Fiji,26,65,3,0,4,0,0,12,0,159,Away Win
4823,2024-03-25,Georgia Rugby,Fiji Rugby,"Murrayfield, Edinburgh",Rugby Europe Championship,8,37,57,5,8,63,37,0,0,0,1,Tadhg de Klerk,Georgia Rugby,Inside Centre,Georgia,27,105,2,0,0,0,0,0,4,132,Away Win
4824,2023-05-27,Tonga Rugby,Ireland Rugby,"Principality Stadium, Cardiff",World Rugby U20 Championship,2,41,38,5,5,64,36,0,0,0,0,Owen Faletau,Ireland Rugby,Number 8,Ireland,24,8,0,0,0,0,0,6,1,85,Home Win
4825,2024-10-27,Scotland Rugby,Japan Brave Blossoms,"Teufaiva Stadium, Tonga",Autumn Internationals,6,53,44,7,5,35,65,0,0,0,0,Finn Jones,Scotland Rugby,Hooker,Australia,31,23,1,0,0,0,0,7,6,106,Home Win
4826,2023-11-02,South Africa Springboks,Japan Brave Blossoms,"Stadium Australia, Sydney",Rugby World Cup,1,32,44,6,6,55,45,0,0,0,0,Cian Hogg,South Africa Springboks,Hooker,South Africa,22,100,0,0,0,0,0,17,2,,Away Win
4827,2019-08-20,Wales Rugby,Scotland Rugby,"Stadium Australia, Sydney",Rugby Europe Championship,7,58,10,7,2,56,44,0,0,0,0,James Doris,Scotland Rugby,Outside Centre,New Zealand,28,83,3,0,0,0,0,8,4,138,Home Win
4828,2020-03-12,Spain Rugby,Samoa Rugby,"Aviva Stadium, Dublin",Pacific Nations Cup,8,62,18,8,0,56,44,0,0,0,0,Sam Ntamack,Samoa Rugby,Lock,Samoa,31,,3,0,0,0,0,6,3,14,Home Win
4829,2019-02-27,Canada Rugby,USA Eagles,"National Stadium, Tokyo",Autumn Internationals,4,45,29,6,4,39,61,0,1,0,0,Henry Dupont,USA Eagles,Number 8,South Africa,28,6,2,0,0,1,0,15,1,111,Home Win
4830,2018-08-01,Japan Brave Blossoms,Spain Rugby,"Aviva Stadium, Dublin",Six Nations,7,64,39,8,3,60,40,0,0,0,0,Oliver Brown,Spain Rugby,Fullback,,26,19,3,0,1,0,0,20,,10,Home Win
4831,2022-10-05,Japan Brave Blossoms,France XV,"Stadium Australia, Sydney",Rugby World Cup,4,6,51,0,6,36,64,0,2,0,0,Kieran Brown,Japan Brave Blossoms,Lock,Japan,24,101,0,0,0,0,0,16,3,135,Away Win
4832,2022-04-01,Argentina Pumas,Tonga Rugby,"Stade de France, Paris",The Rugby Championship,2,43,39,7,4,38,62,0,1,0,0,Cian Lowe,Argentina Pumas,Right Wing,Argentina,31,9,1,0,0,0,0,1,5,40,Home Win
4833,2019-06-22,Fiji Rugby,New Zealand All Blacks,"Estadio Jose Amalfitani, Buenos Aires",World Rugby U20 Championship,6,55,13,6,2,35,65,0,0,0,0,Hamish Henshaw,Fiji Rugby,Number 8,Fiji,21,19,2,0,0,0,0,16,2,97,Home Win
4834,2022-05-19,Georgia Rugby,Argentina Pumas,"Eden Park, Auckland",Pacific Nations Cup,8,30,9,4,0,65,35,0,0,0,1,Taulupe Doris,Georgia Rugby,Openside Flanker,Georgia,23,105,3,0,0,0,0,20,,108,Home Win
4835,2022-04-14,Fiji Rugby,Tonga Rugby,"National Stadium, Tokyo",Autumn Internationals,2,42,15,8,0,56,44,0,0,0,0,Beauden Watson,Fiji Rugby,Outside Centre,Fiji,25,86,3,0,0,0,0,15,5,176,Home Win
4836,2024-10-18,Canada Rugby,Scotland Rugby,"Stadium Australia, Sydney",Autumn Internationals,5,17,8,1,1,47,53,0,0,0,1,Sean Furlong,Scotland Rugby,Fly-half,Scotland,31,99,0,2,1,0,0,18,5,66,Home Win
4837,2020-06-10,England Rugby,New Zealand All Blacks,"ANZ National Stadium, Suva",Rugby World Cup,8,46,57,6,7,53,47,0,2,0,0,Ethan Taylor,New Zealand All Blacks,Inside Centre,New Zealand,28,44,1,0,0,0,0,7,4,159,Away Win
4838,2021-02-26,New Zealand All Blacks,USA Eagles,"Murrayfield, Edinburgh",Autumn Internationals,7,43,6,8,0,64,36,0,0,0,0,Taulupe Faletau,USA Eagles,Right Wing,South Africa,23,93,2,0,0,0,0,,6,73,Home Win
4839,2024-01-14,South Africa Springboks,USA Eagles,"Principality Stadium, Cardiff",Pacific Nations Cup,7,53,51,5,7,46,54,0,0,0,0,Justin Dupont,USA Eagles,Lock,South Africa,25,70,1,0,0,0,0,5,1,64,Home Win
4840,2021-08-06,Italy Rugby,Wales Rugby,"Stadio Olimpico, Rome",World Rugby U20 Championship,4,28,21,5,3,58,42,1,0,0,0,Benjamin Kolbe,Wales Rugby,Fly-half,Wales,24,11,0,0,1,1,0,4,4,135,Home Win
4841,2021-09-25,Ireland Rugby,Argentina Pumas,"Principality Stadium, Cardiff",Pacific Nations Cup,1,6,44,0,5,41,59,0,0,0,0,Liam Dupont,Argentina Pumas,Outside Centre,Argentina,24,55,1,0,0,0,0,16,0,136,Away Win
4842,2017-12-06,Georgia Rugby,Romania Rugby,"Twickenham, London",Rugby Europe Championship,8,26,53,3,7,61,39,0,1,0,0,Faf Jones,Georgia Rugby,Openside Flanker,Georgia,30,54,2,0,0,0,0,8,4,174,Away Win
4843,2018-07-13,France XV,Canada Rugby,"Apia Park, Samoa",Autumn Internationals,7,12,40,0,6,60,40,0,0,0,0,Oliver Barrett,France XV,Tighthead Prop,Ivory Coast,21,6,1,0,0,0,0,6,5,52,Away Win
4844,2022-08-09,Ireland Rugby,Spain Rugby,"Ellis Park, Johannesburg",,4,47,20,5,2,41,59,2,0,0,0,Jamie Taylor,Ireland Rugby,Fly-half,Ireland,33,60,0,1,4,0,1,0,4,88,Home Win
4845,2020-03-12,Argentina Pumas,Fiji Rugby,"Teufaiva Stadium, Tonga",Six Nations,3,71,41,8,4,57,43,0,0,0,0,Conor Barrett,Fiji Rugby,Scrum-half,Fiji,,116,1,0,0,0,0,11,0,124,Home Win
4846,2020-06-05,Australia Wallabies,France XV,"ANZ National Stadium, Suva",Autumn Internationals,4,39,19,6,1,37,63,0,1,0,0,Liam Doris,France XV,Scrum-half,Ivory Coast,31,45,1,0,0,0,0,11,8,65,Home Win
4847,2018-09-21,Fiji Rugby,Canada Rugby,"National Stadium, Tokyo",Rugby Europe Championship,1,41,55,4,8,50,50,0,1,0,0,Cian Hogg,Canada Rugby,Hooker,Canada,25,63,3,0,0,0,0,4,3,166,Away Win
4848,2020-01-09,Wales Rugby,Scotland Rugby,"Twickenham, London",The Rugby Championship,3,22,62,4,8,38,62,0,0,0,0,Richie Lowe,Wales Rugby,Number 8,Wales,26,99,3,0,0,0,0,,1,70,Away Win
4849,2021-09-24,Italy Rugby,Samoa Rugby,"Stadio Olimpico, Rome",Rugby World Cup,8,28,19,5,1,61,39,0,1,0,0,Conor Barrett,Samoa Rugby,Tighthead Prop,Samoa,21,45,1,0,0,0,0,6,,35,Home Win
4850,2017-01-07,Argentina Pumas,Italy Rugby,"Stadio Olimpico, Rome",Six Nations,2,9,19,0,1,59,41,0,0,0,0,Benjamin Henshaw,Italy Rugby,Loosehead Prop,Argentina,24,103,1,0,0,0,0,0,5,96,Away Win
4851,2020-02-25,Argentina Pumas,Tonga Rugby,"Stade de France, Paris",Rugby World Cup,1,53,29,8,4,53,47,0,1,0,0,Malcolm Doris,Argentina Pumas,Hooker,Argentina,28,105,1,0,0,0,0,20,0,,Home Win
4852,2022-10-28,Canada Rugby,Spain Rugby,"Murrayfield, Edinburgh",Autumn Internationals,5,35,50,7,7,63,37,0,0,0,0,Romain Curry,Canada Rugby,Fly-half,Canada,32,80,2,5,2,0,0,19,7,8,Away Win
4853,2020-09-13,Canada Rugby,Japan Brave Blossoms,"Stade de France, Paris",Pacific Nations Cup,5,39,43,5,4,47,53,0,0,0,0,Beauden Caelan,Japan Brave Blossoms,Fullback,South Africa,22,52,2,0,2,0,0,11,5,177,Away Win
4854,2020-04-12,Scotland Rugby,Romania Rugby,"Eden Park, Auckland",Rugby World Cup,6,46,44,4,4,55,45,0,0,0,0,Sam Porter,Romania Rugby,Number 8,Romania,25,51,3,0,0,1,0,5,5,9,Home Win
4855,2022-09-07,England Rugby,Fiji Rugby,"Twickenham, London",World Rugby U20 Championship,3,57,54,8,8,39,61,0,0,0,0,Siya Hogg,England Rugby,Fly-half,South Africa,26,68,0,2,1,0,0,18,,,Home Win
4856,2023-09-10,USA Eagles,Argentina Pumas,"Mikheil Meskhi Stadium, Tbilisi",Autumn Internationals,8,51,26,6,2,35,65,0,1,0,0,Justin Carbery,Argentina Pumas,Left Wing,Argentina,21,92,0,0,0,1,0,9,6,58,Home Win
4857,2022-07-02,USA Eagles,Argentina Pumas,"Murrayfield, Edinburgh",Pacific Nations Cup,4,54,43,7,4,44,56,0,0,0,0,Pieter Smith,USA Eagles,Hooker,South Africa,29,3,0,0,0,0,0,8,7,73,Home Win
4858,2021-03-03,Japan Brave Blossoms,South Africa Springboks,"ANZ National Stadium, Suva",,4,30,25,3,5,46,54,0,0,0,0,Faf Taylor,South Africa Springboks,Tighthead Prop,South Africa,24,14,0,0,0,1,0,14,8,161,Home Win
4859,2022-01-21,Ireland Rugby,Spain Rugby,"Murrayfield, Edinburgh",,6,53,47,8,7,47,53,0,2,0,0,Grégoire Caelan,Ireland Rugby,Outside Centre,New Zealand,26,94,0,0,0,0,0,13,8,171,Home Win
4860,2019-08-10,Uruguay Rugby,Tonga Rugby,"Stadium Australia, Sydney",Rugby Europe Championship,1,34,28,3,3,64,36,0,0,0,0,Romain Brown,Tonga Rugby,Tighthead Prop,New Zealand,25,6,0,0,0,0,0,8,4,105,Home Win
4861,2021-05-06,Spain Rugby,France XV,"Teufaiva Stadium, Tonga",The Rugby Championship,7,47,18,7,3,46,54,1,1,0,0,Charles Carbery,Spain Rugby,Loosehead Prop,Spain,23,34,0,0,0,0,0,4,4,19,Home Win
4862,2017-07-05,USA Eagles,England Rugby,"Murrayfield, Edinburgh",Six Nations,1,25,49,1,6,42,58,0,0,0,0,Faf Itoje,USA Eagles,Blindside Flanker,USA,26,19,2,0,0,0,1,10,8,72,Away Win
4863,2023-02-04,Italy Rugby,Japan Brave Blossoms,"Ellis Park, Johannesburg",Pacific Nations Cup,1,22,3,3,0,53,47,0,0,0,0,Siya Doris,Italy Rugby,Openside Flanker,Italy,26,65,1,0,0,0,0,16,8,87,Home Win
4864,2018-11-15,Tonga Rugby,Argentina Pumas,,Rugby World Cup,4,55,10,7,2,42,58,0,0,0,0,Richie Porter,Argentina Pumas,Tighthead Prop,Argentina,25,3,1,0,0,0,0,8,2,155,Home Win
4865,2020-12-17,South Africa Springboks,Georgia Rugby,"Aviva Stadium, Dublin",The Rugby Championship,4,33,18,6,0,56,44,1,0,0,0,James Doris,South Africa Springboks,Tighthead Prop,South Africa,24,97,2,0,0,1,0,16,1,124,Home Win
4866,2018-05-19,Wales Rugby,Italy Rugby,"Stadium Australia, Sydney",,3,26,41,3,4,40,60,0,0,0,0,Faf Russell,Italy Rugby,Left Wing,Argentina,28,22,2,0,0,0,0,20,4,44,Away Win
4867,2020-10-21,Wales Rugby,France XV,"Murrayfield, Edinburgh",Rugby World Cup,3,0,29,0,3,37,63,0,0,0,0,Josh Brown,Wales Rugby,Fullback,Wales,33,5,2,0,3,0,0,7,0,2,Away Win
4868,2017-01-05,France XV,England Rugby,"Mikheil Meskhi Stadium, Tbilisi",Autumn Internationals,2,34,3,5,0,51,49,0,0,0,0,Grégoire Taylor,England Rugby,Inside Centre,England,27,33,3,0,0,0,0,7,1,110,Home Win
4869,2021-11-21,Georgia Rugby,Romania Rugby,"Apia Park, Samoa",Autumn Internationals,4,19,57,3,7,39,61,0,0,0,0,Jamie van der Merwe,Georgia Rugby,Number 8,Georgia,30,118,2,0,0,0,0,1,8,160,Away Win
4870,2022-09-08,USA Eagles,South Africa Springboks,"Eden Park, Auckland",Pacific Nations Cup,7,19,50,2,6,44,56,0,0,0,0,Taulupe Doris,USA Eagles,Right Wing,South Africa,21,31,2,0,0,0,0,17,,100,Away Win
4871,2018-08-26,England Rugby,Fiji Rugby,"Eden Park, Auckland",The Rugby Championship,1,53,41,8,4,52,48,0,0,0,0,Mason Lowe,England Rugby,Left Wing,England,27,113,3,0,0,0,0,6,7,54,Home Win
4872,2023-03-25,Australia Wallabies,USA Eagles,"National Stadium, Tokyo",Pacific Nations Cup,6,14,15,1,0,56,44,0,1,0,0,Finn Barrett,USA Eagles,Blindside Flanker,USA,22,75,1,0,0,0,0,16,5,88,Away Win
4873,2022-06-15,Wales Rugby,Scotland Rugby,"Stadium Australia, Sydney",,5,20,13,2,2,51,49,1,0,0,0,Rory Brown,Scotland Rugby,Fly-half,Australia,21,70,1,1,1,0,0,19,7,156,Home Win
4874,2021-01-25,Canada Rugby,Italy Rugby,"Aviva Stadium, Dublin",Pacific Nations Cup,6,46,23,4,2,43,57,0,1,0,0,Stuart Kolbe,Canada Rugby,Scrum-half,Canada,24,36,3,0,0,0,0,12,0,158,Home Win
4875,2019-12-22,Ireland Rugby,Tonga Rugby,"Apia Park, Samoa",Rugby Europe Championship,4,18,51,0,8,43,57,0,2,0,0,Taulupe Carbery,Tonga Rugby,Left Wing,New Zealand,31,13,2,0,0,0,0,7,5,150,Away Win
4876,2022-10-09,Japan Brave Blossoms,Scotland Rugby,"Stadium Australia, Sydney",Autumn Internationals,4,33,14,3,2,59,41,0,0,0,0,Antoine Itoje,Scotland Rugby,Number 8,Scotland,30,85,3,0,0,0,0,20,5,179,Home Win
4877,2017-08-07,Georgia Rugby,New Zealand All Blacks,"Mikheil Meskhi Stadium, Tbilisi",Rugby World Cup,5,42,47,6,5,54,46,0,1,0,0,Faf Porter,New Zealand All Blacks,Inside Centre,New Zealand,27,94,1,0,0,0,0,9,6,23,Away Win
4878,2016-07-04,Wales Rugby,South Africa Springboks,"Twickenham, London",Six Nations,6,7,12,1,0,47,53,0,0,0,0,Kieran Watson,South Africa Springboks,Outside Centre,,20,26,0,0,0,0,0,17,1,32,Away Win
4879,2020-10-20,South Africa Springboks,Argentina Pumas,"Principality Stadium, Cardiff",World Rugby U20 Championship,6,6,58,0,8,52,48,0,0,0,0,Josh Carbery,Argentina Pumas,Hooker,Argentina,26,10,3,0,0,0,0,15,4,122,Away Win
4880,2015-07-17,South Africa Springboks,France XV,"Stade de France, Paris",Pacific Nations Cup,3,13,21,1,2,60,40,1,2,0,0,Grégoire Jones,France XV,Left Wing,Senegal,28,111,0,0,0,0,0,4,5,164,Away Win
4881,2020-06-12,Scotland Rugby,Samoa Rugby,"ANZ National Stadium, Suva",Pacific Nations Cup,8,47,65,5,7,64,36,0,0,0,0,Antoine Curry,Samoa Rugby,Tighthead Prop,Samoa,27,88,0,0,0,0,0,4,2,29,Away Win
4882,2017-06-10,Tonga Rugby,South Africa Springboks,"Stadio Olimpico, Rome",Rugby Europe Championship,1,32,9,2,0,51,49,0,1,0,0,Finn Russell,South Africa Springboks,Fullback,South Africa,19,120,3,0,4,0,0,3,7,52,Home Win
4883,2015-11-16,USA Eagles,England Rugby,"Murrayfield, Edinburgh",Autumn Internationals,8,57,32,8,3,35,65,1,0,0,0,Romain Kolbe,USA Eagles,Number 8,South Africa,23,55,3,0,0,0,0,6,5,97,Home Win
4884,2020-01-23,Fiji Rugby,France XV,"Principality Stadium, Cardiff",Rugby Europe Championship,5,35,15,6,0,52,48,0,0,0,1,Henry van der Merwe,France XV,Left Wing,Ivory Coast,26,52,2,0,0,0,0,15,8,172,Home Win
4885,2023-06-19,Italy Rugby,Ireland Rugby,"ANZ National Stadium, Suva",,4,28,35,4,3,50,50,0,0,0,0,Mason Itoje,Ireland Rugby,Openside Flanker,Ireland,29,89,1,0,0,0,0,16,4,33,Away Win
4886,2017-12-13,Ireland Rugby,Samoa Rugby,"Eden Park, Auckland",Autumn Internationals,3,45,21,6,2,63,37,0,0,0,0,Sam Barrett,Ireland Rugby,Lock,Ireland,18,104,0,0,0,0,0,20,6,179,Home Win
4887,2022-07-26,Wales Rugby,Romania Rugby,"Eden Park, Auckland",World Rugby U20 Championship,8,27,53,3,7,39,61,0,0,0,0,William Taylor,Wales Rugby,Fly-half,New Zealand,26,76,0,5,0,0,0,0,,151,Away Win
4888,2015-08-27,South Africa Springboks,France XV,"Mikheil Meskhi Stadium, Tbilisi",Six Nations,1,22,60,1,8,56,44,0,2,0,0,Richie Russell,France XV,Hooker,Senegal,27,97,0,0,0,0,0,20,5,45,Away Win
4889,2016-03-06,Ireland Rugby,Georgia Rugby,"Teufaiva Stadium, Tonga",Pacific Nations Cup,2,47,9,5,0,63,37,0,0,0,0,Cian Caelan,Georgia Rugby,Loosehead Prop,Georgia,30,63,0,0,0,0,0,9,7,64,Home Win
4890,2024-03-17,Australia Wallabies,France XV,"Stadium Australia, Sydney",Rugby Europe Championship,6,19,28,1,4,42,58,1,0,0,0,Rory Doris,Australia Wallabies,Tighthead Prop,Australia,29,19,2,0,0,0,0,14,8,129,Away Win
4891,2024-07-17,Fiji Rugby,Tonga Rugby,"Estadio Jose Amalfitani, Buenos Aires",Rugby World Cup,3,31,48,4,8,60,40,0,0,0,0,Owen Porter,Fiji Rugby,Scrum-half,Fiji,29,32,1,0,0,0,0,2,8,166,Away Win
4892,2015-05-02,Samoa Rugby,France XV,"Stadio Olimpico, Rome",Six Nations,1,32,74,6,8,40,60,0,0,0,0,Benjamin Hogg,Samoa Rugby,Blindside Flanker,New Zealand,23,107,2,0,0,0,0,19,,63,Away Win
4893,2019-09-27,Spain Rugby,Tonga Rugby,"Estadio Jose Amalfitani, Buenos Aires",Rugby World Cup,2,44,36,6,5,50,50,1,0,0,0,Rory Brown,Spain Rugby,Lock,Spain,19,91,1,0,0,0,0,3,1,18,Home Win
4894,2020-10-07,Italy Rugby,Japan Brave Blossoms,"Aviva Stadium, Dublin",Rugby Europe Championship,1,18,0,0,0,63,37,0,0,0,0,Beauden Taylor,Italy Rugby,Tighthead Prop,Italy,25,,1,0,0,0,0,17,4,155,Home Win
4895,2024-02-10,Spain Rugby,Tonga Rugby,"Teufaiva Stadium, Tonga",Pacific Nations Cup,5,27,34,4,5,65,35,1,1,0,0,Lucas van der Merwe,Spain Rugby,Fly-half,Spain,31,,1,5,2,0,0,1,3,147,Away Win
4896,2018-11-18,Wales Rugby,Scotland Rugby,"Mikheil Meskhi Stadium, Tbilisi",Autumn Internationals,2,54,18,8,0,39,61,0,1,0,0,Finn van der Merwe,Scotland Rugby,Inside Centre,Australia,32,4,1,0,0,0,0,16,3,6,Home Win
4897,2020-04-02,Samoa Rugby,Uruguay Rugby,"Stadio Olimpico, Rome",Rugby Europe Championship,4,16,50,1,7,47,53,0,0,0,0,Josh Curry,Uruguay Rugby,Blindside Flanker,Argentina,29,70,1,0,0,0,0,5,6,17,Away Win
4898,2024-12-22,Ireland Rugby,Japan Brave Blossoms,"Stadium Australia, Sydney",The Rugby Championship,7,40,20,5,1,65,35,0,0,0,0,Romain Watson,Japan Brave Blossoms,Number 8,South Africa,28,107,2,0,0,0,0,1,4,174,Home Win
4899,2016-12-18,Fiji Rugby,Wales Rugby,"Stadium Australia, Sydney",Six Nations,6,53,42,5,6,59,41,0,1,0,1,Richie Lowe,Wales Rugby,Openside Flanker,New Zealand,28,111,1,0,0,0,0,14,2,24,Home Win
4900,2021-12-19,Italy Rugby,Australia Wallabies,"Stadium Australia, Sydney",Rugby World Cup,6,31,34,4,5,56,44,0,0,0,0,Kieran Doris,Australia Wallabies,Hooker,New Zealand,,48,0,0,0,0,0,7,3,136,Away Win
4901,2016-06-19,Argentina Pumas,Scotland Rugby,"National Stadium, Tokyo",The Rugby Championship,6,35,23,7,4,48,52,1,0,0,0,Pieter Porter,Scotland Rugby,Inside Centre,Scotland,26,65,1,0,0,0,0,13,4,147,Home Win
4902,2023-05-23,Georgia Rugby,Australia Wallabies,"Teufaiva Stadium, Tonga",World Rugby U20 Championship,5,30,54,3,7,57,43,0,2,0,0,Faf van der Merwe,Georgia Rugby,Tighthead Prop,Georgia,33,40,3,0,0,0,0,6,3,33,Away Win
4903,2016-09-27,Ireland Rugby,Canada Rugby,"Stade de France, Paris",The Rugby Championship,3,14,23,1,3,38,62,0,0,0,0,Liam Russell,Ireland Rugby,Right Wing,Ireland,23,106,1,0,0,0,0,2,0,113,Away Win
4904,2017-11-26,England Rugby,Romania Rugby,"Ellis Park, Johannesburg",World Rugby U20 Championship,3,23,38,1,4,52,48,1,1,0,0,Siya Hogg,Romania Rugby,Openside Flanker,Romania,33,14,0,0,0,0,0,19,6,,Away Win
4905,2023-04-20,Scotland Rugby,Australia Wallabies,"Apia Park, Samoa",World Rugby U20 Championship,6,15,34,0,6,40,60,0,1,0,1,Josh Barrett,Australia Wallabies,Outside Centre,Fiji,25,93,1,0,0,0,0,1,8,60,Away Win
4906,2019-01-25,Ireland Rugby,Canada Rugby,"National Stadium, Tokyo",Rugby Europe Championship,7,25,29,4,2,50,50,0,1,0,0,Kieran Watson,Ireland Rugby,Hooker,New Zealand,32,90,2,0,0,0,0,,0,24,Away Win
4907,2021-11-08,Ireland Rugby,Tonga Rugby,"Ellis Park, Johannesburg",The Rugby Championship,5,61,30,7,3,58,42,0,0,0,0,Taulupe Doris,Tonga Rugby,Number 8,Tonga,21,110,1,0,0,0,0,17,3,150,Home Win
4908,2015-12-26,Spain Rugby,Ireland Rugby,"Teufaiva Stadium, Tonga",Autumn Internationals,8,3,45,0,7,56,44,0,1,0,0,Tadhg Johnson,Spain Rugby,Scrum-half,Spain,29,54,1,0,0,0,0,5,3,134,Away Win
4909,2022-03-07,Australia Wallabies,Wales Rugby,"Eden Park, Auckland",Pacific Nations Cup,5,18,37,0,5,65,35,0,1,0,1,Siya Furlong,Australia Wallabies,Fly-half,,24,95,1,5,2,0,0,8,6,77,Away Win
4910,2015-06-27,Samoa Rugby,Ireland Rugby,"Murrayfield, Edinburgh",Autumn Internationals,3,63,29,8,4,58,42,0,0,0,0,Charles Smith,Ireland Rugby,Lock,Ireland,21,16,2,0,0,0,0,7,5,156,Home Win
4911,2018-10-09,France XV,Canada Rugby,"Aviva Stadium, Dublin",Six Nations,8,0,50,0,8,49,51,2,0,0,0,Hamish Ntamack,Canada Rugby,Hooker,Canada,27,77,3,0,0,0,0,11,1,1,Away Win
4912,2021-08-24,Wales Rugby,Uruguay Rugby,"Twickenham, London",Autumn Internationals,2,30,28,6,5,55,45,0,0,0,0,Richie Barrett,Wales Rugby,Blindside Flanker,Wales,31,75,2,0,0,0,0,14,2,42,Home Win
4913,2018-04-08,Italy Rugby,Georgia Rugby,"Stade de France, Paris",Autumn Internationals,5,74,28,8,5,64,36,1,0,0,1,Liam Carbery,Georgia Rugby,Fly-half,Georgia,23,19,3,2,1,0,0,19,1,76,Home Win
4914,2016-09-23,Georgia Rugby,Tonga Rugby,"Eden Park, Auckland",The Rugby Championship,2,71,43,8,7,55,45,0,0,0,0,Josh Caelan,Georgia Rugby,Blindside Flanker,Georgia,21,105,0,0,0,0,0,3,0,65,Home Win
4915,2022-11-04,Italy Rugby,Wales Rugby,"Murrayfield, Edinburgh",Autumn Internationals,3,40,54,6,7,41,59,0,0,0,0,Stuart Itoje,Italy Rugby,Number 8,Argentina,26,68,0,0,0,1,0,8,7,103,Away Win
4916,2017-06-09,Wales Rugby,Australia Wallabies,"Stadio Olimpico, Rome",Pacific Nations Cup,5,30,12,5,0,39,61,1,0,0,0,Justin Furlong,Wales Rugby,Fly-half,Wales,26,5,1,3,2,0,0,12,8,85,Home Win
4917,2022-10-06,Scotland Rugby,France XV,"National Stadium, Tokyo",Autumn Internationals,7,22,63,3,7,49,51,0,0,0,0,Mason Faletau,France XV,Right Wing,Senegal,29,116,1,0,0,0,0,11,0,70,Away Win
4918,2024-04-21,Samoa Rugby,New Zealand All Blacks,"Stadio Olimpico, Rome",The Rugby Championship,7,0,12,0,0,62,38,0,0,0,0,Ethan Furlong,Samoa Rugby,Scrum-half,New Zealand,30,108,3,0,0,0,0,13,5,12,Away Win
4919,2023-04-27,Wales Rugby,Australia Wallabies,"Estadio Jose Amalfitani, Buenos Aires",World Rugby U20 Championship,5,23,29,3,5,43,57,0,0,0,0,Hugo Kolbe,Australia Wallabies,Blindside Flanker,New Zealand,26,16,0,0,0,0,0,3,2,177,Away Win
4920,2023-11-11,Australia Wallabies,Spain Rugby,"Aviva Stadium, Dublin",World Rugby U20 Championship,8,30,17,2,3,57,43,0,2,0,1,Cian Taylor,Spain Rugby,Right Wing,Spain,34,7,2,0,0,0,0,13,1,15,Home Win
4921,2020-07-05,Romania Rugby,Samoa Rugby,"Estadio Jose Amalfitani, Buenos Aires",The Rugby Championship,2,47,46,6,7,48,52,0,0,0,0,Sam Ntamack,Romania Rugby,Outside Centre,Romania,27,61,2,0,0,0,0,5,1,4,Home Win
4922,2018-09-18,Georgia Rugby,Ireland Rugby,"Twickenham, London",Pacific Nations Cup,2,19,24,1,3,46,54,0,0,0,0,Charles Doris,Georgia Rugby,Right Wing,Georgia,25,110,2,0,0,0,0,17,1,45,Away Win
4923,2020-03-19,Scotland Rugby,Tonga Rugby,"Principality Stadium, Cardiff",The Rugby Championship,2,41,16,7,1,47,53,0,0,0,1,Benjamin Barrett,Tonga Rugby,Lock,Tonga,20,69,0,0,0,0,0,6,1,91,Home Win
4924,2020-02-22,Tonga Rugby,Ireland Rugby,"Aviva Stadium, Dublin",World Rugby U20 Championship,1,15,27,3,3,37,63,1,1,0,0,Kieran Brown,Ireland Rugby,Right Wing,Ireland,25,17,2,0,0,0,0,2,0,151,Away Win
4925,2018-09-28,South Africa Springboks,New Zealand All Blacks,"Apia Park, Samoa",Six Nations,8,57,39,8,7,50,50,0,1,0,0,Ethan Watson,New Zealand All Blacks,Hooker,New Zealand,25,33,2,0,0,0,0,16,5,141,Home Win
4926,2023-08-08,Australia Wallabies,Ireland Rugby,"Principality Stadium, Cardiff",Pacific Nations Cup,3,8,29,1,2,52,48,0,1,0,0,William Smith,Australia Wallabies,Inside Centre,New Zealand,30,9,3,0,0,0,0,5,5,72,Away Win
4927,2020-12-07,USA Eagles,Fiji Rugby,"Estadio Jose Amalfitani, Buenos Aires",Rugby World Cup,2,13,52,1,7,46,54,0,0,0,0,Finn Itoje,Fiji Rugby,Lock,,,68,3,0,0,0,0,11,5,26,Away Win
4928,2017-02-11,Australia Wallabies,South Africa Springboks,"Mikheil Meskhi Stadium, Tbilisi",Rugby World Cup,4,0,23,0,4,48,52,0,0,0,0,Romain Jones,South Africa Springboks,Scrum-half,South Africa,22,10,3,0,0,0,0,2,1,72,Away Win
4929,2018-03-28,Tonga Rugby,Argentina Pumas,"Principality Stadium, Cardiff",Rugby World Cup,2,18,29,0,2,57,43,0,0,0,0,Charles Brown,Tonga Rugby,Blindside Flanker,Tonga,27,107,3,0,0,1,0,17,1,8,Away Win
4930,2016-12-27,Tonga Rugby,Georgia Rugby,"Stadium Australia, Sydney",The Rugby Championship,8,19,36,1,5,60,40,0,0,0,0,Pieter de Klerk,Tonga Rugby,Openside Flanker,New Zealand,29,37,2,0,0,1,0,5,8,87,Away Win
4931,2019-12-13,Tonga Rugby,Spain Rugby,"Mikheil Meskhi Stadium, Tbilisi",The Rugby Championship,7,24,25,2,2,54,46,0,0,0,0,Owen Ntamack,Spain Rugby,Openside Flanker,Argentina,33,31,0,0,0,0,0,18,0,29,Away Win
4932,2022-11-22,Romania Rugby,Tonga Rugby,"Teufaiva Stadium, Tonga",World Rugby U20 Championship,6,60,29,8,2,54,46,0,0,0,0,Henry Curry,Romania Rugby,Lock,Romania,30,114,2,0,0,0,0,15,3,21,Home Win
4933,2016-04-16,South Africa Springboks,England Rugby,"Stade de France, Paris",Six Nations,5,16,21,2,3,48,52,0,0,0,0,Pieter Jones,England Rugby,Scrum-half,South Africa,30,42,1,0,0,0,0,16,6,72,Away Win
4934,2020-07-10,South Africa Springboks,Scotland Rugby,"Ellis Park, Johannesburg",World Rugby U20 Championship,7,39,34,6,5,57,43,0,1,0,0,Hugo Faletau,Scotland Rugby,Loosehead Prop,Australia,27,62,1,0,0,0,0,6,,145,Home Win
4935,2019-10-19,Uruguay Rugby,Scotland Rugby,"Stade de France, Paris",Autumn Internationals,8,51,27,7,3,37,63,0,0,0,0,James Watson,Scotland Rugby,Left Wing,New Zealand,28,40,3,0,0,0,0,2,8,152,Home Win
4936,2016-10-11,New Zealand All Blacks,Italy Rugby,"Principality Stadium, Cardiff",Rugby World Cup,5,7,53,1,8,55,45,1,1,0,0,Hamish Hogg,New Zealand All Blacks,Hooker,New Zealand,31,119,2,0,0,0,0,5,,,Away Win
4937,2015-06-08,England Rugby,Japan Brave Blossoms,"Stade de France, Paris",Autumn Internationals,2,37,3,5,0,36,64,0,1,0,0,Cian Carbery,Japan Brave Blossoms,Scrum-half,Japan,21,63,3,0,0,0,0,,0,44,Home Win
4938,2018-01-07,Spain Rugby,South Africa Springboks,"Teufaiva Stadium, Tonga",The Rugby Championship,6,27,29,3,2,55,45,0,0,0,0,Finn Itoje,South Africa Springboks,Inside Centre,South Africa,25,108,3,0,0,0,0,0,0,25,Away Win
4939,2021-03-28,USA Eagles,New Zealand All Blacks,"Stadio Olimpico, Rome",Rugby Europe Championship,1,12,37,2,7,60,40,0,0,0,1,Charles Itoje,New Zealand All Blacks,Openside Flanker,New Zealand,23,63,0,0,0,0,0,16,3,107,Away Win
4940,2016-09-10,Canada Rugby,Wales Rugby,"ANZ National Stadium, Suva",Six Nations,6,12,55,2,7,50,50,0,0,0,0,Beauden Dupont,Canada Rugby,Tighthead Prop,,28,16,3,0,0,0,0,8,3,84,Away Win
4941,2016-12-27,Samoa Rugby,Wales Rugby,"Eden Park, Auckland",Pacific Nations Cup,7,21,20,2,3,44,56,0,0,0,1,Pieter Doris,Wales Rugby,Right Wing,New Zealand,,90,1,0,0,1,0,8,4,,Home Win
4942,2019-05-23,Fiji Rugby,USA Eagles,"National Stadium, Tokyo",Rugby Europe Championship,4,20,56,2,8,45,55,0,0,0,0,Tadhg Faletau,Fiji Rugby,Scrum-half,Fiji,24,14,0,0,0,0,0,8,3,112,Away Win
4943,2017-03-02,Romania Rugby,Fiji Rugby,"Stadium Australia, Sydney",World Rugby U20 Championship,8,47,48,6,7,60,40,0,1,0,0,Finn Smith,Fiji Rugby,Right Wing,Fiji,18,14,0,0,0,0,0,6,4,11,Away Win
4944,2022-03-11,Romania Rugby,Canada Rugby,"ANZ National Stadium, Suva",Six Nations,8,56,21,8,2,41,59,0,0,0,0,Liam Porter,Romania Rugby,Openside Flanker,France,25,,1,0,0,0,0,15,2,104,Home Win
4945,2020-10-22,France XV,Uruguay Rugby,"Stadio Olimpico, Rome",The Rugby Championship,4,19,30,2,3,39,61,0,1,0,0,Taulupe Taylor,France XV,Loosehead Prop,Senegal,30,4,3,0,0,0,0,5,7,21,Away Win
4946,2024-02-01,Ireland Rugby,Tonga Rugby,"Twickenham, London",Rugby Europe Championship,2,33,44,3,5,43,57,0,0,1,1,Alun Ntamack,Ireland Rugby,Scrum-half,New Zealand,29,44,3,0,0,0,0,,7,135,Away Win
4947,2023-12-23,Uruguay Rugby,Japan Brave Blossoms,"Murrayfield, Edinburgh",,7,17,28,1,5,39,61,0,0,1,0,Siya Porter,Japan Brave Blossoms,Right Wing,Australia,28,82,1,0,0,0,0,0,2,145,Away Win
4948,2019-12-01,Japan Brave Blossoms,New Zealand All Blacks,"Principality Stadium, Cardiff",,6,5,47,1,5,55,45,1,1,0,0,Sean Taylor,New Zealand All Blacks,Hooker,New Zealand,25,101,0,0,0,0,0,19,4,170,Away Win
4949,2015-10-14,USA Eagles,Japan Brave Blossoms,"Murrayfield, Edinburgh",World Rugby U20 Championship,3,14,52,1,8,49,51,0,1,0,0,Henry Doris,USA Eagles,Lock,South Africa,21,93,2,0,0,0,0,7,5,47,Away Win
4950,2020-01-27,New Zealand All Blacks,France XV,"Stadium Australia, Sydney",Rugby World Cup,8,62,5,8,1,36,64,0,0,0,0,Conor Porter,France XV,Lock,Ivory Coast,29,,1,0,0,0,0,10,0,110,Home Win
4951,2017-07-04,Japan Brave Blossoms,Argentina Pumas,"Apia Park, Samoa",The Rugby Championship,4,5,29,1,3,51,49,0,0,0,1,Henry Hogg,Japan Brave Blossoms,Scrum-half,Japan,23,115,2,0,0,0,0,20,8,100,Away Win
4952,2024-03-22,Romania Rugby,Japan Brave Blossoms,"Stadio Olimpico, Rome",Rugby Europe Championship,8,30,38,5,5,56,44,0,1,0,0,Finn Taylor,Romania Rugby,Fullback,Romania,35,12,1,0,4,0,0,12,8,24,Away Win
4953,2023-03-04,USA Eagles,Fiji Rugby,"Murrayfield, Edinburgh",Pacific Nations Cup,2,12,37,0,5,62,38,0,2,0,0,Antoine Furlong,USA Eagles,Number 8,New Zealand,29,116,0,0,0,1,0,12,8,140,Away Win
4954,2023-09-26,Wales Rugby,New Zealand All Blacks,"Eden Park, Auckland",Rugby World Cup,5,25,26,4,2,64,36,0,2,0,0,Benjamin Porter,Wales Rugby,Hooker,New Zealand,24,90,1,0,0,0,0,3,5,113,Away Win
4955,2015-03-26,Samoa Rugby,Canada Rugby,"Stadio Olimpico, Rome",Autumn Internationals,1,25,23,3,2,35,65,0,0,0,0,Cian Johnson,Canada Rugby,Fullback,Canada,24,65,1,0,0,0,0,15,4,152,Home Win
4956,2022-05-19,Wales Rugby,USA Eagles,"Murrayfield, Edinburgh",Six Nations,7,43,54,7,8,51,49,1,0,0,0,Cheslin Kolbe,Wales Rugby,Blindside Flanker,New Zealand,26,31,1,0,0,0,0,9,4,169,Away Win
4957,2024-01-08,Japan Brave Blossoms,Scotland Rugby,"Murrayfield, Edinburgh",World Rugby U20 Championship,6,32,69,3,8,51,49,1,0,0,0,Siya Lowe,Japan Brave Blossoms,Lock,New Zealand,26,29,3,0,0,0,0,7,6,174,Away Win
4958,2016-02-15,New Zealand All Blacks,Tonga Rugby,"Apia Park, Samoa",Rugby World Cup,4,64,13,8,1,61,39,1,0,0,0,Stuart Watson,Tonga Rugby,Fly-half,New Zealand,31,48,1,0,1,0,0,15,1,74,Home Win
4959,2024-02-13,Wales Rugby,Canada Rugby,"ANZ National Stadium, Suva",Pacific Nations Cup,8,26,46,4,6,45,55,0,0,0,0,William Furlong,Wales Rugby,Hooker,Wales,27,38,3,0,0,0,0,10,4,80,Away Win
4960,2022-03-28,Uruguay Rugby,Japan Brave Blossoms,"Ellis Park, Johannesburg",The Rugby Championship,8,49,18,7,0,59,41,0,0,0,0,Josh Barrett,Uruguay Rugby,Hooker,Argentina,24,49,3,0,0,0,0,15,3,4,Home Win
4961,2017-04-09,Australia Wallabies,Italy Rugby,"Mikheil Meskhi Stadium, Tbilisi",Rugby World Cup,2,26,31,2,3,46,54,0,2,0,1,Rory Watson,Australia Wallabies,Scrum-half,New Zealand,34,67,0,0,0,0,0,17,5,16,Away Win
4962,2018-04-18,Georgia Rugby,Ireland Rugby,"Aviva Stadium, Dublin",Rugby World Cup,8,25,29,3,5,49,51,0,0,0,0,Malcolm Brown,Ireland Rugby,Fly-half,New Zealand,27,117,2,2,3,0,0,5,7,,Away Win
4963,2015-12-16,Wales Rugby,New Zealand All Blacks,"ANZ National Stadium, Suva",Six Nations,8,23,16,2,2,61,39,0,0,0,0,Ethan Smith,Wales Rugby,Fullback,New Zealand,30,6,0,0,2,0,0,7,5,112,Home Win
4964,2019-08-01,Argentina Pumas,Samoa Rugby,"Estadio Jose Amalfitani, Buenos Aires",Rugby Europe Championship,2,54,12,6,0,50,50,0,0,0,0,Grégoire Barrett,Samoa Rugby,Inside Centre,Samoa,24,40,1,0,0,0,0,5,0,11,Home Win
4965,2021-08-18,Tonga Rugby,USA Eagles,"Teufaiva Stadium, Tonga",The Rugby Championship,8,25,48,1,8,54,46,1,0,0,0,Oliver Watson,Tonga Rugby,Inside Centre,Tonga,28,21,3,0,0,0,0,7,0,116,Away Win
4966,2022-10-02,USA Eagles,Japan Brave Blossoms,"Teufaiva Stadium, Tonga",Rugby World Cup,8,50,46,6,7,59,41,0,0,1,0,Malcolm van der Merwe,Japan Brave Blossoms,Hooker,South Africa,28,54,3,0,0,0,0,19,4,149,Home Win
4967,2021-04-17,Wales Rugby,Georgia Rugby,"Ellis Park, Johannesburg",World Rugby U20 Championship,1,54,53,8,7,55,45,0,1,0,0,Mason Williams,Wales Rugby,Number 8,New Zealand,19,51,0,0,0,0,0,20,2,103,Home Win
4968,2024-02-25,Australia Wallabies,Canada Rugby,"National Stadium, Tokyo",Rugby World Cup,5,54,52,6,7,60,40,0,0,0,0,Mason Doris,Australia Wallabies,Blindside Flanker,Australia,35,93,2,0,0,0,0,20,6,160,Home Win
4969,2016-05-27,Australia Wallabies,Canada Rugby,"Mikheil Meskhi Stadium, Tbilisi",,2,43,24,5,3,65,35,0,0,0,0,Charles Williams,Australia Wallabies,Hooker,New Zealand,32,42,3,0,0,0,0,6,0,129,Home Win
4970,2016-06-09,Japan Brave Blossoms,Spain Rugby,"Principality Stadium, Cardiff",Rugby Europe Championship,4,45,11,6,1,59,41,0,0,0,0,Rory Johnson,Japan Brave Blossoms,Left Wing,South Africa,25,89,3,0,0,1,0,17,0,140,Home Win
4971,2024-01-21,Australia Wallabies,Fiji Rugby,"Principality Stadium, Cardiff",World Rugby U20 Championship,4,50,28,6,5,35,65,0,0,0,0,Noah Curry,Australia Wallabies,Fullback,Fiji,22,120,1,0,1,0,0,17,3,138,Home Win
4972,2020-09-07,Italy Rugby,Samoa Rugby,"Twickenham, London",The Rugby Championship,8,36,36,5,3,52,48,0,1,0,0,Conor Jones,Italy Rugby,Right Wing,South Africa,28,15,2,0,0,0,0,4,3,81,Draw
4973,2021-10-03,Canada Rugby,Argentina Pumas,"Stade de France, Paris",Pacific Nations Cup,1,36,47,4,7,48,52,0,0,0,0,Richie van der Merwe,Argentina Pumas,Inside Centre,Argentina,,107,3,0,0,0,0,11,5,8,Away Win
4974,2020-06-07,Japan Brave Blossoms,Georgia Rugby,"Stadio Olimpico, Rome",Autumn Internationals,2,59,32,7,3,62,38,0,0,0,0,Pieter Taylor,Georgia Rugby,Outside Centre,Georgia,28,119,0,0,0,0,0,17,0,86,Home Win
4975,2019-08-10,Spain Rugby,Georgia Rugby,"Stade de France, Paris",Rugby Europe Championship,5,64,35,8,5,62,38,0,0,0,0,Cheslin de Klerk,Georgia Rugby,Fly-half,Georgia,27,114,1,3,3,0,0,11,1,,Home Win
4976,2020-07-19,Wales Rugby,Canada Rugby,"Stadio Olimpico, Rome",World Rugby U20 Championship,3,23,40,2,5,52,48,0,0,0,0,Pieter Carbery,Canada Rugby,Left Wing,Canada,29,2,1,0,0,0,0,19,0,126,Away Win
4977,2016-10-15,Australia Wallabies,Scotland Rugby,"Principality Stadium, Cardiff",Pacific Nations Cup,5,40,60,4,8,49,51,0,1,0,0,Lucas Itoje,Scotland Rugby,Right Wing,New Zealand,32,46,0,0,0,0,0,14,6,2,Away Win
4978,2022-11-14,New Zealand All Blacks,USA Eagles,"Aviva Stadium, Dublin",Autumn Internationals,8,58,44,7,7,40,60,0,1,1,0,Hugo Jones,New Zealand All Blacks,Scrum-half,New Zealand,29,62,3,0,0,0,0,,1,136,Home Win
4979,2016-12-16,South Africa Springboks,Scotland Rugby,"Principality Stadium, Cardiff",Rugby World Cup,1,26,16,2,2,55,45,1,0,0,0,Sean van der Merwe,Scotland Rugby,Scrum-half,Australia,22,48,3,0,0,0,0,19,6,138,Home Win
4980,2022-08-09,Japan Brave Blossoms,Tonga Rugby,"Teufaiva Stadium, Tonga",Autumn Internationals,8,30,14,4,2,47,53,0,0,0,0,Cian Watson,Japan Brave Blossoms,Fullback,New Zealand,32,29,0,0,4,0,0,2,0,179,Home Win
4981,2020-12-17,USA Eagles,England Rugby,"National Stadium, Tokyo",World Rugby U20 Championship,1,57,32,6,3,51,49,0,0,0,0,Cian Watson,England Rugby,Lock,New Zealand,33,45,1,0,0,1,0,6,4,0,Home Win
4982,2017-09-15,Spain Rugby,Wales Rugby,"Mikheil Meskhi Stadium, Tbilisi",Rugby Europe Championship,4,18,52,0,6,57,43,0,1,0,0,Oliver Dupont,Spain Rugby,Openside Flanker,Spain,39,117,3,0,0,0,0,9,4,176,Away Win
4983,2015-09-03,Ireland Rugby,Canada Rugby,,World Rugby U20 Championship,5,6,19,0,3,52,48,0,1,0,0,Charles Carbery,Canada Rugby,Number 8,Canada,22,113,1,0,0,0,0,7,2,33,Away Win
4984,2015-04-15,England Rugby,Wales Rugby,"Aviva Stadium, Dublin",The Rugby Championship,3,22,23,4,1,42,58,1,0,0,0,Cheslin Porter,Wales Rugby,Number 8,New Zealand,27,48,2,0,0,0,0,5,7,118,Away Win
4985,2017-12-24,New Zealand All Blacks,Uruguay Rugby,"Apia Park, Samoa",Six Nations,6,21,25,3,1,57,43,1,0,0,0,Malcolm Lowe,New Zealand All Blacks,Left Wing,New Zealand,18,94,2,0,0,0,0,18,4,149,Away Win
4986,2018-05-07,Scotland Rugby,Wales Rugby,"Stadium Australia, Sydney",Autumn Internationals,2,21,44,3,5,65,35,0,1,0,0,Taulupe Dupont,Scotland Rugby,Hooker,Australia,,80,3,0,0,0,0,12,3,84,Away Win
4987,2022-09-12,South Africa Springboks,Uruguay Rugby,"Stadio Olimpico, Rome",Rugby World Cup,1,33,3,5,0,53,47,1,0,0,0,Rory Smith,South Africa Springboks,Tighthead Prop,South Africa,24,86,0,0,0,0,0,17,3,7,Home Win
4988,2024-07-26,France XV,Tonga Rugby,"Stade de France, Paris",World Rugby U20 Championship,6,15,19,0,3,58,42,0,1,0,0,Siya Brown,France XV,Lock,France,34,92,0,0,0,0,0,0,5,0,Away Win
4989,2018-02-04,Australia Wallabies,Spain Rugby,"ANZ National Stadium, Suva",Rugby World Cup,1,17,36,1,6,61,39,0,2,0,0,Hamish van der Merwe,Spain Rugby,Lock,Argentina,23,49,1,0,0,0,0,19,3,155,Away Win
4990,2016-05-05,Scotland Rugby,England Rugby,"Ellis Park, Johannesburg",World Rugby U20 Championship,2,36,51,5,6,39,61,0,0,0,0,Noah Taylor,Scotland Rugby,Fly-half,Australia,20,27,3,5,4,0,0,19,8,12,Away Win
4991,2017-05-20,Argentina Pumas,Georgia Rugby,"National Stadium, Tokyo",World Rugby U20 Championship,6,17,24,2,3,64,36,0,0,0,0,Taulupe Brown,Georgia Rugby,Lock,Georgia,25,72,1,0,0,0,0,3,7,47,Away Win
4992,2017-05-24,Tonga Rugby,Uruguay Rugby,"Eden Park, Auckland",World Rugby U20 Championship,1,37,12,5,2,54,46,1,0,0,0,Pieter Faletau,Tonga Rugby,Inside Centre,Tonga,19,78,1,0,0,1,0,11,4,172,Home Win
4993,2022-07-21,South Africa Springboks,Australia Wallabies,"Stadio Olimpico, Rome",Six Nations,8,56,44,7,6,64,36,1,1,0,1,Rory Porter,South Africa Springboks,Blindside Flanker,South Africa,30,24,2,0,0,0,0,0,3,52,Home Win
4994,2017-02-22,Australia Wallabies,Japan Brave Blossoms,"Eden Park, Auckland",Rugby World Cup,6,12,35,0,4,55,45,0,0,0,0,Finn Doris,Japan Brave Blossoms,Fullback,New Zealand,18,45,0,0,1,0,0,13,5,1,Away Win
4995,2018-01-23,Wales Rugby,England Rugby,"Principality Stadium, Cardiff",Rugby World Cup,1,59,44,7,5,58,42,0,1,0,0,Sam Dupont,Wales Rugby,Openside Flanker,Wales,27,42,1,0,0,0,0,16,7,90,Home Win
4996,2024-06-24,USA Eagles,Georgia Rugby,"Stadium Australia, Sydney",Six Nations,3,57,46,8,7,46,54,0,0,0,0,Malcolm Jones,USA Eagles,Fly-half,USA,18,1,2,3,2,0,0,14,2,122,Home Win
4997,2016-08-14,Scotland Rugby,Australia Wallabies,"Teufaiva Stadium, Tonga",The Rugby Championship,8,24,21,2,2,39,61,0,0,0,0,Siya Curry,Scotland Rugby,Lock,New Zealand,25,48,3,0,0,0,0,13,5,79,Home Win
4998,2019-06-05,South Africa Springboks,Fiji Rugby,"Stadium Australia, Sydney",Autumn Internationals,7,43,49,4,5,36,64,0,0,0,0,William Porter,Fiji Rugby,Tighthead Prop,Fiji,33,22,3,0,0,0,0,8,7,122,Away Win
4999,2022-09-01,France XV,Tonga Rugby,"National Stadium, Tokyo",The Rugby Championship,1,32,48,2,6,53,47,0,0,0,0,Faf de Klerk,Tonga Rugby,Inside Centre,,28,,3,0,0,0,0,19,8,128,Away Win
3716,2019-11-11,Wales Rugby,Italy Rugby,"Ellis Park, Johannesburg",World Rugby U20 Championship,2,62,53,8,6,37,63,0,1,0,0,Sam Ntamack,Wales Rugby,Right Wing,New Zealand,29,107,3,0,0,0,0,3,3,15,Home Win
4218,2021-03-07,New Zealand All Blacks,Japan Brave Blossoms,"Estadio Jose Amalfitani, Buenos Aires",Pacific Nations Cup,6,0,54,0,6,44,56,0,0,0,0,Justin Curry,New Zealand All Blacks,Fly-half,New Zealand,24,25,2,3,1,0,0,18,,,Away Win
1638,2015-05-06,Australia Wallabies,Ireland Rugby,"National Stadium, Tokyo",Pacific Nations Cup,7,24,17,2,2,35,65,0,0,1,0,Callum Itoje,Ireland Rugby,Openside Flanker,Ireland,21,79,1,0,0,0,0,17,3,55,Home Win
2333,2022-05-12,Wales Rugby,Spain Rugby,"Stade de France, Paris",Pacific Nations Cup,2,56,6,8,0,52,48,0,0,0,0,Grégoire Kolbe,Wales Rugby,Openside Flanker,Wales,32,99,0,0,0,0,0,16,5,112,Home Win
3882,2021-02-09,Spain Rugby,Samoa Rugby,"Twickenham, London",World Rugby U20 Championship,7,37,15,6,0,53,47,0,0,0,1,Finn Curry,Spain Rugby,Outside Centre,Spain,24,15,2,0,0,0,0,8,2,141,Home Win
3349,2018-05-13,France XV,Georgia Rugby,"ANZ National Stadium, Suva",World Rugby U20 Championship,2,15,62,0,8,51,49,0,0,0,0,Benjamin Johnson,France XV,Lock,Ivory Coast,25,5,2,0,0,0,0,18,2,98,Away Win
3803,2017-06-03,South Africa Springboks,Australia Wallabies,"Aviva Stadium, Dublin",The Rugby Championship,7,27,60,4,8,58,42,2,0,0,0,Justin Doris,South Africa Springboks,Blindside Flanker,South Africa,22,66,3,0,0,0,0,2,5,114,Away Win
4390,2015-05-04,Scotland Rugby,Australia Wallabies,"Aviva Stadium, Dublin",The Rugby Championship,2,12,27,0,2,56,44,0,0,0,0,Malcolm Lowe,Australia Wallabies,Openside Flanker,Australia,20,56,1,0,0,0,0,0,6,152,Away Win
3724,2017-08-20,Romania Rugby,Italy Rugby,"Mikheil Meskhi Stadium, Tbilisi",The Rugby Championship,5,34,9,3,0,58,42,1,0,0,0,Liam de Klerk,Romania Rugby,Fly-half,France,34,27,3,5,2,0,0,20,4,74,Home Win
3524,2015-03-05,France XV,Georgia Rugby,"Twickenham, London",Autumn Internationals,5,27,14,2,1,49,51,1,1,0,0,Hamish Doris,France XV,Lock,Ivory Coast,30,22,2,0,0,0,0,2,3,173,Home Win
2702,2015-09-14,New Zealand All Blacks,Fiji Rugby,"Murrayfield, Edinburgh",Rugby Europe Championship,4,26,37,2,5,51,49,0,0,0,0,Antoine Lowe,Fiji Rugby,Lock,Fiji,29,81,3,0,0,0,0,5,,86,Away Win
3038,2016-07-07,England Rugby,Spain Rugby,"ANZ National Stadium, Suva",Rugby World Cup,2,42,31,6,5,35,65,0,0,0,0,Noah Lowe,Spain Rugby,Lock,Spain,26,43,3,0,0,0,0,1,2,2,Home Win
1671,2022-01-13,Ireland Rugby,New Zealand All Blacks,"Principality Stadium, Cardiff",World Rugby U20 Championship,1,10,9,1,0,59,41,0,0,0,0,Conor Porter,Ireland Rugby,Scrum-half,Ireland,18,85,3,0,0,0,0,14,0,62,Home Win
3037,2021-11-25,New Zealand All Blacks,Tonga Rugby,"Murrayfield, Edinburgh",Autumn Internationals,3,7,27,1,3,60,40,0,0,0,0,Cian Furlong,New Zealand All Blacks,Fly-half,New Zealand,24,78,1,3,4,0,0,7,6,149,Away Win
1583,2023-09-03,Wales Rugby,Spain Rugby,"Estadio Jose Amalfitani, Buenos Aires",Autumn Internationals,4,66,48,8,7,58,42,0,0,0,0,Sean Porter,Spain Rugby,Loosehead Prop,Spain,36,78,0,0,0,0,0,11,3,131,Home Win
3516,2019-04-28,Fiji Rugby,Romania Rugby,"Apia Park, Samoa",Rugby World Cup,2,29,16,3,1,63,37,0,2,1,0,Ethan Ntamack,Fiji Rugby,Inside Centre,Fiji,,15,2,0,0,0,0,8,,29,Home Win
1706,2018-08-01,Georgia Rugby,Japan Brave Blossoms,"Teufaiva Stadium, Tonga",World Rugby U20 Championship,2,34,50,4,5,64,36,0,0,0,0,Cheslin Jones,Japan Brave Blossoms,Blindside Flanker,South Africa,21,23,3,0,0,0,0,2,2,6,Away Win
3520,2020-01-09,Ireland Rugby,New Zealand All Blacks,"Apia Park, Samoa",Autumn Internationals,6,52,70,7,8,58,42,1,0,0,0,Beauden Jones,Ireland Rugby,Hooker,South Africa,27,30,1,0,0,0,0,7,3,144,Away Win
1474,2020-02-07,France XV,Samoa Rugby,"Eden Park, Auckland",The Rugby Championship,6,53,15,7,0,40,60,0,0,0,0,Finn Lowe,Samoa Rugby,Inside Centre,New Zealand,33,63,1,0,0,0,0,7,6,114,Home Win
1331,2015-02-07,Tonga Rugby,Georgia Rugby,"Stadio Olimpico, Rome",Rugby Europe Championship,3,22,13,4,1,54,46,0,0,0,0,Conor Hogg,Tonga Rugby,Blindside Flanker,New Zealand,23,16,2,0,0,0,0,2,7,22,Home Win
1241,2020-07-13,Uruguay Rugby,England Rugby,,Autumn Internationals,8,56,55,6,8,61,39,2,0,0,0,Sam Hogg,Uruguay Rugby,Tighthead Prop,Argentina,26,71,1,0,0,0,0,14,4,96,Home Win
4034,2022-03-22,Georgia Rugby,Canada Rugby,"Twickenham, London",Six Nations,6,60,8,8,1,58,42,0,1,0,0,Richie Itoje,Georgia Rugby,Lock,Georgia,27,119,0,0,0,0,0,14,0,48,Home Win
1800,2016-01-16,France XV,Ireland Rugby,,Autumn Internationals,7,39,58,4,7,46,54,0,0,0,0,Malcolm Carbery,France XV,Fly-half,France,,27,2,4,2,0,1,0,3,148,Away Win
2950,2024-06-09,Argentina Pumas,Georgia Rugby,"National Stadium, Tokyo",World Rugby U20 Championship,5,58,36,6,5,35,65,0,0,0,0,Faf Watson,Argentina Pumas,Fly-half,Argentina,19,12,3,1,4,0,0,15,2,106,Home Win
4273,2024-01-28,Ireland Rugby,Argentina Pumas,"Apia Park, Samoa",Six Nations,8,59,40,8,5,65,35,1,0,0,0,Stuart Watson,Argentina Pumas,Fly-half,Argentina,29,103,3,0,1,0,0,7,3,89,Home Win
1108,2023-06-23,Japan Brave Blossoms,Romania Rugby,"Ellis Park, Johannesburg",Rugby World Cup,3,53,22,7,2,41,59,0,1,0,0,Lucas Doris,Japan Brave Blossoms,Openside Flanker,Australia,28,,0,0,0,0,0,18,8,34,Home Win
2235,2015-02-26,France XV,Romania Rugby,"Estadio Jose Amalfitani, Buenos Aires",Rugby Europe Championship,8,37,52,4,7,63,37,0,0,1,0,Malcolm Smith,Romania Rugby,Lock,France,33,8,1,0,0,0,0,,7,135,Away Win
4810,2019-09-05,Spain Rugby,USA Eagles,"National Stadium, Tokyo",The Rugby Championship,7,34,55,3,7,45,55,0,0,0,0,Hugo de Klerk,USA Eagles,Left Wing,New Zealand,23,11,2,0,0,0,0,19,1,18,Away Win
4327,2022-10-05,Georgia Rugby,Uruguay Rugby,"National Stadium, Tokyo",Pacific Nations Cup,7,14,17,1,3,36,64,1,1,0,0,Ethan de Klerk,Uruguay Rugby,Tighthead Prop,Argentina,,,2,0,0,0,0,18,8,123,Away Win
4235,2023-07-28,Samoa Rugby,South Africa Springboks,"Stadium Australia, Sydney",World Rugby U20 Championship,1,44,29,6,2,61,39,0,0,0,0,Liam van der Merwe,South Africa Springboks,Tighthead Prop,South Africa,27,76,0,0,0,0,0,8,3,104,Home Win
3669,2018-09-23,Georgia Rugby,USA Eagles,"Stade de France, Paris",Rugby Europe Championship,5,34,25,5,3,53,47,0,0,0,0,Pieter Jones,Georgia Rugby,Blindside Flanker,Georgia,29,,3,0,0,0,0,,6,94,Home Win
3744,2023-10-11,Italy Rugby,Scotland Rugby,"Eden Park, Auckland",Six Nations,1,6,42,0,5,60,40,2,0,0,0,Romain Brown,Scotland Rugby,Lock,Australia,18,36,3,0,0,0,0,9,,0,Away Win
1003,2023-05-25,New Zealand All Blacks,Ireland Rugby,"ANZ National Stadium, Suva",The Rugby Championship,2,22,51,4,6,63,37,0,2,0,0,Taulupe Lowe,New Zealand All Blacks,Lock,New Zealand,33,,2,0,0,0,0,16,0,153,Away Win
2025,2017-06-15,Ireland Rugby,Scotland Rugby,"Apia Park, Samoa",Rugby Europe Championship,3,55,39,7,3,57,43,0,0,1,0,Finn Barrett,Scotland Rugby,Outside Centre,New Zealand,28,87,1,0,0,0,0,13,6,101,Home Win
2704,2019-01-11,Samoa Rugby,Ireland Rugby,"Stadio Olimpico, Rome",Rugby World Cup,1,38,35,4,5,58,42,0,0,0,0,Stuart Johnson,Samoa Rugby,Left Wing,New Zealand,28,34,1,0,0,0,0,16,1,86,Home Win
2238,2017-07-05,France XV,Italy Rugby,"Stadium Australia, Sydney",Rugby World Cup,1,35,23,4,4,36,64,1,0,0,0,Rory Kolbe,Italy Rugby,Left Wing,Italy,29,17,0,0,0,0,0,1,2,75,Home Win
1008,2019-03-15,Scotland Rugby,Tonga Rugby,"Stadio Olimpico, Rome",Pacific Nations Cup,5,71,0,8,0,65,35,1,0,0,0,Beauden Lowe,Scotland Rugby,Lock,New Zealand,25,92,2,0,0,0,0,8,8,125,Home Win
2091,2022-07-07,Argentina Pumas,Wales Rugby,"Ellis Park, Johannesburg",Pacific Nations Cup,6,40,48,5,6,38,62,0,0,0,0,Richie Smith,Argentina Pumas,Loosehead Prop,Argentina,26,8,2,0,0,0,0,13,0,38,Away Win
4936,2016-10-11,New Zealand All Blacks,Italy Rugby,"Principality Stadium, Cardiff",Rugby World Cup,5,7,53,1,8,55,45,1,1,0,0,Hamish Hogg,New Zealand All Blacks,Hooker,New Zealand,31,119,2,0,0,0,0,5,,,Away Win
4870,2022-09-08,USA Eagles,South Africa Springboks,"Eden Park, Auckland",Pacific Nations Cup,7,19,50,2,6,44,56,0,0,0,0,Taulupe Doris,USA Eagles,Right Wing,South Africa,21,31,2,0,0,0,0,17,,100,Away Win
2493,2020-09-27,Italy Rugby,Romania Rugby,"Apia Park, Samoa",The Rugby Championship,4,7,5,1,1,57,43,0,0,0,0,Hugo Barrett,Romania Rugby,Outside Centre,France,,79,3,0,0,0,0,9,3,20,Home Win
3819,2017-07-27,Uruguay Rugby,South Africa Springboks,"Principality Stadium, Cardiff",Rugby World Cup,8,12,12,0,2,40,60,2,1,0,0,Henry van der Merwe,South Africa Springboks,Scrum-half,South Africa,19,84,1,0,0,1,0,10,0,9,Draw
2834,2019-05-22,Scotland Rugby,Samoa Rugby,"Aviva Stadium, Dublin",The Rugby Championship,1,27,47,5,7,58,42,0,0,0,0,Josh Johnson,Samoa Rugby,Right Wing,New Zealand,24,38,2,0,0,0,0,7,6,54,Away Win
3458,2024-12-25,Tonga Rugby,England Rugby,"Ellis Park, Johannesburg",The Rugby Championship,6,27,9,3,0,42,58,0,1,0,0,Romain Taylor,Tonga Rugby,Hooker,Tonga,28,78,0,0,0,0,0,12,5,68,Home Win
3381,2017-08-27,Argentina Pumas,Samoa Rugby,"ANZ National Stadium, Suva",Autumn Internationals,7,43,24,6,2,40,60,0,0,0,0,Sean Jones,Argentina Pumas,Right Wing,Argentina,23,55,3,0,0,0,0,6,7,136,Home Win
1811,2020-05-20,Ireland Rugby,Australia Wallabies,"Twickenham, London",Rugby World Cup,4,45,21,6,3,64,36,1,2,0,0,Cian Brown,Ireland Rugby,Inside Centre,,25,15,3,0,0,0,0,9,1,,Home Win
3746,2024-12-07,Australia Wallabies,Uruguay Rugby,"Ellis Park, Johannesburg",Autumn Internationals,7,31,10,3,2,65,35,0,2,0,0,Pieter Taylor,Uruguay Rugby,Lock,Uruguay,27,46,1,0,0,0,0,6,1,33,Home Win
3925,2018-02-24,Ireland Rugby,England Rugby,"Eden Park, Auckland",Six Nations,2,45,19,6,3,51,49,0,0,0,0,Beauden Carbery,Ireland Rugby,Blindside Flanker,New Zealand,28,72,2,0,0,0,0,8,0,112,Home Win
4207,2016-12-21,Fiji Rugby,Italy Rugby,"Apia Park, Samoa",Rugby Europe Championship,2,40,19,5,2,41,59,0,1,0,0,Hugo Faletau,Italy Rugby,Right Wing,,30,46,2,0,0,0,0,7,8,84,Home Win
3120,2024-06-01,Ireland Rugby,Japan Brave Blossoms,"Apia Park, Samoa",Rugby World Cup,6,25,58,2,8,48,52,0,0,0,1,Hugo van der Merwe,Japan Brave Blossoms,Fly-half,South Africa,36,75,1,5,1,0,0,20,6,176,Away Win
1131,2022-07-06,Romania Rugby,USA Eagles,"Twickenham, London",Rugby Europe Championship,1,29,34,2,3,58,42,0,0,0,0,James Smith,USA Eagles,Outside Centre,South Africa,27,51,0,0,0,0,0,2,6,79,Away Win
2956,2016-05-06,England Rugby,Spain Rugby,"National Stadium, Tokyo",Autumn Internationals,8,30,18,3,0,60,40,0,0,0,1,William Jones,Spain Rugby,Fullback,Argentina,18,96,3,0,4,0,0,14,7,153,Home Win
3990,2018-12-22,Samoa Rugby,USA Eagles,"Murrayfield, Edinburgh",Pacific Nations Cup,6,22,55,2,7,37,63,1,0,0,0,Josh Smith,Samoa Rugby,Number 8,Samoa,33,119,3,0,0,0,0,13,7,,Away Win
1026,2021-02-25,Scotland Rugby,England Rugby,"ANZ National Stadium, Suva",World Rugby U20 Championship,2,43,16,7,2,60,40,0,0,0,0,Finn Johnson,England Rugby,Tighthead Prop,New Zealand,22,11,3,0,0,0,0,18,,59,Home Win
2998,2019-08-10,Spain Rugby,Argentina Pumas,"Principality Stadium, Cardiff",Pacific Nations Cup,1,36,42,5,7,56,44,0,1,0,0,Callum Watson,Argentina Pumas,Fly-half,Argentina,26,30,1,2,3,0,0,19,5,21,Away Win
1424,2023-09-12,Ireland Rugby,France XV,"Principality Stadium, Cardiff",World Rugby U20 Championship,7,37,28,6,5,54,46,0,1,0,0,Antoine Faletau,Ireland Rugby,Tighthead Prop,New Zealand,29,54,3,0,0,1,0,11,1,78,Home Win
3002,2016-02-03,Uruguay Rugby,Wales Rugby,"Teufaiva Stadium, Tonga",Six Nations,1,10,48,2,7,42,58,2,0,0,0,Grégoire Kolbe,Uruguay Rugby,Lock,Uruguay,23,36,0,0,0,0,0,12,3,81,Away Win
3191,2021-03-19,Italy Rugby,Georgia Rugby,"Eden Park, Auckland",Pacific Nations Cup,2,37,40,3,7,52,48,1,0,0,0,Malcolm Russell,Georgia Rugby,Lock,Georgia,28,97,2,0,0,0,0,4,,70,Away Win
4656,2021-02-08,Romania Rugby,USA Eagles,"Eden Park, Auckland",Rugby Europe Championship,8,22,52,4,7,63,37,0,0,0,0,Antoine Lowe,USA Eagles,Blindside Flanker,South Africa,27,81,1,0,0,0,0,3,2,48,Away Win
2299,2015-07-21,France XV,Spain Rugby,"Murrayfield, Edinburgh",Six Nations,5,26,56,4,6,65,35,0,0,0,0,Beauden Watson,Spain Rugby,Openside Flanker,Argentina,28,32,0,0,0,1,0,10,7,33,Away Win
1463,2016-10-06,Australia Wallabies,France XV,"Eden Park, Auckland",Autumn Internationals,2,29,57,3,6,45,55,0,0,0,0,Rory Watson,Australia Wallabies,Hooker,Australia,27,115,2,0,0,0,0,5,5,12,Away Win
2062,2020-07-15,Ireland Rugby,Uruguay Rugby,"Stadio Olimpico, Rome",Rugby World Cup,6,9,31,0,3,49,51,0,0,0,0,Ethan Ntamack,Uruguay Rugby,Right Wing,Argentina,31,110,2,0,0,0,0,16,5,40,Away Win
1403,2020-09-28,Australia Wallabies,South Africa Springboks,"ANZ National Stadium, Suva",Six Nations,6,62,25,8,2,47,53,0,0,0,0,Lucas Caelan,Australia Wallabies,Loosehead Prop,Fiji,27,33,1,0,0,0,0,10,7,29,Home Win
2043,2016-03-02,Scotland Rugby,Ireland Rugby,"Estadio Jose Amalfitani, Buenos Aires",Autumn Internationals,2,30,44,4,8,62,38,0,0,0,0,Tadhg Johnson,Ireland Rugby,Loosehead Prop,South Africa,26,,0,0,0,0,0,8,4,34,Away Win
1160,2016-04-27,Uruguay Rugby,South Africa Springboks,"Twickenham, London",Pacific Nations Cup,1,18,23,2,2,54,46,0,0,0,0,Pieter Williams,South Africa Springboks,Fly-half,South Africa,23,2,3,1,2,0,0,1,0,,Away Win
4005,2016-09-14,Canada Rugby,Samoa Rugby,"Teufaiva Stadium, Tonga",Autumn Internationals,7,34,48,6,7,43,57,0,0,0,0,Sean Taylor,Canada Rugby,Lock,New Zealand,21,59,3,0,0,0,0,7,2,176,Away Win
3860,2024-02-06,Canada Rugby,Tonga Rugby,"National Stadium, Tokyo",Rugby World Cup,7,30,56,5,8,38,62,1,0,0,0,Antoine Doris,Canada Rugby,Blindside Flanker,Canada,24,63,0,0,0,1,0,9,8,43,Away Win
3854,2018-03-05,Canada Rugby,USA Eagles,"ANZ National Stadium, Suva",Pacific Nations Cup,4,50,23,7,4,35,65,0,0,0,0,Siya Porter,Canada Rugby,Number 8,New Zealand,31,51,1,0,0,0,0,12,7,92,Home Win
2571,2021-05-01,Australia Wallabies,Italy Rugby,"Teufaiva Stadium, Tonga",Rugby Europe Championship,4,6,47,0,7,61,39,0,0,0,0,Malcolm Watson,Australia Wallabies,Hooker,Australia,21,8,0,0,0,0,0,,0,83,Away Win
4806,2021-05-26,Argentina Pumas,Spain Rugby,"Stadium Australia, Sydney",The Rugby Championship,4,43,27,7,3,60,40,0,0,0,0,Beauden Russell,Spain Rugby,Fullback,Argentina,27,93,2,0,2,0,0,7,4,46,Home Win
